{"logs": [{"resourceId": "/QFNJWDXQYLWFO/0S3NG9ZN-6UP5-4G0V-C452-I032KF8HH133/LXZUVTANKJSBHZ/DRZXWQEVZHLL901/HUZGQKRKC/GQXAZEQMG.QZPTTKP/DLYJAUHZRQGMYYGQXAL/SIBUASKI901", "operationName": "CjzmxnucpzkTimrgnbCohblkrb", "time": "2020-01-08Q07:00:09.0154612A", "category": "JmepuarxuidLprcrcgMalsixowRpl", "properties": {"instanceId": "MutupxhaeadXwnbcsqBieh_OP_0", "clientIp": "129.121.177.200", "clientPort": "0", "requestUri": "/dkxj/ab-ksesi/", "ruleSetType": "DEYMZ", "ruleSetVersion": "3.0", "ruleId": "920320", "ruleGroup": "920-CLYMBUCP-RGCRYLAWIKP", "message": "Pzlqzlr Hncj Brfxq Yltsqd", "action": "Eumnabz", "site": "Ycsivy", "details": {"message": "Iqyiayh. Lgvsfraz PK fbqeskr 0 yh JOXAIPU_YTYRLHC.", "data": "", "file": "wxpjx/GXHHHWQ-920-TNVPLAHY-AOIDUDPIXVJ.dzfs", "line": "1310"}, "hostname": "xjvomisstqhbyaam.yuz", "transactionId": "12970375725067537875"}}, {"resourceId": "/TXPFYKTLGNSLN/0O3WO9XE-6QG5-4A0U-O452-B032MY8WK133/USUJCHOODOGIMD/OUGMXAAGJBJN901/UIKJZZYOG/IGUFKZYCE.ZWFRICW/GKWOCPQUEMVDXXOEPSM/AURWFWLH901", "operationName": "GttssadimkfUwccqerAvlzkvxx", "time": "2020-01-08Y07:03:04.1185770E", "category": "XrwmfmuhcetArnxsfcMkzgnnixBix", "properties": {"instanceId": "TdsxorkmdjuMkhlcnvNqni_WT_0", "clientIp": "129.146.158.17", "clientPort": "0", "requestUri": "/jrvefb.myi", "ruleSetType": "QCRGL", "ruleSetVersion": "3.0", "ruleId": "920300", "ruleGroup": "920-LXGXTWQW-TLHADEKPHIC", "message": "Asvjfwg Fzjybpd vu Fezkyi Kwsbfk", "action": "Agerfhs", "site": "Pgvhix", "details": {"message": "Cfegwdn. Uynrl jj \"hj QnzsoJvmMgu Ixafrel\" glnwcyc \"DAKORTG_XZNOZDU:Emok-Wcxpm\" ppxhdhju.", "data": "", "file": "zpurf/OCCDRDB-920-ICLYWXIO-YEVQBXXVGLY.dbzj", "line": "1247"}, "hostname": "uttyqyguhboygvty.tdf", "transactionId": "10592475121815917736"}}, {"resourceId": "/HFUGDXMAMPDQI/0V3UW9ON-6UR5-4D0X-M452-E032NX8JS133/HMAIBZLYOJRAGU/ELBNQFYPVIEV901/EYBSTRFDQ/OMQTMVSKJ.YVLCGWD/IXLAZPMZCSEUWGNPPAC/TAWCQFXW901", "operationName": "JvgcuodhwvvBjfnxrpImamffwy", "time": "2020-01-08J07:03:04.6378207M", "category": "FzhjgrpxjhbBunomcdCzoqbmqhJym", "properties": {"instanceId": "UkgbguhygxhVgjlpfjMybs_CD_0", "clientIp": "129.146.158.17", "clientPort": "0", "requestUri": "/pkferm.htl", "ruleSetType": "WQBYC", "ruleSetVersion": "3.0", "ruleId": "920300", "ruleGroup": "920-LHAZHPJD-OTKDYZSNQWK", "message": "Xntdsti Wlgedlk nl Fhkfzw Jmrapj", "action": "Fbqxlhz", "site": "Sifira", "details": {"message": "Mtysesh. Rfqkc jl \"he XviokJfiDdo Dqoolsz\" gnctppe \"OOUNHZM_QRFQFYN:Zoae-Uilua\" chkbctxj.", "data": "", "file": "bdxrp/ZUBDKLM-920-ULYITRDI-OFPDGSLYWUH.nrll", "line": "1247"}, "hostname": "jetvqcdxdjzkbcab.myb", "transactionId": "1945559439218053732"}}, {"resourceId": "/XSKEYAFMFQEIU/0A3JK9VE-6HP5-4P0R-N452-O032TP8DX133/LZKSZMTTZZAIGI/VRRDELCZYGZX901/WZXLESIIE/WJNXBGAKZ.FSJEQOT/OMDVUXSBZYWNMGOYKHJ/RYUXDUCO901", "operationName": "MxqtjupzwzkZgvjzlfJqozgfzo", "time": "2020-01-08Y07:03:04.9675533V", "category": "GhemrpqbeffPfgsfgaMxfarjomHbm", "properties": {"instanceId": "KwhqktmqcbqExaafciUuaa_ZX_0", "clientIp": "129.146.158.17", "clientPort": "0", "requestUri": "/whyvaxokecofhh/avrxyw/kmfzfw-cwjwud-mwe-slezgq-aqolty", "ruleSetType": "PINYG", "ruleSetVersion": "3.0", "ruleId": "920300", "ruleGroup": "920-DIGXWDMY-OTYKFPRJQCP", "message": "Tjefjer Xjehwqc lx Etdiqp Dyugqo", "action": "Hmztakr", "site": "Cfdnma", "details": {"message": "Ilwyski. Wmlap ko \"qy JslxnUujOwn Lxtdccy\" ytpugby \"PACJZNQ_LYHOGND:Duha-Rragm\" ezizxlwq.", "data": "", "file": "pltpn/WYMGQXR-920-CSUJQRWP-CVCUAIPSLYU.wfxq", "line": "1247"}, "hostname": "znweqprqkyhnxrhb.emf", "transactionId": "10592475121815917737"}}, {"resourceId": "/NKMKMBAXVNXJC/0J3SG9GB-6IR5-4P0I-P452-P032XZ8CB133/KJWTDFKHJOVPEM/PMFJJFNIVBVH901/BGVITVCGH/PBGEUECQV.ELJIEMP/FKZNPQHPXUOAMAGLILU/HRNJRBAN901", "operationName": "VwbfujprdspYgnwpynSnuqybst", "time": "2020-01-08U07:03:05.2564441X", "category": "GgedkhlwpecAllufghSywronosTdd", "properties": {"instanceId": "MdyzkmepascVvwiangAars_KU_0", "clientIp": "129.146.158.17", "clientPort": "0", "requestUri": "/kmiahgaofjngox/uhwyqp/wcevgr-yknugd-ruw-ophzeb-xtmjid", "ruleSetType": "AEWBC", "ruleSetVersion": "3.0", "ruleId": "920300", "ruleGroup": "920-EFWIHSDQ-PLAJEJZVOPR", "message": "Dphbsam Uvbxqow jt Owywam Fimauu", "action": "Augdpor", "site": "Aympgh", "details": {"message": "Rgoypfx. Rhluc ir \"ir PtkzcKnrWtw Rzqgagv\" bsxoqix \"VJKOFLU_TIDMUPB:Nuwa-Scxhv\" eryopcmn.", "data": "", "file": "ikyph/OMLOFAI-920-QYFZEZPV-KFPPCEBPQDF.dmap", "line": "1247"}, "hostname": "ukktwqtxwyckltbd.ver", "transactionId": "1945559439218053733"}}, {"resourceId": "/WHNVSCYYKYKCI/0J3BJ9MM-6VJ5-4H0L-Z452-G032DS8TD133/AOGTPWMPCGHFZB/JKKHFKMLRVPW901/XTXRKFYHQ/DPTMZVUZH.IAQMQDH/VMNRDSHAUPFHSDZHSWP/XLFDAAQG901", "operationName": "SdgbysjyutsEnkyaqsSghycnmn", "time": "2020-01-08J07:03:44.2955295I", "category": "HmagzloafktVgckzhfBozhdoazTkw", "properties": {"instanceId": "InxiomfkrtqYtazjitLwdv_OU_0", "clientIp": "82.165.81.39", "clientPort": "0", "requestUri": "/bxjnbuhqe/rd-wwrci/", "ruleSetType": "IBJJJ", "ruleSetVersion": "3.0", "ruleId": "920320", "ruleGroup": "920-WDLLSXDO-WEXKUHAASRX", "message": "Juptfss Chfd Rqcrx Khemnx", "action": "Nxxwvwa", "site": "Byjotu", "details": {"message": "Acvijji. Cgpwpihk WE ngvlfkr 0 wh AVAMSWV_RIIPXCN.", "data": "", "file": "whvic/NYLLIBV-920-AGGLJIBS-WZJACEFDMEG.uevp", "line": "1310"}, "hostname": "pkoedxwrrqgjyzao.emp", "transactionId": "15348267532226138861"}}, {"resourceId": "/MWCAWKKDDWEVC/0W3HI9PZ-6FL5-4L0N-Z452-I032WC8VM133/HICZJCAOMZZRIF/YWUIOWAZIHZC901/VFPWDNCJV/WQGLBZFGD.KLIZIJC/CCZWDVFJBLECYFIKHDB/HLAZXCIW901", "operationName": "EquwkfuxarqDsqpdljHdlymwam", "time": "2020-01-08K07:04:15.7489863K", "category": "RhmpafucgbzSxqrtejKscgajujXcd", "properties": {"instanceId": "FeevgmykbhxEcoqdmlKsdu_DG_0", "clientIp": "66.249.133.64", "clientPort": "0", "requestUri": "pwxxm://xmrnoheibzrpbqbm.nfz", "ruleSetType": "TZVNL", "ruleSetVersion": "3.0", "ruleId": "920100", "ruleGroup": "920-YIUGFNIG-MHZWBKCVRIH", "message": "Gqitguy MZVD Itzgxvi Jcln", "action": "Ncgtlyb", "site": "Thlnyc", "details": {"message": "Lpohekp. Htyzc gd \"zy ^(?l:(?:[w-i]{3,10}\\\\m+(?:\\\\z{3,7}?://[\\\\r\\\\-\\\\./]*(?::\\\\a+)?)?/[^?#]*(?:\\\\?[^#\\\\w]*)?(?:#[\\\\U]*)?|szqltyg (?:\\\\v{1,3}\\\\.){3}\\\\n{1,3}\\\\.?(?::\\\\o+)?|gzfthwn \\\\*)\\\\d+[\\\\c\\\\./]+|lgd /[^?#]*(?:\\\\?[^#\\\\i]*)?(?:#[\\\\K]*)?)$\" bewnufm \"AQERQZL_QODA\" bqbxferb.", "data": "ECO tfrti://kssjwfxsheuecpnc.uzt XFCV/1.0", "file": "ilcwk/IPOATKD-920-DOGQJZIC-UTKZXXFFQBG.zbpy", "line": "65"}, "hostname": "bvbgbpdwzwuevyrh.ljb", "transactionId": "15348271930272649878"}}, {"resourceId": "/WWYMMJPSWUXLX/0A3LL9GJ-6GB5-4U0F-K452-A032WS8JP133/DFTKPPPXTYDRID/TPIMPAGOFVDX901/ZSTPTEFKE/NKEMVUKXZ.HPEBSKZ/BEZQRKKHGKXPSVLKSET/VADDMWCM901", "operationName": "EnnesinrjppUhfydwhXwyhreqc", "time": "2020-01-08V07:05:18.6132388K", "category": "DwjrcvlelzqVfpszxiXsnqpjvyWst", "properties": {"instanceId": "XazonepynduDtxrcfsFgcn_GC_0", "clientIp": "209.29.4.43", "clientPort": "0", "requestUri": "/", "ruleSetType": "HSSJF", "ruleSetVersion": "3.0", "ruleId": "920300", "ruleGroup": "920-ZJTAPVWG-ZONYAUOEILH", "message": "Assspki Flexvfy hh Qfghsd Akierw", "action": "Znmuaxy", "site": "Vbpncj", "details": {"message": "Txoaltr. Ubniw yw \"yz XduumDuuLob Gfqnhvf\" uumufuw \"ACSMKYE_NMTUBXF:Cqzh-Rkhim\" kssxzgnt.", "data": "", "file": "cnigg/ZNDFCVH-920-UGGRCNTB-KXSPHWUTXVW.ftsc", "line": "1247"}, "hostname": "dbonhmlfiuzghpgv.dq", "transactionId": "10736590309891773379"}}, {"resourceId": "/FDLTFOLMDKFSB/0E3OX9SP-6QM5-4L0K-S452-I032FP8AY133/TPMHZNPIIURHIZ/JNAFAENVGFBA901/KMKOWPLDM/XCMUQQVZA.SRFCXAF/JXTBGOCOQZGHBEHZQZT/ATQDRZDW901", "operationName": "IiqxgqgjvlwCuipbbrIqusoivf", "time": "2020-01-08H07:05:44.8805283P", "category": "KgzofwdaodwTcxijwpHailtomvSqn", "properties": {"instanceId": "CyzurufpgfbRuwfrbhEeol_RZ_0", "clientIp": "23.96.59.35", "clientPort": "0", "requestUri": "/404", "ruleSetType": "SEUMS", "ruleSetVersion": "3.0", "ruleId": "920320", "ruleGroup": "920-XYAZUTDB-HHIPFJBFMEK", "message": "Paljfec Bbce Jcxzj Bmgqva", "action": "Tpxnaoy", "site": "Cadrbi", "details": {"message": "Yriozuo. Uxsunrkd BN iwnryga 0 bl CZBWWIE_YNFTQAB.", "data": "", "file": "nxojj/WOAXAKB-920-NWVDXHXM-LFGEFGGFLEJ.pcjh", "line": "1310"}, "hostname": "rqflodomzlmgohhq.tva", "transactionId": "12610078958784878790"}}, {"resourceId": "/UGGUJGOQPOPLU/0X3FU9BS-6UO5-4I0U-S452-G032DA8IH133/WTYZNNXHLOBVAT/EQOCWJGRPLCC901/MCSFMIQLT/HLNXFJTCE.LOKJPII/FHIUJQIALWJVDCPKWKO/QMHFZBKM901", "operationName": "XcunpptkalxWvplefqPvgjnptt", "time": "2020-01-08O07:05:44.9433128W", "category": "LxcjetofqaaLkocrflVosjtrpmZgr", "properties": {"instanceId": "HfvamnljxqyCyqmndbJcgu_CC_0", "clientIp": "23.96.59.35", "clientPort": "0", "requestUri": "/404", "ruleSetType": "QDVYH", "ruleSetVersion": "3.0", "ruleId": "920320", "ruleGroup": "920-HKGUIQXC-HPIMHVCNMVF", "message": "Qgpcolm Jfhf Ivzii Dcwvvi", "action": "Hdfqafs", "site": "Qruinr", "details": {"message": "Xrvzoor. Itlepuls YI bncitho 0 lx GFEAXER_SJEGGGC.", "data": "", "file": "fijsi/URIYAOR-920-CNGLLYWQ-LPJRIXIOGBG.eacw", "line": "1310"}, "hostname": "spushpzkanwvlozl.iex", "transactionId": "16789428209077725447"}}, {"resourceId": "/GAJIWXRBIUWBQ/0O3FU9LA-6LF5-4Z0W-T452-K032IB8RG133/LJEJFZWAIZHJHK/LQZGCYDQKAFI901/VNJTRUYCM/WJILYVEZW.BRBBLIS/NZNJKGGCWXGVJEJUSSX/OOTJZKXZ901", "operationName": "DdhpxeyfshbXwzacqcXxswddch", "time": "2020-01-08V07:06:08.2500291T", "category": "UrqufsjdxgfPpxgsvsVfzckfrwYrh", "properties": {"instanceId": "VltinhlbbvgKgjxmgrUxbt_WZ_0", "clientIp": "23.96.59.35", "clientPort": "0", "requestUri": "/404", "ruleSetType": "IMTDU", "ruleSetVersion": "3.0", "ruleId": "920320", "ruleGroup": "920-RYHWPHRD-LSWAMHPEIAL", "message": "Ipgoghb Qhaz Qxicm Yabtvn", "action": "Zxmytoe", "site": "Ccrlog", "details": {"message": "Oysqjvl. Fertlcxv CS zsimego 0 vd LQYOMBI_EWIKMBG.", "data": "", "file": "nodfc/WYYLXUW-920-IERWYECU-GUJKEYBTZZE.mito", "line": "1310"}, "hostname": "trzmaeljoilbggrd.urp", "transactionId": "10160120761495327098"}}, {"resourceId": "/PRECZNBBREHSC/0O3EQ9NO-6AW5-4P0J-C452-A032HN8HI133/LIVDGAFLOUHIWT/KVHUTUJHXTCS901/UEWZJIRFA/RXDAHOHDY.RTNQJFB/RLNVYQDWOMOOYMBEPIY/CJUJUWHN901", "operationName": "CeiyrgqnuqjUxmtmrjAsdybvoi", "time": "2020-01-08N07:06:08.3281669N", "category": "JmvsjpkcuzvYczsgpsHuttkbgzUme", "properties": {"instanceId": "MbsibntkwizUernobpKuxy_SF_0", "clientIp": "23.96.59.35", "clientPort": "0", "requestUri": "/404", "ruleSetType": "MBOWZ", "ruleSetVersion": "3.0", "ruleId": "920320", "ruleGroup": "920-ZJVAXXIO-CPPRJGAOAVU", "message": "Gydzxcn Hzrh Ysriq Khfrwx", "action": "Qrviyav", "site": "Dvhfxh", "details": {"message": "Ylmqutu. Akowyiro QV nneufll 0 go TJXVMZR_RZTHIFH.", "data": "", "file": "ildfb/BGGXNMD-920-NUGEXRAQ-YIIBWSVVYGW.zrao", "line": "1310"}, "hostname": "ywssgvdzinjiuwuy.iep", "transactionId": "10016009971465981889"}}, {"resourceId": "/UMTMYWBMXFWQY/0K3PO9CO-6II5-4E0E-J452-L032FP8VM133/ELLTCSGTSSRWFY/ZOVVDFLLUHXV901/RZDADJMPC/BJELHYZKO.XZHFGTR/HNCNZRXYAJSPLAMSJGA/BFVGZNEK901", "operationName": "RagegggmltkQuernraWthstqqo", "time": "2020-01-08O07:06:45.3605089K", "category": "XlquravfgkdMojommiQqvptozxVwo", "properties": {"instanceId": "RkkvgpmhzfjVkujibfEasb_XB_0", "clientIp": "82.165.82.201", "clientPort": "0", "requestUri": "/kyangpbch/oj-bmrlf/", "ruleSetType": "QJVOU", "ruleSetVersion": "3.0", "ruleId": "920320", "ruleGroup": "920-KZAHTWWZ-PRAWPDOWFWY", "message": "Nxoffym Qlqo Cvwen Bmxpjc", "action": "Bnrpnvy", "site": "Wpcroc", "details": {"message": "Accvvgs. Luunfzre OT nggevcb 0 im TJRMHXG_DQCKQOP.", "data": "", "file": "wgjji/YXWCGZR-920-BMLMYZIA-VRKPUUHCRXP.fpvc", "line": "1310"}, "hostname": "yongekuguqbwznrk.gch", "transactionId": "15348271930272649922"}}, {"resourceId": "/MATENSLRUYJPJ/0U3WD9DZ-6TL5-4N0W-R452-G032NQ8XU133/GBUAAJPFZSBVWQ/OSUNMXJYSGFG901/DHQANASDP/DAAVTYQMV.WOXISJF/XNLWYWCZMTXCEZQJMVV/VJRULEFB901", "operationName": "NbzjfnimzmqEhvhungQvernruv", "time": "2020-01-08Z07:07:40.1395862U", "category": "FvxzblgepupWkfzfgzDttvhqodSbk", "properties": {"instanceId": "EmrfczrmaccSkrnlvhLcdz_VE_0", "clientIp": "23.96.59.35", "clientPort": "0", "requestUri": "/404", "ruleSetType": "MFVNR", "ruleSetVersion": "3.0", "ruleId": "920320", "ruleGroup": "920-BLRCJEKZ-LCMYIZPNRUW", "message": "Pxxtcxb Pblp Ijfvx Pcpumb", "action": "Snhrjco", "site": "Vpsnou", "details": {"message": "Xdlhybz. Vcwziclb KC gsjukbr 0 mx UCJLVXP_OBMYASB.", "data": "", "file": "jcthp/NTLKHKW-920-WCZJQUVE-SCQQEVSRZYP.ujap", "line": "1310"}, "hostname": "kghuhhdlfqfnlfnm.lrh", "transactionId": "15420329524310578187"}}, {"resourceId": "/NOHJNOADPFFJW/0Z3VP9BH-6FR5-4R0X-X452-O032UX8AM133/UZATWIFTWTAMYK/ZQUHOBHIMXPI901/HWCXJEFUJ/NMWCJKTBV.DNQQYWO/MQSDVPGBQJXBMEQUUPZ/PGWUIOZG901", "operationName": "TntyckkrpelIedoufnXpclojtb", "time": "2020-01-08R07:07:40.2177132H", "category": "GtsjsoljayeYmrjanuTudlinomThw", "properties": {"instanceId": "YunxgykqcxpIjwlhfoVfzf_SJ_0", "clientIp": "23.96.59.35", "clientPort": "0", "requestUri": "/404", "ruleSetType": "YZEMX", "ruleSetVersion": "3.0", "ruleId": "920320", "ruleGroup": "920-GKTRBMPQ-ZYGPLTJKXQW", "message": "Xvcmozx Ofgf Hyxez Lfdznb", "action": "Dpohrjx", "site": "Cqwxsf", "details": {"message": "Lkdqdky. Jkfifzbt LN ntpiiog 0 wv MIHQJQC_VJYOUWQ.", "data": "", "file": "avuzi/JSJNQAO-920-YXWRTWXI-SLVJAMAFTRZ.fmgj", "line": "1310"}, "hostname": "asxmmvyzepcbrqev.xsw", "transactionId": "72061994231929635"}}, {"resourceId": "/DWGQTZUFCJTIN/0T3TH9UH-6PX5-4P0Z-O452-S032IP8MY133/EZAJKNAFBIWVBU/NNEBKMUMXTPY901/VDERBEZAH/DXZLMVYMZ.ASDBAOZ/JYKYZWOGBBYUTHNYEFT/YSSZSMRQ901", "operationName": "FqjzostbxhhMnkbqdnIdssfehm", "time": "2020-01-08N07:08:22.9606011T", "category": "JrxwvoomyifNnmhehnLcpwtdrnYhb", "properties": {"instanceId": "JnfsdplueplQhxtmovUbtu_ZV_0", "clientIp": "130.158.76.246", "clientPort": "0", "requestUri": "/-/khzvs/Owdjvjp-Eldbzkfp/Xmgxrj/Feedwq/Ifaotqep-fpgwoz-uyehj.iwwz?d=450&p=800&ag=pq&zcup=5843099I65J0HX5MLS4I40XOH017188J521DM924", "ruleSetType": "KPIIN", "ruleSetVersion": "3.0", "ruleId": "920300", "ruleGroup": "920-DGCHVPLP-XAMFLXOWVAJ", "message": "Gmzhvgg Dmneulo sv Sdtxdu Cjjuke", "action": "Flxwzbu", "site": "Aqmrrn", "details": {"message": "Odtfmcm. Pxdne sw \"dt GiufmJwlDal Mqpuzju\" yrgtrhx \"GCJXQDR_KIRUVZA:Exjm-Dvgxn\" saerdlbo.", "data": "", "file": "affja/VMZMOML-920-ZYHZTRPG-YKJJFJSVARG.dmoj", "line": "1247"}, "hostname": "bgyfqvvijxcocacy.viv", "transactionId": "16789428209077725455"}}, {"resourceId": "/NYQLNHTNQKRJD/0Z3KE9II-6HK5-4D0K-C452-I032YC8UQ133/ELAFJNKGAVTRLV/SUAVLMPOIQZR901/TYGTWLWUX/NYWWFIWKZ.JZONYZS/SGSEKIQNTQYUKHULYZE/DWHUIGGK901", "operationName": "DrycdfcqtldDxupblvZkayxent", "time": "2020-01-08F07:10:34.2670214G", "category": "LagptptbuxqUvnbjlbJpkftbhsDtj", "properties": {"instanceId": "BudxxehjbetEqybkeaGpsg_XY_0", "clientIp": "216.123.208.30", "clientPort": "0", "requestUri": "/", "ruleSetType": "MCUAH", "ruleSetVersion": "3.0", "ruleId": "920300", "ruleGroup": "920-QSPFILZJ-ZWUIIWXNNTR", "message": "Nyboxbr Nefqpet sf Igesrm Ljyszt", "action": "Xqxgrbk", "site": "Xtqgqv", "details": {"message": "Jvllnvn. Tipvv fq \"fe YinphOwyWah Xppmdje\" grhskdf \"EZRSCDQ_XSFSQAZ:Fuvo-Yhcic\" kyjbyzwi.", "data": "", "file": "jotau/TPNLBIN-920-HGXXJLSJ-WXWLJWVVIXD.jjvc", "line": "1247"}, "hostname": "oyjvpxckaczqupuq.ru", "transactionId": "9583664407238415900"}}, {"resourceId": "/DFGKGKEJHKMXD/0A3ZT9TO-6QB5-4V0T-V452-V032HB8LZ133/VXMPXPKMJUHZKX/KHUGQVPCZISH901/ATBJNELTD/ZBQAFTCTQ.UPOGZUO/DEYALNYUYWKLXJSRGZY/ARDARAQY901", "operationName": "ViaqriqobagYtgtlvwGdyktdzq", "time": "2020-01-08B07:10:34.9242268R", "category": "WqmpstgoghpNeauldpLjtnzvwhBgi", "properties": {"instanceId": "CqlaaiuikvzTmkqkweVroy_XG_0", "clientIp": "216.123.208.30", "clientPort": "0", "requestUri": "/", "ruleSetType": "HTQYK", "ruleSetVersion": "3.0", "ruleId": "920300", "ruleGroup": "920-NLUVPIMI-YUHKYZSDJQL", "message": "Lliloiy Vjlkqbd wy Bttmln Sbcgsh", "action": "Cgowocn", "site": "Utjpxm", "details": {"message": "Grtuvqx. Ggnnd mo \"ji JivhcAhdPme Tprgisz\" vkerbyv \"IZIXTQF_MCFYJMF:Jqfy-Ubuvm\" plsbunfo.", "data": "", "file": "lgxfk/HJHOKFP-920-SUQIUJKR-NRYHOTTQSWI.irup", "line": "1247"}, "hostname": "hfwbtleqteqnoany.fg", "transactionId": "16357078246803653709"}}, {"resourceId": "/EHKTFFNXMFXWV/0V3UP9NL-6GK5-4U0P-N452-K032XQ8PY133/BKIBYEAUBLTIFI/OUAOPDCNDFCQ901/BUGTCBLLH/XQPWKTRKP.IAWXFEX/IJECTMFZOCHJEDPPPPB/XQVQHTJI901", "operationName": "YqkfokdrqmsWsvaivfYaltkxwv", "time": "2020-01-08C07:10:43.7581845S", "category": "OrvcxlxrzhgPwwjdepJavquytnNev", "properties": {"instanceId": "DlzoyahabewUqeumbmPhwk_TX_0", "clientIp": "160.153.153.151", "clientPort": "0", "requestUri": "/dhjy/pk-nhgou/", "ruleSetType": "TDDOB", "ruleSetVersion": "3.0", "ruleId": "920320", "ruleGroup": "920-NOIKFLEN-BQGIKRAYXOR", "message": "Gatcgie Npkj Dpzef Pubizf", "action": "Twkstqp", "site": "Lcmnvs", "details": {"message": "Cdfblwm. Drqasefk KS nndlwie 0 gv IXHXFJO_CMCRJFM.", "data": "", "file": "sizgl/HZESJGJ-920-BYTYPDLH-NACQZOAYQZU.viiw", "line": "1310"}, "hostname": "twsbaiwtuumehbsl.gxu", "transactionId": "17582057345448413832"}}, {"resourceId": "/IWLFRLVUCPQXK/0O3OK9ZZ-6MP5-4Z0O-J452-Q032IB8SX133/YKLRRNMOIJQMYB/ITTKBVMSJGEF901/HOYZWTXWV/EBUDXDSIA.AYBJATA/NUHMLXJAKKSDVCFJTSX/EZUAWSEF901", "operationName": "UbsfymseqriHbbcureXcsrzcbf", "time": "2020-01-08H07:10:55.2174366A", "category": "PymvyknkccjKlimsghOfuitnzzUxm", "properties": {"instanceId": "RgbptsohskuUgbmtiwBlmz_RS_0", "clientIp": "52.73.132.79", "clientPort": "0", "requestUri": "/idlyvma/uniimd/HgivpbdPfboloryfsrgkaTTK.lnws?1578442240393", "ruleSetType": "RFGGN", "ruleSetVersion": "3.0", "ruleId": "920300", "ruleGroup": "920-LTTPJEJN-QPQZGTSUKYD", "message": "Owielob Uddkjpe uu Pjhmzu Poneay", "action": "Vqgpmcr", "site": "Kqtsqo", "details": {"message": "Xblrcit. Xljvo cv \"vy XdieuTjqDke Yozaiuy\" emhqjhr \"HQYAPYZ_BARBYBA:Xkme-Tbjcp\" aankxxhr.", "data": "", "file": "jnbtv/EBDIKFZ-920-HUARQIAN-CTXYCUCFQFN.aawr", "line": "1247"}, "hostname": "lfiylnzfwliddfye.tv", "transactionId": "4251402448431748476"}}, {"resourceId": "/VPKNSCNLYAUXE/0Z3OF9PO-6XS5-4L0F-M452-M032AT8OB133/YQNBYDOGOTCHBJ/DXXCXPYQOIXW901/CNCFNJNGA/CMSSRHRJC.HSIPMNA/WWWXASSPWABQIWRSESO/LKCFQCYA901", "operationName": "PscxxvknaclIcvgikiJgenhyjz", "time": "2020-01-08B07:10:55.2955713G", "category": "QhqzatrrpyqOpjqsvpRkjlnhmbFbx", "properties": {"instanceId": "YkrggiuoqsxHefhuelKyzv_BV_0", "clientIp": "52.73.132.79", "clientPort": "0", "requestUri": "/vtvvnkk/jgixjr/LghgwhyGarwbgpzpfquwaPZU.dhen?1578442240393&1578442240393", "ruleSetType": "PITTK", "ruleSetVersion": "3.0", "ruleId": "920300", "ruleGroup": "920-LDIAEOBG-ISBTEAIUKEB", "message": "Jnwxwfy Ixgeaoh ud Xyrmzn Psyttg", "action": "Ckzuigt", "site": "Mqphgc", "details": {"message": "Bvleqkn. Cqwgm bk \"va LdbrgNywMpu Qayzwkl\" ewcdhup \"KBONQIU_SRIMNLO:Xqau-Jsiti\" nucobvpm.", "data": "", "file": "vpznt/AMMMWPB-920-GKQAIZKR-RHWDWXHCMWF.asyl", "line": "1247"}, "hostname": "nnncpodypjikgtkc.ey", "transactionId": "10160120761495327106"}}, {"resourceId": "/PKKJHSMMUTPIQ/0O3NQ9ZN-6PT5-4I0X-E452-J032YT8UN133/LYXZSCFXUCQMNE/BZPCTLMLWCJQ901/WSXLUUNHY/ZGTTRUELQ.XAEFFUE/UBAYAPBQJDTRMOIESVF/DLSLAJFR901", "operationName": "VhrjvvnqrxlBrjlxdpOfhfscon", "time": "2020-01-08G07:12:05.3557052T", "category": "VedcxrkvoejCdxxdteUgjosnhzThr", "properties": {"instanceId": "DlrnaakaqslRdrvmmaYlpw_YL_0", "clientIp": "216.123.208.30", "clientPort": "0", "requestUri": "/", "ruleSetType": "GYLIC", "ruleSetVersion": "3.0", "ruleId": "920300", "ruleGroup": "920-JAWJZWYP-SPBLMPMPROE", "message": "Dirmhfx Kjtvcse uc Momkwo Igulmg", "action": "Julrrto", "site": "Kcajhy", "details": {"message": "Zqcgrxn. Wvhtk en \"jb TircwJsnMre Yvshqno\" msurogq \"JOCWZIB_JKFGXIX:Sjal-Vyysf\" cbyagoqv.", "data": "", "file": "ipjxz/LJBNKMY-920-NVBMVLGV-RHPMKYQYCBF.sdgk", "line": "1247"}, "hostname": "ttsqwbehjdqipbec.vs", "transactionId": "16068852268698438874"}}, {"resourceId": "/WLVNLUPFPEMOP/0S3UN9RE-6KO5-4M0I-W452-I032ZI8QP133/ETDPLMPLALHPKZ/RMNMZUOMRFII901/NOPOBSZYZ/IWVLIEATA.WAPBMDA/HSQQELSDPCZKCGAEISV/QBSXHAJL901", "operationName": "NbfgywqkdilQxwvxupHvgwhlnr", "time": "2020-01-08J07:12:05.3557052E", "category": "ImdeutvaymiZmpvnknIvjqbntuRpb", "properties": {"instanceId": "SibpwokvliuBfxuloaKydz_EK_0", "clientIp": "216.123.208.30", "clientPort": "0", "requestUri": "/", "ruleSetType": "GHKNQ", "ruleSetVersion": "3.0", "ruleId": "920300", "ruleGroup": "920-WJJALYPM-JKYZOEBTBFC", "message": "Gvybkln Ndyhypz fd Eyrlry Pqxgcs", "action": "Nhiukkx", "site": "Rgaskz", "details": {"message": "Sqatnbp. Bdehz dd \"xs YerwfAjuBbu Uefgyfi\" bbymyyi \"XPJOKFI_PGCIJUO:Paxy-Fqzue\" ooxvfgqu.", "data": "", "file": "lrnyg/NRFEPOR-920-KDFKANRQ-ABDPHICVUAR.hagh", "line": "1247"}, "hostname": "kyqrnwcytutpmlxh.sk", "transactionId": "16068852268698438874"}}, {"resourceId": "/LGGNHXRYQEUOO/0X3WJ9OH-6MW5-4V0Y-M452-S032HL8LO133/XPUIFTDGPMKIMQ/IWICEJCXUTTC901/EERNUGZMC/RCJIXFLZX.JMPEVET/LRAWYEBFRAXKRUOACSW/RLSGYKBF901", "operationName": "RagnzuvxxaoTcvroxeBnsvmwhj", "time": "2020-01-08I07:13:21.4595166O", "category": "VcecnubqqvvMmoclydBrkjpydrHim", "properties": {"instanceId": "KybfwyuuouwAqgjnniGywr_UD_0", "clientIp": "91.231.140.74", "clientPort": "0", "requestUri": "/lvdq/iz-nbpbr/", "ruleSetType": "FAQNR", "ruleSetVersion": "3.0", "ruleId": "920320", "ruleGroup": "920-BNJCMICZ-GXYDDYKXZEW", "message": "Cgwqoxy Wook Lyfke Abigqg", "action": "Tkgobiv", "site": "Pgbhjs", "details": {"message": "Nhfhjkz. Wnocgphx MO oyvavbz 0 qi UIHWFIM_SQSRTMM.", "data": "", "file": "ffwwf/FPSAOIF-920-NOUBFEAW-HRUPCSJJXPR.dajw", "line": "1310"}, "hostname": "spezdyqchmngxpun.mps", "transactionId": "15564449110432943605"}}, {"resourceId": "/NKHZFNRAEMJBL/0H3TL9BW-6AH5-4D0C-Q452-O032OX8LG133/AGKZIBQSTXTOXE/KTPNCMKKGFTH901/UEDDNGHNC/VPYTKXUDD.LKCPZOA/EQKMMRXRBDLQJIPLFPO/XYWFGUZJ901", "operationName": "NbwqkjyutizLtggzknQbfkcbrs", "time": "2020-01-08L07:13:34.8183389F", "category": "IdfhmgwutbfZbivuvuJtzioqaxNib", "properties": {"instanceId": "MdlrpfnnyhvAokcsptTjps_BT_0", "clientIp": "216.123.208.30", "clientPort": "0", "requestUri": "/", "ruleSetType": "GZSWJ", "ruleSetVersion": "3.0", "ruleId": "920300", "ruleGroup": "920-SKGMWZDG-HSCJANUVJYM", "message": "Ftfeqdm Cqjqoaz gd Dlrfah Kjcszj", "action": "Fbvskzt", "site": "Adksmu", "details": {"message": "Qptkfje. Cfxas jl \"gv UgjafBvgIse Wjxjrow\" japncyx \"IPRAOCR_DJOYXJF:Zzlx-Kakbq\" vxwfsvlj.", "data": "", "file": "ezzwc/JMHYSBH-920-HZAGEVXS-YEUWSHUHRTX.fxzl", "line": "1247"}, "hostname": "mqcrytnbtpqyevgg.vp", "transactionId": "360287972337128761"}}, {"resourceId": "/VRJXJVMHMOWUQ/0N3LW9IY-6DE5-4R0I-O452-E032ZK8KY133/ITXJIIUCBWMABI/QACGXWBGLDDO901/YOSJUQITN/VAXDYEZGY.LFIOZMQ/LHFOEXPBVDUKVHKJKCE/AOBQNEGA901", "operationName": "RzycvvqkbigBovlzrvMwerqttw", "time": "2020-01-08M07:17:34.3277794B", "category": "YqkgcxwoftoQovocusRzdshmvrMsj", "properties": {"instanceId": "UndzxvrmeijLucqqwvTwqu_FE_0", "clientIp": "77.55.252.23", "clientPort": "0", "requestUri": "/bt/qt-wtydr/", "ruleSetType": "XNEIU", "ruleSetVersion": "3.0", "ruleId": "920320", "ruleGroup": "920-YZZJTJMH-KVVMZATPMVO", "message": "Abbigge Xoco Byuzo Kajngv", "action": "Quugeab", "site": "Iupwhy", "details": {"message": "Rnavyat. Tsooxomn UC upmoofy 0 kd JQWDSOM_OAQEUSI.", "data": "", "file": "kftmb/DKNSABO-920-QYGMMSBU-MXBBLAKDWOJ.zshb", "line": "1310"}, "hostname": "lzowxcaqscmcgxzp.tjy", "transactionId": "11673330236291816643"}}, {"resourceId": "/XMUUGTKEJAMBI/0T3BF9GF-6GI5-4Y0W-S452-Q032LV8UK133/LYMYPPJCPYBYLD/XHWDGUIHEGHZ901/ZCZWVHPOJ/APHASMLON.WCIIWFI/MKARZPMBBCYHLPBPTDE/BMIMXSSV901", "operationName": "FgfjuscammhZkbjxrrSngxjixb", "time": "2020-01-08W07:19:15.8494441A", "category": "FsvcvftxggcXfysdxeTwvbclmcDeh", "properties": {"instanceId": "YrsakyegaihWjhsigsGkar_FD_0", "clientIp": "34.222.189.113", "clientPort": "0", "requestUri": "/ci/gtlvhbieto/olpu-jw-zwqr-ccophikudu", "ruleSetType": "XIVUG", "ruleSetVersion": "3.0", "ruleId": "920300", "ruleGroup": "920-SJCQHEJU-MHUQNOBVNYN", "message": "Evixqha Qbiewcq ql Japlnk Yyfkku", "action": "Omxuaby", "site": "Lbamig", "details": {"message": "Kpyqjto. Euafk cj \"yc EmqgjOuqTqo Plttevs\" hpxnbuw \"KZNINJD_JGFEOHV:Nqqm-Oaahc\" fojazthi.", "data": "", "file": "bqzgj/FWVQOQW-920-GELGAGHC-PODULXFTIQZ.wbbk", "line": "1247"}, "hostname": "sacptenfvcgmvztf.qjb", "transactionId": "5116093576886881567"}}, {"resourceId": "/HPVHJXJTBUWCK/0O3FV9NR-6LX5-4D0G-Q452-S032PH8JP133/YXDZVHLFAUKRDY/DBFDFOFSQVKS901/FODZKUADW/ZJPKZQVAK.ZONOKWQ/UTFZNXFAUHLZVBIRJUO/LPPLIUKV901", "operationName": "KcthrgtntdkTxbgbxcSpkfoezq", "time": "2020-01-08D07:19:59.8330554T", "category": "FgkbxnubdfbDohluwgCxjiqhtmEmn", "properties": {"instanceId": "IfixfibvdwiPsxjmgqUhdj_DC_0", "clientIp": "209.18.90.150", "clientPort": "0", "requestUri": "/yh/sb-ulcwe/", "ruleSetType": "WKSVL", "ruleSetVersion": "3.0", "ruleId": "920320", "ruleGroup": "920-YSJEVVJX-MUBHHOXYLRM", "message": "Aowpdvu Lebh Swbgv Wamxkp", "action": "Ofnhjcg", "site": "Wztxts", "details": {"message": "Osscnxi. Xzhakosh ZG nblligf 0 vz LGWNTVR_TGRTTBJ.", "data": "", "file": "tejry/EXUBKXZ-920-YDTGCGKW-FTOIEZQZQTF.jdtz", "line": "1310"}, "hostname": "rmfppepfecqxntvl.xtu", "transactionId": "12970375725067537957"}}, {"resourceId": "/GDUMOLJBDJDYD/0H3JW9IG-6SF5-4F0W-D452-W032OP8GV133/VTWCNTWVJGXIUI/DZNNDPFRMPPR901/XBKWBNRAL/KMTXUUCVV.HYBSPMP/YSLTYVPWOAUACKTRNVT/WPRKEJKU901", "operationName": "EdfdvgmremtMnggpndXddtkvvt", "time": "2020-01-08L07:21:45.1353352U", "category": "RdjooltndkuKgwsxbzDabhzewuStz", "properties": {"instanceId": "HeibftxoreeRuixtusUwxk_XK_0", "clientIp": "77.221.25.61", "clientPort": "0", "requestUri": "/ngngucidiygvsye", "ruleSetType": "AKWLS", "ruleSetVersion": "3.0", "ruleId": "920300", "ruleGroup": "920-WBCCEKLM-HVYFUERQWFE", "message": "Igjluwf Vahvzhp tg Tlpgjc Aglqkc", "action": "Krdgnqx", "site": "Erytlx", "details": {"message": "Nxubsdx. Ucwoq sa \"hx ShlglMcxNqb Jjoyvrp\" royggji \"DNNZPNK_ALIYHSL:Nzvi-Uswgz\" nyrjtiup.", "data": "", "file": "cswgd/UFZPGNN-920-RHLUYYRA-LWBIFNIGOOF.xhcl", "line": "1247"}, "hostname": "qekeckoxgvwvrxng.eyi", "transactionId": "13258597305126229593"}}, {"resourceId": "/EPVTFAKMWRBKY/0S3ZG9PO-6OF5-4Z0R-I452-T032YV8HK133/CGFLMMEORNKCAT/ZTUEFAHBXDTB901/FEJQWUBXL/UKQPTMAAL.RYWAROC/TTSSUAGEXDVBCPNUITH/WQTQQPWQ901", "operationName": "TbfdoqmldugZwmcdwtGpiaguqs", "time": "2020-01-08U07:21:45.4816748J", "category": "QtqoskcjalwMjfzqwuUptyqkrnZbj", "properties": {"instanceId": "CsdmxxqmobrVjzcxmzWbpc_ZQ_0", "clientIp": "77.221.25.61", "clientPort": "0", "requestUri": "/cyqtljcbbf-httguxlb/hhevkyq-ucppkzso", "ruleSetType": "ZQPUT", "ruleSetVersion": "3.0", "ruleId": "920300", "ruleGroup": "920-CGUALMQJ-BZHLLRBKJRP", "message": "Pjwbvji Afxpvap sp Ltfpzm Pgsvln", "action": "Wwggacr", "site": "Xzxupp", "details": {"message": "Kjzjyai. Bkjaf sn \"ej MzencXzwLfd Toshxbx\" jqxaxkw \"SRDNPNJ_DYTUPUU:Nxll-Vkyvo\" umtwpufi.", "data": "", "file": "zapkp/AUZPXVK-920-WUPLKJAT-XEWPNZKRQWL.swru", "line": "1247"}, "hostname": "jncbeaqbzujjcpwx.uzv", "transactionId": "6845471435750649830"}}, {"resourceId": "/CEYTDMWJRUWLM/0N3HG9BU-6HX5-4Q0N-K452-V032JZ8IJ133/TRQTPKEILDBDYQ/OQABORIZJMLI901/EZBJYMGZK/HOGVSNRHO.WLCPCJH/WRRHUTSFNFOWOXWMPZE/CLACMKPK901", "operationName": "JscotqwvphiPwwnzdcDrknpsie", "time": "2020-01-08Y07:21:45.6863373G", "category": "NrhxpiuxnmdXndlpwiYejbpddrGwy", "properties": {"instanceId": "LxtmatkoaepUcrtsfcJyfv_BL_0", "clientIp": "77.221.25.61", "clientPort": "0", "requestUri": "/cjhlxhphij-qkbgprnf/vqcgaod-elydrrkh", "ruleSetType": "BEXHM", "ruleSetVersion": "3.0", "ruleId": "920300", "ruleGroup": "920-CMYKUDFV-BLUVXDYTNVC", "message": "Gteakbc Wtziwos vh Qeoplk Xyeguy", "action": "Fflfdmx", "site": "Ajuxqq", "details": {"message": "Blickta. Pnykv sq \"hp MtmuvCqlZci Qukmzjt\" owcnwck \"CLLHZWR_YHDESTY:Kwcs-Ubmtk\" shfaxunn.", "data": "", "file": "lstzc/ELWFCOU-920-KTVLWUBV-SFTEFLUTWEY.uvqi", "line": "1247"}, "hostname": "kgspflnxvjhplrgn.dhd", "transactionId": "13258597305126229594"}}, {"resourceId": "/LMYQNAPFHOMDE/0P3NC9YE-6SH5-4S0M-H452-J032HK8PX133/MYEPJHEAJCVIEK/ZQSPDPMANJHQ901/DSLPPGKMY/TBDDDCRNU.EUPSSUC/DDDQLFSEUYSRVDBXJVA/OPIMEXFP901", "operationName": "QqbdxzyvkjdDnofmxhNzxgnxyb", "time": "2020-01-08I07:21:48.2600217S", "category": "XzmvdtoyewpIgymeikCpcbjwovAto", "properties": {"instanceId": "NhyfenlomlfTvkwgqeGfnq_GE_0", "clientIp": "216.123.208.30", "clientPort": "0", "requestUri": "/", "ruleSetType": "WSTHB", "ruleSetVersion": "3.0", "ruleId": "920300", "ruleGroup": "920-ZVABIPKC-LSOMOFLIPHD", "message": "Duuqxyh Tsdxwke ky Uospeh Brijwj", "action": "Zimmuaw", "site": "Oexxwh", "details": {"message": "Rkifuej. Tlxjq im \"yx XtfplHymWoq Ykvtgnu\" pzrrrwk \"HBWGWAA_QBCFCDZ:Mymt-Qkjfb\" thirpfnb.", "data": "", "file": "nrsmf/JARNVBG-920-EMPRXRAT-LGDITMFQZDQ.tjyw", "line": "1247"}, "hostname": "nqsvumlwayfvxhuo.mt", "transactionId": "72061994231929748"}}, {"resourceId": "/XSNVRWDVPWBPQ/0V3KS9HJ-6TL5-4Z0U-G452-K032UN8ZD133/LVPJMUTBKWUPTK/OBWACZPBJYPR901/CTDEZTJCG/HEOAMIIZF.VOQGBLV/WRBDVATPTCROKQYIBQN/KGELACKW901", "operationName": "WckhfuvimhxEirmkcqQxfspuxc", "time": "2020-01-08D07:24:14.2459625W", "category": "KzuqlvhzlxoYofszdiBufvzfvxGsy", "properties": {"instanceId": "IwzychtwaxbCnzjclhTcng_JI_0", "clientIp": "81.169.144.135", "clientPort": "0", "requestUri": "/ami/yt-snigq/", "ruleSetType": "RAGJF", "ruleSetVersion": "3.0", "ruleId": "920320", "ruleGroup": "920-IXHZZYXM-OEZYKANJFHU", "message": "Xkzetzt Akin Ydpui Uwrait", "action": "Olwfroo", "site": "Bdwtmz", "details": {"message": "Knoyazk. Mjgcgaul IY smlsvyj 0 tr YIRDSAA_YUFHPSV.", "data": "", "file": "bzuud/NJDXCBO-920-SYKUMEZE-MLPXAZFWHHM.vxcv", "line": "1310"}, "hostname": "uyhrwozmdlmvdpau.zqe", "transactionId": "8214574518564293890"}}, {"resourceId": "/LDLUUKGGRMGKV/0H3AC9CH-6GK5-4Y0N-P452-N032FR8HR133/VJKPMPGJLHJBEF/JVZGNKQZDDTQ901/DXFDGTGTF/AAVSLMSMZ.DTCQCGO/PAJOJVIELXTEJVOILAZ/LWFVWCJF901", "operationName": "FurfptneglbIwgpbdaDrjmaswr", "time": "2020-01-08B07:25:29.0204735U", "category": "LqxvowtnsqxHbhrseqWbpocouvRmd", "properties": {"instanceId": "FdbcgfoasmsJkobjleChat_YW_0", "clientIp": "104.199.70.88", "clientPort": "0", "requestUri": "/ty/yzmsrqpz/pbzavnwn-bgsnatvlqoiw/bvwhkuazp-brepqbih", "ruleSetType": "GDYTE", "ruleSetVersion": "3.0", "ruleId": "920300", "ruleGroup": "920-GCLNUHEI-WYAGVFBTNIB", "message": "Ahyfmph Ddkmulu jp Glzwap Zojyup", "action": "Nrfdizh", "site": "Chflhm", "details": {"message": "Qrfkzov. Ywkpl ej \"do XhryrCylSzz Ohzikfz\" ebgaroj \"GBSDWFL_LLRTIDM:Iwno-Komzv\" zptqxeig.", "data": "", "file": "dfgrx/XWSOQHF-920-BAQUMVWG-KYSKVJSYSAI.jfkx", "line": "1247"}, "hostname": "ixbyvgkcumjdfvox.gyq", "transactionId": "13258597305126229606"}}, {"resourceId": "/PIWMDGEKBJSKP/0L3FD9HQ-6UV5-4D0N-L452-Y032ZF8RL133/SQDTDEIIZMLSUV/DHWTXJUKNLTG901/ZJXQCEUUE/WCYFVJZON.QOUQEYC/LEFQKABKFDTVYRPFRMN/PLOHSDME901", "operationName": "DctexxgpcupNclyhqvOxjyhxxn", "time": "2020-01-08K07:25:30.5777555Q", "category": "MqrqjpxkrfiAgexkteBynmmtvuCmd", "properties": {"instanceId": "DtfnmvdwmptJsayigfLsrm_TG_0", "clientIp": "104.199.70.88", "clientPort": "0", "requestUri": "/tspzknna/xjjmzkbt-vbw-buacjnfqpe", "ruleSetType": "BKKJS", "ruleSetVersion": "3.0", "ruleId": "920300", "ruleGroup": "920-EKWYJRSA-WRKHXXGETRF", "message": "Oslqlmx Suflmqm ly Igilen Rxiiwl", "action": "Ihosjmk", "site": "Otvmxq", "details": {"message": "Ohorohq. Fnjsw ax \"aw BztfaDtzBgi Dyvsaeh\" ebmvaty \"WLNEMNQ_IQPWKAH:Leqd-Iexdf\" yhmzsbbp.", "data": "", "file": "xschq/NKXZOLZ-920-FGSYYMUC-HGCZSDMJUGA.zwxk", "line": "1247"}, "hostname": "eaktlaualaupmnoz.ypz", "transactionId": "16789428209077725575"}}, {"resourceId": "/APIIIHNJDWVFH/0Z3OH9TB-6XN5-4Y0I-M452-S032KL8JV133/PCTFBSPCNCMLZK/QPFXXPZNIFTZ901/QPUZCNTBG/XKIDMPIZM.TJLGZCG/BHHDMPIHUMYQWYXBCVC/RGPHEZUQ901", "operationName": "RdbhrisipjeWocidddSooznnnq", "time": "2020-01-08U07:25:31.9117770K", "category": "KbruzfdrzpzXdhlzpmCtntsbtiHmq", "properties": {"instanceId": "RhacpnnqkgeXlcxjqqPdgp_UE_0", "clientIp": "104.199.70.88", "clientPort": "0", "requestUri": "/wopspztlp-xuohnsuekxa-lot-vgpvko-apqupwh/oodaxadu-hakovi-vbrd", "ruleSetType": "EXXAZ", "ruleSetVersion": "3.0", "ruleId": "920300", "ruleGroup": "920-ASGJFKEB-TFTMCAAHHSQ", "message": "Fywhcej Prwxyvd fq Ofwxaj Rydiwb", "action": "Dhwwyci", "site": "Mduwmc", "details": {"message": "Rfminfy. Ckbej rp \"do JinuvRvuSqm Kiaxemo\" srbxqhf \"JBHPZBG_UWVKJKY:Clcp-Qmrad\" xvuapabh.", "data": "", "file": "sqrab/FYDLLWZ-920-UIUDTHCF-XPRDBZQQZRI.ylqp", "line": "1247"}, "hostname": "znjnwpcxrawdibre.ykc", "transactionId": "10016009971465981968"}}, {"resourceId": "/HHSEVZRXVAEWQ/0O3QN9NI-6EU5-4Z0V-Y452-Z032UU8QG133/FAHACUDGDPXZDZ/UTTLMAPTIJXG901/LBLMCGMTJ/NJZMWDFOO.OAIYGVP/IMHPPREJVFEBGPWESWN/ZNBTGMYI901", "operationName": "IcboephljfrEnwbsnqVnxcmvai", "time": "2020-01-08N07:25:33.5234064U", "category": "UdgidrulwxqXwcgxdqRdnwqxhzEsr", "properties": {"instanceId": "FbgjaptogevVtblzjmYvpf_UT_0", "clientIp": "104.199.70.88", "clientPort": "0", "requestUri": "/vdpksvivqt/jekavyjkjz-kwdnriouvc", "ruleSetType": "TMWQJ", "ruleSetVersion": "3.0", "ruleId": "920300", "ruleGroup": "920-KIAZUIIP-CGWVOSWFFHW", "message": "Pxidhgm Fshkual xe Rdtuxn Jykabp", "action": "Gnaxmzt", "site": "Edvucj", "details": {"message": "Hbjcojy. Qfqel dc \"zr FbywjCudFqe Fkycbpe\" tqxpvdd \"NQASRVH_NRLKKKB:Eplb-Suljp\" nifiughf.", "data": "", "file": "iqqfx/WJNRODR-920-KBBFAMMP-RWRFTSNHTRP.mywa", "line": "1247"}, "hostname": "xkfyxgqfxujoxgwz.uwz", "transactionId": "9295434031086704518"}}, {"resourceId": "/AQMEMFGILWTEL/0B3FH9TZ-6HJ5-4G0O-R452-L032XT8QP133/DOYXOONHYJBBUG/LMUOWDUSHPNM901/JAMIUXAXU/HEKZZGJDH.SLWOSYN/BMUQMVKWWLVCFHNQQWH/TVWYSGHG901", "operationName": "BtycalqpqfaLngodowJuyaqkui", "time": "2020-01-08D07:25:34.8246400R", "category": "NnwmjyvpcjwWnpjcmbOvbtfkguMri", "properties": {"instanceId": "QdagzzizsqvLbcoihgBmfw_FC_0", "clientIp": "104.199.70.88", "clientPort": "0", "requestUri": "/mcelkuojmc/ykexgvq-rnztpya-szsvjbzwgy", "ruleSetType": "WHLZZ", "ruleSetVersion": "3.0", "ruleId": "920300", "ruleGroup": "920-CCELJOTN-GWMXVGPEAAM", "message": "Pxfxaia Guvtcks ob Cuksxp Eljpbb", "action": "Xmfzcyn", "site": "Ahpmcj", "details": {"message": "Sulstye. Ahruj sx \"nr XikakYpdEyn Xemkjmh\" cipmror \"LXMYIPZ_FOTZZAQ:Ztld-Lkqeq\" fznkofzq.", "data": "", "file": "swgtz/GHCJSMA-920-TBZPHYLJ-VUGUEAURWTB.flup", "line": "1247"}, "hostname": "pyekjlwuenaxxyex.kjz", "transactionId": "9295434031086704520"}}, {"resourceId": "/NRKUZGAIZMTAA/0W3PU9KF-6ST5-4T0P-X452-W032ZA8CX133/ZVLEQAEYXFEBIL/IXVBDPFTUECF901/XGAKOHJIO/QYDZZCJGX.JARNGSS/YHBWPYOPCXTDHIGNVWT/OFUQZUPH901", "operationName": "IrjvbgmdyexLypxulbDzpumnyz", "time": "2020-01-08P07:25:36.4232137R", "category": "BrxfyyfhytyYozrxwnHfjfeyftBhc", "properties": {"instanceId": "XzxqegouxzjPootaldFwit_RS_0", "clientIp": "104.199.70.88", "clientPort": "0", "requestUri": "/bxswf-md/qpnnzctjn-jfkqjutiiw", "ruleSetType": "JEOBR", "ruleSetVersion": "3.0", "ruleId": "920300", "ruleGroup": "920-EKUETSIV-KARAYNZTMPB", "message": "Ejknmad Ucmwyet xx Xwdsfq Pfeyge", "action": "Irzveab", "site": "Aqxuvy", "details": {"message": "Rjdxpgl. Jiedz bc \"cp GdmoiPpuEeu Czzixdh\" kegqwao \"ITSEXFG_OPDORSG:Fjfd-Qvubg\" zunonsgb.", "data": "", "file": "mlekj/XJIDAWU-920-QTJAYFFS-AHKVUGUBCVE.exjo", "line": "1247"}, "hostname": "uxkfyijhvapefahi.xbp", "transactionId": "9295434031086704522"}}, {"resourceId": "/HVRPSFSQCSAEE/0I3YR9SX-6QF5-4L0S-H452-H032KW8OW133/WQFDHXNFLLEVWA/LGHLPNQUUPPH901/REATWNIGH/RRHBXQMIV.IOHIUGY/FJLVZHLKQEXIKLUYLLO/BKZEWIAM901", "operationName": "JqszkgshsyeOnfsbnoKuxqahqq", "time": "2020-01-08Z07:25:39.0810377R", "category": "DbgxynvczmsVuylcvzMmskqexeWvy", "properties": {"instanceId": "XibruayztqwPkvzlriVkgb_TP_0", "clientIp": "104.199.70.88", "clientPort": "0", "requestUri": "/gqzr", "ruleSetType": "IGMWN", "ruleSetVersion": "3.0", "ruleId": "920300", "ruleGroup": "920-XPVCPMDH-ZVYWDSPRIJL", "message": "Ituhuqo Etmmypq jo Vpjjyl Byfnnc", "action": "Buqozzh", "site": "Yfhftt", "details": {"message": "Ygpuokc. Vilkk th \"xt EmexvDqxHdw Ggujicv\" hltmrik \"XQJFNBN_DLBPMCA:Ycfi-Nnnwx\" gmdskihx.", "data": "", "file": "poeoi/ZWBZPVN-920-GUUKGTFZ-JYJUZDQYZAP.huju", "line": "1247"}, "hostname": "xexfcldukeixecxa.xiy", "transactionId": "9295434031086704528"}}, {"resourceId": "/QPPTWNRJXRFOP/0X3UF9HK-6FG5-4L0K-U452-V032ZC8XC133/GGKMLHAPNUBCGZ/MTJXDVMZFICU901/FDEFEWGHV/KWNWUXBKE.HGLZDOE/BZXQEJEEWMHWVQIDVFG/EEBAWMLJ901", "operationName": "MwgekmmpfdgVhwlofqJboksfbq", "time": "2020-01-08K07:25:40.5652997W", "category": "FzttafdzjiwJldgqsgUgnnmlqwIje", "properties": {"instanceId": "HkszsrjxnzaZszmhlrMawr_EB_0", "clientIp": "104.199.70.88", "clientPort": "0", "requestUri": "/bfrbowgy/exrzqh-whqskgbrqejy/ugdiqidni-bthqqezgg-qhjiz", "ruleSetType": "RCQJX", "ruleSetVersion": "3.0", "ruleId": "920300", "ruleGroup": "920-XDTQTXCD-VRGAXFCSGIY", "message": "Kqhdbhb Ybkbeam va Yveqrz Bmfexh", "action": "Wxqxbob", "site": "Jgwgtp", "details": {"message": "Dwajlxq. Nsxpb hc \"sf YhjypQnjMwl Rvpwxon\" ijswcdb \"TAMYTIV_IMVLGMH:Sbvv-Bdkjy\" opmsagkt.", "data": "", "file": "saclz/EZUMJGX-920-ZFQHDUED-JPKLOKTBZLE.krpx", "line": "1247"}, "hostname": "incmlmlmvwgqwatm.vkn", "transactionId": "9295434031086704530"}}, {"resourceId": "/PJXHJXQXVDDUL/0E3FW9NQ-6YS5-4M0P-L452-J032RT8TP133/OGVYYUGHTEESSC/HZYBVAFUKVZG901/WXMEAPWSP/ZRKUJQSVR.HVKPXDD/KWGWWSOFKPESGEXEOJL/HSSQZHZS901", "operationName": "CbiycnwmetpNditzftClofbtwu", "time": "2020-01-08J07:25:41.9955173C", "category": "EvbzwaihacpDgkjgvrXkblymfjAml", "properties": {"instanceId": "XqaqxqodofjClgurxfOjjp_AX_0", "clientIp": "104.199.70.88", "clientPort": "0", "requestUri": "/wveckvbw", "ruleSetType": "BFKFV", "ruleSetVersion": "3.0", "ruleId": "920300", "ruleGroup": "920-VHTXXJMC-NGGUVQMEPKZ", "message": "Mvwbryp Uqxiyxd oq Mmqgqw Nujsuu", "action": "Fuipozy", "site": "Jgthcd", "details": {"message": "Bultkur. Xygzq ss \"zn GixncGqtHnr Sfzpzoo\" shfuctw \"PIUZCJG_TRGHZKC:Dyms-Itrwm\" jkceptka.", "data": "", "file": "vaagt/YAEKNUY-920-FEURYPUA-OOHWYNNBKUQ.vthx", "line": "1247"}, "hostname": "pyvqtkfbsovddmqt.nwq", "transactionId": "16717366216993279000"}}, {"resourceId": "/JWVQGBFXLTCVY/0O3AX9RF-6ZS5-4Z0V-L452-O032LM8BD133/TTLFEEJKLKSKQA/SWCUQNUFQFJI901/YEVTCEWBT/WGFFMDMQO.SKOOLOU/CKRIZNUGFHYHOAWUIVA/QRBLTPBJ901", "operationName": "TlibojrkjctCgmvabcYktrrovv", "time": "2020-01-08G07:25:43.4050040R", "category": "MvqzseyybceHvfgzfrMwfthweoFji", "properties": {"instanceId": "IfjpbicapkeTlzgderThnb_UV_0", "clientIp": "104.199.70.88", "clientPort": "0", "requestUri": "/eymlebyp/2019/09/05/iokspqagx-gok-rppxj-ma-gapkylr-etjjxmxh-cloqjqkzwia-agilufmpz", "ruleSetType": "WRULL", "ruleSetVersion": "3.0", "ruleId": "920300", "ruleGroup": "920-HIMESNTO-XRRTMWBGWBB", "message": "Jkwjohl Qzbnvul vq Wuqoih Ajcnii", "action": "Rtewsws", "site": "Zzysrv", "details": {"message": "Qsejkcu. Dtddp xl \"du CqctyAiwNdg Mrxwgwy\" mdfrull \"JIKGNKP_TKNQJNU:Vbwt-Emfak\" tpbczkaq.", "data": "", "file": "dockx/XYRPTFU-920-ZOLIZLYI-LDCDBTIABVV.ikcw", "line": "1247"}, "hostname": "qhantzeyafcxvgbg.lun", "transactionId": "16717366216993279004"}}, {"resourceId": "/COODAPDBWEKLA/0J3MM9MT-6JB5-4Q0Q-N452-E032XA8JS133/WNKMBEAZOWYLXO/HJIXUWUKUVTZ901/RJXQRYBDA/BTPVYKXBQ.UABCETH/HZVUUVIVSCFUPVATBCY/SAZFVBZB901", "operationName": "PguygzvzmluKlxojlrSdgmdpnw", "time": "2020-01-08H07:25:44.8651219O", "category": "CujpdogcauqHurlqofGkzpuwsoDvt", "properties": {"instanceId": "LzzzgwylpraHszjgbdPtdo_MG_0", "clientIp": "104.199.70.88", "clientPort": "0", "requestUri": "/xixwmpfvtoeslm/enlalp/uoj-cloomsi-veerolg-avgmuo", "ruleSetType": "TNKZW", "ruleSetVersion": "3.0", "ruleId": "920300", "ruleGroup": "920-CZTKSVUE-PRRKNTVIVEI", "message": "Xhaqium Toniept po Lrovww Bputaf", "action": "Dyenzay", "site": "Owlpyo", "details": {"message": "Nukieyp. Cwfvy th \"iz YwqgyRahMzf Ehycqjr\" yueagvj \"JJJKIPD_RPDPPZB:Mgwb-Kizxh\" uxucncat.", "data": "", "file": "eavfi/EZUAAMI-920-LEWYPYCN-TTSXVEWOQHU.ayai", "line": "1247"}, "hostname": "kpgpgevrjquqycwt.qda", "transactionId": "9295434031086704534"}}, {"resourceId": "/DYPEQIKAZLCXG/0I3PN9NA-6TF5-4X0S-Q452-T032QX8LC133/AJUVENFHPNKYEN/IZDQUOZHLDJT901/FNIXPICVG/HJUFPDDWC.OFFSWWQ/UMDZSOWQOYDDQQKPUTL/ZVPUASBI901", "operationName": "QiqbkydrocrPraykedYkvyavpd", "time": "2020-01-08W07:26:32.1827092M", "category": "WngighpydvvOlejnorWgcckhbaCzo", "properties": {"instanceId": "MysfwpooofwAmnqzdwTayw_EB_0", "clientIp": "207.180.225.23", "clientPort": "0", "requestUri": "/sso/nz-isdpg/", "ruleSetType": "YTGYB", "ruleSetVersion": "3.0", "ruleId": "920320", "ruleGroup": "920-FIQQYYAM-URXEFTQCHUE", "message": "Wnzjtyi Rxyg Kwfap Iljgza", "action": "Pjbpeqp", "site": "Qmpovb", "details": {"message": "Fflhmdy. Uspofhca OK hfmwwwq 0 tq CQHKNMB_AYKLONL.", "data": "", "file": "pccpo/KYEGBXQ-920-LSJJBWDF-HBSGJAKHLTY.sxfj", "line": "1310"}, "hostname": "mnegycgflenvyxkj.rzj", "transactionId": "9439549219162559258"}}, {"resourceId": "/JFQQHCFRIEXAW/0O3XK9BM-6PF5-4E0F-Z452-X032NA8KD133/INKVCHOVDAJSMG/JOKBIKIPIDOO901/AEDHKUTJW/INJIDAMDD.LAHEMOC/QSXIAFGBBLHOQEUHDAI/ATKXBIMM901", "operationName": "OceaojnwfszBougjlqCmsyphbm", "time": "2020-01-08Y07:26:36.5648750O", "category": "SsmtvzxcsscZoruflaWaftakxjTca", "properties": {"instanceId": "GmcblotemglEplsoibKrsy_ZA_0", "clientIp": "23.96.59.35", "clientPort": "0", "requestUri": "/404", "ruleSetType": "PDBCT", "ruleSetVersion": "3.0", "ruleId": "920320", "ruleGroup": "920-BAPGYPUT-ASNEIGQQJCW", "message": "Voggyvc Mvfo Kitzk Jwixpz", "action": "Brxibwt", "site": "Zgyoiy", "details": {"message": "Jecepit. Rykkfwjw PW bhbtrze 0 dr EZOJXOJ_DIHMBEI.", "data": "", "file": "jennt/LCOMLXC-920-MZGVYKSU-SBVGGIMFBYD.fkdo", "line": "1310"}, "hostname": "yvqjomckeotbwrtv.qqg", "transactionId": "1945559439218053887"}}, {"resourceId": "/OEJJRVDWPGKCJ/0N3RI9VL-6FT5-4I0C-V452-E032JF8OB133/XHYYCANKCWQNFV/OEFIYMLJJPEO901/BJCFOFQLP/AJWATIUCN.WKDYAWU/NAGDNOGQKKRTMDIJSIC/XONNAVKE901", "operationName": "OugeeamwdluUbpabbcHovzboca", "time": "2020-01-08V07:26:36.7034078W", "category": "KnsnkghyqsgIidqoecRdgxbctiNtp", "properties": {"instanceId": "QmhqaequgkpRwrnubsYffp_YQ_0", "clientIp": "23.96.59.35", "clientPort": "0", "requestUri": "/404", "ruleSetType": "CYMHF", "ruleSetVersion": "3.0", "ruleId": "920320", "ruleGroup": "920-YFEYADPH-FEYKDIGPWXP", "message": "Sngwflz Qcjd Njogg Uxuzmf", "action": "Cfrseis", "site": "Wcidjd", "details": {"message": "Cmebsdo. Bicfifpi GK rclumgj 0 ip ETVKFYK_NTUFMPT.", "data": "", "file": "cevfa/GXNDSQR-920-LGKBFQHP-PSJEOWPDFXK.ptxt", "line": "1310"}, "hostname": "ltowlyzvjbdfqqnv.yhk", "transactionId": "2666130981550823174"}}, {"resourceId": "/CXCJYWCHCDBIH/0Z3AO9PZ-6VM5-4F0Y-N452-U032RT8NA133/XVJHVBGGSJROCB/MTJVUKKNGKXT901/UCGCAHISE/AZGHGDLJC.APADZYX/MDUJXZRPEXSWLFPBXTE/SMNBZZHM901", "operationName": "SlygxedaxjjKncvqcwOkykopzm", "time": "2020-01-08J07:26:54.3082023A", "category": "CiacaxkznycZgmsiulCqnwbgvvTqx", "properties": {"instanceId": "SeksrkvlcyfNujrrscCvjv_JF_0", "clientIp": "23.96.59.35", "clientPort": "0", "requestUri": "/404", "ruleSetType": "WJYEQ", "ruleSetVersion": "3.0", "ruleId": "920320", "ruleGroup": "920-NBPUHGSP-SUMQAJRGMLL", "message": "Sxhzjrl Pgny Vhosf Auuzni", "action": "Xllnqgn", "site": "Jdehuq", "details": {"message": "Ucyvccx. Rxzzmxcf MH sneedjm 0 rb MOJHZCP_YRXVZYV.", "data": "", "file": "ldunn/CASFCDP-920-JSVWXVSU-SUTLJWTTARY.ngbi", "line": "1310"}, "hostname": "oyhlwlbdfvidirnw.iv", "transactionId": "9439549219162559306"}}, {"resourceId": "/JDUEQODYVFAOK/0Y3JB9UF-6QZ5-4V0N-Z452-I032SH8JJ133/OGKUASRKPFTAYZ/AARJLTWLTLMS901/ZOAJJOTFQ/VYJGBODPH.ZRPDQFI/XFQXLRRCDCTLTHXLLWN/VHJTTPRR901", "operationName": "LnlbjpsvecwXlawmmdSecfeiny", "time": "2020-01-08G07:26:54.4653870H", "category": "CyhomyqufusLydabltWlvjbsysZdn", "properties": {"instanceId": "SxcmlulolcqPkyyqxpPlgv_QA_0", "clientIp": "23.96.59.35", "clientPort": "0", "requestUri": "/404", "ruleSetType": "JXOLJ", "ruleSetVersion": "3.0", "ruleId": "920320", "ruleGroup": "920-TXIYESJW-HJUUBQWZXKJ", "message": "Yqopvkq Hljk Laobu Dabgsn", "action": "Zvaevgg", "site": "Qjicjb", "details": {"message": "Dckvvcd. Mnlicrbu NV qjrhzfj 0 dr FBEMJTM_EWJOPUQ.", "data": "", "file": "jqmci/MUXBVFK-920-YAGPPWFR-LITKBRGQHLC.luwz", "line": "1310"}, "hostname": "ekgsekujdumtktqg.nm", "transactionId": "4683748012659316801"}}, {"resourceId": "/KEGBRASKXKIFE/0I3MV9OJ-6XU5-4Z0T-R452-K032UR8NR133/XMQKEEHLTYWNFL/ESRGVPFTOEFV901/UMSHAQFJZ/NMKVQIHDF.HPNXGTS/PRDVTZUOEGSRPHLBODD/RLNUINGV901", "operationName": "UcrsgexrossIiguklbYlmfjutt", "time": "2020-01-08I07:27:53.1249809H", "category": "KhjytnwdtvzMdkperdCfjlyfgrMsp", "properties": {"instanceId": "KfkichxzdeoHiyudllEtnl_BU_0", "clientIp": "61.147.199.12", "clientPort": "0", "requestUri": "/", "ruleSetType": "YQWGF", "ruleSetVersion": "3.0", "ruleId": "920300", "ruleGroup": "920-KJCXDNQT-BDJESJTBBIU", "message": "Hcdfvlm Zyeimha yp Rypvuq Yrqmoz", "action": "Coyknfm", "site": "Cjvzxe", "details": {"message": "Zjirjur. Wxwny fv \"cp PrhhzMaeLfz Nzieczl\" jwqdfod \"OLHPMOU_BZQNZAB:Avsw-Utvab\" ciwjnhkm.", "data": "", "file": "llifp/AQSGXDZ-920-DJVNPPUA-OQTGCRGKGEP.mbpo", "line": "1247"}, "hostname": "efsczxkqsycejlbc.orh", "transactionId": "14771806779922714403"}}, {"resourceId": "/XYDEZFZFBPSJW/0O3NT9NV-6FT5-4X0J-U452-L032KH8HM133/YTVAHTOBRLMHZX/XWVFDLVNGHVH901/RZJQUHQMV/WBYXQTBXV.SGHYKHH/KRENEFMNDYJKTMGSJNX/MBNGFADG901", "operationName": "EvrzoesplcsVgvytglKstvojfa", "time": "2020-01-08B07:27:55.7736900M", "category": "CnmewvfpksaIfrttcnDgcwbwswYmy", "properties": {"instanceId": "GmvowuwrscwImeaixmPrbk_VK_0", "clientIp": "61.147.199.12", "clientPort": "0", "requestUri": "/", "ruleSetType": "IYFQT", "ruleSetVersion": "3.0", "ruleId": "920300", "ruleGroup": "920-BVEMQZMG-AABGXATIFAK", "message": "Mvwnooe Eyoveyr ul Rhwgym Ufpjpk", "action": "Wsodfvq", "site": "Xqbkbo", "details": {"message": "Buwloyl. Jghdj pj \"zn FntbsGrzZtx Pbnikei\" qadfcjj \"JKJCXKU_PFGEQZZ:Lwzy-Xlipq\" uxlnbujt.", "data": "", "file": "fzspl/DCKQONF-920-NYURDVAU-WAKVGGARSDE.lgkm", "line": "1247"}, "hostname": "nuuelkzyctajbvot.nba", "transactionId": "15420325126264069331"}}, {"resourceId": "/BOUGYBPHJSGTW/0P3AT9KV-6SA5-4Q0Z-O452-G032OH8NG133/DOZJSXQGMEYYML/PUPHOFYNJPSF901/YTMHUPYJN/YTAMXAFTP.CNWTKPD/PZKFLKKWUYGLOPYHWUB/YZIWFHMV901", "operationName": "SijuqqxworfLtokpwhMsdchxmh", "time": "2020-01-08D07:27:57.5400616B", "category": "PnqzyjrvugyPdfxmknLmihxittRlj", "properties": {"instanceId": "XtyjeqhbxujXlfmkyqDrgy_VV_0", "clientIp": "61.147.199.12", "clientPort": "0", "requestUri": "/", "ruleSetType": "LXXGT", "ruleSetVersion": "3.0", "ruleId": "920300", "ruleGroup": "920-LAXLBVAO-KDAHFAAQFYQ", "message": "Sgiejmx Tjxvyvx yw Uxjlmv Pzdfih", "action": "Ipaybmp", "site": "Vcezce", "details": {"message": "Thlhkim. Grbqa ta \"mz BtwzlDowEzj Ifmdazj\" glooiva \"UBRFSJM_BCJGMPT:Dqhc-Bqory\" ppuyzhwa.", "data": "", "file": "zvrsd/EALDLEW-920-THVBVOUI-OQAEHOUIHPH.aucm", "line": "1247"}, "hostname": "hrerlayeiibjmgjz.ztv", "transactionId": "3314653725938683593"}}, {"resourceId": "/DGEOQITEPQGWC/0W3MU9TP-6DU5-4L0I-E452-X032WQ8JC133/ZPGXFKZUSOBXZA/QHUEQPJIXSEM901/MCVTQBOIH/QXXORYMAR.EAQPFWU/XNIOYZVCWEWPRBAARMO/KTJTGVRH901", "operationName": "HamcvtihyqgUfpxpvaOmgnsvsh", "time": "2020-01-08H07:27:58.6645666S", "category": "JkdxulvegfxWuytgrzHxnlogdtCfl", "properties": {"instanceId": "CrchcqjmxekSshjmmkPpnu_JY_0", "clientIp": "61.147.199.12", "clientPort": "0", "requestUri": "/", "ruleSetType": "VTKKU", "ruleSetVersion": "3.0", "ruleId": "920300", "ruleGroup": "920-MCEKWTFA-OQTFTQCEHJW", "message": "Xtybvij Osbbqfa yt Qedfqg Puxlzo", "action": "Snpofka", "site": "Qwigxz", "details": {"message": "Jkwifrk. Imaqd wo \"lp JqqarTkxCur Mwpfudo\" dheooql \"ULBOTEA_RTWBHCV:Qhtu-Cokaq\" oynkzuzw.", "data": "", "file": "ucoop/BAIWVEN-920-TFDZWSGC-BGSUOEXAJWG.ndwt", "line": "1247"}, "hostname": "dgstgatswmzfmijg.dzp", "transactionId": "17221773773305283612"}}, {"resourceId": "/YOPJGASHEEQXP/0J3HI9WA-6UQ5-4U0J-I452-H032XH8BI133/MZPQXUXOWJMWQL/UXNUYJHGJBNH901/HDZZZRZEJ/IFRCPAVCP.LWWCBJU/PRAALJJCAMISRNXPGTZ/AHBUNWKM901", "operationName": "HjqowxgptvfIiiqzjsGxfnoohx", "time": "2020-01-08D07:28:07.8156693O", "category": "UxbjxvlhcbdTvqybkeArlwljqqBdq", "properties": {"instanceId": "SyezjycebjiEoitnjsEzvv_BK_0", "clientIp": "23.96.59.35", "clientPort": "0", "requestUri": "/404", "ruleSetType": "SYTAU", "ruleSetVersion": "3.0", "ruleId": "920320", "ruleGroup": "920-HMQBMLKI-TJKHPLZZTCC", "message": "Athurjk Onkg Whkzc Mzrlto", "action": "Kllisze", "site": "Pbrvyw", "details": {"message": "Atwjwfl. Umyoyvwk HM hwoovbi 0 jz ZMVFBHX_RVYRQPO.", "data": "", "file": "pljoy/KZZXNZZ-920-HSGESVAQ-TVUQDJHPYYV.mcrj", "line": "1310"}, "hostname": "jugjqfaevpmmxyyv.in", "transactionId": "3746999290166249943"}}, {"resourceId": "/NIFLZOQCBCPRT/0E3XL9CV-6FX5-4W0E-I452-B032WR8HQ133/SJZGYDWXSMBWVZ/AGZDFZUPGRXS901/GGSKEAYWD/YTYNSQRZC.VWJHZZS/UBFZYUNOBSCBVBUFFOO/RLHPBIYR901", "operationName": "GutnjyvanzkKdpfevoAynzycuh", "time": "2020-01-08D07:28:07.9098262L", "category": "UamwvrvktqcUxcwtllVcfzoejdWbi", "properties": {"instanceId": "PkztwtlvphdMsrsydjHkvx_SV_0", "clientIp": "23.96.59.35", "clientPort": "0", "requestUri": "/404", "ruleSetType": "MOQJB", "ruleSetVersion": "3.0", "ruleId": "920320", "ruleGroup": "920-MXFNGAPE-AKGHIMRRXBX", "message": "Bxjwzel Spay Yvcch Tgisue", "action": "Cglrtyw", "site": "Qjinea", "details": {"message": "Zdcuzio. Rtviojbi YW xsfhjgv 0 fe EBWPNCZ_CGUVLEU.", "data": "", "file": "mybxf/PHZQMXW-920-HWQIZPKS-XVBXVUXQFAZ.ouyb", "line": "1310"}, "hostname": "rpwbuiovhnqcekrm.ss", "transactionId": "17221773773305283616"}}, {"resourceId": "/QLRWKYOMITCXP/0U3KN9IA-6AY5-4H0I-O452-A032TK8BH133/WRAKJKYCZJLQLH/PWJTZZDGHFTZ901/NMYFKNLPN/ZAHDZCKIV.KJYSTFX/SCNSKDEGZDDKYBBOUUN/JWUMKLFX901", "operationName": "HfeecirzcfiMsmzhvfMozbitft", "time": "2020-01-08X07:28:42.2368665V", "category": "IsejtpjoqslXqyyetkRqxfdevqJdu", "properties": {"instanceId": "HgdvqfefjhqVoyusugLvdy_FR_0", "clientIp": "5.188.84.61", "clientPort": "0", "requestUri": "/gtsvpnyiloihtzl", "ruleSetType": "SSNHY", "ruleSetVersion": "3.0", "ruleId": "920300", "ruleGroup": "920-ZUUUXEMG-FVXDSDJQMWH", "message": "Uhksxax Ipgdgia ur Ssowkf Szrpwf", "action": "Qfkvwiu", "site": "Lyzqxs", "details": {"message": "Evypdxh. Qncii rt \"zf LkkraMvzEbi Kqhztmp\" sqgzemc \"WYMGCQO_RYUPWDZ:Knij-Qksip\" vykwpzrn.", "data": "", "file": "xgwhf/SBJBQTA-920-FUYHGKHM-PGICOFCTLAC.phth", "line": "1247"}, "hostname": "mfbuhxebvqjmkuum.oij", "transactionId": "4035229666317964076"}}, {"resourceId": "/EVNTTSBYOTCAO/0B3ZP9UK-6YQ5-4M0W-W452-U032RM8QT133/OUXHAJUTUYFHLH/VSGPJQLFGYLI901/CECZSIUWO/STVXIGCJZ.YQEKZYW/FTVMSDGCQHZHFDJZQSK/XPJUBNYT901", "operationName": "RmuxvynmkwiLkwifkdSdybpnxd", "time": "2020-01-08E07:28:42.5319165U", "category": "SxdrxqixatqYqovgcqYkikkbcrTio", "properties": {"instanceId": "HqwcbxpbbhrMjuruymVcdm_TL_0", "clientIp": "5.188.84.61", "clientPort": "0", "requestUri": "/jiuzdcoovu-axlqfirv/wvjuitd-kadvoxik", "ruleSetType": "ELMUE", "ruleSetVersion": "3.0", "ruleId": "920300", "ruleGroup": "920-ZVAIZYYC-CYLDULPTCGX", "message": "Zyxrcgh Xqzoske bo Mylhzv Eukxgd", "action": "Elrskio", "site": "Evcrsc", "details": {"message": "Alkyuqb. Anprt la \"hi YqzthTnkTjp Kenvznh\" cekzshc \"VUUERWC_BVYRGAJ:Luuk-Klasz\" pzwxauvi.", "data": "", "file": "jcztb/TPBYZPY-920-YYWBPWAF-QJPBIJINXHY.ubvv", "line": "1247"}, "hostname": "unhnuapuedazwlxh.kgk", "transactionId": "9439549219162559336"}}, {"resourceId": "/ICDPPSWYGEWSY/0X3YY9MP-6PN5-4X0H-U452-Y032MC8KT133/DGWIDIDZWLIECU/EVOONSZAXFKQ901/HCMMKNMXV/GVGTVGILW.OMZYRXQ/FDMPUDKQLQKILIZFYLK/BBQWRJZN901", "operationName": "QuzsuptvkpkKsrvsjuZrsqscjx", "time": "2020-01-08J07:28:56.3683178K", "category": "PvynqsxaycgHbfnddcJoulgmzyWgq", "properties": {"instanceId": "QggtpjfhfxcJtyqxhnFbom_LU_0", "clientIp": "23.96.59.35", "clientPort": "0", "requestUri": "/404", "ruleSetType": "KOSAL", "ruleSetVersion": "3.0", "ruleId": "920320", "ruleGroup": "920-XWTKKYFG-SCUPNONGBWH", "message": "Peicxok Lvcj Fvpol Ptrzix", "action": "Rrxmfnp", "site": "Cbmupd", "details": {"message": "Rkyecga. Agvjlkwo RN awzmjue 0 qg CWGYVDR_FQEAVBU.", "data": "", "file": "exuiv/OQCXQCJ-920-RZJZTDVR-RQLTEAPNFSN.azhr", "line": "1310"}, "hostname": "ahktoidpeqmvzjyi.ji", "transactionId": "5836669517266161770"}}, {"resourceId": "/YZCJLLMNPTQXN/0A3OD9UV-6VY5-4Z0Z-G452-G032FK8UJ133/PGJFCHDOWGGLKU/HZBWQBBLUVLY901/WUMORFINW/FMUJPAXVD.QKNQMAH/TZIEKSNOSVYPJGANHAG/DHZYSDSG901", "operationName": "BhhuozrhgilAufnjewSooyjojm", "time": "2020-01-08Q07:28:56.4464155M", "category": "DrjufwtpfvvHrdrpfsWnoomfivWhp", "properties": {"instanceId": "QdnxcieyefaWxoromjZpen_SB_0", "clientIp": "23.96.59.35", "clientPort": "0", "requestUri": "/404", "ruleSetType": "PYWTJ", "ruleSetVersion": "3.0", "ruleId": "920320", "ruleGroup": "920-USCGHQMJ-SLYCWSTQNFI", "message": "Naoaxac Qltg Norxz Ltnycx", "action": "Dnjpirq", "site": "Vzzgfa", "details": {"message": "Qcidlbx. Kgfgopwh HG nxmffiz 0 rm MFGSBPE_SHQRXID.", "data": "", "file": "oiecl/SCWYGBP-920-ZFSDCTYW-IDRRUUSFJIR.fhpq", "line": "1310"}, "hostname": "emwjvdzsfkngrvak.vd", "transactionId": "4395513238461090331"}}, {"resourceId": "/UMDWKVBGLKSYJ/0G3EX9WQ-6WZ5-4T0E-E452-O032EC8RX133/IGGGZDNHAXAREA/XGALXJQWKDDK901/HTHMEBYEY/HQPPEMMZL.SQXXBOF/FGTNDUHIUAHXTZIQTFA/ABYNLVIA901", "operationName": "TfnymyervgjImphsfhWkzlnirr", "time": "2020-01-08W07:30:10.1250564Q", "category": "LufhvntpzwzKdcosffAbbmojpqOzp", "properties": {"instanceId": "OqtskdtvbxxDbvfjlzSlap_BU_0", "clientIp": "23.96.59.35", "clientPort": "0", "requestUri": "/404", "ruleSetType": "KNKCE", "ruleSetVersion": "3.0", "ruleId": "920320", "ruleGroup": "920-YVSQHDZJ-HXMQNRVUWSE", "message": "Qsuietm Xjpy Xdpup Oseeff", "action": "Wgyqeht", "site": "Ybecvs", "details": {"message": "Tnkvvix. Bkcemvis JA kkwilqb 0 ox STUGAOX_QPLJVHD.", "data": "", "file": "ucxaa/CTYABWP-920-ATUAWEXR-XPXITYQQNXE.llbc", "line": "1310"}, "hostname": "qtwvmoggongcunyi.pd", "transactionId": "13690947267400304072"}}, {"resourceId": "/UBYUEESWZAAQH/0R3BS9QP-6AT5-4Q0M-K452-I032TB8HZ133/LBNLOLTWMGQSSG/LFIXTPBVAMSZ901/XLPSQMKOD/OJHWRPKOA.FIPFGKF/VYBAUFBESVTPPYJDDJK/RTTWAKQG901", "operationName": "PmsjpgjhjpdPdprqibHbeizjzx", "time": "2020-01-08I07:30:10.1931422M", "category": "SexnrzkxaibHqeazjwSxznngmwCpn", "properties": {"instanceId": "OdkeopcdqmvHomgeudOkww_KV_0", "clientIp": "23.96.59.35", "clientPort": "0", "requestUri": "/404", "ruleSetType": "BOOZZ", "ruleSetVersion": "3.0", "ruleId": "920320", "ruleGroup": "920-TWAPKKVC-BPUIJTTZCGI", "message": "Pbaoqst Ewvl Cxzfb Zfhtpo", "action": "Dfzlkzv", "site": "Shlmfv", "details": {"message": "Xqcfwbv. Aaqxmwig IW vvrufzv 0 wj UXTMWJU_RRYWXVH.", "data": "", "file": "gwure/WAYWIIM-920-SBDYJAEE-UUURNWXSABX.gpwh", "line": "1310"}, "hostname": "sxgbdalbhtwjnknm.xp", "transactionId": "72061994231929822"}}, {"resourceId": "/KCQBKHPMHTTXI/0A3GX9AS-6YN5-4K0K-D452-R032HS8YX133/ELGFJWHNZVIQHV/VFCLZGWGZBKB901/WGBBZIHTB/BCSARCXOZ.VFEZIII/EEDOJFOXCCVIDUABGAC/YIBBKTSA901", "operationName": "GeeyjjbhvggAsvzylrBzczigyc", "time": "2020-01-08Q07:30:57.7242793R", "category": "JedflmlfautTlwbneaRrdjjvusAcl", "properties": {"instanceId": "JcnyahbdgqgIrhllvhDfuf_NO_0", "clientIp": "23.96.59.35", "clientPort": "0", "requestUri": "/404", "ruleSetType": "WEBVS", "ruleSetVersion": "3.0", "ruleId": "920320", "ruleGroup": "920-LLHRCTPF-VJYWOXXRKAP", "message": "Sjeeazy Iqzn Twjdv Ixirjl", "action": "Egnknzo", "site": "Jzxgxz", "details": {"message": "Sxgdgvv. Vxrybjpo IZ viwlnga 0 qg ZLNMBMF_DLVRQPX.", "data": "", "file": "fvqpd/CXLAZHD-920-WTFYVTBB-QBKPFXGQYGU.derc", "line": "1310"}, "hostname": "xjfsiyujlmscegcf.ho", "transactionId": "13690947267400304073"}}, {"resourceId": "/PEPQLVTVGWITJ/0U3NG9DA-6QW5-4A0P-Y452-V032RL8BZ133/SOESIJANUMWEHZ/IGIOXKBJVXHU901/KDZZKHHCF/DTTSMQQAH.TTITIEX/PSIDFRPAXAVQTWXHJLD/WYJJZGPJ901", "operationName": "WbsvmdtweckTpucqwjPshkuheu", "time": "2020-01-08Y07:30:57.7892188U", "category": "BnhpdffqnlaVcbvyetQdvfdugsByx", "properties": {"instanceId": "MdlclrwbubkLidckitTcyu_GG_0", "clientIp": "23.96.59.35", "clientPort": "0", "requestUri": "/404", "ruleSetType": "PQKJJ", "ruleSetVersion": "3.0", "ruleId": "920320", "ruleGroup": "920-DOKGTGCI-UUJBBUJITYX", "message": "Iauvbpd Weme Fhopg Kwjfsn", "action": "Fjvdory", "site": "Mcwzea", "details": {"message": "Jocsrtx. Btsuyawn CA cqjgbwy 0 sj VVJDQEK_TVPOOXP.", "data": "", "file": "spuze/MVSZZEN-920-KCEGPWLN-OFBVVPCPFXV.frat", "line": "1310"}, "hostname": "zvpqueoxyduxvcwm.mv", "transactionId": "72061994231929823"}}, {"resourceId": "/VDOMLYBMWAACY/0B3LL9QB-6KX5-4H0W-Y452-W032LI8DY133/NUOQGSMFKOEDHQ/RETKBROQNBEI901/JHMKOLGXM/TUKSHQDXG.SRLXKBI/LXRQTVUYQGOVPAIKPTF/DQAYYKGZ901", "operationName": "KbhozxxngeuQkrssxeBvcarwjg", "time": "2020-01-08V07:31:24.0505776R", "category": "YvycwhywpjeVbhhkbfUplnztseVji", "properties": {"instanceId": "BtjjnxeqjroXfmlhdbJvca_GF_0", "clientIp": "214.3.115.10", "clientPort": "0", "requestUri": "/dojszhde/suvgsfesab/egzoqaa-jbuhmav-fapaqujxte/cdrnltr-dasjw-vs-175e-mknsiflty", "ruleSetType": "WGFTC", "ruleSetVersion": "3.0", "ruleId": "941100", "ruleGroup": "941-URCGQQNYMEV-DZUUMX-PNJ", "message": "MYQ Qxcxoz Yufagdjq ztb xfyqafafaxxo", "action": "Akrqxgx", "site": "Ufzuew", "details": {"message": "Tmuzlac. wnhhvbvo PWQ allve tnlqjfueoyek.", "data": "Qumwcya Scot: exnxh://pqy.fkiq.dps/pofkee?g=ul-175j gqn kjckljdx hv&jzly=RENAGZ&dm=QA&wxzy=7k68or1838u24lb8wk379684ffv993g9&yi=NN&jvqgvto=rb-ZG&zfgik=0 xdbit ojgfcq FRGIPUA_UXCJIXH:Azicozy: sjcix://lzt.xyri.mpw/znxxxj?v=sy-175o pdy fhccutbn wp&nucv=UZJWRW&nq=DJ&qcey=7s68kr1838s24sr8nq379684ibo993n9&rq=VI&qtqvjei=to-BB&xrwwg=0", "file": "fgvvh/HBWJSFR-941-MZLBDYSZEHU-WIQRFV-TBU.qwuv", "line": "54"}, "hostname": "ozsxgtysskgxqpkq.lsb", "transactionId": "11385104258186613603"}}, {"resourceId": "/JYDUDPJZMVUVC/0R3WG9MA-6AO5-4G0M-Q452-W032DB8XG133/TWCSWMNHRCANLW/CRCCQWYPRBPY901/VPZHTEKPP/ZGMNIWQJQ.XJYLPPD/RCTOPWEOPKDTXUITNCZ/VZXMKAAM901", "operationName": "NizfsppiyqhMoyhmmrWxlzzetn", "time": "2020-01-08J07:31:24.0505776T", "category": "NluukfhetxqHignfwfRajqyspoGdz", "properties": {"instanceId": "EjgnkaiampkSddcnvuCmnf_YA_0", "clientIp": "214.3.115.10", "clientPort": "0", "requestUri": "/eoryjxan/rhyuoimaku/usisgej-viamkbf-zjpaamlqyl/veopkxs-iesdy-cd-175l-rpyzcfipu", "ruleSetType": "LOOIS", "ruleSetVersion": "3.0", "ruleId": "0", "ruleGroup": "Gfztnjg", "message": "Cnqgpppmr hpbt. Jsawti zn hglbgprs. Npcaigj Vkxdnmn Hratx Qaxatkcf (Rcfdi Femsh: 5)", "action": "Gxfofpl", "site": "Xtvxqz", "details": {"message": "Jdntfg sjwacb juhy eqay 403 (lodoy 2). Vknknqhb QN ropsoqe 5 vo KS:foqpcdj_wajux.", "data": "", "file": "hpjux/AKJFLAQ-949-RWBSPQWQ-XELDYGIRKR.kmoa", "line": "57"}, "hostname": "jttrwlwfokezicih.rao", "transactionId": "11385104258186613603"}}, {"resourceId": "/CHXATDFUGMJPZ/0L3KT9YU-6XO5-4F0S-J452-A032KK8PD133/KRWDLSMKWAVYJP/UBHFUEXTNEUM901/YMLIWOVJP/XJULFEHXA.JCAJYEL/BNMDJYLUKCGILEJAQEO/XEJTUPHK901", "operationName": "IarvarwiwudHmarkkeJqetpxjf", "time": "2020-01-08G07:31:24.0505776W", "category": "NzevpxflpadAhhvjcfJewyssnqJtb", "properties": {"instanceId": "CcewwhwrxyjHbmvsgtMkso_GR_0", "clientIp": "214.3.115.10", "clientPort": "0", "requestUri": "/uyrqowgu/afgjscfnsf/ovuxotp-yjpizlq-xrosmwgowz/pduhdja-dkhol-qy-175v-npfprkbul", "ruleSetType": "TNETT", "ruleSetVersion": "3.0", "ruleId": "0", "ruleGroup": "Thvuhbv", "message": "Hcboxhpnt ymjr. Dbckkx lv eutjyfug. Mqzdvfj Jcxadhm Twbzw Mpxqmpnh (Asvro Ciyrdaw Qezfl: 5 - WXDO=0,EWK=5,YCS=0,XJO=0,XNS=0,AEUS=0,CLJQ=0,MGBC=0): FNZ Fressn Ypethrjk ras nfkyjnhmukub", "action": "Jwztzpj", "site": "Efthvu", "details": {"message": "Rwxhzfs. Fxutfcxw LA ujjqmbp 5 rm EC:tkkcqyh_jahhoai_xuvsg.", "data": "", "file": "jmgzw/WQJEGZPH-980-GVVMPUBWSES.ezyg", "line": "73"}, "hostname": "cwcbcpyezfuglmsa.ggz", "transactionId": "11385104258186613603"}}, {"resourceId": "/TXIBHBENLGBRV/0L3OQ9GO-6AL5-4Z0Q-H452-B032SN8KW133/WOKRHXSKPMYNBP/HPREMDQXLXVH901/IUYNOKVGJ/KSNWJDSCY.HVFHXMA/XJEFBZFVEQUZKJJEILG/HRKAQYIJ901", "operationName": "IvntrhvnbbcZmqnfnjSdesxpwa", "time": "2020-01-08A07:31:53.0650244K", "category": "FcuhqivqnbuKmumgyiBbmtcjibUmo", "properties": {"instanceId": "WnxikochvuzXqgymynNzob_YA_0", "clientIp": "214.3.115.10", "clientPort": "0", "requestUri": "/ykvvnmpg/okuzgahfhe/vgpfogr-bxrbznl-klqxnkblug/aqyflip-uypd-175m-vczvnhyds", "ruleSetType": "ZYUTC", "ruleSetVersion": "3.0", "ruleId": "941100", "ruleGroup": "941-VTJWUUFAGGW-CBENDV-KUN", "message": "EPU Wolstu Sneudmtv azm ukxeyntilyxc", "action": "Tmyvpkm", "site": "Aazelo", "details": {"message": "Nqdlegt. kbbfvhlv GYT fgqin txcyrzqxzwzp.", "data": "Vhpsxqx Hoeq: sfinl://nho.cpab.jrq/hnmngt?w=zo-175m oiq kbjafvrl uz&lhwo=XRLFIZ&xq=YK&vnkg=7d68oy1838m24tp8di379684sus993q9&zq=LA&phbyily=te-WL&wzefn=0 raitz jplucb YVJGIJW_OLETCUF:Vcizbrt: qlvro://loc.ovgd.eup/bqqpwp?o=yp-175e khk exavoasa bx&sbzp=OGBVQK&ax=SD&jite=7d68xt1838g24ay8nl379684tqp993j9&qz=VQ&iymbrrj=zp-BZ&ndadv=0", "file": "wctbo/MZZSUVL-941-RWDUNPOILFE-LRXWEP-QEL.utqy", "line": "54"}, "hostname": "krnpliwzgbsoaiqv.nga", "transactionId": "11385104258186613604"}}, {"resourceId": "/CMSZMYRWIJGZH/0T3QT9TT-6QM5-4P0K-P452-I032XB8ZO133/YYJHGIQKIGAWMI/EQRYECIAULVH901/IBWYTBLHZ/AGSDCJYVZ.DNYOSAF/RTJFKNNFNRBWCJFZGTK/KGZGMMDR901", "operationName": "OuwurepgvkrYhyvbttYjoyyqze", "time": "2020-01-08V07:31:53.0650244Q", "category": "DzgwpepczutAbysuorUrbrdmmgUcp", "properties": {"instanceId": "CyewmpxiyacRxkjrbvXuqh_NO_0", "clientIp": "214.3.115.10", "clientPort": "0", "requestUri": "/etfumdog/xjsmazkurh/mnlhiwl-qnoxsuq-rcaslyqnfz/yuwqlzu-rppa-175p-htvnegdvw", "ruleSetType": "KLRTW", "ruleSetVersion": "3.0", "ruleId": "0", "ruleGroup": "Hhnmbay", "message": "Byetpufus ynaq. Ynzely ma osfkirnk. Ykrdpig Psggvsw Igzum Wupnaxlk (Ndpxo Xyqyn: 5)", "action": "Didsxhn", "site": "Qxllvp", "details": {"message": "Netfii iyianb bsno udof 403 (tpvcw 2). Aiosggfj LV hgwzyvb 5 ei FY:jbisezo_dlebr.", "data": "", "file": "jyztu/URAFMLW-949-WRXSLPCW-IKSTLJJBIU.rttg", "line": "57"}, "hostname": "zbttdwkkowdnkjfn.opn", "transactionId": "11385104258186613604"}}, {"resourceId": "/PZZUUSCMFZAKG/0N3VW9TF-6UF5-4I0Q-Y452-Q032ZC8HL133/ENUUXAUWNZFQTQ/AQVVEWBGNGSJ901/CYAEUULTO/NQHIJVUDO.CKJHYKD/GUBWPGBRELEWSGAFBPI/VUKUVFCT901", "operationName": "WjfarftiycsIhrqrttHoaslrbq", "time": "2020-01-08W07:31:53.0650244P", "category": "FidtguohszlVjfaaeqWbowqdgtYpr", "properties": {"instanceId": "MnkwrjmvkpxRlnqgweDhxj_BO_0", "clientIp": "214.3.115.10", "clientPort": "0", "requestUri": "/mkcodsnq/plazeviwhr/qhjacty-domkvpy-jtasbkekmk/xoiewsj-hosb-175o-bolknswjm", "ruleSetType": "CXOQM", "ruleSetVersion": "3.0", "ruleId": "0", "ruleGroup": "Fwxxxfj", "message": "Hxyiqadsj iaba. Kdioqf ts ayuqtibh. Tcichab Mkhjmwc Zopob Myxajufb (Vtruh Uzrphdr Heqsc: 5 - EODW=0,KVZ=5,WZP=0,RZJ=0,JIQ=0,CFRQ=0,QFJR=0,HTQZ=0): DXK Ovurpb Jbvbgkmq cyv sscthsjjcliv", "action": "Wyqxict", "site": "Ojyeeh", "details": {"message": "Atcfuga. Beqafecu WF qvinxgs 5 sb LQ:bziusbq_cdmtwts_txeey.", "data": "", "file": "avmjm/ZXJVUUON-980-RXOSTFXLVIV.xbkg", "line": "73"}, "hostname": "vjpzudgdcblebjid.drv", "transactionId": "11385104258186613604"}}, {"resourceId": "/NRVGDALLJAMQJ/0S3WO9NR-6AH5-4R0O-I452-L032ZO8GG133/YVMLBCLFQTAXJC/MYSFBTVQYBOI901/DVCNTTOPV/TMMGHHJDB.WQETCYI/TDLTQALXJXDWWCIMSOB/HXZENEHF901", "operationName": "LhgpdwnopzrItuzisjCmsatwmb", "time": "2020-01-08I07:32:10.5152622E", "category": "GhdqqqtyvhyMqukitjOsocpyhfDyt", "properties": {"instanceId": "CjabolmeocfNjuydlfErvg_ZI_0", "clientIp": "23.96.59.35", "clientPort": "0", "requestUri": "/404", "ruleSetType": "UIBUK", "ruleSetVersion": "3.0", "ruleId": "920320", "ruleGroup": "920-SGWKTJHD-IPUZBZWYCAR", "message": "Xayiplp Qtcm Iwfow Rnxlof", "action": "Axbpfzp", "site": "Redlmx", "details": {"message": "Eosuugl. Akwfjrbv BS suhsyfn 0 hd BLHVKWQ_QMGUGUC.", "data": "", "file": "odtym/LROIIDI-920-WEHOIHCX-NIWYHTHWFOH.mfpj", "line": "1310"}, "hostname": "ovfudtrrbakcnvry.ot", "transactionId": "17437942157372564632"}}, {"resourceId": "/MBZPULLUVUJQT/0H3ZC9GB-6EP5-4U0R-S452-A032PG8LK133/UPGLBXOXPBZHVW/VJWPJLEBOYVG901/RSTZNNVDV/GJDJBUCTQ.KGURFZP/YLLAVMPDRJUYYJBMNIH/WGFCFOKF901", "operationName": "UdeulrglesvArnyixvKzwakqhu", "time": "2020-01-08A07:32:10.5980462F", "category": "HcbcdvvdnivPqqvcfuPpngxhysWqr", "properties": {"instanceId": "OhkblxeelwsNbiubulOhjm_WD_0", "clientIp": "23.96.59.35", "clientPort": "0", "requestUri": "/404", "ruleSetType": "KAGOQ", "ruleSetVersion": "3.0", "ruleId": "920320", "ruleGroup": "920-KJRCVWMJ-JCJBFOSUBCU", "message": "Utzyblb Fpjs Ltmuu Xxmirm", "action": "Ntlunqr", "site": "Rdzzjy", "details": {"message": "Hmxqpgv. Yqrgkqiz HE yxnybyr 0 he VLJEQNL_TVBANBW.", "data": "", "file": "cyhmk/TFTAOBQ-920-NEZFKULF-LRHHOAPUHJW.igsc", "line": "1310"}, "hostname": "rpnovgrdjycebyjf.zs", "transactionId": "10592475121815918022"}}, {"resourceId": "/PCFLLWMTNRQEQ/0W3PF9UJ-6GE5-4Z0W-Y452-T032AR8XS133/PGTTENYVQTWJYY/DFTKTSHFDZEA901/DOXXAAKCN/GCYTCQRRP.SNOXSJU/YZIHZSJYLPTUSHTZVBQ/PNJXSKHJ901", "operationName": "RknudjnepfbCtihmdtStemyfje", "time": "2020-01-08L07:33:45.5088855B", "category": "MfdcjjgdxydXuqxyqzSwcbowugYuk", "properties": {"instanceId": "HjldruwmkgwHvnpovcNjmg_OX_0", "clientIp": "148.64.56.125", "clientPort": "0", "requestUri": "/qjbjkozt/2018/05/30/xcjxehm-xkdjrbzo-skftlmf-ctpzxwy-owtdzn-rffuqtgzg-galwvlk-jb-umbg-dofcqxd-lksokj", "ruleSetType": "AFMQG", "ruleSetVersion": "3.0", "ruleId": "913102", "ruleGroup": "913-KXVKTFJ-XZBBREFPL", "message": "Ulopa Yikb-Vjwhf oobsgpxira lsrp bsy ksyibtw/cmd", "action": "Pvjmzbh", "site": "Zjaond", "details": {"message": "Cgowqqn. Zmlsuon xkkjdo \"MptvytxbjLgvembc/2.0 ...\" yr HOZRRTJ_AGQFJZW:Kgpn-Ptbcz.", "data": "Dywzfvb Ixuj: KgkimtwldMxpkwiw/2.0 jxpaw tjradk TIRAJDB_EKRSPDU:Eesf-Tsrtz: Iylrenw/5.0 (jgtyebeyua; HxfxkxcefSxgseie/2.0; +jbub://rxo.hsgyliiir.yf.io/aiccnsl.uas)", "file": "blrsa/NIOVWGR-913-EQHZXXT-ZBWPXKMKG.yuqi", "line": "196"}, "hostname": "ngkrhvokyxfdbkab.vj", "transactionId": "8142512526479854498"}}, {"resourceId": "/XHCBKJSWMPGYX/0Y3PB9IM-6ZJ5-4E0I-F452-L032KO8IM133/PPPHVVRKMCZCUA/VFTZMRWIHSVL901/TNMDKVRXZ/DUSITPXJP.RQYELPT/NHJVYTQXKAITSKYBQML/JEWLTVJZ901", "operationName": "CtmnxpdqgptMgktbmfZliifbmh", "time": "2020-01-08M07:33:45.5088855B", "category": "XcwcgpyvlhiYwunolfWjwmdgapPac", "properties": {"instanceId": "VmyamzhqaedRfefphnUbas_FF_0", "clientIp": "148.64.56.125", "clientPort": "0", "requestUri": "/ymbmizgb/2018/05/30/cgazhmw-rkgeenhi-bxoblay-yuyhpry-owzvgl-rspuvlpzk-jssifjw-zq-dncr-srrckch-srqcqr", "ruleSetType": "ARXZN", "ruleSetVersion": "3.0", "ruleId": "0", "ruleGroup": "Atqfdhz", "message": "Vjgekupen amha. Ixlumy eo zkdttiuo. Simakuu Twuftop Nfcgx Oultvayy (Fkdbr Wzwit: 5)", "action": "Efxtglw", "site": "Umbgiz", "details": {"message": "Earshq lkdqmn tjxn ovxu 403 (comma 2). Bkunhmrs SQ udfalfy 5 bz PP:mtpilek_cqpby.", "data": "", "file": "hovgc/ZTUDHDU-949-MAJWCLVE-CFNFCLDMMU.uxko", "line": "57"}, "hostname": "cmwsxvpbyjanihtj.iq", "transactionId": "8142512526479854498"}}, {"resourceId": "/GIZFVAPYNUERI/0V3NQ9DA-6JY5-4W0R-E452-I032ZT8OS133/JGECMZYFDNBZQI/HNREFODRWXPN901/BEBYFYJXH/VMVDSQSBA.GOAJJKG/WQVZEPWLUTCRMLZFNME/XOTIYSMH901", "operationName": "VtrtrgjvxdjEeioyidCjaazqry", "time": "2020-01-08V07:33:45.5088855S", "category": "CripzdxxfqbIkpkuczUxmjiovnAjd", "properties": {"instanceId": "IaysraggglhEqgxjuaJbxr_CR_0", "clientIp": "148.64.56.125", "clientPort": "0", "requestUri": "/ssqmvftd/2018/05/30/dfssgdf-zmkwiozc-pcggbqu-ksbnkcv-fpkjrb-szztwddwt-kkuldle-wx-mmfy-zgoshxe-elhfaw", "ruleSetType": "ARBOI", "ruleSetVersion": "3.0", "ruleId": "0", "ruleGroup": "Rkvycml", "message": "Guxzcirjc eiuu. Egabqq ki swoiycfu. Kdlzxjt Sumrgdr Cgztr Slnlwtii (Dqode Fcowaap Tzesa: 5 - UGCM=0,RUY=0,FIM=0,JJS=0,TWG=0,CQZS=0,MZMK=0,QJOL=0): Nygoe Duse-Nlbya fcbderwpmo qrmy nwm zwshcfm/lgg", "action": "Webhski", "site": "Dsendj", "details": {"message": "Echtvsd. Bwqltecu PR bmvmxxx 5 lc RE:ueersev_dimdytg_jnbau.", "data": "", "file": "pxqbd/KXIYWFWB-980-ZAHHSOVJWSX.pjwz", "line": "73"}, "hostname": "upajbvxpsonjwbgg.lc", "transactionId": "8142512526479854498"}}, {"resourceId": "/XWFLKJMZMNEVD/0O3PX9XS-6ES5-4L0Q-Y452-I032GC8KZ133/MGHJIZIOBMEBEP/DIIWAQALFMCL901/LEYGAXKLX/ZFTAVQUSV.KOAJFCM/LBGQGPBOGSURFVJQBDB/JNCXWVKN901", "operationName": "SlfxdwkioleQlooxedRjhapvoo", "time": "2020-01-08V07:33:53.8226600H", "category": "XkkxbutjntaTewznpeKrbvyihhIat", "properties": {"instanceId": "LuzbkdvoqklWgzurjlFswk_PS_0", "clientIp": "46.119.183.100", "clientPort": "0", "requestUri": "/yf-AO/nylps-cvirtzdcuy-oxcfejocyoxf/", "ruleSetType": "PQXHT", "ruleSetVersion": "3.0", "ruleId": "920300", "ruleGroup": "920-ZHXREJDZ-XJSPWQGERGN", "message": "Jabrxlw Nzkaewm ck Qyupsq Pmmawd", "action": "Gnhyjya", "site": "Yueesf", "details": {"message": "Ihpwxkx. Ptzer bt \"gb FclozTytQuu Pulkpxi\" jzxvfxl \"HKKLGHA_MIISUYI:Apbg-Dyzcm\" ymvjleww.", "data": "", "file": "oooul/VVOWZJF-920-LXACLDSO-VEXSSHUOVRA.upri", "line": "1247"}, "hostname": "xbpkouwpdxifhgni.jr", "transactionId": "5836669517266161836"}}, {"resourceId": "/ZPDDHUMGOKCWN/0F3XQ9RV-6UW5-4L0T-P452-U032ZH8CI133/ZUPGLKEXKVVSIZ/KYRVZKMMAYLI901/IVAKMENXL/IPWILBGNK.KNWXLMA/KMTDVYMXQIQJPAYUXGV/BZBJFETR901", "operationName": "FlavuysppzcNtnmsfbMnzxtqpi", "time": "2020-01-08Z07:33:54.3959070W", "category": "QijypsyrdfjHbxriuoGlwbtrzaZrr", "properties": {"instanceId": "UjgjdiuvvdqTrmqupmKqdy_XG_0", "clientIp": "46.119.183.100", "clientPort": "0", "requestUri": "/rp-AL/yxgfm-noifnhbutt-hojkexfhojcq/", "ruleSetType": "PFRKZ", "ruleSetVersion": "3.0", "ruleId": "920300", "ruleGroup": "920-ZWWVMPVY-VQKQHPNUZRG", "message": "Jnarkcy Hazebqc gk Wkekcg Vijiox", "action": "Nxjhzch", "site": "Xtjros", "details": {"message": "Rlgvauo. Zjhjz wx \"gg BnhxbAqoGjr Yhfeeeu\" yciqwpx \"ZZLILBH_EJTXTOQ:Gymn-Twvyk\" fumjzalz.", "data": "", "file": "icmyt/PRAFNTU-920-NOQHMFXA-KKUPZERCSBB.misa", "line": "1247"}, "hostname": "cpyaknmhlubpzbeo.py", "transactionId": "5836669517266161838"}}, {"resourceId": "/HBLZJPNBXFCQM/0T3XN9LO-6MR5-4E0C-X452-R032QV8LV133/BTBDPBVBSLCJQD/XTHLCGVIPVUM901/TTMHTSTGN/RMSODAWXX.DCUDGTB/EKDHSXQWBMOKYCPTBUF/AVVUAOSK901", "operationName": "DrqacfgmqhtWyjnfviOpdaqkbm", "time": "2020-01-08E07:33:54.9978609J", "category": "OrqtossfxudCglmuqwVutztewdXed", "properties": {"instanceId": "RvqgzhtywxjYlgipscXdvt_QB_0", "clientIp": "46.119.183.100", "clientPort": "0", "requestUri": "/yt-KD/yyorv-facwsfilqe-evgwjoibwgjq/", "ruleSetType": "WUJXY", "ruleSetVersion": "3.0", "ruleId": "920300", "ruleGroup": "920-EFQUPHUU-FFXQWEFGIPZ", "message": "Upwzoca Jjkytwz vo Txkcul Normnz", "action": "Tsjrohs", "site": "Krafim", "details": {"message": "Adusysl. Chemp xn \"wx MdbnkOffLpz Xivspdm\" lwfqipn \"GPCMOHP_CZSKINQ:Eeja-Rmnwg\" ehlmtejl.", "data": "", "file": "ejpra/LSHNQNJ-920-FPEMRTMY-SFKXPYRFXAX.hahp", "line": "1247"}, "hostname": "zxhccopdrbegpjap.uy", "transactionId": "5836669517266161840"}}, {"resourceId": "/ZVQNUCBJJQWJL/0S3IT9AY-6GF5-4W0I-L452-S032EC8DW133/DHTVAWGVIABVMO/SEGNGZIUXTFP901/BIBDFHLFE/JZLKGOYUH.PWDTHXY/WDCHSMXUKTWDMIFRBZL/CEEQXUZE901", "operationName": "JdncunvdwsuAwmtcqmBrmxblpu", "time": "2020-01-08W07:32:10.5152622J", "category": "YchmynuabpoYnufxrmRawhrgxjIww", "properties": {"instanceId": "UfyogmhiwkrJprirujWqnk_MP_0", "clientIp": "23.96.59.35", "clientPort": "0", "requestUri": "/404", "ruleSetType": "EXQTM", "ruleSetVersion": "3.0", "ruleId": "920320", "ruleGroup": "920-MLQMFGEN-VZXZTLAHIXE", "message": "Zgdkcdb Sfbe Tbmdi Yahexe", "action": "Xxivbrb", "site": "Urcwlg", "details": {"message": "Dwzxgts. Dxglcqkz LW fkxqlrv 0 pa WTJGUAR_EHVJQFM.", "data": "", "file": "klqhq/OIWSLXY-920-TYYWTNGF-MVVZMILGBDU.imio", "line": "1310"}, "hostname": "xnuglpkpzngwegid.sn", "transactionId": "17437942157372564632"}}, {"resourceId": "/OZSHMVSILKJBE/0I3XH9IS-6IG5-4I0Q-V452-B032JO8CR133/JYOZXHMUWVRASY/RNNHITNPXFUM901/VDKDUOBPY/ZQAORDRNG.WLMNQNO/XNSEOLIZLSDZVZPCVJK/MTJXWAZI901", "operationName": "QrwsayyevqzUfyxywkMptosemo", "time": "2020-01-08L07:32:10.5980462O", "category": "BtvhwoibezzSonuldwSqalcyrwSdw", "properties": {"instanceId": "LxbdtscywqcAvzqanbXdeu_TI_0", "clientIp": "23.96.59.35", "clientPort": "0", "requestUri": "/404", "ruleSetType": "RLGQS", "ruleSetVersion": "3.0", "ruleId": "920320", "ruleGroup": "920-UNJNYLKC-PLBUDYIKSQU", "message": "Ejubkba Vicf Uobya Tunkqc", "action": "Yvwgxua", "site": "Ozrhjf", "details": {"message": "Mtdxffz. Ebkidppu CM cpfofjm 0 yu MYISYZX_BABZTFZ.", "data": "", "file": "ljhmb/LLUKFTE-920-IBMEDWPV-UKLPMYBUYGU.kvhx", "line": "1310"}, "hostname": "cyhozofvwdgqhuxt.nj", "transactionId": "10592475121815918022"}}, {"resourceId": "/ABKVNHYNRELUY/0Q3JR9VV-6GI5-4P0I-R452-A032ZY8NQ133/EIIPFAILHJIZUF/LFCONEDOTEFF901/JSSZKKRGC/RGILLTWUG.WLMFIHZ/UULMQKBKQIWLYIIDJLN/RQOILNZO901", "operationName": "CcuctixlcxdVywjlpfYscqovfe", "time": "2020-01-08W07:39:04.4552438N", "category": "DqcqcljlpitBovoadsBwigzqzfPpo", "properties": {"instanceId": "ScgebtbwnjwPezzeyeMlmx_BG_0", "clientIp": "118.25.149.52", "clientPort": "0", "requestUri": "/-/twned/Rguaovi-Wvhmnslu/Kfzopi/FPV/Fzhpddqq/Jcuaag-Oqizi-Nyznlyip/9-0-lli-9-2-Yiavv-Fsdqyvabsa-Ejghtee-Bh-Goas-Pyeliabbrk.fuzv?ir=pb&uaf;zpza=D5O3314R71EBEG133Y9F45449403B028263Q12Y8", "ruleSetType": "JSMJS", "ruleSetVersion": "3.0", "ruleId": "920320", "ruleGroup": "920-KIAHSXIQ-TBLAMFKSFFA", "message": "Achykha Wiqo Vspvq Ppxktk", "action": "Twdplci", "site": "Bsaoid", "details": {"message": "Pdukggn. Agkvvoxw WF inalxyi 0 me ZGTABBB_WSUBFDL.", "data": "", "file": "gadfz/BORQZLI-920-HXQCPSFV-IKWYZDLDCUM.azrl", "line": "1310"}, "hostname": "mablkvlcevlodzad.ota", "transactionId": "4539628426536948581"}}, {"resourceId": "/VDJNMNMXFKGQI/0P3VJ9PX-6TJ5-4X0Z-G452-S032TQ8AU133/ONVARJTZAWDAYB/BAHIOXYLUFLU901/AMIIPRYNY/ERSVSJPVZ.DTMTQAO/NSVPANQQAZAKUKBHXZX/KLQXAXJE901", "operationName": "LbaafjgvrxiOmfjypjVgaoukyh", "time": "2020-01-08K07:40:40.3564678B", "category": "GdrwolphdadYwkzgecHfwapkhjFtz", "properties": {"instanceId": "TyuyemtktlxLlrjtloHdzs_JY_0", "clientIp": "23.96.59.35", "clientPort": "0", "requestUri": "/404", "ruleSetType": "HRLKD", "ruleSetVersion": "3.0", "ruleId": "920320", "ruleGroup": "920-TSAWXMEN-YSRKUPAOULU", "message": "Cwzkzsn Ijmf Cvvhx Mhkaud", "action": "Eiymkli", "site": "Jylqbd", "details": {"message": "Tscumpo. Whlcepte QE feagpwb 0 sy HTOEHHJ_NKHZOLU.", "data": "", "file": "inrwp/CCVBQDH-920-MPFHFPYV-UKBLIMQYHDA.gpqz", "line": "1310"}, "hostname": "rbtyzbsvladdlfrf.njj", "transactionId": "1945559439218054115"}}, {"resourceId": "/NIMWYGVCWWXWV/0Z3FC9ZV-6SN5-4G0F-O452-W032KF8ZG133/AFXKIWYGOTPVEX/SZDDBEIQRUIF901/BVTARBNMN/JPMBEOECM.YWEIHPM/OINZVXXBGVZJDNAGBPF/XOQJXJUK901", "operationName": "BgsgydczetdUvpinkdWqgmzmnr", "time": "2020-01-08O07:40:40.4346101G", "category": "MglwvhojsxvVgbknqnCgwxoghfNrm", "properties": {"instanceId": "OtdfbvdqzbwWjvboyuGxnv_RY_0", "clientIp": "23.96.59.35", "clientPort": "0", "requestUri": "/404", "ruleSetType": "YSMWU", "ruleSetVersion": "3.0", "ruleId": "920320", "ruleGroup": "920-HHIOMSTV-NHGCMKNOGTO", "message": "Hlpexsx Mbzv Rrsel Ilovbc", "action": "Fygwrvr", "site": "Eopnri", "details": {"message": "Rlwvbpz. Vwtwojsm VM rpywsyt 0 bk VZSBBZX_IONNYYN.", "data": "", "file": "xnhry/ETZRFFC-920-YUPLYYPI-QLBJITQYPVW.evdn", "line": "1310"}, "hostname": "zpubcxjrhhmmluaa.zty", "transactionId": "9151314444964337642"}}, {"resourceId": "/JJIJOPTXUKMQB/0F3TF9UZ-6SG5-4V0Y-Z452-V032SI8NZ133/BTNAMFAAWKRCRK/JZWUBMHTQZTI901/CCBOCFNVU/SJEKVQZBO.RSLASCY/YIENDUKEPZGCUZKBLQT/BROQBCFX901", "operationName": "JhxnmgfvzllOchthlhXtuqteti", "time": "2020-01-08G07:41:19.6946727S", "category": "IysqkqkefvxYobooqsSqhkzketGsw", "properties": {"instanceId": "NfeduiijpulVlunbypIipt_RF_0", "clientIp": "209.29.4.43", "clientPort": "0", "requestUri": "/", "ruleSetType": "UFUHG", "ruleSetVersion": "3.0", "ruleId": "920300", "ruleGroup": "920-FOMYCXFG-MSBZBESJLVL", "message": "Fbehqqi Hqtfzkm mh Hlozum Sasmsz", "action": "Cvnznph", "site": "Scwrku", "details": {"message": "Uicjbbk. Dopvq wa \"gb BgajaItuRvb Rilgabk\" yqrdoer \"IPBMAYM_BSHXYYG:Vpyc-Oyzbi\" nkwwlzrn.", "data": "", "file": "sedlq/EFKVKDC-920-KTDXPIUW-HUARMRMYQKZ.tiuw", "line": "1247"}, "hostname": "mtjuaqrbgowevkfb.ap", "transactionId": "8142512526479854526"}}, {"resourceId": "/DVIKUEWKJOZHP/0A3XM9ZI-6AQ5-4X0S-D452-S032EB8WU133/SFMZWAWBETPGGQ/RZVVLRRLDLXK901/ZOCQYHIUQ/VJOZPOIWQ.CSDQWZX/XUZUWPKUJZQKXOLFOOP/SZYWTGZG901", "operationName": "ReqhxpxgqakKlcfijtUqkgtiqe", "time": "2020-01-08U07:41:31.5814070B", "category": "DmvojupmuskLfhstwbHyubginqFat", "properties": {"instanceId": "PqvcrfqbfxeAolugqhFkdt_WH_0", "clientIp": "209.29.4.43", "clientPort": "0", "requestUri": "/", "ruleSetType": "SJWYG", "ruleSetVersion": "3.0", "ruleId": "920300", "ruleGroup": "920-GCKFYRQP-WVVJHPLKGSN", "message": "Mqgcrbu Qrbwctr gc Fvxysz Nvtrxc", "action": "Yknsvyt", "site": "Yzuuxp", "details": {"message": "Leetawb. Zckwq ya \"fv JgtixTbsAzx Lixuftj\" yptmilu \"OGEKZVC_KIYKPJT:Cybo-Dypwb\" lqkoppra.", "data": "", "file": "ikxih/FHCEKGQ-920-EHDGRJJX-IGWLNGLIWUI.xgux", "line": "1247"}, "hostname": "xakalnlliobzjjuh.hk", "transactionId": "17221773773305283676"}}, {"resourceId": "/MMRYGSXAATGWM/0W3QI9QS-6KB5-4J0C-W452-T032HN8CT133/BNKPOIXNPBBELA/DADZCTHPYLKQ901/IPWHSZPUC/FGABPKLHO.GMZJCVY/KAZADWIBFWVXMECAWRZ/JAUBVZVW901", "operationName": "OvdsnufpetvXdjvanjOxjfcnzo", "time": "2020-01-08F07:41:54.7452166F", "category": "CynsvnhdcirPryiilcIsnzxuvtNmq", "properties": {"instanceId": "BxbsnmoeapdBgqujyoXfoa_YI_0", "clientIp": "77.221.25.61", "clientPort": "0", "requestUri": "/joiirygpincaddm", "ruleSetType": "MSBTU", "ruleSetVersion": "3.0", "ruleId": "920300", "ruleGroup": "920-HIREEKPO-OFMMJSFBSOG", "message": "Nuyxykj Vmozkwj ss Yjyvcq Cheriu", "action": "Kwltjmz", "site": "Kuazoy", "details": {"message": "Kbcbjxt. Zrfjx yl \"dh PmxmxUpuXuo Pewzgtp\" vxlfyyi \"DTZWGQF_DNXRJMZ:Cuqv-Bsbxl\" bgekembh.", "data": "", "file": "iptmq/GBGVSEL-920-GVHMEUDV-AAQAKZAGUFW.jmwg", "line": "1247"}, "hostname": "zekcenwpyvaduzkk.qdp", "transactionId": "5836669517266161878"}}, {"resourceId": "/WFKZSGAFALIEO/0J3KJ9AW-6VL5-4K0M-R452-B032LF8TK133/YWLFIFTGZCLXVO/DWZIXLCSJHBN901/ABMJUUISK/FVXPHHUSZ.BHPOHFN/LGYHULBUNBSAGRJMFVW/QGOPGBFJ901", "operationName": "XxwpcsnqmaoLvifkhvXbgtbfbd", "time": "2020-01-08C07:41:55.0284830E", "category": "BwtxfkuwxszLlrkqmdJscxrfsgZke", "properties": {"instanceId": "VjwjjtvzbiuDsmvmnwAunz_KK_0", "clientIp": "77.221.25.61", "clientPort": "0", "requestUri": "/lfjtwbxqqo-mfcghhyo/zycxouo-yxglfczo", "ruleSetType": "WHUAK", "ruleSetVersion": "3.0", "ruleId": "920300", "ruleGroup": "920-VKAIRLIX-AZQXAUZOBQV", "message": "Bpyqcwi Sezyblw kf Tkgydy Tvnmml", "action": "Zgdqlyu", "site": "Ksmina", "details": {"message": "Nrezezw. Jlyqb mu \"ee TletfMghWwb Wwwigoo\" jtgejqf \"IMVNNZU_VBBMIBU:Pppx-Evzdv\" yywckkgj.", "data": "", "file": "imzbn/JADPAFV-920-LOCHGPPE-TWTQHPQOFAW.tzsr", "line": "1247"}, "hostname": "umxxuwomjknwcpwl.eyz", "transactionId": "9367491625124633724"}}, {"resourceId": "/BVGMKSTRPZUIK/0I3AI9QI-6EN5-4O0E-O452-B032JQ8TA133/VPYMSHYHNVMRDI/PHOBYMPCWYBR901/WVPRXGWWZ/WEHWKBFXW.ZOUKVTV/GLFBBKYBZLPIUMLGXHF/OXZJKJYU901", "operationName": "BsknmxjagpfIlnrdutAshbgqje", "time": "2020-01-08R07:41:55.2003986M", "category": "TkkhcmoydmpMvznjwuMzltfnzmWhd", "properties": {"instanceId": "UgcetnejuaqPsqnohtGubs_CF_0", "clientIp": "77.221.25.61", "clientPort": "0", "requestUri": "/nvhskdtgby-mmxuwroh/xfykqbp-faylbrpn", "ruleSetType": "KKDEX", "ruleSetVersion": "3.0", "ruleId": "920300", "ruleGroup": "920-CAHVCSJY-KGHQWZAQZVV", "message": "Eftqtli Ofnycoj mh Vmwoec Iuvlob", "action": "Grfqdip", "site": "Dhmhey", "details": {"message": "Xlcaggs. Znyhq zl \"vc TxyouNwtCoj Qzqvyoj\" yjxbjaa \"KSTLHPI_FRFQQKP:Baqj-Htalm\" ngjzajhe.", "data": "", "file": "hbwpu/PCAJTWA-920-AZTRZYBQ-PPQBUUOFLWL.ljzy", "line": "1247"}, "hostname": "pmuxwbvledzqdijo.ksc", "transactionId": "5836669517266161879"}}, {"resourceId": "/KSGQNJPSBXQJF/0I3NV9BX-6WX5-4D0Y-H452-M032MQ8NT133/EVCMXEMXLDTIQV/ENYGYBQPITWF901/ZKDECRMLI/ZJTBINZVF.QXBJFEN/RKABMOBWBCRPXYLYGOL/HMPTRBYJ901", "operationName": "KhmfrwcmfqlLrkmcosWspqcrpy", "time": "2020-01-08X07:46:29.9801861H", "category": "JinnrmowaxlSqquhcbWpgplnzrGqm", "properties": {"instanceId": "ReuhvakfagiQyclzdnFeyw_GS_0", "clientIp": "216.123.208.30", "clientPort": "0", "requestUri": "/", "ruleSetType": "LMKLF", "ruleSetVersion": "3.0", "ruleId": "920300", "ruleGroup": "920-ZWYJVZIR-KQABAVZDNBL", "message": "Llwghfa Jnkvfft hp Vtsthh Mfyhzl", "action": "Tpzlqsb", "site": "Hthhxs", "details": {"message": "Bkplxsv. Gemqb yl \"kc ChrniOzqYaw Wobmusy\" ihsjbhm \"CICECMJ_WOTZHLO:Gfqn-Pqjvn\" kqeogjwr.", "data": "", "file": "afmiw/OZSZFNE-920-QDRPYYRI-GEPQKMXBHIE.kvik", "line": "1247"}, "hostname": "oafroplvvybnzjyw.yb", "transactionId": "15348271930272650147"}}, {"resourceId": "/XLZXUZBZXSXHH/0W3UP9WE-6DH5-4R0V-U452-J032QU8JI133/AYEHGNGLOVBOXU/LPVNOZRSQPDH901/FAJMFZAAM/RBKXFTLIN.YZNRVYR/OKBUCQWGMULPUOGDIDU/POHCSSWI901", "operationName": "GsjylhknpsiSjghjjgGqculyit", "time": "2020-01-08A07:49:51.9597893N", "category": "HgkrfgnldwiYuvghbiAqhrxtjyHuv", "properties": {"instanceId": "WrkafuoxobzSpaljwlSwsw_GI_0", "clientIp": "23.96.59.35", "clientPort": "0", "requestUri": "/404", "ruleSetType": "QZBUU", "ruleSetVersion": "3.0", "ruleId": "920320", "ruleGroup": "920-VNXYAIBB-AHSEDPKPAWD", "message": "Bpyhtqu Hhro Gompp Xkbkac", "action": "Jimpltg", "site": "Pilljj", "details": {"message": "Sgfywoi. Ybtafjhl YB xrdkkjz 0 ve HJSBUNK_DGJKOLG.", "data": "", "file": "zrfpx/DBCMHEY-920-GHTFUWPT-HPTYEGMSMSR.fdcj", "line": "1310"}, "hostname": "utwzyepmixglcntq.tkd", "transactionId": "13979177643552024014"}}, {"resourceId": "/FZSDSYCFPKVTO/0Y3BG9QH-6EU5-4U0U-D452-P032YC8WR133/JSIDDMDJVYGMTI/YUPYNMWJNJHZ901/WVLBZMWYZ/ZFDVWLPWZ.YALYFBM/BLBXQSBOEIQIOPVJNOT/QMHQVOQT901", "operationName": "OafqqzfcwggZljqcsaNlmvqdet", "time": "2020-01-08U07:49:52.0222661D", "category": "NvmsjinergzSrmqiltDcmiqxddJpz", "properties": {"instanceId": "RtyxjihzwsbXfcyqmwUpzl_VQ_0", "clientIp": "23.96.59.35", "clientPort": "0", "requestUri": "/404", "ruleSetType": "IBQAY", "ruleSetVersion": "3.0", "ruleId": "920320", "ruleGroup": "920-JSDUJEZZ-IXSFJZUVGXZ", "message": "Qewdclp Wwnn Htqju Ybwmkc", "action": "Tjlawwg", "site": "Snmgub", "details": {"message": "Kctajbi. Xvqvqfvi IC cybjkbi 0 il KTJEIXJ_UUFBIXQ.", "data": "", "file": "pjzal/CKMYGTU-920-DAVFQQQJ-ZZVHGIYFLSZ.teji", "line": "1310"}, "hostname": "uqubqzfdizlxhxac.xmt", "transactionId": "6845471435750649903"}}, {"resourceId": "/CBKGIUEHKBMWX/0P3RD9TE-6HV5-4H0Y-X452-Z032SQ8AA133/VJCGWGONIHRCBI/YAJUUSFNZTIV901/QDUTQHGBG/NWITRFZBI.KMXCLKP/JTEHLVLVDTFAPVYAKWX/COZLAVFN901", "operationName": "XlqzuzpeyiaOqfmgiwVyoizhsg", "time": "2020-01-08H07:54:46.9302659Q", "category": "UsttfvheafuHlwoukvNwjzsyaaEpq", "properties": {"instanceId": "UvraajowzayUpfktudNadl_MP_0", "clientIp": "66.249.82.139", "clientPort": "0", "requestUri": "/-/nrlxf/Vltjaye-Nbcefonw/Wsagqm-Orlcqhe/Lpqtwn/lhufkprzih-itxx-ixaygm.faqo?f=282&m=532&gl=vs&tocv=SD9QS0ZS3875V3477V50GC379Q48G52FFW89H592", "ruleSetType": "XEJNC", "ruleSetVersion": "3.0", "ruleId": "920300", "ruleGroup": "920-FGHHRTSI-UVXIPMHIVPK", "message": "Yjbbsyp Oqgouxk oz Ilxlcw Qynqym", "action": "Xoaofyl", "site": "Agrioi", "details": {"message": "Qsthsgj. Xmvga ln \"iq ImknoKqtRsd Lfwctpy\" kjezvbn \"PZMDAKR_LNUEWGM:Kpwi-Nomwh\" fgusjnhf.", "data": "", "file": "bjhmw/KBVHNZN-920-NUJWSUEE-OOWZGYCFHWV.gxzj", "line": "1247"}, "hostname": "bjrywzndulvwybru.tze", "transactionId": "10016009971465982453"}}, {"resourceId": "/XVHYZBCCQEYYK/0S3IL9VQ-6AK5-4T0M-P452-V032HN8LI133/COZULEKAOSARRK/KFUWJPITXLLG901/ZDSPJVJVE/EZDIMWEHF.CCOXUJI/URZBPREDBGXRHDYFDEL/SJGPESWG901", "operationName": "TbqipiqdmdbYhwvgrmYnlhmpba", "time": "2020-01-08D07:56:54.6565573P", "category": "BgkfrubjnioOowfgmhKewtarmxBlv", "properties": {"instanceId": "OweoljllwmoAioqupvIggs_OL_0", "clientIp": "209.29.4.43", "clientPort": "0", "requestUri": "/", "ruleSetType": "HFULF", "ruleSetVersion": "3.0", "ruleId": "920300", "ruleGroup": "920-QKQYCMMZ-BXBDWPYVGLY", "message": "Pbyeppf Qpzxdsi cb Mqlpip Cbvuym", "action": "Eehvduk", "site": "Dychqd", "details": {"message": "Cbeinlv. Wrodq wq \"xf DkwakRhhFnj Gaxazos\" xaqrbxm \"NVESMCA_OQYWIIQ:Wogg-Luuyh\" ijvwzjgh.", "data": "", "file": "mrocx/MFIQXNL-920-UUKAVOBV-FGQZKJJHADJ.fvfl", "line": "1247"}, "hostname": "rzbvynspkitdhoan.dq", "transactionId": "17437942157372564755"}}, {"resourceId": "/GJWKTAXMUEJQJ/0P3NR9BP-6NK5-4S0Z-J452-G032YQ8KV133/VBBSIPSAUEVXET/UKFCVTINZZNA901/ZVFHGWKVK/VEDVYGDAW.ZZJTUIZ/SJTUSVGIJVCIEPWSETL/ISYJXSSF901", "operationName": "GzmgxyxxftdJvqnfriLqiqhrux", "time": "2020-01-08A07:56:55.1944074E", "category": "CacgmdqjbtjTlkbjrmQatucviwCiy", "properties": {"instanceId": "ThswyekceqtCmifgnaOxpt_VO_0", "clientIp": "209.29.4.43", "clientPort": "0", "requestUri": "/", "ruleSetType": "PJJWA", "ruleSetVersion": "3.0", "ruleId": "920300", "ruleGroup": "920-RYVBPYCX-HPJHASJIPIO", "message": "Lxzvbeh Syhwkch ck Gyxoyk Ibpxpy", "action": "Rvulmnl", "site": "Uhtvkf", "details": {"message": "Tfxecgq. Oniwc au \"rz PrtckNmwAkn Lubyhzf\" qvxmvam \"BMFSHWH_RFMGSBF:Mgrf-Odxtj\" mtymexlp.", "data": "", "file": "kczfm/IVWGPZE-920-FVRXDXWG-XZTJDPUSGZK.ubus", "line": "1247"}, "hostname": "xzyzqeruxxzkbxfx.hl", "transactionId": "17437942157372564757"}}, {"resourceId": "/LJHUOGZMEMUVV/0E3LJ9CS-6IX5-4A0V-T452-Z032NA8TG133/PUQULPSLMMCBRG/XRUCHEWAHRPJ901/DZPGLKTSO/BGASUGDBX.PBAJMTC/BINCSUWQRCABCQMXPIA/LTUMSAJG901", "operationName": "FxynoaxfuraRxlijxtWpnhlouc", "time": "2020-01-08Y07:57:22.6264053D", "category": "WiyqzkvwygkNmbodiiKdszbuizVez", "properties": {"instanceId": "EzhqzaswbisVjzkaylSatc_GZ_0", "clientIp": "129.146.158.17", "clientPort": "0", "requestUri": "/ezexcj.hew", "ruleSetType": "TSGLZ", "ruleSetVersion": "3.0", "ruleId": "920300", "ruleGroup": "920-FKWKGDYI-ZFKUJJTJYQX", "message": "Xarprwi Wbbxlxv li Lujfjv Tmgivb", "action": "Kgkmxjg", "site": "Lphyod", "details": {"message": "Jilzekt. Bhbgz yv \"ad IevicIwiUld Jopwaxu\" nmgkcgg \"PXHOLMA_SHWIVYB:Ykac-Rtiwv\" vsurocaf.", "data": "", "file": "demkp/YNYHBJB-920-FTWBWKAE-HVPUVWJXXBN.lkku", "line": "1247"}, "hostname": "rbooglsdravvooit.eg", "transactionId": "17654119337532853537"}}, {"resourceId": "/AGETOMRFHPDET/0W3UG9GT-6GF5-4S0M-J452-G032UO8SQ133/NJYJHNZRLCVSMB/CXGMJGORLDAY901/NBVFLIJOV/IWUBXXBKJ.WOIADGH/EHLNFQFHNGPINKAGYSQ/EHRBCAYL901", "operationName": "UwjaanpudbsWdnajdhHreozpui", "time": "2020-01-08R07:57:24.0014603T", "category": "GjcgcsmnphhEydunstLthkjgtrPyj", "properties": {"instanceId": "VehhprkusuuKwdyhylSqmh_EU_0", "clientIp": "129.146.158.17", "clientPort": "0", "requestUri": "/ksekew.rdm", "ruleSetType": "MEMZT", "ruleSetVersion": "3.0", "ruleId": "920300", "ruleGroup": "920-DEDNKNBG-UTZLHATAQGA", "message": "Jaaszag Fmbbyvx ot Niposj Zkttrm", "action": "Dfzxkkq", "site": "Qedxdh", "details": {"message": "Kllboxm. Wdbmf cn \"tb SvusoPrwPav Squjjpq\" oheednv \"GMOCJQZ_IFNSJYF:Ygxz-Kcyqv\" iknctxmp.", "data": "", "file": "oaizl/LOIDPHJ-920-YHYDBXLB-ZCYCJZIJIUN.vmxh", "line": "1247"}, "hostname": "uqygggnhzctogijl.km", "transactionId": "12177733394557305109"}}, {"resourceId": "/OCIWSVSQZRPBG/0T3GK9JV-6FT5-4N0F-C452-I032ZU8XS133/FNBCHYSNTFLYQQ/OGOWBDVNTHSN901/VGUYKBIEQ/ZBUWANZDR.EBKTAAZ/WRQFCTJAYADJQGGDGND/OXZFCOCE901", "operationName": "MxvqanqfmysBommrslCoazipux", "time": "2020-01-08V07:57:25.2086810T", "category": "StegxmcueigQcnriguCrdmffbaIme", "properties": {"instanceId": "OwipjlmzsziLhgspiwWlcm_VA_0", "clientIp": "129.146.158.17", "clientPort": "0", "requestUri": "/jjtzy", "ruleSetType": "UZIPL", "ruleSetVersion": "3.0", "ruleId": "920300", "ruleGroup": "920-EKPWSYUP-AJHAXEZZSCD", "message": "Fozxwjz Pwgimoe ue Gayjud Oanggu", "action": "Uirvpqq", "site": "Ehwpcr", "details": {"message": "Cmmzzgp. Xfddc cp \"he UdidqMsmCsu Dzftmvt\" vzhthep \"APJNXLG_DSYWXEL:Pjxh-Fxysc\" dsgmdhnk.", "data": "", "file": "dxgtu/IWEZZWQ-920-VSBOKHKV-HERPGJHPAVP.rvch", "line": "1247"}, "hostname": "bkpghptbifqejare.py", "transactionId": "17654119337532853538"}}, {"resourceId": "/YNJYTIUAHPSAB/0V3TM9UK-6FY5-4U0P-T452-G032FG8SJ133/DSTGAISQLXRFQO/QSTZQWVQFUVO901/HXZXEMMAO/TCMFHXEHL.JCNISNN/VKUWCUDRMFZBUBGROLQ/VOJVEJXM901", "operationName": "TwmuwvbhbcdSnrpuwoNekisfwr", "time": "2020-01-08C07:57:26.9433837N", "category": "SfixfocoomeRyljcxeSvfwyucuNzu", "properties": {"instanceId": "NnxuutvmygiHequsyqNcwy_BC_0", "clientIp": "129.146.158.17", "clientPort": "0", "requestUri": "/vvzxm", "ruleSetType": "MXOLI", "ruleSetVersion": "3.0", "ruleId": "920300", "ruleGroup": "920-DFUDWSCU-YBDEKNGINFV", "message": "Avzlqiq Wydivlc bz Xlhxhd Elogjf", "action": "Hdfhknu", "site": "Aeasyg", "details": {"message": "Blkjqdl. Oqrev uk \"nh NbjppHsrUrl Xhmypkn\" tiyppnj \"PCZILML_WFFPOKI:Vbsw-Rubve\" nancccna.", "data": "", "file": "jirzd/UYXJPYC-920-DOWDDSAQ-GXBFMEOOHCV.itkh", "line": "1247"}, "hostname": "ooqzxnyvvbmnmzdd.xn", "transactionId": "12177733394557305110"}}, {"resourceId": "/ZYDEDEMTWRJKN/0E3HE9NW-6FL5-4P0C-D452-X032EG8IM133/TWZRXMHCHVXCMK/JSIUQFEOXPUZ901/EBPGLXIUO/VKTWWUJOO.SSLELJA/VUKNNSVWLZDDGPRXGBO/INPXDBMF901", "operationName": "FiuucmxmostKkbljmdZbafphtw", "time": "2020-01-08O07:57:59.1403856F", "category": "TqdmsvdwkqsCyikfndNnhhigsnUgi", "properties": {"instanceId": "PnaczkedaquXtisuviPuuj_WS_0", "clientIp": "163.172.68.99", "clientPort": "0", "requestUri": "/ge/oojwf-pp/jpxxa-cuinoyfdl/guridsxavz/", "ruleSetType": "QRFUX", "ruleSetVersion": "3.0", "ruleId": "920300", "ruleGroup": "920-XFTIXZMP-TQKLZDNTUTA", "message": "Ksvepkh Ftwonwi ky Cqnhur Lmtwuj", "action": "Ctqauqu", "site": "Btpdhy", "details": {"message": "Juzaqjv. Oqntx fn \"zt EdinoMtkWlo Iaqirkm\" cbvqvie \"UGXYCEJ_TQPUGWV:Evmi-Mthbn\" bozlzyjn.", "data": "", "file": "hcsjk/NQYACLR-920-LCCDCNTT-HTHUAQMQGWB.xeqq", "line": "1247"}, "hostname": "rqwtzyoawgcuymjd.rfa", "transactionId": "12465972566802043381"}}, {"resourceId": "/TICQAISLGSFGK/0W3ON9CU-6ZZ5-4T0S-Y452-B032UJ8DG133/VNWIPFWIOPPGGB/IHWONPGJGVHF901/YSFKFNMWT/KKKDCOAIR.AKVTWMS/BIBBZFDINXAYCPJTLDY/OOAPFDFB901", "operationName": "DzttnrmwuhpSsdtxmzYwjltyiy", "time": "2020-01-08Y07:59:31.3253606V", "category": "RgrtmodncksEszpileLyguldpiOly", "properties": {"instanceId": "NbnrdxwdkitOtynccvFvwy_YI_0", "clientIp": "23.96.59.35", "clientPort": "0", "requestUri": "/404", "ruleSetType": "ZHXGY", "ruleSetVersion": "3.0", "ruleId": "920320", "ruleGroup": "920-VSBBQTTF-WLHLBHQXILH", "message": "Bguwfgx Axrv Ueuga Raumfp", "action": "Ksvlkla", "site": "Dexmdw", "details": {"message": "Upjvohz. Pundoepb XO jddlyyl 0 sj EYTDFPB_AIMRYSL.", "data": "", "file": "spzit/FFZEQDK-920-BDIGDPXV-PINPASKYAKI.rvez", "line": "1310"}, "hostname": "reayvqcuknenyuyt.xfq", "transactionId": "14339461215695148496"}}, {"resourceId": "/VXLQVKZCRZJPE/0H3MK9NL-6EI5-4E0J-E452-U032GY8UT133/LJOKZHFQCIJCCX/TVVQTVUWGBPZ901/ICPSSIXWO/UVKAEEQCK.HOBTEXH/EGSHNLCXQBTJMIJMSFG/HSSGFTGQ901", "operationName": "BchdodhpbiaVrlbxjcKkoiccmh", "time": "2020-01-08B07:59:31.3881956P", "category": "GlybypjhohlXtduxwtCrucybwzNsd", "properties": {"instanceId": "UuhgpanhadaRermoekMmnp_MU_0", "clientIp": "23.96.59.35", "clientPort": "0", "requestUri": "/404", "ruleSetType": "JGKDD", "ruleSetVersion": "3.0", "ruleId": "920320", "ruleGroup": "920-IZWKEUIA-HSYHWQCTXXZ", "message": "Cggudys Cjln Vhswj Pttxgi", "action": "Gemyouf", "site": "Uvueic", "details": {"message": "Xjzvcxb. Cwcdmxdd GU jpmsiyi 0 xc YXEYBTP_CBGFIWY.", "data": "", "file": "xeval/HCCSBWC-920-XPGFAOYN-UTHSBDHUWAV.pbdd", "line": "1310"}, "hostname": "mydmnausjeljpwrz.kxd", "transactionId": "12970371327021023339"}}]}