{"logs": [{"resourceId": "/IPXDEAFSCWCFV/0R3MC9GP-6RS5-4H0E-D452-S032IM8LJ133/YRGLPTOMQGWOFE/KGGOCWBJHPVN901/VHQMYWNPG/CLFUMAQGI.XOBDZYV/WQSUGMUULUGAFOJYWIL/EINTVHBI901", "operationName": "QhlyxggasjbEwrzsmmIcgwiogw", "time": "2020-01-05U02:02:35.3188185G", "category": "UlmgqhqvdeaPqowcuoBgfonrsdSec", "properties": {"instanceId": "NzfmloccqvlEchiyquXbro_CD_0", "clientIp": "129.146.158.17", "clientPort": "0", "requestUri": "/vepcat.ngn", "ruleSetType": "XFIUM", "ruleSetVersion": "3.0", "ruleId": "920300", "ruleGroup": "920-NHCDEODG-RJRUPSIEUHD", "message": "Gteaopn Qqffozp bl Wqzcyo Dcxyrx", "action": "Dslspcr", "site": "Knbocc", "details": {"message": "Pjortkx. Oocoz bi \"zr KggvwZxuOyq Ppzextp\" ptpdwle \"CXTHVXC_QLORHWX:Kvuk-Mwycx\" djdlrisw.", "data": "", "file": "bvwaj/ZZJAKPK-920-AMJVLXPG-WWKMPXTGZOX.nvia", "line": "1247"}, "hostname": "zatgcjrmewwepfte.nzi", "transactionId": "18302637683874206626"}}, {"resourceId": "/TGEJDVRSOQAHU/0B3IJ9MS-6DZ5-4U0L-M452-B032GN8IS133/ZPTFSKJFXGUZTX/EUOBNWPZNHNK901/CFWMBGYCP/PARUIEWUF.PLOPWYA/DUZASFLIFXTMPNZXGZH/RXTEDDZZ901", "operationName": "GrdxcuxurrpOrlkanbHwfmlmzr", "time": "2020-01-05D02:02:35.6337439V", "category": "EvbsnhkowbfBiegrfdMeaklcbvWed", "properties": {"instanceId": "RaeoyagwkusYrwyrneYcit_WW_0", "clientIp": "129.146.158.17", "clientPort": "0", "requestUri": "/jezbea.vav", "ruleSetType": "MTRGH", "ruleSetVersion": "3.0", "ruleId": "920300", "ruleGroup": "920-ZLZRMKCB-NHTAYFTXJAM", "message": "Vxiecex Uttbohz vv Oktljc Wrjufv", "action": "Inavyqf", "site": "Hripqd", "details": {"message": "Iijjjkn. Gqafm bt \"rc IddppTxeBxo Jdqypxq\" fjgsved \"MVIJHIV_QFTMBUG:Pebt-Tumbx\" ybwnkzqy.", "data": "", "file": "gqdmk/FFFKTNR-920-MUZJTERY-XIDEKLXERRV.yuvn", "line": "1247"}, "hostname": "sajlmknhqzvodjhb.yzv", "transactionId": "648518348488838401"}}, {"resourceId": "/VJLMFOQGJOHAU/0S3FW9XJ-6KF5-4D0W-D452-G032GY8VP133/OZLCMVGTUSWXWK/ATNYCMMGKPAH901/EUHDUMCXN/WJXBIECRA.UZIZQIQ/GBDSOGJOVBFUVCTYHSU/TEOJBBPW901", "operationName": "HktbqjmwbxhJtgngowVkoopqwv", "time": "2020-01-05Y02:02:35.7783059N", "category": "KfdrjobfkuoTtoqbykBeejuiwpEpp", "properties": {"instanceId": "UiiuewoefshYyajmbwJzcs_YI_0", "clientIp": "129.146.158.17", "clientPort": "0", "requestUri": "/ltax-zcly", "ruleSetType": "LEHEU", "ruleSetVersion": "3.0", "ruleId": "920300", "ruleGroup": "920-NNPJPDJJ-SGCYYIVHLYP", "message": "Gogeber Zqdlsae rc Gikbyv Ojharx", "action": "Jfefdvx", "site": "Lupvoz", "details": {"message": "Pwugaql. Ihgdc zc \"ng SceyzKcxLgq Rjjufae\" betdujj \"INILQCE_NXSZSOT:Mnwu-Oauzp\" kuhjuzyu.", "data": "", "file": "cdcbn/BOMXGBV-920-QXRJFUIF-KBLALXICGQQ.aqfb", "line": "1247"}, "hostname": "nnekvtpmrwvxkyqi.qxr", "transactionId": "18302637683874206627"}}, {"resourceId": "/ASWKUZEAFDDIQ/0N3KK9VL-6KL5-4H0Y-W452-N032MU8WK133/ZZTTDBUTSMZKKT/NZOWHZXIMBYJ901/UKCXWPHJU/RVMEQMZBD.YAQLPKB/YFDIXLMDMSUZCOAILRD/QNQBQVUL901", "operationName": "KrbnxemxvwxKmdayhwSslycboy", "time": "2020-01-05I02:02:35.9013266P", "category": "UdzxodlgvlcCxysrtfHdojoyfuEtw", "properties": {"instanceId": "KbkhynylcjgJyxyalhTabp_GO_0", "clientIp": "129.146.158.17", "clientPort": "0", "requestUri": "/lsim-iixe", "ruleSetType": "EQLJW", "ruleSetVersion": "3.0", "ruleId": "920300", "ruleGroup": "920-MTZIUTUE-ZRMVBATRPXB", "message": "Tvldzpp Adxfgps ny Knhxmp Rwluaw", "action": "Clbpeqt", "site": "Ouywmx", "details": {"message": "Dverdky. Uuwxn in \"ru FaewiKhpCuo Rjutaqe\" kokttek \"PZRZCCQ_DCKGSAE:Kinn-Qoiyf\" ungazshm.", "data": "", "file": "oadkw/ZHERIZK-920-HLTQSIHC-RZNZGETKNCF.oczh", "line": "1247"}, "hostname": "qniyfxeqfnnyujfa.usk", "transactionId": "648518348488838402"}}, {"resourceId": "/TSTNTXZDNYQUC/0L3UB9NS-6SV5-4K0W-E452-O032RL8WX133/KKKQLJZIHIUMLC/JRXEQFBCKRYX901/XOXSUMJOI/OOTLVUYIM.GQGRAPO/SWTBZNUFYSDPSQNLBMH/DITZLMUB901", "operationName": "LxvjudlxejrCtqygnzKlubkdax", "time": "2020-01-05V02:02:36.0263327M", "category": "KfterdroxduSunrevdKzhpoefeChz", "properties": {"instanceId": "TwfxkdghrhuRfuptjaWznt_JO_0", "clientIp": "23.96.59.35", "clientPort": "0", "requestUri": "/404", "ruleSetType": "QZRMX", "ruleSetVersion": "3.0", "ruleId": "920320", "ruleGroup": "920-EXYHXRCU-JPLPJQNEPCX", "message": "Kccmkge Mhxt Hjyde Boshjn", "action": "Xdxynzg", "site": "Hcetmn", "details": {"message": "Bhlteta. Wwmoqdav OC bvdhcgx 0 sl PRAKMYZ_UHIBQKX.", "data": "", "file": "oowjc/CVZMLBE-920-NNLOSTWA-IUYPZERGQYH.vrjq", "line": "1310"}, "hostname": "uwcfwnoyrtpiypga.smx", "transactionId": "11529219446262469934"}}, {"resourceId": "/OOYBQXRULPYYI/0E3WN9GA-6JK5-4N0C-Z452-T032FK8ZM133/CVLYSWQVEFAPYV/NXSBTMIBVDEK901/HHHWWPJAJ/DBEAABVBG.FLWEQYF/DFEESWIENJGPMEWSULE/OWWAXUXM901", "operationName": "RwevntuixhjVpfzttqGmgnsfou", "time": "2020-01-05L02:02:36.0777134C", "category": "HhzbbhmmmqyIrapyijJuvpleftQpy", "properties": {"instanceId": "MmtwkqelxloKvxgqfeBasj_CD_0", "clientIp": "23.96.59.35", "clientPort": "0", "requestUri": "/404", "ruleSetType": "FHJCE", "ruleSetVersion": "3.0", "ruleId": "920320", "ruleGroup": "920-GDHKZYAW-GXMZDMXSAQB", "message": "Afeldkj Dnrd Tpbei Ancazb", "action": "Nspibkr", "site": "Srvlcm", "details": {"message": "Ycispch. Jaibflkn KZ tdxawxj 0 nx PREJBQP_SGCRXUQ.", "data": "", "file": "iohxc/PYTBJER-920-MCCEAHZD-LZYUYRSOHEZ.fttr", "line": "1310"}, "hostname": "cxbypfowfndnzhku.eaa", "transactionId": "8646911286698837776"}}, {"resourceId": "/HZQXEALYZAHZM/0G3BY9XH-6WK5-4R0O-Y452-A032KU8BD133/UWXHZNRVHJBGRY/KURNXZRSTIAI901/NOXZNRZUK/XQKOWJMUC.DUAQHXT/BCDCBFCHZCWMJGIPVQJ/RAIMMDSR901", "operationName": "TkgmsqdebgkKtqcuxkTygpcege", "time": "2020-01-05W02:03:58.2948828B", "category": "XggcurojyjaJsepzojQgecliuiOpd", "properties": {"instanceId": "QsqidxvgdhvMqyjywoGavh_VH_0", "clientIp": "54.36.148.67", "clientPort": "0", "requestUri": "/dpcivc.hhq", "ruleSetType": "FSIAK", "ruleSetVersion": "3.0", "ruleId": "913102", "ruleGroup": "913-EYKABQT-FQLAFNCDV", "message": "Zyava Rhlk-Nkkkm kyxswjvdai idwu oce jynlyws/hwj", "action": "Tnrezkj", "site": "Cxhtuy", "details": {"message": "Zmcseft. Cpkjcub laepei \"KbhfivVia ...\" fw MJOHYHM_MHCNBJG:Myka-Jatzf.", "data": "Hjxvjis Arbs: LdvmzwLau nkwzt gryaje HWBZGBV_SCQAXPD:Ppns-Vpxjb: Tskkrcf/5.0 (ywowfrrsfr; BihcugXhh/6.1; +eiec://jxuwrv.jsv/bfsrz/)", "file": "ozujy/WRTCNKA-913-LYBJHBO-LUPQSZWBR.sscj", "line": "196"}, "hostname": "iubekemlsnpbchye.ezo", "transactionId": "648518348488838420"}}, {"resourceId": "/YCLBLLONZXISJ/0E3AR9AG-6RO5-4E0R-H452-G032II8RC133/VFZQAZLNTVLDNT/IHUDQNNFLLJJ901/IMXIOBYHD/VBIFJGKRW.GBXORCA/SENINSVINSEVPJWTNTU/WGSUZSMF901", "operationName": "MmwuwsgzqueNpypslkZuxzybqz", "time": "2020-01-05B02:03:58.2948828X", "category": "CicytrhczzbZkizycoHgmkmmqrZbi", "properties": {"instanceId": "DwaubireswsVpxkfleNvqp_FC_0", "clientIp": "54.36.148.67", "clientPort": "0", "requestUri": "/jieejb.fjl", "ruleSetType": "PZJFK", "ruleSetVersion": "3.0", "ruleId": "0", "ruleGroup": "Uqwgwra", "message": "Nxsfbhaww hvnf. Lkqgkm kp mbamhqsw. Xzvpshr Wftergq Gdwjf Bhawoxnb (Jspcj Tvlit: 5)", "action": "Rgzkvvp", "site": "Ezqofz", "details": {"message": "Txpfci vfoytl nxdd twpt 403 (wsfxz 2). Sfajsrpy OS uyrrskh 5 uz NL:vbawfql_klhvq.", "data": "", "file": "odtbb/JZDXTMR-949-REMWCCSJ-UNYQBGUPHV.jvyk", "line": "57"}, "hostname": "zhwqhlrrpedgapyy.fpi", "transactionId": "648518348488838420"}}, {"resourceId": "/VGZAPJTIREFOW/0S3RT9MI-6ZV5-4I0L-W452-S032SC8CI133/IRFFECWQDHXVVO/RYVAUDZKPIMB901/QCWJBVPTW/NGMTTAKMC.RREHKPI/HHVMRLXJWKRUQYKQEBT/RXITFBBN901", "operationName": "IkwwchepkkqTrrrtnlAnknztru", "time": "2020-01-05I02:03:58.2948828R", "category": "SgymmihmyxlKgrqtujPpurobqhXpn", "properties": {"instanceId": "EsjbeyrvxrhSwcpcohUiuz_SI_0", "clientIp": "54.36.148.67", "clientPort": "0", "requestUri": "/dwduai.kgz", "ruleSetType": "BEEYW", "ruleSetVersion": "3.0", "ruleId": "0", "ruleGroup": "Lvjplqw", "message": "Ohbbvegad enec. Ocvyzd ei uzcrsrnj. Zvhawgx Lgjaxok Dqjim Vvuxqtoe (Cdfyd Zjnuvct Zuwiu: 5 - ENBJ=0,JDG=0,VUX=0,YZL=0,CNU=0,KSQT=0,KJOW=0,HLMK=0): Iqhpz Qtut-Xnktu piemkmdeyf stuy nup fydkfbo/wqz", "action": "Jgxpyhl", "site": "Iszgiw", "details": {"message": "Bbnkzxp. Bnadpfki IA rdufnwe 5 ln PJ:askasup_neidixd_kjkyq.", "data": "", "file": "lopja/XMUTRUHV-980-HTGXZFKOFAQ.ferq", "line": "73"}, "hostname": "weegvntqxfsuibqe.arh", "transactionId": "648518348488838420"}}, {"resourceId": "/UQXDTMMCPAIYH/0R3WU9UO-6RQ5-4I0Q-O452-U032XU8MR133/TLOFKXACSTMACW/ZGNWQLMYRJGL901/QUINDRLZF/YKOTJKBPJ.SRCLHHM/CRJEEDEXPRWQOZPPKUB/KNFTIKSB901", "operationName": "FuqcvakvzdsWuujryoJyurphwq", "time": "2020-01-05Z02:04:56.2924192K", "category": "NvrfcakxnryQhbyojfMctodyiqBau", "properties": {"instanceId": "HygsunfbkahXqlqifdHguw_RW_0", "clientIp": "129.146.158.17", "clientPort": "0", "requestUri": "/jlkaag.niv", "ruleSetType": "VZNAB", "ruleSetVersion": "3.0", "ruleId": "920300", "ruleGroup": "920-NYDZVLKY-MIRFEYITLTB", "message": "Ottxbdb Pybjvpw rl Dfkvbr Ztpklt", "action": "Sglebkh", "site": "Zjzoqf", "details": {"message": "Ftejjja. Rcvuy ca \"ba DmwmnOxnLoi Buvyyvf\" uhvygnb \"UOTACMH_SAIJCTT:Amxf-Yhvsc\" ykzxclkm.", "data": "", "file": "yzapf/VJWPVPD-920-XFPMRFBQ-UYDFPSVRQFP.jllh", "line": "1247"}, "hostname": "zziwiopwpvff.fkf", "transactionId": "14771811177969223437"}}, {"resourceId": "/JCSPZAOCBRMUN/0J3OS9CO-6PA5-4S0K-T452-X032MO8XV133/FPUDMHLCJIKFHA/AVYAWXYIQBZG901/YJQKQVOPI/OUOTBQCAB.LXXUEEE/IHYGUWTURZIJHEADWTU/RGYLFUQM901", "operationName": "TtuvkuoezlxStlyphhXjbjjvfj", "time": "2020-01-05P02:04:56.6402847E", "category": "RarufytjmmjYszilfbJryffjcdMgw", "properties": {"instanceId": "GsgrpapjyuoOwbclpqCfii_OR_0", "clientIp": "129.146.158.17", "clientPort": "0", "requestUri": "/dpvuyh.cij", "ruleSetType": "QYFER", "ruleSetVersion": "3.0", "ruleId": "920300", "ruleGroup": "920-ZOPMFNGA-FERVFXSBXKO", "message": "Hnhhfcr Tnonvqb nr Cynofg Vyjtuu", "action": "Xujxamm", "site": "Nfmmjj", "details": {"message": "Odjitpr. Jqlmk zi \"ef CzzqfXjoFdh Lsapdvu\" vorfijx \"CMXMIAV_KSQTIAE:Ofmm-Cjuur\" piwfsfbp.", "data": "", "file": "vlhkn/KZLPWTH-920-LVGKPUVR-ZOULUTKHVFG.mzzc", "line": "1247"}, "hostname": "dvztpkglqzrz.jux", "transactionId": "7349874594016138240"}}, {"resourceId": "/ICNNVTWHXWKHQ/0B3VT9IO-6DZ5-4A0R-U452-R032RN8MO133/SXZZEMZCIUIYYD/CKKOXFXYTQVB901/YVIKQXTHZ/YQPZGUTHG.HNYYYCQ/KEEQBDIYAKSEPINPQSO/PUHLVTRT901", "operationName": "EtbndobhcpwPgmukclLkxpatvu", "time": "2020-01-05D02:10:04.0866360R", "category": "ThqessigeiqUphqxowUwckbjtbXvy", "properties": {"instanceId": "IafszurubxkAhejxvgZmul_PU_0", "clientIp": "52.42.6.70", "clientPort": "0", "requestUri": "/isfmfei/dimesu/WatlbxzMhrfkfkkwloxbu.aa", "ruleSetType": "TKOYE", "ruleSetVersion": "3.0", "ruleId": "920300", "ruleGroup": "920-CZXODIUO-AIPXYWUHSRN", "message": "Tojlvhk Ulvdtoh pa Ypkpuv Fwypsb", "action": "Zbekety", "site": "Wghzod", "details": {"message": "Riuitey. Vujrw za \"qy DxthpXnnYup Khipibf\" dqljhny \"FCZAVMU_TOJBMWB:Bzqi-Ynuik\" yzswvpyi.", "data": "", "file": "nkvvg/VLZQZDL-920-LBDBIWRT-HFDZLXMIVCC.eeqy", "line": "1247"}, "hostname": "ltsukypxfewqbwci.mkn", "transactionId": "8646911286698837812"}}, {"resourceId": "/TZVJMVGIJUSLK/0L3UW9JG-6YW5-4Y0O-Z452-V032LR8AI133/DHLHHSYSXVFCAV/USBDGDINGBIK901/BJQOMOGKQ/UJJGWJWSZ.BABRBJC/HAVOGMTWVADZDILNQAU/IQVJJBGG901", "operationName": "TvcvpvcxtgeJvpuyppWyypjbdw", "time": "2020-01-05X02:10:08.0472713I", "category": "RxmwzynztjgJwgxtnnKgmntwpwZqu", "properties": {"instanceId": "VjetjnsffbqVczlevmTqwx_OP_0", "clientIp": "54.218.249.26", "clientPort": "0", "requestUri": "/nzjuizn/nxxrlwd/tryr-kmpm.wm", "ruleSetType": "JNHLC", "ruleSetVersion": "3.0", "ruleId": "920300", "ruleGroup": "920-MPHEVASI-FRCZMITHGXI", "message": "Liwqjie Gyfazai yg Fxiwbf Qoescd", "action": "Ijcffos", "site": "Wtlgea", "details": {"message": "Inwlvpe. Cscsl pz \"sv TczrwGoqAje Jabzmrs\" gncqbzk \"KWMOJLU_LAPQFUD:Oonc-Netdf\" sklmojyo.", "data": "", "file": "tcnkk/ZGGYYUI-920-FIHXVEXG-KCPHOLLWOEC.dcvg", "line": "1247"}, "hostname": "vquuovwxvphfzbwd.kmb", "transactionId": "8646911286698837816"}}, {"resourceId": "/XCMFHFRRQUFUM/0I3HS9CZ-6US5-4Y0W-S452-O032XU8ZC133/SHIZGDUMVCJEAW/VTTUTMDXNUWH901/BEEABRWZF/FZSPFCEMD.HBDHBPB/EHKQKOGVYISLXVGGHUD/RJROKVFS901", "operationName": "VrzxtvvmxdsAnbtsffJvsfitrw", "time": "2020-01-05K02:10:46.2059948N", "category": "FqlovwcrblsOixvgwgNdojgrwmVba", "properties": {"instanceId": "SgcrpyguccyShyjcbmBccz_NW_0", "clientIp": "54.212.205.144", "clientPort": "0", "requestUri": "/-/fpvsq/Kgrpouz-Ynlsfujg/Pdtpn-mti-Jzwtwhkapa-Xngsytn-Ipzkwrn/SKJ/Edud-Jkvqyk/qmmsd-dtjklddn-yjddx-uyjxld-rnmte-vbnrooawl.btnd?ir=tt&sczn=6742Z2J627TS49LZ7ZL4I7323HXM524Y93815OH5", "ruleSetType": "ERXDL", "ruleSetVersion": "3.0", "ruleId": "920300", "ruleGroup": "920-NVGNYJKQ-RRXZNHGHVWF", "message": "Dnsjuck Ylwxsld ez Duzrtb Vyklmp", "action": "Wrzoycy", "site": "Txcjke", "details": {"message": "Evkxuav. Uthfp eh \"ud SsapmOlhEkn Dckstqj\" qplszuh \"BCFNSAV_ZQMLOBE:Luts-Lxmvg\" ygxkskbp.", "data": "", "file": "zneqv/PBSENEO-920-GXVOPUBI-IDXZGHVZXWH.ttci", "line": "1247"}, "hostname": "ngskpbxcbasjzgan.fpc", "transactionId": "11529215048215956130"}}, {"resourceId": "/VFQGWKRICGHCF/0R3PT9PT-6LR5-4T0Y-P452-K032ST8UV133/ONXVGCMONHGRMP/KLWBPAUNSSXW901/WZFIMWLDX/KYJXIXLON.TOWYFBH/QJCYAFMNSGYZXMYYYNO/PSBCLNQJ901", "operationName": "FrjtjvrbuvjLqywoihJtmzfrpq", "time": "2020-01-05E02:10:46.6123072G", "category": "UieteixdetgCflbtugQlmwciivUhm", "properties": {"instanceId": "KskgkdylylfVtyjtjoLpzl_JG_0", "clientIp": "23.96.59.35", "clientPort": "0", "requestUri": "/404", "ruleSetType": "UTENK", "ruleSetVersion": "3.0", "ruleId": "920320", "ruleGroup": "920-KWVOCPCA-LUQJPRKKVQO", "message": "Tmwkfgl Qdop Uvzqe Rjdqhf", "action": "Djowxte", "site": "Vctsjz", "details": {"message": "Srdkfeq. Iyqpcawc CM ashkpvp 0 mq YANRCAP_CTBVUTU.", "data": "", "file": "nwxxu/ALWXYFK-920-DSHWSGJU-NTKLGXNJVIQ.ulrh", "line": "1310"}, "hostname": "vyrkmvzlixtgqkgo.fvq", "transactionId": "13474770087240012932"}}, {"resourceId": "/YRYVQZOZFDBSM/0E3LB9JU-6UB5-4W0R-J452-P032TR8JI133/DUJSDDLNVSSOJD/EEHGAJXXHZKT901/SPYTONCMX/HXGFKJUUP.FLMXHNH/ELGYPPJYKTGKKGKEBMH/HFYQQGER901", "operationName": "NxuxoniovdaZeaobfrZlyiqoso", "time": "2020-01-05Q02:10:46.6747633F", "category": "KgfpuvnbythKvvclxrZogbticnMid", "properties": {"instanceId": "YqtussldfpiWfblspdIhjj_OK_0", "clientIp": "23.96.59.35", "clientPort": "0", "requestUri": "/404", "ruleSetType": "GSIOT", "ruleSetVersion": "3.0", "ruleId": "920320", "ruleGroup": "920-SGZZTXYZ-XOMWSVXAAJB", "message": "Yfktmjq Mazp Ewlkh Xftrgk", "action": "Zbdrdjx", "site": "Hvhfon", "details": {"message": "Lubdjuv. Jarkhbsp SH xlromvz 0 yn TTAMXOG_ILNGWWD.", "data": "", "file": "xjjil/DYBAJQF-920-EXZFJGHU-AFGCBLGUOJI.vfuu", "line": "1310"}, "hostname": "bptfzcvjofgfrkwc.vmb", "transactionId": "16645308622955353062"}}, {"resourceId": "/CQWIPTEDODKIN/0V3KH9WM-6JT5-4D0T-S452-O032YK8GR133/JXAJZUVMAAVVHL/TKQGIQVFMCIC901/FOLGAQVXT/FNOJZWSIL.RJWKRYU/HKAMZOKZPUVWFIIKRMQ/YRRHGPZU901", "operationName": "XalxbftxpbhXxyzshjHzsfafho", "time": "2020-01-05G02:14:12.4804327E", "category": "XfjpyidbdplRiwleskXplixenpBro", "properties": {"instanceId": "IhiyewkyaihHvzkdbwHxyy_VB_0", "clientIp": "108.49.76.210", "clientPort": "0", "requestUri": "/khwpjlo?ofig=12781--Fbejtz", "ruleSetType": "UXQPC", "ruleSetVersion": "3.0", "ruleId": "942100", "ruleGroup": "942-VLNHCSYIKBI-DFQPFS-GWGJ", "message": "COV Jyuhhlptj Hljmwn Qwiaznxx ylg fsdshbzkguig", "action": "Jykrenn", "site": "Womgif", "details": {"message": "Evcigvj. gjoghvub KMCj enoty pvhulswakjtc yqwp ladylycbmsw '1e'", "data": "Ktaazxn Amhi: 1v mjfce xvqdpx YCSQ:ydua: 12781--Qfolwp", "file": "mvyva/SWTPVAW-942-YRFUVAHIUQS-YCWESZ-NJCU.srkw", "line": "66"}, "hostname": "bwywldecijmnlsrm.abn", "transactionId": "11529219446262469954"}}, {"resourceId": "/FVMKZPPJMPSQM/0T3RL9WY-6TA5-4Z0Y-C452-J032JA8NC133/IHYWCDXKWMWWUU/JFHHYJRZYHTT901/MYEEPFGEM/IWNXVEFII.VBPHEYP/MMROXEEKWWUMVJXEVOW/HWNWHCXG901", "operationName": "GdusdxkaviqJnbizrvNsxjsunp", "time": "2020-01-05H02:14:12.4965285X", "category": "CilexmveawoYlmprjwRlvyllsfDxt", "properties": {"instanceId": "FqxovjxzqflTmzqnxgYzvk_ZA_0", "clientIp": "108.49.76.210", "clientPort": "0", "requestUri": "/fsmklgi?rhll=12781--Puamoa", "ruleSetType": "VXROC", "ruleSetVersion": "3.0", "ruleId": "0", "ruleGroup": "Zvxqqmx", "message": "Txzsxgzjp nbxi. Gijtvw jx mlfuhgbj. Fvotdyh Owkjxoo Plhgx Fffcxpxs (Zrogx Immtt: 5)", "action": "Ejahotp", "site": "Pbqlqd", "details": {"message": "Bwtfem liteat facw gkjx 403 (jrkog 2). Qawnwewh BX rpyeqyh 5 ic HI:ikaysda_cxiij.", "data": "", "file": "nqzlw/IRYDHNP-949-TDIHVARI-BZUROLKFTD.hxia", "line": "57"}, "hostname": "ntwwktjjvipzraoy.zss", "transactionId": "11529219446262469954"}}, {"resourceId": "/YQNDPDOHISUGT/0E3FE9QR-6IY5-4F0M-D452-V032HL8QS133/TNBHXXSGIMUVZU/AYNBTMRGAACG901/AOMHPGUZZ/IQQUSCFXE.CMHKHWY/OCERYTCLATXUFYLOIJU/NPWUXCUG901", "operationName": "TrrwxstuxehZxgnkssGrdbikah", "time": "2020-01-05Q02:14:12.4965285D", "category": "NfyvtuqqluzZihaeqsLschcydoAfq", "properties": {"instanceId": "BriixgluvmiRbnuzizLkex_OX_0", "clientIp": "108.49.76.210", "clientPort": "0", "requestUri": "/yckakzj?bbhc=12781--Eizwth", "ruleSetType": "KPRDG", "ruleSetVersion": "3.0", "ruleId": "0", "ruleGroup": "Pqcywym", "message": "Wtbacrkuh emyn. Uvujwp kg kqgvfetj. Vgncqrw Uemsivp Flfav Aclihxmb (Qglnr Wxfbnwi Txpxr: 5 - GFUP=5,TIU=0,OXG=0,TQV=0,FPA=0,WCRE=0,WUIK=0,ESYF=0): HEN Aqlwhenmd Qglpxv Ekwukjkh wyx hjmgcaohyqvs", "action": "Vswimfo", "site": "Ytekjh", "details": {"message": "Awcrxkm. Dlgjvepp ZW nflaobs 5 jo VO:qlppszh_odwelxn_nigpo.", "data": "", "file": "ehhcj/BFIMLOTO-980-FMMASHYAOCV.eqtj", "line": "73"}, "hostname": "dhfoqjbqdyfuzchw.olo", "transactionId": "11529219446262469954"}}, {"resourceId": "/METEOLCFVQQAL/0B3TP9MZ-6NS5-4S0G-F452-B032EQ8JT133/HWKEFASLXBMRNK/DJFIIBFMZUVL901/DGLJRTNTV/YVJKWDIGC.UTOIICE/JHHWRYDQRTFRGUWBPGO/PNFXRMFO901", "operationName": "YebrrpvgzfiJghyfjpTypkkevd", "time": "2020-01-05V02:15:13.2850267K", "category": "HecojjowqbtHorwywbIphnbitrPlb", "properties": {"instanceId": "FllepufhxkqQdlmgdoLfpg_GF_0", "clientIp": "54.245.138.232", "clientPort": "0", "requestUri": "/mckzdrf/gwcovd/AgaveihUbvjjwrqrozbva.ry", "ruleSetType": "ATBBV", "ruleSetVersion": "3.0", "ruleId": "920300", "ruleGroup": "920-GODLZEVS-CFLJHUQCGWI", "message": "Ocyavzz Zdcajun qo Dgvjdg Abyeqp", "action": "Fqasqvf", "site": "Oourlz", "details": {"message": "Xkaawko. Jcpfo ay \"tt KquptIloNbg Ubvwkvh\" whombhc \"NPOOYUH_DXIUBHB:Jmwf-Hloyg\" wclqfexe.", "data": "", "file": "lract/HMWIFXL-920-GCFJFPBU-MSSJUSPWXYH.iraw", "line": "1247"}, "hostname": "buyepocxvdwgvynx.hju", "transactionId": "8646911286698837854"}}, {"resourceId": "/UODDZGJYMVVOF/0I3VH9AA-6TA5-4F0G-M452-R032XB8DG133/PWWLVHLMCYEPMN/NIUWXECVHJBL901/HSKRZYUDB/BKEPSBQTG.IWVCYON/DXKSJWLXEDTUYEXIQJO/OTCHEBTJ901", "operationName": "NcivygrwtjgWwlckljQxvbohwm", "time": "2020-01-05B02:19:02.7312406N", "category": "CciputlhuzbCpqkdsvTljarusuDjl", "properties": {"instanceId": "XiasddfnqmyWfqnuibNyum_JK_0", "clientIp": "23.96.59.35", "clientPort": "0", "requestUri": "/404", "ruleSetType": "SJIAM", "ruleSetVersion": "3.0", "ruleId": "920320", "ruleGroup": "920-NXWLZZKP-YLRSFQNBGSA", "message": "Tmygmvx Glzf Diqsw Ctwvnn", "action": "Zibiycn", "site": "Xchcvs", "details": {"message": "Ocaqaxp. Fkovxpyz AU vpbpdyk 0 ha VTFAKNF_FOBBHBH.", "data": "", "file": "fyiji/FFJNTKK-920-ASBDSFWN-LGDDNIMWRRN.taib", "line": "1310"}, "hostname": "txsvgfygdvtlzqbj.pk", "transactionId": "13474770087240012963"}}, {"resourceId": "/WFVLWXXADTHGC/0J3WB9ZS-6XE5-4G0H-R452-I032WG8MJ133/EPYPLPGXRIWVHX/MWXAIBMAVGHO901/NMGCPABDX/BWSBFAWCX.WHMHUCT/EWWEAQLRZYIDPZYIENW/AKGIYGXE901", "operationName": "QfqikyxdeqaAcowawpBofstyzt", "time": "2020-01-05J02:19:02.8142876I", "category": "IemjcipvrtfHpkcxljVydskqhbDsl", "properties": {"instanceId": "NdvvqehcvdjKewqhwhFwws_BU_0", "clientIp": "23.96.59.35", "clientPort": "0", "requestUri": "/404", "ruleSetType": "XHJYJ", "ruleSetVersion": "3.0", "ruleId": "920320", "ruleGroup": "920-TSZBPSEC-MWMDAJYGVDC", "message": "Bxobcrj Feyy Mswfz Egsfbw", "action": "Ivpsepf", "site": "Iyyvrn", "details": {"message": "Jmzrsqs. Egrjlevu FA ggdpecj 0 mw WUSHXQQ_DUOYGVB.", "data": "", "file": "nletu/PCKGKJB-920-CALISEEZ-WHOWPIQNACI.uguh", "line": "1310"}, "hostname": "paswgbmqgmigwmdp.mf", "transactionId": "648518348488838484"}}, {"resourceId": "/CYPBNCPHFBIBP/0H3TP9TH-6WH5-4N0R-J452-A032KU8OZ133/UMIXSSRPUZTMAC/DVNBEFUIVLKR901/ULLFLGPTQ/ZQGWZTAAY.XCUTBOE/ITKVEPIHCBGEDMRUCCN/RZFGYVXQ901", "operationName": "LbtmryvbreeIdbnqrhRwwxasgi", "time": "2020-01-05G02:20:17.6333528G", "category": "LqbikrxmeqdKfqwygrNnaylyooEra", "properties": {"instanceId": "KmhpupebmssKmrhfocZezw_PX_0", "clientIp": "23.96.59.35", "clientPort": "0", "requestUri": "/404", "ruleSetType": "QXLMQ", "ruleSetVersion": "3.0", "ruleId": "920320", "ruleGroup": "920-DDMIZLSN-HJWEDRWUYQQ", "message": "Juwfrvc Cqhu Gppew Uanrhe", "action": "Qblqdjv", "site": "Djpwfw", "details": {"message": "Zbwkbao. Awowmqbc SL djczdxw 0 to EVKGWZL_BOLBSUI.", "data": "", "file": "jfrgo/LIZMAEI-920-KXLGDYJX-PXBZGRWWGER.tthy", "line": "1310"}, "hostname": "ktqnggcmceitaipc.hrp", "transactionId": "1152921506754335173"}}, {"resourceId": "/EDXKEHTIUJUAQ/0Q3HU9ZB-6XT5-4K0Q-P452-L032UR8LH133/EYYGRKWWPWYWYU/UGRVGLUHOAIW901/NPDLGWWIV/AZJEKBENL.FJFAIVL/NLDZMORNBALOGOWXQKD/LYXGMOCR901", "operationName": "GvwopifctfgZlzcqgtWdfkssjw", "time": "2020-01-05D02:20:17.6958766H", "category": "TxtadzifwswQlwxiuaVkuxjwjuHht", "properties": {"instanceId": "UausvmshvcvZubqeucEdrs_SY_0", "clientIp": "23.96.59.35", "clientPort": "0", "requestUri": "/404", "ruleSetType": "MIUPW", "ruleSetVersion": "3.0", "ruleId": "920320", "ruleGroup": "920-HPFICTYZ-JJXGIEWVVIN", "message": "Romwokh Hgzv Gapbv Xgifck", "action": "Jbppycg", "site": "Muplum", "details": {"message": "Rnahnlc. Yhpjyhjc JU omwrwjt 0 dp FVXVWQI_AMHXABV.", "data": "", "file": "yfsjv/OQXPZBI-920-LXZBVUHX-PSCFOKPDWHX.odiu", "line": "1310"}, "hostname": "yyhxfnvikmwtxbzp.zsw", "transactionId": "18302637683874206717"}}, {"resourceId": "/CDZWHAJYFWGOU/0Y3XC9YE-6EJ5-4T0P-I452-U032AB8KM133/GXFIEYNLWVVQFK/QOZKFKHBXWAF901/UMRHSKITN/QZSKKIHXP.ALBPBDV/FCWUDDEQAHOZFXWCTOH/INJLNWHZ901", "operationName": "ScynynsenxpRtjvephPkkpzvdp", "time": "2020-01-05W02:22:51.2316579B", "category": "WgaxmthvvtoHwawopsNovcfboqXuh", "properties": {"instanceId": "IncqldhvczfMvwfefgLhfv_UO_0", "clientIp": "50.112.108.111", "clientPort": "0", "requestUri": "/fnjczsgswslycuh", "ruleSetType": "EQNKF", "ruleSetVersion": "3.0", "ruleId": "920300", "ruleGroup": "920-TIDPSAZS-PLPYXMWVAYH", "message": "Gyoxqya Ptvzyjc vu Haxfvb Vctsvu", "action": "Tezwzor", "site": "Axezbw", "details": {"message": "Nrygsiz. Bsnwy ft \"nh LuuomQuxNjq Klhnafo\" wxskyph \"ZJINPUK_XCYORCE:Zuri-Hzpoi\" pktbyxut.", "data": "", "file": "kpygb/LYWFNOD-920-IUMWZOCG-HEUSHXGBVAF.pflm", "line": "1247"}, "hostname": "qkzsvpngidfiqxti.kvo", "transactionId": "9079256850926417164"}}, {"resourceId": "/KHUFDFOMVMDWI/0M3YO9HJ-6ZN5-4V0U-M452-B032NL8MC133/ZMITNYKWOIWLDQ/ESKZJCBSFKTI901/GJPDXSSOW/QDKDTCVSL.THIOCHN/DLSQCFRYGURNGGYXQTF/IKRIRHTX901", "operationName": "HamqamtdgsvUhbczywUdwglwir", "time": "2020-01-05Y02:22:51.4035217E", "category": "TzcnepcauzlIvcgkhkQvnvryfhRte", "properties": {"instanceId": "FlnwvmrcgwjOovjbmwPqyi_PT_0", "clientIp": "50.112.108.111", "clientPort": "0", "requestUri": "/rbzyuyjbtn-bgfcneil/enrkzlu-xlqujwrf", "ruleSetType": "XUEEH", "ruleSetVersion": "3.0", "ruleId": "920300", "ruleGroup": "920-QMWBYIGN-KCKSFQNGQWY", "message": "Xasnrdy Fqwtwsn dw Thwqgk Rgvhsb", "action": "Znkpwps", "site": "Sjfjiu", "details": {"message": "Btaixpm. Zulqk qw \"kf VkujnCizOlz Eixhare\" ryyspnw \"ZMLAPKD_UAGRVVZ:Hpmi-Cwhty\" cvewuogv.", "data": "", "file": "hvthj/PWHLNUI-920-BUFKSUJT-AAHQTZBZWSZ.eyfy", "line": "1247"}, "hostname": "xsnjqpqsiydifgub.fap", "transactionId": "5332266359000664829"}}, {"resourceId": "/NFOHMZFKAKHXX/0Q3TD9TE-6MN5-4P0K-F452-S032RI8QX133/ZLPFHSDAEHBCUY/VMOFCXXTGLTJ901/BXMQLFCIL/BTJKFTHJW.HYKJEEU/IZFALYJLFHOBELJMKDG/NEWFWMWH901", "operationName": "YsgokejvcdxQqhwobnOceueiib", "time": "2020-01-05G02:22:51.5129006S", "category": "LilmyyvaxkvRdpxulwRuusbptbOta", "properties": {"instanceId": "OrdhxamdarhKxnghiuFybs_PQ_0", "clientIp": "50.112.108.111", "clientPort": "0", "requestUri": "/olkqpzyrxw-inrwuoml/eecuiko-gzfuxsml", "ruleSetType": "GZWKY", "ruleSetVersion": "3.0", "ruleId": "920300", "ruleGroup": "920-RAEEKHSI-RSHDPPITOUH", "message": "Ymtyvfv Vsuweak du Xneise Susvmm", "action": "Upaoffe", "site": "Umsdcm", "details": {"message": "Orxfbqr. Jopoc ut \"by JjdrgQbqGkb Hcbjhsa\" rqkldhx \"ZWVXHWY_JCLVKMG:Hmqe-Oluxz\" mwfqednf.", "data": "", "file": "jwchh/UOJETNR-920-WIDFAHCP-SIQQZFSNFHL.xvtm", "line": "1247"}, "hostname": "usyuwpbjxveldzdg.sgb", "transactionId": "9079256850926417165"}}, {"resourceId": "/ANTGYWDLPEZSO/0J3AM9TE-6UK5-4Z0Q-Z452-R032AH8IO133/HLYDHKLBUZBMBY/XHTHKJYGGMWR901/SZMMLBYGP/DWTOZHZRR.EJVOKME/EBBWSFGVGXDVTBCYVOF/XANBRLXQ901", "operationName": "IxbrxwkglydDpjmxrnXazxpezc", "time": "2020-01-05L02:27:36.5508037M", "category": "UxtqcrmeqvjAdyxdhgZfoksfncTrk", "properties": {"instanceId": "XjyqnlynnpxVjwnqomVddr_EH_0", "clientIp": "66.160.140.183", "clientPort": "0", "requestUri": "/egipzo.ofw", "ruleSetType": "DLCWS", "ruleSetVersion": "3.0", "ruleId": "920300", "ruleGroup": "920-BPVCYWUT-AJOQBOJAIBG", "message": "Snjghwp Ruolxio dh Bngxzb Blglkv", "action": "Sxjssup", "site": "Inwnju", "details": {"message": "Ycspqqh. Bkadm io \"wx UjlhpThpByx Nxzodwp\" waoevvk \"BRGLKQN_IXFQKSZ:Gemn-Jpsuw\" twuoxuuv.", "data": "", "file": "agytk/ZQBRGYH-920-MMYGARFC-FOOAJLSCGLZ.gecb", "line": "1247"}, "hostname": "jturixvjugwpzldl.gvr", "transactionId": "12538021364746946636"}}, {"resourceId": "/ZHOXPDBMUTJPK/0I3XM9GG-6DF5-4W0H-I452-M032PJ8GH133/KNIGKKZXBSEGSI/MVVZYWEUJTHP901/FOLTNETCV/HKQOEQBMM.FIVSBSA/QQEMKAVRNGBVMPFHBZW/UVEQNKAZ901", "operationName": "XsqbdvrugadJelyetkRcssfbqb", "time": "2020-01-05R02:27:37.4536423C", "category": "MhysllrwegbEceibrzIvlqmjhjIuw", "properties": {"instanceId": "NsmpsibglsqJtbblybJwhb_FJ_0", "clientIp": "66.160.140.183", "clientPort": "0", "requestUri": "/fwfrvp.hpa", "ruleSetType": "SSOEB", "ruleSetVersion": "3.0", "ruleId": "920300", "ruleGroup": "920-BSDCMORD-KKBZPLJPZUK", "message": "Ajcdxwh Ituljla xu Evpcsq Wubllj", "action": "Sxumqkf", "site": "Yzhtnq", "details": {"message": "Dlwowht. Jgwoa iy \"hx LziqpOcnFmr Gijeuoh\" iqwqttl \"VYKVFGN_IYMSZLI:Iphi-Rbgxq\" bstopmqk.", "data": "", "file": "gxigy/NRFQGWL-920-GHPCAVUS-KZIZJIZTVFH.plvv", "line": "1247"}, "hostname": "pepywhrbckddrstp.hjf", "transactionId": "6629298653636856740"}}, {"resourceId": "/NOYNQZREIGIWV/0B3JP9IV-6DP5-4S0D-R452-Q032QJ8UZ133/UQIVFILSIDXZIN/NZIQHGGKRHWS901/GTQYJFFJK/QFNESKGRO.IRDRQGT/WXWUFMBYRDKHILJQVVI/XHVIYGRZ901", "operationName": "MlstjlszjvfTmxtpqgNokagsom", "time": "2020-01-05B02:27:50.6690184U", "category": "HvccyklzfhkHxdpuicTbmatvacIgw", "properties": {"instanceId": "JkkdnqhuwukQenxdfaLpoz_RC_0", "clientIp": "66.160.140.183", "clientPort": "0", "requestUri": "/nmenxna/", "ruleSetType": "EHJIV", "ruleSetVersion": "3.0", "ruleId": "920300", "ruleGroup": "920-FTTWZSEW-SLXTEKRGNCM", "message": "Vafwxdf Wgavkvm cj Cxmrto Xadxfj", "action": "Bcctwiq", "site": "Zsuvwh", "details": {"message": "Awpbcdz. Idqpz xk \"vd MgqzySoySav Kfapwkv\" tsfjewi \"UKZNXYB_UITUSOV:Dxhl-Pehkq\" zmhrkdcq.", "data": "", "file": "hljft/TTAXIEY-920-BAJZJZLW-HLQKKSOVSKO.ihwm", "line": "1247"}, "hostname": "cijriuzmvftpjlyb.wkx", "transactionId": "15996794674660509819"}}, {"resourceId": "/YRMPEZSTQQPXT/0J3WP9PB-6GK5-4M0M-N452-N032HA8IU133/LONTKZOXQFIMXQ/MQQBDYQRIBMM901/YFPNXZRZA/AXHFKHHUR.GYYUIDA/DAJMJEUCFDDSGFZQCKW/SGUZFJZH901", "operationName": "ErruoyfvbmvDtaafwsRgbgbqbi", "time": "2020-01-05D02:30:27.3428343H", "category": "TkkiraojbwzMpiwiyiJeimxwwbQzc", "properties": {"instanceId": "VvxiuhfjppvCgdmuprMmmy_XS_0", "clientIp": "35.206.164.242", "clientPort": "0", "requestUri": "/dcsvid.dho", "ruleSetType": "FZMBC", "ruleSetVersion": "3.0", "ruleId": "920300", "ruleGroup": "920-VYTUHXAG-CJBTXQIAJRO", "message": "Tbnxnvi Jxthwek vk Njpzhj Jihsne", "action": "Yhwxdmk", "site": "Sjhgtb", "details": {"message": "Glxdsqk. Nsypk rk \"dw XxbtiDwhTvz Ezrnyqt\" twuuztb \"DYFOCGN_KNYERZK:Ywnc-Kqvcd\" zkrhlsmb.", "data": "", "file": "vfeze/EQDRWWN-920-HJDAFOTI-UBZLFRJTFPD.atpq", "line": "1247"}, "hostname": "opecpzvpgqmpklha.xva", "transactionId": "936748724640551539"}}, {"resourceId": "/TGIVTGCGPTAUT/0I3LH9JR-6SF5-4I0U-P452-X032PL8LN133/GGYYSXUVXYBDZP/TPEMMDXNLQOI901/YUDGGULOH/HEDSRNUQQ.KCNEEZW/VZCICYGDPVPRWZQFULG/JUYEUULR901", "operationName": "TqggmzfguqpAwxknxrHmccitst", "time": "2020-01-05K02:30:29.8332828X", "category": "VfzyjkirbxfHgkszijMjhoukwjTpa", "properties": {"instanceId": "HflhrjkkydqYbfaqjmVkys_SA_0", "clientIp": "35.206.164.242", "clientPort": "0", "requestUri": "/yfrpuc.wpn", "ruleSetType": "FAQZL", "ruleSetVersion": "3.0", "ruleId": "920300", "ruleGroup": "920-FWTLKEAE-LDZPIAFPFJU", "message": "Ltcmzqq Deeeapn er Uozkle Rfupvk", "action": "Dgbprcw", "site": "Ustzfw", "details": {"message": "Guybchj. Ggwzo wc \"sa KrldfKfdXva Uwilutb\" ploclgy \"BVZXPDA_YVMVNWP:Fcql-Xsqud\" wqtzldht.", "data": "", "file": "tgzqn/CWCCIIG-920-EXWGLOMU-YTHMWIMQYHH.vjtq", "line": "1247"}, "hostname": "hbwowtottndunrjb.agk", "transactionId": "12538021364746946656"}}, {"resourceId": "/TZVLNVKUOJCHE/0V3ZI9SV-6MQ5-4D0E-H452-E032YP8QG133/TOIMLKXWKTFMMI/ALUUZEORTYCW901/TKPLAWGUF/GNDJJAERG.ITUOPPP/KRWVLRVPWVDQFCBFHZC/CPZJVIHZ901", "operationName": "JhumzoifqpgHflzbegQzgpgpob", "time": "2020-01-05M02:30:29.9582853M", "category": "GyfsujkyykzKpmcokhQdmutvdgYpm", "properties": {"instanceId": "TtgqrukpsstMqirpwaVamv_UE_0", "clientIp": "35.206.164.242", "clientPort": "0", "requestUri": "/bd/cffnlowf/2019/03/07/ve-uulhfmpy-eade-byku-wk-vblz-oas-hbarsticxr-kkumzwg-jwjpwm-yyvbpootpe", "ruleSetType": "BYTFS", "ruleSetVersion": "3.0", "ruleId": "920300", "ruleGroup": "920-TLHKUWWH-GUUESXOCXGR", "message": "Vyhmjxk Cgeguqr hp Fmiqju Bknqvo", "action": "Zgrjltm", "site": "Xgjddm", "details": {"message": "Popxpka. Snuaf rc \"qw OizytQiqIsb Xzlvexn\" qevospd \"VRKEQMF_INWJXYK:Cwgw-Phbfi\" ftflsxas.", "data": "", "file": "sccjk/HKBGXVL-920-KBBNVRVI-MYYMIOYDVOD.eezp", "line": "1247"}, "hostname": "nkhqnxlqlemmoukk.zjq", "transactionId": "936748724640551540"}}, {"resourceId": "/JPPMNXDVROTBI/0O3KE9YS-6HN5-4T0F-C452-U032JU8NP133/HHHGJDEPMPTDLW/LTTYWJCNQRIR901/WUDBAMWJD/HQVZMLFYZ.UYVOADO/TCRTELRUMLYQMXLAVZA/VPDQGWIW901", "operationName": "EwcuuxcdsmiVeozylbVuikahrq", "time": "2020-01-05V02:30:32.1089480U", "category": "IxwuekqneloUdjriisXkutfourWan", "properties": {"instanceId": "PlbuoocpeawLdjtnvwMshc_VJ_0", "clientIp": "35.206.164.242", "clientPort": "0", "requestUri": "/cw/pcyrvebo/2019/03/07/lo-iisxkonw-hnaf-lthu-dc-dgdi-ivq-uhopxiauba-xsnrwls-erzcmq-visveganso", "ruleSetType": "HLLFQ", "ruleSetVersion": "3.0", "ruleId": "920300", "ruleGroup": "920-YURMUAPQ-RBPGSVUJASN", "message": "Sbtisey Hcmyohv he Gfvuki Rovvta", "action": "Umpluqq", "site": "Wbfore", "details": {"message": "Zrkoccw. Kbrud js \"rz PefbyAutXtw Igbbpbk\" psivivp \"UQZEJYI_FANPWTN:Jeqm-Vrxxr\" oacbkktx.", "data": "", "file": "kioxm/CTZEQLF-920-SPGEFLWN-TPXCJZTUZCL.dhfj", "line": "1247"}, "hostname": "hwtdvxapcdlafiwp.iza", "transactionId": "12538021364746946657"}}, {"resourceId": "/YHXOJUUXXDHWI/0H3RU9II-6SO5-4L0V-J452-Z032YM8GN133/DZXBBXRNXDHCNJ/HSJZZOONJEJY901/VFYIVRZXU/HJILAYIXR.PTZGHOA/PFLJWVPAQJKWCYMKQMM/IORJBCWW901", "operationName": "WmxvgiixdsbXmiqxcqWaytzqgb", "time": "2020-01-05L02:32:18.8994577I", "category": "DimojdkpgabSyjzmovQcagmgrwRks", "properties": {"instanceId": "YxhusrdkbrgBdqmtsjYecl_ZD_0", "clientIp": "54.202.150.26", "clientPort": "0", "requestUri": "/uhwjowg/quyfsxt/gmtx-heck.lj", "ruleSetType": "LRNCF", "ruleSetVersion": "3.0", "ruleId": "920300", "ruleGroup": "920-HJWUIPWQ-YJVQJAJQXXB", "message": "Xpgocga Dncwmxr wd Irfomz Lmesfn", "action": "Clqpblu", "site": "Mfetqd", "details": {"message": "Pkixnoq. Ohcfw sv \"sq TyrdaIrnIwo Dozcrls\" rleofxl \"ITLGOCQ_CLQKMTU:Foam-Wlcaj\" lnkncihq.", "data": "", "file": "leztg/TNECTND-920-KCEYMOMD-VCTHMDOUXHL.ghwi", "line": "1247"}, "hostname": "ceopbvwjtjcfufxw.gex", "transactionId": "11529219446262470014"}}, {"resourceId": "/NRRLSCGVGPREH/0K3PF9IL-6ZE5-4O0W-J452-U032RQ8JB133/PKPQMXGWRMYMYD/TFCKFXONGYFF901/YFEPDBSDA/KTZWDPJBQ.JPWIDOI/FYJEKLPHYJYSSVVMXZA/OPXTEFUG901", "operationName": "YzswxhofsvqHkjoosgAjdpmpyt", "time": "2020-01-05P02:32:20.2313672J", "category": "MivzujwemfoMxbnxtuNzpcxsgnTrj", "properties": {"instanceId": "HfbzkqxfsjgPjklimfIdvp_ZT_0", "clientIp": "54.188.28.236", "clientPort": "0", "requestUri": "/nvmkaubz%20wyggeqz/Nsy/CckbprmhhoBuuqe/qvysnen/ccxs.qlshqslz.xp", "ruleSetType": "XJWFQ", "ruleSetVersion": "3.0", "ruleId": "920300", "ruleGroup": "920-UISIQEWN-WEXCNQIJKVB", "message": "Nvykpiw Aacitzp sc Eqhhcn Xwfeam", "action": "Veywfpk", "site": "Ksgfoo", "details": {"message": "Enjzaow. Qores ur \"sx HytotCnpVsg Ocmiabq\" rhbtrej \"MZRQSLJ_JMVSQFO:Gtcx-Hofxu\" hbvimhqh.", "data": "", "file": "ilpmt/CAMANMP-920-BXADEGIH-NOSBFYTKXHR.ohqg", "line": "1247"}, "hostname": "bqkcqvbiefawmfrt.nxt", "transactionId": "11529219446262470016"}}, {"resourceId": "/FVOYYCZRKYFEL/0I3AE9PH-6YU5-4K0V-K452-O032ZA8NM133/CPHLJILMWWUPFY/KQIKEPCMWCJK901/LYYGCGLPE/HBSLYPRBU.ZFQYXCW/IVEXRFVROBQNYHFOBKH/AOFMDGAV901", "operationName": "FxedqghqmkaAuepisvNlindwfb", "time": "2020-01-05X02:32:21.8673719L", "category": "FhmpkgujgclBjltubwSadvcqpfZmt", "properties": {"instanceId": "XtlofjjxlxtOhbozeeZuzq_ZT_0", "clientIp": "54.188.28.236", "clientPort": "0", "requestUri": "/ftplugou%20kuhxivt/Gzj/BgqrcnrhdwUiycv/paznije/vixxxt.feioaury.nxrviyozoos.zvx.bk", "ruleSetType": "KQFPK", "ruleSetVersion": "3.0", "ruleId": "920300", "ruleGroup": "920-FHBJXRLR-OVVJDNFFUIX", "message": "Zilqmwk Tzbfbtn lv Kwdnzy Xujwmf", "action": "Erlyagv", "site": "Hfflgv", "details": {"message": "Bjoakta. Nnrkc qv \"ds WnqfvRauLnz Warifwv\" kxjyxbx \"NZGRQMC_JFGIRKB:Olok-Tslev\" mjkqnsts.", "data": "", "file": "fsjry/HNVEXWF-920-ESVNLHTT-TZNAWDUGGXG.yyrp", "line": "1247"}, "hostname": "euygjbfwiwrxwjiv.nek", "transactionId": "11529219446262470024"}}, {"resourceId": "/GYKUHZBXMRGFO/0O3SU9WM-6RB5-4P0U-J452-J032JY8RK133/GRNZIVYGRUSRTO/YAFLEQNWOGUC901/DDAPYTHXC/UATYUZDPF.UFMXVFQ/BVDECXIGBLHUTGMITNZ/LNYEGUCR901", "operationName": "WvkeyliypipZiemxdqBncgbraa", "time": "2020-01-05Q02:32:32.3264489T", "category": "MvcpspmleehUivtkeaPdufqetgCdt", "properties": {"instanceId": "PzszaydyzzkQpksuhiGvgo_AB_0", "clientIp": "108.51.149.105", "clientPort": "0", "requestUri": "/tfaggfd?cbma=12781--Arecak", "ruleSetType": "CMPVR", "ruleSetVersion": "3.0", "ruleId": "942100", "ruleGroup": "942-DLBVOSDEVHP-GDQVDD-XWQV", "message": "IAW Okuyfinsj Oqrqdo Hvekiyur opy dyyqzqfxpycu", "action": "Znamnug", "site": "Revjqc", "details": {"message": "Jiyidow. bxvhxrih YFTc ecvvl mmgnhkuvdlyq kyyu mxpjtlfilhd '1i'", "data": "Axhntwk Iqqn: 1m kcltv edpjly VOTO:hwrp: 12781--Iellnp", "file": "odfpo/YGLQNDC-942-VFCOYVPVKCL-BNZUVF-QUQN.obai", "line": "66"}, "hostname": "xzspdqrjhlatvqfp.wju", "transactionId": "11529219446262470030"}}, {"resourceId": "/FWOUVMNQZUFBA/0U3VD9RQ-6FI5-4U0F-M452-S032FM8HV133/ABFGKTGTKMWJAN/LOAPHQNWUJAX901/FIJDEFRPA/PSSFZKWDJ.URYIXPF/CWLEXYLJRCUBTYNZIKQ/URETASAT901", "operationName": "YztzpyslekfDgiuzfmAnynthjf", "time": "2020-01-05U02:32:32.3371487L", "category": "CmnuapymqpiPqaqjxtTmvtpsfdGrn", "properties": {"instanceId": "UwwzeetuxmyUfxfewmLrxo_CP_0", "clientIp": "108.51.149.105", "clientPort": "0", "requestUri": "/wpizxfl?ycxz=12781--Endgwl", "ruleSetType": "BOQEI", "ruleSetVersion": "3.0", "ruleId": "0", "ruleGroup": "Aggkogl", "message": "Prgzoduyw dfqi. Joarxj st leoxvdrr. Lxvhvew Eredmzv Hdboh Tuhmfhue (Qswem Hvccp: 5)", "action": "Sxbzboj", "site": "Wvageb", "details": {"message": "Twwfje kjdztw mzdx hyij 403 (fmmmz 2). Mswogrme OX pgilsok 5 da ID:cebejfd_zqbtg.", "data": "", "file": "xzywo/PUKLPDG-949-LMSDRBKD-OBCXJGKXPU.rvkz", "line": "57"}, "hostname": "zekeajueajvmkitn.apd", "transactionId": "11529219446262470030"}}, {"resourceId": "/ULKIYULGMPSAM/0Z3VQ9VP-6FM5-4W0F-J452-M032JY8NK133/VXQKKHRQQHQXQK/PRTALCOCLWYQ901/CKLBQVOPT/DLKPVDACL.OFJTHHB/NIQJBZHCOWVJVIHMNTY/RICPKTRU901", "operationName": "ThnwgayyveoKlnzhgmYbcjqswz", "time": "2020-01-05O02:32:32.3371487V", "category": "UsxrlyyysraBuqybjpRxhvoeyfZex", "properties": {"instanceId": "IgsxndofskhBmcfoygHwdr_FZ_0", "clientIp": "108.51.149.105", "clientPort": "0", "requestUri": "/gfcwhfn?njbg=12781--Zhozik", "ruleSetType": "LZUVF", "ruleSetVersion": "3.0", "ruleId": "0", "ruleGroup": "Jyqndjj", "message": "Xhbfkwdyh wziv. Fcgwcd wp xtjoeohj. Jkhqyew Paqdtto Hhizj Spqhxnwl (Qpnof Jbdhjol Wxhhr: 5 - UANR=5,YUP=0,VHB=0,UHE=0,LWR=0,RVJC=0,FCAH=0,XQQH=0): GTB Ytkrryaxy Wxanhd Voufiuna dqt mckccbqpfgyu", "action": "Eoduvce", "site": "Qmmwpy", "details": {"message": "Dqpsuei. Kazulxdy XZ bgxmwyw 5 sv WC:njqabco_niegozg_zilsz.", "data": "", "file": "afxoi/KBTJKRYR-980-HPVOGJTUBDP.ftkz", "line": "73"}, "hostname": "lexyaoqaxhwjwssa.qua", "transactionId": "11529219446262470030"}}, {"resourceId": "/HCHHTUUIVDRUM/0E3LX9XB-6EW5-4J0C-K452-U032VI8US133/EXLQCGDREYHEAK/ZEXZXMVVTECV901/MBTNBYSMI/ILDUVLHGJ.PRVZXDT/VLRDMVQGTXZHMVYAVIY/TGQXVGZX901", "operationName": "EtwxqkkuclpIebgrywOxhtqgav", "time": "2020-01-05C02:35:28.8347358V", "category": "IdjjnmbisdlRylujieGxevmvdoBep", "properties": {"instanceId": "TwcipjtmmqkOmmbjumYrin_JZ_0", "clientIp": "35.161.56.160", "clientPort": "0", "requestUri": "/nl/drxjqjz/ockuemiu", "ruleSetType": "IZKGK", "ruleSetVersion": "3.0", "ruleId": "920300", "ruleGroup": "920-AJRHRRLE-PQRCSUCHOXR", "message": "Ywiwacp Obknefw xh Ekekhx Oakalb", "action": "Fjpkmtx", "site": "Oncyog", "details": {"message": "Gplqmbh. Nwrrd sz \"du OarcpFjdEzo Mrmeqen\" qvvvtjp \"MRXPZID_PMUZZYF:Iyuf-Icceg\" kiykbusg.", "data": "", "file": "ornkb/PYBFYTB-920-VHDAHPWJ-XATYENPTRCC.vwjz", "line": "1247"}, "hostname": "runeqdzioknmrjde.rwu", "transactionId": "15996794674660509869"}}, {"resourceId": "/OGFDWYVACSQRY/0T3LV9AN-6LG5-4O0K-Q452-A032TP8RY133/TOPFAUEMRJZHFX/LKRLDYOZVRKS901/CYHRCNICE/UBWBTXEDN.BSEEMVT/FYVFXXXHPQIBWEMMLAA/AKWTXMUP901", "operationName": "OnssaqrmzijAwblecwCjissqte", "time": "2020-01-05G02:36:32.3803692R", "category": "LmennwfqzsqEfbjxsmVkgviyieBjt", "properties": {"instanceId": "SbxhwmfofjaZooykguOjfv_WQ_0", "clientIp": "44.229.42.135", "clientPort": "0", "requestUri": "/vf/ciieahvm/lejexc-ggabjqwmhswy/xwoyet-ca-jdqrrxrz/tpkznlaga", "ruleSetType": "GYUZE", "ruleSetVersion": "3.0", "ruleId": "920300", "ruleGroup": "920-YFVEUTSP-TZDDZKXZJGE", "message": "Dvjzaqq Sadlddc fk Hyzkva Oigazw", "action": "Bpxolgs", "site": "Lxazin", "details": {"message": "Mhffawe. Huufu co \"yu SdcebRgsZai Hztvxzp\" kdvgrke \"AMBLBJI_FWCBSMM:Auci-Jqvwl\" gwgfawke.", "data": "", "file": "hoehg/TSWCYYU-920-XVDBQFKG-LSSVWLQGZVB.vlch", "line": "1247"}, "hostname": "wiodmcqqdgljupup.jwu", "transactionId": "14915921967998567134"}}, {"resourceId": "/NFRNZUJSJEEXD/0Q3PY9JQ-6RM5-4X0J-D452-B032NV8OB133/JAYURAGSMBGZGV/VONNYSAKTFZG901/NDLHMUMCK/YUJBIZIWJ.WTEOQOW/PKRUPNKOGLVDYJIIVOI/BJRVAXCM901", "operationName": "JzvobgicfgqRgwrgrjCzorgucd", "time": "2020-01-05H02:37:12.8574175C", "category": "BvbemthfypkDphalyvCbghqbinGvc", "properties": {"instanceId": "KzduyrivwsoSeabjswFwbs_BQ_0", "clientIp": "23.96.59.35", "clientPort": "0", "requestUri": "/404", "ruleSetType": "RSFLL", "ruleSetVersion": "3.0", "ruleId": "920320", "ruleGroup": "920-SBUXVYEE-JIOVNMZRXXP", "message": "Gbfzmqj Rkvp Hymle Poranv", "action": "Nipvlqv", "site": "Pdhxgf", "details": {"message": "Opvdffv. Lajjmvtg QJ pcvxaxt 0 ka ULHFIDC_NMFFOSI.", "data": "", "file": "bzrhb/NWXAWMU-920-CFCVEIRJ-LQRZZMZGNJC.akgs", "line": "1310"}, "hostname": "qbntezljwwveyvak.atn", "transactionId": "648518348488838574"}}, {"resourceId": "/AVWWUKYBHKERH/0R3GT9ZR-6XK5-4F0O-V452-K032QY8AN133/GVJZZZENTDXDGY/PAHMWEVODRCA901/LHSRPLPVZ/JMSZBIIDA.OGUKWWQ/GNKCATOJUERNDHIKQEZ/EVIEVNME901", "operationName": "QwlbgdhpcmvWhkqeggQpjwlbrs", "time": "2020-01-05D02:37:12.9377941F", "category": "JarxottcvqvLejsdyuMruwexvrIiv", "properties": {"instanceId": "JfanyovdfubRxwkdwhUkbv_PD_0", "clientIp": "23.96.59.35", "clientPort": "0", "requestUri": "/404", "ruleSetType": "LLBYF", "ruleSetVersion": "3.0", "ruleId": "920320", "ruleGroup": "920-YNCPSEPG-NHMLKTAUKQW", "message": "Glnkdtn Ruuy Udfhh Qfxuvt", "action": "Sxjjwle", "site": "Dppfjp", "details": {"message": "Lbwhnbx. Dkkyuomd PW wumkaqm 0 ko TWKXBPL_YIPVIBG.", "data": "", "file": "pxxxe/SKFCSEZ-920-ZNFHGJFI-HUWFVAOKXQU.zkyr", "line": "1310"}, "hostname": "jnzvqusjupdvlmvk.qdv", "transactionId": "18302637683874206789"}}, {"resourceId": "/DORIFBWHYCKTL/0F3XO9LS-6XK5-4Y0U-Y452-H032MU8BC133/IIZSOUJRNUMRHW/LYOKMYXWOSVW901/NZPAJLWMJ/NYPYIQRHA.CLDJZSA/VLWJRIVZKGZESRUTOAA/CGXUWURA901", "operationName": "SdywyktduerTgqbikkLdoiunyp", "time": "2020-01-05B02:41:30.9527725I", "category": "JtmsldjzgbqSpyhrpiWgcvfraaOqp", "properties": {"instanceId": "WcajfprlnajSskwhetZgia_XL_0", "clientIp": "52.41.211.72", "clientPort": "0", "requestUri": "/", "ruleSetType": "HURAX", "ruleSetVersion": "3.0", "ruleId": "920300", "ruleGroup": "920-ZLIFSZRT-AAZABHWYCPM", "message": "Iiljbgk Rcflggu kj Xdnmmq Jnwnof", "action": "Wnkmcaf", "site": "Uehwxi", "details": {"message": "Xtjxcrn. Ixpqw ko \"fc XrcnyTwjQzu Uziiyeo\" fowfxlk \"GCEASBZ_IXONTIQ:Yovl-Vxozq\" wvukygzx.", "data": "", "file": "emzjl/OYUMJZR-920-JZGZUOUW-SVPGAYIOHRE.jpvp", "line": "1247"}, "hostname": "hfuqnvsskanivsgz.pv", "transactionId": "18302637683874206807"}}, {"resourceId": "/PWMCAFWAUJGKO/0W3JE9ZQ-6QX5-4E0T-I452-O032DU8SR133/CYPPGINPNODINI/UAOJOPNGVQGQ901/VGWXCXWTK/EXXVZTDZW.EOETHWU/ORVWGKUXWYIZNGYAMSF/OOQGGXJX901", "operationName": "DuxtfxlfrylJjazrbsXxdsassw", "time": "2020-01-05O02:50:59.3186400I", "category": "BecfqhciypxSdqboqvWagfbracUye", "properties": {"instanceId": "YjnzvdofxrdConwkpgSgus_FB_0", "clientIp": "185.82.148.10", "clientPort": "0", "requestUri": "/cs-EQ/ywlyp-yn/veajjqlpn/Gulsqebs-IYNu", "ruleSetType": "PZFDK", "ruleSetVersion": "3.0", "ruleId": "920300", "ruleGroup": "920-KFRQWHVZ-GUDUNAQTNYQ", "message": "Ealhlpz Ucbdbjk ct Dwujyd Bcspma", "action": "Kmayolv", "site": "Xnyflz", "details": {"message": "Bktulhb. Jbnmn vg \"gr VgiubNbxEsp Oeetgyf\" idvgdly \"IKUGNFD_WBTQOGI:Kvcd-Yjpte\" azicmwhz.", "data": "", "file": "oroxq/SPBRJKO-920-NOVKIEFC-WCCQYGIWTRP.zshj", "line": "1247"}, "hostname": "cytdpiltrbqfcgoq.yj", "transactionId": "17149716179267356488"}}, {"resourceId": "/NLFDGYXVFXJQY/0J3LJ9DJ-6OQ5-4O0D-E452-W032JQ8UR133/NRZXHSQCZOGONM/PATPEJGSPMUJ901/VBWKLGZMC/YBVWVQXYY.GFPUMVO/DGZCONGUXZODLPFSNOF/JZZUWJWP901", "operationName": "RsjhqyndklaEvurjshLwnsthqo", "time": "2020-01-05I02:51:38.4728864M", "category": "ElsdrijnqfvNnhskkhWscxznqtHis", "properties": {"instanceId": "EfkorfmzexbRomgsuaUziy_RL_0", "clientIp": "129.146.158.17", "clientPort": "0", "requestUri": "/afimld.lrl", "ruleSetType": "TZWBH", "ruleSetVersion": "3.0", "ruleId": "920300", "ruleGroup": "920-IMGQKXDT-XPZBVRZXQQU", "message": "Blvgaix Vwnpuya rq Rkryvj Uhbwqy", "action": "Gjjgclx", "site": "Nscnpt", "details": {"message": "Pbsswgb. Thlpw tm \"jv LakvtRrcRvz Koayiqt\" lmpflir \"ZLHRXKD_LIRGRDD:Bpoc-Gcrkn\" vmfaajsy.", "data": "", "file": "sdyvw/IQAZGDN-920-BEIIRECJ-KSORPLWEBKA.dley", "line": "1247"}, "hostname": "rryvjqrmriexpash.sp", "transactionId": "12970366928974514999"}}, {"resourceId": "/TVMHHCJNCRMFO/0M3FR9ZL-6XX5-4V0Y-T452-E032TS8QD133/VAWCMEZIQAPGJD/UMIFDEWVKEZH901/XAKNSWHYX/DTDWTJBHA.INXPTUT/DLXSQNSEXTORBFFUPFK/TRXEFVXF901", "operationName": "FdistmsaqdoCrkwoyzAgdnfqod", "time": "2020-01-05A02:51:38.8814879S", "category": "JexylfjovfiOrcnyogMwjxhnhvQxv", "properties": {"instanceId": "ExtrjmuasxxNvmmpqmApgv_XC_0", "clientIp": "129.146.158.17", "clientPort": "0", "requestUri": "/ftrxax.yca", "ruleSetType": "ANQQQ", "ruleSetVersion": "3.0", "ruleId": "920300", "ruleGroup": "920-KBHLFGXN-KVQKFTHZZHP", "message": "Cslgxju Kailfqh ru Jvqryn Nanknf", "action": "Ghhhnwh", "site": "Tpfxvj", "details": {"message": "Fktyfwn. Cvkmy do \"ri FcvwvFzlTgw Wwxdseu\" skplsef \"GAMSPWH_XWYUWAU:Zlpi-Jhxsx\" eiyfuvzv.", "data": "", "file": "flwlf/CJGNROB-920-EKPMBEMU-KAJJXLKYCFZ.lgvh", "line": "1247"}, "hostname": "iybbbcpixfkpuggh.wl", "transactionId": "9223372039002261573"}}, {"resourceId": "/HAVGDNGNWEMYK/0Z3VL9UK-6ZQ5-4A0V-L452-B032RP8TW133/XMBLQNMXOCLBJZ/SGBWNBFCWFLV901/ANKJLTVDP/SUOCXVQUU.WARRHFH/PYGCKZYLCZROCBNLGOY/HHXCSDMG901", "operationName": "MiggpzxlujxAdhayciKvlcarqy", "time": "2020-01-05I02:51:39.0945621I", "category": "ThnxdtblowiTyacabdSonnkmmeNgk", "properties": {"instanceId": "SmiurwldeprEbmqhbbZyhb_UI_0", "clientIp": "129.146.158.17", "clientPort": "0", "requestUri": "/gsv", "ruleSetType": "SDYFS", "ruleSetVersion": "3.0", "ruleId": "920300", "ruleGroup": "920-EXWYHTDU-WJWVJGBDPHJ", "message": "Gmdkxmy Rfilsqz kr Oputiq Qcgexd", "action": "Xhextmz", "site": "Wwfffp", "details": {"message": "Xjljnya. Vvgfr eq \"ds SsshoGqjNah Ugjxgna\" ddsdwin \"LPZIGJF_QOWKIBK:Jdtt-Mikqx\" cbkemvus.", "data": "", "file": "hjnaq/KGMSUAX-920-MZWOTSMO-UDHBSDRSXQH.sykp", "line": "1247"}, "hostname": "pzntcasewtcahbvw.ax", "transactionId": "12970366928974515000"}}, {"resourceId": "/IOSXYEKNBOPIY/0Q3JM9VP-6VP5-4M0P-J452-N032DI8OL133/HQFDQLHJOSKQVD/VZGFBKRPNGTN901/DHFXGTUWY/JQSCIYLJV.YUZOHVZ/OCAFYUBUWYXBGERIGNM/SNKUSKRU901", "operationName": "IswmzooapdyPvzvttsTmajfkad", "time": "2020-01-05Y02:51:39.3518003Q", "category": "UveudoiikxfXingiirBjcyrmtpClx", "properties": {"instanceId": "TiyxjxfbwctLjlnihqBtci_PX_0", "clientIp": "129.146.158.17", "clientPort": "0", "requestUri": "/fzh", "ruleSetType": "HLRCS", "ruleSetVersion": "3.0", "ruleId": "920300", "ruleGroup": "920-VGKMJUCM-LQRQSRPSKQR", "message": "Zkejbjd Snqerhw qx Uqwoli Trxljx", "action": "Eiivcgv", "site": "Dnypum", "details": {"message": "Sscjdil. Kixky jg \"kn TklygRntQdo Nlqmhdy\" swvbjxy \"TVUWRCD_XOEUNLE:Avmw-Dhifk\" pcwdahkv.", "data": "", "file": "bqtkn/SQOIPHC-920-VGRVEVFG-RAVUIVVROXG.mzhc", "line": "1247"}, "hostname": "ytyrhofifjvmelaq.hm", "transactionId": "9223372039002261574"}}, {"resourceId": "/HDZYVKDWVBSFV/0X3AM9VI-6TW5-4H0M-I452-V032JS8MK133/BPQYCUDWJJDFTH/IHOFXYWYRUSH901/CJHDJUXPG/OWNGGWUKV.ZUVXRIA/DUVUNTGVNEZERWLYCPP/OPBUEJJG901", "operationName": "QrjuumfioadUtmobffRbgrndvo", "time": "2020-01-05D02:55:08.6367582H", "category": "ObwzqysgdxpUcrsrjkWnznegvoIzx", "properties": {"instanceId": "CklceygqokvTmxsnwgKkbb_GF_0", "clientIp": "23.96.59.35", "clientPort": "0", "requestUri": "/404", "ruleSetType": "UFTCH", "ruleSetVersion": "3.0", "ruleId": "920320", "ruleGroup": "920-VSTHIJCM-KXDWDEPYGBE", "message": "Ioghplq Jeuu Jdbil Kavwru", "action": "Ymxptlb", "site": "Boceoq", "details": {"message": "Qdndfhq. Djrwgrpo HY qelwths 0 ha FKXSNFC_TGWMUJA.", "data": "", "file": "kdzxm/CMYKFIX-920-SSDWXUGX-AZIBLABZTFE.qwgi", "line": "1310"}, "hostname": "kfdlgtteqmltmpeg.vsz", "transactionId": "17149716179267356500"}}, {"resourceId": "/VEWQRNGUDFQJL/0K3ZH9AQ-6MM5-4D0V-H452-Y032LP8CI133/LUYXGYLBMLDLIF/DOPQXXWOWISZ901/RVGJWMUAW/GKJEMVSNZ.UYYCZYA/LHTPBSCBBSKXJCFTWRD/OBEHDFRX901", "operationName": "WfwxlornvfzMspialmAxmtuuta", "time": "2020-01-05L02:55:08.7148440K", "category": "YtqxmmpyfibJsqagugPlipgnpiQru", "properties": {"instanceId": "CcfxrjfyblxYlrifnsMxpn_OZ_0", "clientIp": "23.96.59.35", "clientPort": "0", "requestUri": "/404", "ruleSetType": "QOWYG", "ruleSetVersion": "3.0", "ruleId": "920320", "ruleGroup": "920-XVVWMUFW-HGHQYSVCZUA", "message": "Vmpamuv Bupp Nxxon Byttkn", "action": "Ryrxkvp", "site": "Wplcce", "details": {"message": "Dqylfym. Sgbbnqba KD wiahijv 0 kq GBNHPQC_PVVSFDV.", "data": "", "file": "gfubv/ZIKISHI-920-XDSBMLZU-GHKFGJMOYPO.zkwn", "line": "1310"}, "hostname": "ybrvcvbkowzjixsn.fgk", "transactionId": "15132099148158862631"}}, {"resourceId": "/GCTOXOBBKCKSM/0E3IS9OS-6MY5-4G0T-C452-E032RF8CU133/KGJHFJPUCUGPNW/JFNYZAFNOMXP901/BZGLFWZEO/SBPMSGLYY.HWRYKVF/PNFPSEUVEKWEWVUXNIB/DUXNECMQ901", "operationName": "RztaavsqqwoMxrvtvgMqkmgujr", "time": "2020-01-05A02:58:28.1101411X", "category": "EfryxrpkdhaKefckkrXpatpudjPpo", "properties": {"instanceId": "JuabduuzgqrRuxcdtlYtxq_FC_0", "clientIp": "23.96.59.35", "clientPort": "0", "requestUri": "/404", "ruleSetType": "SXTOH", "ruleSetVersion": "3.0", "ruleId": "920320", "ruleGroup": "920-IXTLZQKZ-HGJMYSKKVXC", "message": "Fmnldwl Jlbi Cvxyu Wiinyd", "action": "Hwhqvjh", "site": "Lrjnsj", "details": {"message": "Zoslcop. Qxrgvvgz SM bcdudsa 0 th CYUOAXK_WKKILHE.", "data": "", "file": "swvoo/URGXBWA-920-YVBWSADI-IQIKPHCETBC.jbvl", "line": "1310"}, "hostname": "bockajphfmryeivb.di", "transactionId": "1297036694830188542"}}, {"resourceId": "/HDQILDCAPFIIH/0P3IR9NB-6OV5-4I0D-E452-A032AA8KC133/KWABYYXTJHICSN/MMTCGAQWXHHM901/JEEXARPAO/JVVWVYQQQ.TZADXWA/MAENQEVGJQPKFYACIAX/ORVYDOZF901", "operationName": "LnjstqnrbfzQtlzrmtVuggkigc", "time": "2020-01-05V02:58:28.1931870R", "category": "XmhuooifbghRoljzldZatulhhtVjo", "properties": {"instanceId": "UhmcfoxzosxUtgnmhdObtj_MD_0", "clientIp": "23.96.59.35", "clientPort": "0", "requestUri": "/404", "ruleSetType": "IAIPC", "ruleSetVersion": "3.0", "ruleId": "920320", "ruleGroup": "920-IAJHWXLS-JGUGIYRATDW", "message": "Sjxkrer Rchh Pwmtu Epfmjv", "action": "Irzvzca", "site": "Lftelb", "details": {"message": "Zbncddu. Cebkwupc IB zqrkbnz 0 nk BWKKYUO_XLDKSEG.", "data": "", "file": "nczvx/ZLZVFMU-920-YXPRZJJY-PCYZYYKTGSH.nqii", "line": "1310"}, "hostname": "osorznsvkfnmxozf.nl", "transactionId": "14915921967998567207"}}]}