{"logs": [{"resourceId": "/CHSNAWMSFJSKX/0T3TF9ML-6IS5-4U0Z-I452-M032ZF8TO133/LKBTHWWHEYKIZE/HGDZVYHBKZAW901/MCXOKYFGX/BFYFYDGRZ.HHKHJFC/KIMUMNRKYDDUOVIEHCU/EOEUZPQY901", "operationName": "PiaaoxfixksMleizkwQljcnvpf", "time": "2020-01-06Q05:00:27.9440014R", "category": "KwdiblgnzujXwmnujqKqvvcvegHyc", "properties": {"instanceId": "TqvhmwxuspxRcmnbmmLbbu_CC_0", "clientIp": "46.119.183.100", "clientPort": "0", "requestUri": "/zz-OE/kkmwk-fvqyctydtd-fafqyurvbyvr/", "ruleSetType": "TRPLX", "ruleSetVersion": "3.0", "ruleId": "920300", "ruleGroup": "920-QEUKJGHN-CGOKXXNQGCB", "message": "Cbxchvg Kygtkkp ow Dpdtxf Ofpwiu", "action": "Ychxisf", "site": "Ngysdd", "details": {"message": "Mhxpoym. Spfjl cp \"jx WlwvbQkpFgw Yzyxezt\" dxoueay \"VNIBNIY_AVUISDB:Mzvf-Nqxvg\" pwwwemop.", "data": "", "file": "xhcbv/VGBSTCW-920-HTKZXYWN-ZPLBJNTBGZD.mduo", "line": "1247"}, "hostname": "xprqltjvetbalaqp.mu", "transactionId": "15564444712386429811"}}, {"resourceId": "/KYSTKOMTIRMGV/0J3QP9KH-6OF5-4A0T-X452-Y032OB8US133/JXJDLVEULBIWAB/MIZAPDIIHUSL901/IHCSMWPGA/XCAUZJAMP.LREXXBH/UWVDQYPKWKTKYAXIHNZ/XRSAGAJS901", "operationName": "WcgyzionclgRcnrpdsJxjolmia", "time": "2020-01-06Q05:00:28.5676732O", "category": "CxiculcwlgtHwqbhmcBytrcpypWpx", "properties": {"instanceId": "VsnqbdoblgvAsfzgpkChin_JR_0", "clientIp": "46.119.183.100", "clientPort": "0", "requestUri": "/mh-ZU/reoug-jhiscjgpdz-jwmhnxtmhrqo/", "ruleSetType": "VQHBJ", "ruleSetVersion": "3.0", "ruleId": "920300", "ruleGroup": "920-EVFWBFKI-ZEPRYQHAVYY", "message": "Zziffdb Xsebbdn kj Qmvsfu Ycxlik", "action": "Xkwiahk", "site": "Mhhyjd", "details": {"message": "Secqyzp. Ffkjq ed \"sy BvczhEowHna Okzevpx\" tyunjdu \"MQNWTBC_QTGKGBG:Xwnd-Nmygh\" cumzmdyt.", "data": "", "file": "hfiui/TJXWXZJ-920-XXWILVFG-VAHZIONKPGO.ayuk", "line": "1247"}, "hostname": "yqrnoukbzfrlrbkh.fy", "transactionId": "15564444712386429813"}}, {"resourceId": "/YNDZHLGBLPZPE/0G3OD9UT-6MN5-4D0Y-M452-H032IA8SZ133/YPMIEPJWKCLWGH/XOEJVXPWLDSG901/ICURGNYGO/HROYQQKKE.JKJLJIF/LLLPEOMEVVPNGCNCMNB/COOAVOXL901", "operationName": "MhxolakalwlOyegjfbWmdlloaa", "time": "2020-01-06J05:00:29.1549549X", "category": "ChnibidztzsXkmafueUfbzzencFmm", "properties": {"instanceId": "FajuprlygylXxrkpjfFfrt_RR_0", "clientIp": "46.119.183.100", "clientPort": "0", "requestUri": "/gl-ZE/kczcw-hkmlldejzd-jxmotvkzuuel/", "ruleSetType": "LSOUS", "ruleSetVersion": "3.0", "ruleId": "920300", "ruleGroup": "920-VDJNEFLH-BQSZUXQFOHJ", "message": "Shxyifk Xyebwqt bd Bunlia Sctrxy", "action": "Dooqrgx", "site": "Vdxjto", "details": {"message": "Xcugddn. Qorfo bn \"qw WrqjgMhsQzx Ejbnmdg\" nzdgcoq \"HKZJFAX_ZHYPREI:Fkpz-Grtyk\" pauhsmha.", "data": "", "file": "wdgvg/FMLEKXW-920-HDYBPXKT-QDGUOGZBKAX.sbzt", "line": "1247"}, "hostname": "qpwahmdvbyztwapi.qq", "transactionId": "15564444712386429815"}}, {"resourceId": "/UYJXMMDENMVRA/0U3JI9NH-6ZG5-4K0P-S452-N032AU8CX133/NQWPMKJRNIMRFB/QRFEZAGUIBOS901/BPRZTHCBE/FNRCDDSBP.HGFCBPL/MYNQJHTWTEWTQITXEJH/HYVCIUVS901", "operationName": "DykpbvjmmmhXryjpelQufisxgg", "time": "2020-01-06Y05:11:06.9545809H", "category": "SasydfmzsxoOdhxhqbIqnuasarBfb", "properties": {"instanceId": "ResxzkeqepvHhbnsgoYvbn_RR_0", "clientIp": "23.96.59.35", "clientPort": "0", "requestUri": "/404", "ruleSetType": "MOFTS", "ruleSetVersion": "3.0", "ruleId": "920320", "ruleGroup": "920-HLSKGUHY-GWPJXAMWOZF", "message": "Ruzmjuw Lywo Xecuf Ssjrfx", "action": "Zmjuenf", "site": "Nufrhb", "details": {"message": "Xcyiqdj. Uwjcjaew BU eldjtcz 0 ql BIBGWKE_WFHXUIH.", "data": "", "file": "berym/IUZEZPF-920-ITJADICI-VCSCUVBGHSH.giok", "line": "1310"}, "hostname": "uggsmxxsrbutukfd.tb", "transactionId": "2233789815369762297"}}, {"resourceId": "/OSDPJUQBFORXU/0T3OO9UZ-6KV5-4V0J-G452-I032IJ8KH133/EJQWXKKSTVSNSN/CJWGEVPFDKKM901/TVKJZNNMB/HLJNYKHBD.WNGPCIN/VGTMFXLUGZVKNEYZMWT/WAIANBDO901", "operationName": "EikioewzvbpAmqjbsqJmkpprqy", "time": "2020-01-06L05:11:07.0326562O", "category": "XmhfcdbjrqaYwpfjjfGuisqeqgCsy", "properties": {"instanceId": "SmtojwnwkhjChulqoeXhbb_YQ_0", "clientIp": "23.96.59.35", "clientPort": "0", "requestUri": "/404", "ruleSetType": "CGNJW", "ruleSetVersion": "3.0", "ruleId": "920320", "ruleGroup": "920-RNZLUUXG-GVBRJSWWXZE", "message": "Vdvcqjd Rumj Mumqw Qujwnf", "action": "Tbuhxll", "site": "Rbqurw", "details": {"message": "Choguis. Ijwkxokl KI gexnarh 0 he UJSVWZA_CQPKWVO.", "data": "", "file": "tjfab/IUNNGHE-920-EMFJDASN-SJKSTKQVJQN.myok", "line": "1310"}, "hostname": "xljeikaecuihhyop.zv", "transactionId": "9007203654934987747"}}, {"resourceId": "/LRVQAHGKBEPET/0N3GT9YG-6DO5-4Y0X-K452-Y032TO8ZD133/WBKSMOGGZVKVXJ/VGBWZAGXFIAC901/WZUQNAZTB/FYTABLEWA.CQWHPTU/JHCGQHUNOGTSDPFKJHV/LXTLEWVH901", "operationName": "SvtvczsqcjkLufsrksYvyiubta", "time": "2020-01-06F05:18:19.6682459F", "category": "DdhzgxucwxzUqludsuVnwiipazVjx", "properties": {"instanceId": "OafwgacjcexCgcrmxzHvfx_KI_0", "clientIp": "66.160.140.183", "clientPort": "0", "requestUri": "/", "ruleSetType": "KLIOM", "ruleSetVersion": "3.0", "ruleId": "920300", "ruleGroup": "920-NWVUFRGD-TWUTCWFDSOP", "message": "Wzhxtqr Kcmmqep gg Pexwji Eosqrg", "action": "Rxhkdzw", "site": "Ibetst", "details": {"message": "Onpaogb. Teuhq ut \"yc FvzzxCjsQke Gfnzfdt\" uacmvxw \"FIHGXDV_AISRYSO:Gpoi-Jiobn\" ehsnkyxe.", "data": "", "file": "lsnre/BOVXOQF-920-VBAEDYLZ-XXSIIWPCFZP.stqz", "line": "1247"}, "hostname": "zzswlpuvyhmhauqx.jfv", "transactionId": "13114486515096880276"}}, {"resourceId": "/KIGONUCIIDGJM/0W3NB9UY-6QQ5-4H0K-L452-F032TI8QX133/YOWCVNAKRDBAKX/JXDKFJCKHXVJ901/YLAQQKKHO/TNYLWBBDU.GGIAUIM/QBDGMYQRDTRYPXWNYSD/JGICCCSB901", "operationName": "MbynbmlnsyvHxvcxlnTwlarvaw", "time": "2020-01-06Z05:18:19.9898192M", "category": "BjlnddcjnmcHgqopirDwsthpjqVrm", "properties": {"instanceId": "DvzskwlkeaqNpiljqrLufs_OE_0", "clientIp": "66.160.140.183", "clientPort": "0", "requestUri": "/", "ruleSetType": "LXGOG", "ruleSetVersion": "3.0", "ruleId": "920300", "ruleGroup": "920-WTRMGGFH-GXUBPTPHFDD", "message": "Jtdlauu Dnktjac lq Yaugbk Ejyfjh", "action": "Gubibkh", "site": "Txxfit", "details": {"message": "Hivgnhe. Goggr fi \"vf YsrvrQzcUaq Iefvtbk\" yewyxgf \"EZGHNQN_OUWWXIX:Dwks-Idrwp\" jberjujb.", "data": "", "file": "ebuon/AROCWKN-920-ILEILMHU-LCCVTNLHAWQ.vuxv", "line": "1247"}, "hostname": "xazzfxfglagiyxsl.iua", "transactionId": "13114486515096880278"}}, {"resourceId": "/TRXYAYQYVVHRB/0O3RQ9QM-6AO5-4S0R-G452-V032DK8RS133/EVJZKOGCSIMXXD/HVTJLAASUMIM901/BBBSMLJBL/ZSGWMOWVH.ZIYNTCQ/KUSWTOGFFGIVFUMPBGP/DPCPEPJQ901", "operationName": "QlwtqvyuxidYqnfjrbScngdqaa", "time": "2020-01-06U05:22:53.4373388U", "category": "LyktfkuqueiTsdmyxtBaajmyysPba", "properties": {"instanceId": "VekqdigjuidXenpsvgMrnl_MV_0", "clientIp": "39.104.235.66", "clientPort": "0", "requestUri": "/pk/utmhc.kn", "ruleSetType": "UHQVL", "ruleSetVersion": "3.0", "ruleId": "913101", "ruleGroup": "913-MWFEEXL-YMBWTYXFP", "message": "Hhxrn Gpqv-Ethhu vhydycwmmb djim jucgrkrrv/djjjxmh LVYM jjqrbz", "action": "Dxytozz", "site": "Npwrcb", "details": {"message": "Sdbdncn. Wjclzpx dlbcoj \"bzrzql-ayygfxgh ...\" yl YGAXUGH_QLGUYLU:Rhyj-Gqtkc.", "data": "Jfinxym Vpko: savsjb-nhsxbxpl pfeiq fbflyh LAAQTPQ_CHLBKSD:Vktx-Revyw: mnewpq-scxpyghk/2.22.0", "file": "axant/GHDHNJR-913-PFTSHWP-QWNIOPKJC.kask", "line": "156"}, "hostname": "rpoqzoazlzklkpzl.jtz", "transactionId": "13114486515096880318"}}, {"resourceId": "/XQMZTKJWHSPYU/0M3WC9SU-6NZ5-4A0L-M452-Y032XW8GQ133/TPCJGVETIXVHLY/XOKNDFLCFVMH901/VIGKYIJIM/RXGOAVBAK.GPZBBEL/FBTTAETFVICXEIUHVWZ/TGTVCXPY901", "operationName": "NhyeqernojcZchylooWdlhmgsd", "time": "2020-01-06P05:22:53.4373388F", "category": "ReiglirgoarDtjyptgGscuacdbPzb", "properties": {"instanceId": "CfquydgworlCjrfidgWmbp_CE_0", "clientIp": "39.104.235.66", "clientPort": "0", "requestUri": "/qy/kaxkc.uz", "ruleSetType": "RSSKW", "ruleSetVersion": "3.0", "ruleId": "0", "ruleGroup": "Izkqxhr", "message": "Ercasmhyk ynrn. Ildfmw yu jfwuqzub. Gwqryoh Qgmjufh Tjatu Rhyjppum (Nzoyj Dqgxp: 5)", "action": "Vnwpitk", "site": "Wdkfud", "details": {"message": "Vtswbl furlur crlo qyev 403 (ereby 2). Pkizcmaz BS vjaarit 5 qk LU:ofqvees_ufrbt.", "data": "", "file": "xzdvx/TMLGIUD-949-HDLZPUBL-ZGSHMFFXPT.zbci", "line": "57"}, "hostname": "nnoukuqvbcdneujm.fha", "transactionId": "13114486515096880318"}}, {"resourceId": "/NMIBEMDWNWXYI/0A3PP9WQ-6VP5-4Q0T-V452-N032ZU8HU133/BOMQAWDWNACVML/AWKWGUGBSLEB901/CKWTZNTHM/UKZAEIZDN.KXYKBTX/MFYRERUVSFYYUBYAVED/UTDFEUHP901", "operationName": "KzrgnxihmsjNqzqidtOdjorlff", "time": "2020-01-06L05:22:53.4373388P", "category": "VnedjddldpsNgqkrhuGufazyfmWpk", "properties": {"instanceId": "XuscqmrirfuYmcjcweVywx_SA_0", "clientIp": "39.104.235.66", "clientPort": "0", "requestUri": "/dv/skrvi.yc", "ruleSetType": "QUGTQ", "ruleSetVersion": "3.0", "ruleId": "0", "ruleGroup": "Sliyhow", "message": "Tbqmvgzja mshg. Xivbwf hg aqkfvonu. Ndvehbr Ghlzeio Vigmr Icajrnov (Awwkd Xbeihjf Vokiw: 5 - ICPA=0,IDU=0,GPO=0,QSS=0,EJM=0,NRGJ=0,LZGS=0,MQXU=0): Pjkhu Mbnb-Haoij cybmoehzmh edio fdbmvmqyu/lpsysny FKUM ydpnuj", "action": "Obbtwge", "site": "Qzyeez", "details": {"message": "Fpuvwxw. Ifmcknrp NK yxnyqfe 5 oq XR:ygfpnzs_ufgafrz_fwbib.", "data": "", "file": "mvdsf/LBIUYGZJ-980-NXOLUUHGGAS.fyxw", "line": "73"}, "hostname": "ezebafxjxqstgjff.tvg", "transactionId": "13114486515096880318"}}, {"resourceId": "/FXFONVSRFPMAA/0N3VH9JQ-6KM5-4A0I-Q452-L032QZ8AM133/OAFUQBNCNZCAMX/EYPCGGNJXDNO901/JDUZUNSMC/FXABMXZWH.VGKMYXQ/DVDSWTECGZAVONFKFCB/TFKUDSSJ901", "operationName": "UnscdurcztzPcntxunTesvzmvd", "time": "2020-01-06M05:20:59.0444229T", "category": "JqungwxbuefJoyhkqqTrosmwjeNsk", "properties": {"instanceId": "YtwpfnvuymcQrbqjkaMjib_PW_0", "clientIp": "216.123.208.30", "clientPort": "0", "requestUri": "/", "ruleSetType": "JILOU", "ruleSetVersion": "3.0", "ruleId": "920300", "ruleGroup": "920-TTVZXMSZ-TOHQHLWGLEM", "message": "Tnvcnwz Gfwkuwt bi Gkfghf Wbhqqy", "action": "Vfextjf", "site": "Hamimm", "details": {"message": "Cuhbypr. Khgms kb \"up NzyglHswMkf Jaguvsj\" ttxwqqm \"ASEYXZC_NWRUBZN:Hpbu-Barlu\" ipadrzwa.", "data": "", "file": "yvqfo/NCDFZJC-920-TXDPUNZA-BRIUNAUQAJG.xvxt", "line": "1247"}, "hostname": "ptrrzctgwkuzehrf.af", "transactionId": "1080868310762917157"}}, {"resourceId": "/PDZDGTYVGCIUI/0L3QW9CI-6IW5-4I0Q-M452-L032WL8GT133/MQKYASYQWKEMTN/IXKFGSKSXCKZ901/YGBZFXFKX/UCSCBPWJE.ZFPAECS/IKEPVVCUAHBLYFSEGUW/DORCGFVE901", "operationName": "DhivbxpgmppUhpunksXjxpxjzw", "time": "2020-01-06Z05:26:50.3270074C", "category": "DckclrnpyuuOyzspxiRfxnbmvgBuj", "properties": {"instanceId": "PjnxjsdxyflKrmwdfzAmrb_MC_0", "clientIp": "129.146.158.17", "clientPort": "0", "requestUri": "/wiueqw.gyk", "ruleSetType": "YTBDG", "ruleSetVersion": "3.0", "ruleId": "920300", "ruleGroup": "920-CFDDTPPW-AYLUWDLHAKI", "message": "Xtslhlz Xoewbcp ee Iuituw Lqritg", "action": "Qgijqnx", "site": "Opsuow", "details": {"message": "Eqsgvoy. Hxpsa sp \"bk WwaepEkcTku Hhuhgus\" wqxotka \"VTGQBEG_KHGJFBI:Kjga-Kqalw\" yvoowklq.", "data": "", "file": "pxjzo/YVFZVZY-920-RYVUJUIB-AUSMPJZNNWM.fqpu", "line": "1247"}, "hostname": "jqeshcahujajowwo.mw", "transactionId": "1080868310762917185"}}, {"resourceId": "/JMNBOUEUYDYTJ/0W3YJ9JU-6SO5-4L0D-G452-Y032MN8QD133/WGIWENATMWJQRM/BLQHTEXYEEUK901/MOSWQBOAD/YBUEKKAYA.XQJKAEU/FGCYWRIICHSAKIBOJZD/TJDWWPAR901", "operationName": "SurjckfzuhxLbfrpffXnsnetsa", "time": "2020-01-06F05:26:50.6720842U", "category": "LwefvalaeizDgvpcocSyvwjyzoAlp", "properties": {"instanceId": "NgqaeahuejqXyktxpoYurf_KZ_0", "clientIp": "129.146.158.17", "clientPort": "0", "requestUri": "/semtrv.ira", "ruleSetType": "TUTTJ", "ruleSetVersion": "3.0", "ruleId": "920300", "ruleGroup": "920-NHPVXSFM-JIIIDVBGUCD", "message": "Ougvvvi Sddmsve yu Wfdfry Bfpqhw", "action": "Dhrqvor", "site": "Wduvje", "details": {"message": "Cgghgpy. Fmltc do \"ep XwhpgGmlEkg Xefypwq\" xkfqpce \"VLSHCTQ_AJCULZM:Pcjf-Ghalf\" bzrztzpj.", "data": "", "file": "sitma/ASGOIXO-920-ESWQDUSZ-UQWZDKVSKOG.ikwy", "line": "1247"}, "hostname": "rrtyknviemfphhgm.eu", "transactionId": "13114486515096880336"}}, {"resourceId": "/NMTQEJXYNBXCE/0B3WN9QP-6VH5-4P0V-N452-Q032SZ8IG133/LVIZIJHQDAEQGT/EEJEBCERNYYP901/GXGSFMTFJ/IGHDEHAOE.WUNBIMT/HJEVSDMYZVTIURUTFOC/PRTWKXEK901", "operationName": "JlvfzhpltveHtebkukKbhyuofc", "time": "2020-01-06K05:26:50.8269543N", "category": "MbwyaeezvyrOrezyvbQejiicodVhd", "properties": {"instanceId": "LcbfjdkzkxkZoxpsilLbgy_NG_0", "clientIp": "129.146.158.17", "clientPort": "0", "requestUri": "/", "ruleSetType": "QPNHN", "ruleSetVersion": "3.0", "ruleId": "920300", "ruleGroup": "920-EEIWXIGX-NVYPWJCVCLF", "message": "Naeetjk Ognxgpq hr Ogksni Qqcfve", "action": "Rogsvxy", "site": "Cqefmx", "details": {"message": "Pcebjph. Qmjzc mh \"cr TnaxbGxcMcr Wbllltj\" fufcban \"DXAWFUB_RNOXJLK:Vbzn-Olkwl\" etdwrptf.", "data": "", "file": "jzsux/JZUJOHQ-920-VEXXGVDD-MWPJMECWGUJ.rueg", "line": "1247"}, "hostname": "irskfhvxswwyqshn.gr", "transactionId": "1080868310762917186"}}, {"resourceId": "/VPGHTKGTUKYEU/0T3UD9HQ-6GF5-4X0X-V452-L032HN8GO133/JRTXQXFODPTPTX/NPITMEQLGYTQ901/IKCWJHVLG/SLGPQJFQX.QVVQAZE/GVSRPPMVLPUIQUXARFZ/WQTTHFLN901", "operationName": "KxlnlhdrqzuMfjurjzCsjpibnp", "time": "2020-01-06X05:26:50.9543751X", "category": "ShnzmadrbbsZdzxhooUabrmjeyIub", "properties": {"instanceId": "XiymaagddhvHqujptlMzsc_XJ_0", "clientIp": "129.146.158.17", "clientPort": "0", "requestUri": "/", "ruleSetType": "SZFDR", "ruleSetVersion": "3.0", "ruleId": "920300", "ruleGroup": "920-AFSUJUHT-SYGHBQKCNEY", "message": "Nzgfbuz Bscycea wi Svralp Pijage", "action": "Yhxrthe", "site": "Ibbgrd", "details": {"message": "Lyfzkpk. Rtydt bb \"hf MarrnNnqMch Cskbggh\" fuknlnc \"MCINJFR_PZCLCVX:Feuv-Wsuzx\" niyvxnbs.", "data": "", "file": "dqgnb/TZNHOQW-920-QTKCVWRF-CEWFCXGEMVK.txad", "line": "1247"}, "hostname": "hwpolopgtwbkozci.jh", "transactionId": "13114486515096880337"}}, {"resourceId": "/TVDKOHMDPLBAX/0V3LI9OG-6HH5-4R0X-K452-G032WK8NU133/KRPPALWUWKWRGP/QTCGFQCRUZEP901/CEBMUFOXV/ACSVRQXLH.UYAGSDP/XXWXTEWGFFDNYUINLQQ/WWTFVCTT901", "operationName": "MqfeagxakwrVgprfniWsxabkma", "time": "2020-01-06P05:28:11.0981759L", "category": "IkwdfikqztgHxppjdjKritfcdxJrd", "properties": {"instanceId": "KwaowxywyvyEgzqmqbIimi_JY_0", "clientIp": "129.146.158.17", "clientPort": "0", "requestUri": "/pfzcku.eok", "ruleSetType": "RSKAZ", "ruleSetVersion": "3.0", "ruleId": "920300", "ruleGroup": "920-DSMFLXAD-WHWAOVUUGLX", "message": "Nhonpia Cyvpxxu pz Jlkfry Congbl", "action": "Nwqdixb", "site": "Kzfrmp", "details": {"message": "Bmcrjzx. Tyvmm gi \"fq CbgbvMnnGcw Izvugye\" cmnyauy \"KYMXPTD_KRLWOPY:Waqo-Kucxx\" yksnpsuo.", "data": "", "file": "hwwzy/HWNRXUH-920-RGGVIELY-TQAATMJCTEA.ixbt", "line": "1247"}, "hostname": "xveydflfbitahzev.dwt", "transactionId": "8718968880736764293"}}, {"resourceId": "/OHTNKXOLRYHFY/0H3NY9IO-6KY5-4W0G-X452-T032HP8KU133/YAGGXGHGQJYAHN/OJRPGTWAEGMB901/UOZMUFOAD/BKUNUEGIY.WIMKAVA/NSSUCGVWCMANRXLYCIT/DNYPLWIX901", "operationName": "TlhrthrieazVeyzzhsBldqpknm", "time": "2020-01-06Y05:28:11.4361907Q", "category": "KulruvskgksEkumyvmBgexteejSwc", "properties": {"instanceId": "JydigpxukwzIpgzqpdHqwm_GC_0", "clientIp": "129.146.158.17", "clientPort": "0", "requestUri": "/ddhmxm.dud", "ruleSetType": "QFQKZ", "ruleSetVersion": "3.0", "ruleId": "920300", "ruleGroup": "920-WVCGSDEF-QDWLPXRQQQF", "message": "Nmtwpzp Pzytshy le Yfxwfg Rahyvt", "action": "Uijnfvw", "site": "Tfypod", "details": {"message": "Sqisxeb. Tclpj wq \"nn HbqjuSvdLlb Eiatzuu\" ikqzbfn \"DHHRZGW_EIVOHJX:Cwqc-Jpveu\" eubrnszt.", "data": "", "file": "myjmd/CPDXRCL-920-CJSJQGVM-TZCAHLWTMPP.xebv", "line": "1247"}, "hostname": "tzeamhlqpuplajzz.oxj", "transactionId": "6196953089409288733"}}, {"resourceId": "/PNWJXUVUCUUHW/0E3GS9OA-6KE5-4U0D-P452-N032TT8KA133/UOAKYIRQQBKYMU/SHEEMMGUKHDA901/EIRCLYPAN/ZFJESMMQM.RTIZRAT/PCRJVHPDTYYNDPMZONH/CFYUNTCR901", "operationName": "IiutwmvjxsrYpzordoYsjletsw", "time": "2020-01-06A05:28:11.5768539S", "category": "FfnbuuxlfzuXoxtkbuZfprpwiiAhz", "properties": {"instanceId": "FvizpgjesuvVviauktYwug_VB_0", "clientIp": "129.146.158.17", "clientPort": "0", "requestUri": "/kxmlavrrfxou-qnbnqzdq/fmbtpj-iuuuva-kfghcto-mmxlcgyh", "ruleSetType": "HJWDQ", "ruleSetVersion": "3.0", "ruleId": "920300", "ruleGroup": "920-SBSPRTXZ-FCYPINLHYEJ", "message": "Dwyspby Uxnkmtj hr Nwochh Lxjyyv", "action": "Hfyycbr", "site": "Wgmyrd", "details": {"message": "Ukbjaen. Fhljd rn \"ux NazqzCkjHjx Fsygcbv\" vpraldv \"YICRVXD_RCEOFNJ:Rajk-Uouid\" kmwlcdvo.", "data": "", "file": "blgsg/ULRHHTI-920-GZPRHKCO-UQYFCGHZTYC.wlam", "line": "1247"}, "hostname": "muzuzeleijdvbmdl.pvb", "transactionId": "8718968880736764294"}}, {"resourceId": "/CKDIPNAVKGTTC/0A3RV9VU-6DL5-4V0X-T452-G032PJ8QA133/WHIEHZZGSTQWYC/CBNYMFNVKHOG901/DEILCMXBN/RTZYXNIJB.FCXXYEN/DJZZGGMRJMRZKFHIJLX/CJGBGKRJ901", "operationName": "KysxsknijldXvuqgscOgctghhu", "time": "2020-01-06E05:28:11.7174892J", "category": "EufsdgwvgwkMbutxeiUcbixkzhRlq", "properties": {"instanceId": "OxctytywlwtEvwphmjMrpu_BH_0", "clientIp": "129.146.158.17", "clientPort": "0", "requestUri": "/azjmqqacwvbi-myxzhxcp/rwonjq-cezatz-tqbtlfh-ebsfyhic", "ruleSetType": "RBETA", "ruleSetVersion": "3.0", "ruleId": "920300", "ruleGroup": "920-FYBCHVBA-PPAZCQSRXCZ", "message": "Wmnijdg Etikyaa oe Lxnzbf Cwnoij", "action": "Tsolsaa", "site": "Dvbivh", "details": {"message": "Ixjbfbu. Folgp zt \"ea PicbiNiuZpl Pxlierv\" ktmufxv \"ZNUCNUF_RYLLKFI:Rufw-Tdzfz\" gkbaqdtm.", "data": "", "file": "jmzcy/HGDFOQO-920-CFHXFSJA-MLOUTQZAPDW.icua", "line": "1247"}, "hostname": "yzumilelazzllzgq.siv", "transactionId": "6196953089409288734"}}, {"resourceId": "/EDRHLJYJWZSTC/0A3MO9JP-6JH5-4Y0H-X452-Z032ON8TG133/LADEOCDKOKDCMH/DVGYAQXRMQSK901/NGSMMPJWQ/CRDFQQMIX.WKGBKWI/KHDFUJHQTYATKZPOOPC/KHTUEWHF901", "operationName": "PamyqlbkyyrVyquajoBbfurdfe", "time": "2020-01-06Z05:28:43.9891636K", "category": "VwffglilxguJqfyytkZqjnqboqRzl", "properties": {"instanceId": "RqmocznmgmiNdenobtKuqq_BL_0", "clientIp": "35.205.85.35", "clientPort": "0", "requestUri": "/nhthzcegltusgep", "ruleSetType": "GCUDX", "ruleSetVersion": "3.0", "ruleId": "920320", "ruleGroup": "920-ULTNEFKQ-OXWQYRNNZIU", "message": "Devgmzu Muxs Ycjrr Ycorag", "action": "Yrfmdua", "site": "Hhuhdj", "details": {"message": "Rrvudht. Imtwguqw WF vhyssos 0 jh SXUYJHM_TVGRANB.", "data": "", "file": "yosje/ZWTOHLQ-920-FMXYFXHR-ZGGYONHBGPL.jcax", "line": "1310"}, "hostname": "svnokeceapadqffp.gdy", "transactionId": "10304240347617690773"}}, {"resourceId": "/QVXPUAMBKEQXQ/0K3YH9BL-6VO5-4M0N-Q452-R032WW8QW133/OMNVMYDHDZYXCV/YQRZLDOHQQVJ901/FJLDQSWLG/JZTDXWKYJ.YLUBVOX/PMDFLSTVZRHAVYKAUQM/IRFGJFDU901", "operationName": "KavjfwkdnyiWqlajmuRzkqlpvs", "time": "2020-01-06Q05:28:44.2266062C", "category": "TwxezgianwkHtqzutrSptrysbaRqb", "properties": {"instanceId": "MqqadsinofdKcjobmrKgeq_KY_0", "clientIp": "35.205.85.35", "clientPort": "0", "requestUri": "/dukrylprslshrm/pwfqoswutm-zkuckjnbeqi-ssvfpwc-nqtbffpc", "ruleSetType": "CZMEY", "ruleSetVersion": "3.0", "ruleId": "920320", "ruleGroup": "920-KJDXFSQB-BKWFKRBYFDW", "message": "Vqownah Bcbx Vipti Ctknso", "action": "Ixjiptf", "site": "Ywpqmp", "details": {"message": "Mtyomzd. Msizirsg RJ pimptsw 0 xg XXLPOZV_WFOJHUF.", "data": "", "file": "yvvtl/GAFSWWC-920-ZDGMTZQY-OFWVPSSPLPU.dylp", "line": "1310"}, "hostname": "voyohizmgaocenrt.ayy", "transactionId": "15780621892546728075"}}, {"resourceId": "/BRZUTCDUWAEGN/0I3KW9KA-6AA5-4R0U-Q452-K032NZ8KN133/MIVZFZHXMSJCVT/DXKUKDYROUGT901/KLQBYFGJA/YNSSICEBM.GQEHZEL/QBSECIMVGGFMEYTPCOC/OQPVBPYX901", "operationName": "QaeeklppwgkLofsnnvWrdnljxa", "time": "2020-01-06K05:28:44.3539365M", "category": "UmufuvvagrsXonifncRdujgmxmJsc", "properties": {"instanceId": "YbngqxfcoptIpkvnkhSubc_VI_0", "clientIp": "35.205.85.35", "clientPort": "0", "requestUri": "/jwxynbzxiadxld/rveqsufrjs-wljgzfnvdls-sommtlf-psrjemvs", "ruleSetType": "EFFEX", "ruleSetVersion": "3.0", "ruleId": "920320", "ruleGroup": "920-XEYOILIX-ZGNTCSKTGSI", "message": "Ecyjehm Cusv Iaqip Mxnhik", "action": "Urpmlho", "site": "Wnpgpe", "details": {"message": "Eujdjrq. Uljcukfi UD vvdgbmj 0 mo YQVBXLE_FZLEYEA.", "data": "", "file": "ibrwf/ZGCXRUM-920-WKGNZHRO-MTBINTYJPTK.ipjc", "line": "1310"}, "hostname": "krcptzeuuuupiixe.saw", "transactionId": "10304240347617690774"}}, {"resourceId": "/EOKVNDATLOSCU/0V3VG9TW-6ZW5-4W0G-I452-K032OI8PC133/FWKBFOJGQOJGWM/JBKGMPLRFCCC901/HBMPAFOLG/YKOKKUHGP.YTHKIOL/IKIFLWRPPJWJWVSOUOE/CGXVTCRQ901", "operationName": "IjlesqbuwbwQyxmovwHnsnsdmm", "time": "2020-01-06G05:28:44.9868628S", "category": "IdfjsetxziqDmmhljoIrsltfbcFkd", "properties": {"instanceId": "XbmtlyqapkkRonqzggLftg_LJ_0", "clientIp": "35.205.85.35", "clientPort": "0", "requestUri": "/pfsxlvbtqbkazgs", "ruleSetType": "COFQA", "ruleSetVersion": "3.0", "ruleId": "920320", "ruleGroup": "920-SGCWRKSV-RJMBJNKIZIY", "message": "Rmwfvfx Yepi Tenzc Wgdbmn", "action": "Prmffis", "site": "Mrfddw", "details": {"message": "Hsgdvhc. Cluyldam XJ npanpwj 0 ph GAXINHZ_RQGZZPL.", "data": "", "file": "lvppa/CMMWLJE-920-RIFQBXPZ-CFXLTPPRFJY.ntdk", "line": "1310"}, "hostname": "ijfmmpjvwahoxuzq.tpy", "transactionId": "10304240347617690775"}}, {"resourceId": "/LJDQSHRYCRUAO/0K3JF9KV-6SJ5-4A0J-Z452-R032TL8UV133/NJEXOPKRZPGYMB/UVDWMQALULSJ901/CSXOUZXZK/YSDPWXBAY.XUVIZGN/VDEMPFHDFEZZWXXKTQI/CEFBZHDK901", "operationName": "FzvmgxthfdvWmwlakmMugjhxua", "time": "2020-01-06L05:28:45.0962816W", "category": "IcdsqpvxqxbKmcjbgwPlbqbtxyMmn", "properties": {"instanceId": "DrwvzkkjsudDekixhzFsos_NB_0", "clientIp": "35.205.85.35", "clientPort": "0", "requestUri": "/sxyjwbmptinpkt/fenvntefgj-uutxvsvwmfl-dbdrmvo-kcqhbawq", "ruleSetType": "IDVEJ", "ruleSetVersion": "3.0", "ruleId": "920320", "ruleGroup": "920-HSRYILJQ-UEWDTTPICSG", "message": "Oxvnljx Hlwf Csprg Epvpxw", "action": "Cukkfwi", "site": "Vqfnmq", "details": {"message": "Jelvxri. Sehxsdwx NB ihcxuwq 0 vv OVHJYLQ_VVCGZGF.", "data": "", "file": "jojnm/GLWYANP-920-JLYQAGRS-WGMGZNWIOGP.zxfv", "line": "1310"}, "hostname": "obhsguvulzhbjngd.uxp", "transactionId": "15780621892546728076"}}, {"resourceId": "/LFGASZKFZCRWL/0Q3AV9WG-6UT5-4V0M-R452-S032NC8YO133/VFOQPANFTTVEHD/VAWXHXXOARSM901/CIUOCSIFQ/BPQUGMDQH.KPJFRPX/JJKMNPEKOGPQERVFYPT/AWIGQYAS901", "operationName": "SrtdvelowtuQvifekePzlbfemn", "time": "2020-01-06Y05:28:45.2212858V", "category": "UsytyfdrrqgLiultehArnobjpgYaa", "properties": {"instanceId": "BjgmmgnussxSlzphbzVdts_KD_0", "clientIp": "35.205.85.35", "clientPort": "0", "requestUri": "/fujxxdelbxpjcy/gvpmqvaovn-sezzmxfogau-jpuhvku-jwdlxhit", "ruleSetType": "DNQZQ", "ruleSetVersion": "3.0", "ruleId": "920320", "ruleGroup": "920-FATREPHV-KDKYULHXLYG", "message": "Ncxamee Nuki Wobbg Qlkvfb", "action": "Suywahh", "site": "Ttjmbf", "details": {"message": "Qnjzuhu. Ezldfukt VT rwilsup 0 nj JKJRTNP_EVXSGDY.", "data": "", "file": "fgbtu/IFEHQIG-920-WKWVQQJP-UKOKZSNWASY.sazb", "line": "1310"}, "hostname": "atnnockktoigyupf.mth", "transactionId": "10304240347617690776"}}, {"resourceId": "/ZOCYKCRXUZZWF/0E3YD9UJ-6YN5-4U0Q-Y452-N032FR8YA133/TMGHCBAVSSPXST/MBSGXBCFKSPL901/SAUXDMKCV/RQUEMLZDX.VKNKAMV/RVIEXSXDEFQYMZKAUDJ/PXPCDMST901", "operationName": "MmlceybvtefQnbpqjoUdnhbegj", "time": "2020-01-06B05:31:20.3706042T", "category": "JjtrtmerzteNtookddJvtpewreXhi", "properties": {"instanceId": "DchtbtchuzyYtbiaskUpss_VY_0", "clientIp": "23.96.59.35", "clientPort": "0", "requestUri": "/404", "ruleSetType": "LPNYL", "ruleSetVersion": "3.0", "ruleId": "920320", "ruleGroup": "920-EIGLBHIA-NYWLDKGAAQY", "message": "Iyowwar Pucy Xyjgy Ocfjtx", "action": "Ayumvgw", "site": "Khblca", "details": {"message": "Hhaezlk. Twcsvfcx YG ptggsxv 0 pz VHUSJBE_SJNEMAT.", "data": "", "file": "mkjhu/FGOEPBN-920-GVJLEUXX-CYYDXAHFSKW.ijfq", "line": "1310"}, "hostname": "sxwqywveztwaxnoe.ux", "transactionId": "16212967456774295358"}}, {"resourceId": "/EOLINZRMCKQAM/0R3GX9HK-6VM5-4P0P-S452-U032FM8BB133/NVIERLOADNKYQZ/IHGZYKMXFLOS901/XEVEMHOTE/IDJKXUPCI.LOIGGCA/NTVEZVKYNDIBBDCPCWC/DSRETDDF901", "operationName": "RaiojegheaiOnqkuwsKjdysvht", "time": "2020-01-06L05:31:20.4643320Q", "category": "VugfmfqkqxtKnxxcrrWvcorpzfPck", "properties": {"instanceId": "KxscspcorqqTmobgueUeuk_NX_0", "clientIp": "23.96.59.35", "clientPort": "0", "requestUri": "/404", "ruleSetType": "CONYF", "ruleSetVersion": "3.0", "ruleId": "920320", "ruleGroup": "920-XERZVEKI-KEJBPWTSWPU", "message": "Xgbqnkm Vofb Paque Pxieql", "action": "Vhmmogi", "site": "Bvwksf", "details": {"message": "Yffeycw. Etcdqrso RN ukcscuj 0 ip JJRNWBV_ZHFAXSP.", "data": "", "file": "moycx/MWXMTPU-920-IVCYDOKV-OGRBNIMTROU.vueq", "line": "1310"}, "hostname": "zujeiqjbtaakeuya.oj", "transactionId": "4035225268271450668"}}, {"resourceId": "/QITUZAXFKYXOB/0K3EE9JO-6LG5-4R0H-D452-K032QL8LH133/ZJHIREHMKSAEIF/BLKWGQOIITYF901/CWJWAEFYW/OVFMQWBNH.HXUIJHR/LJMVVMKNDSFSVEAOPIU/PYPBHDAN901", "operationName": "VigbedboxcbHiiuixmSperrqwc", "time": "2020-01-06I05:33:50.8671012C", "category": "FxczlwtfsatLlejeevLxcmdsphFvq", "properties": {"instanceId": "XsfwehvrgbvBrnmonaHrxs_WJ_0", "clientIp": "118.69.238.10", "clientPort": "0", "requestUri": "/njmtx/ahvofrxx/faxivsy-ykxvneeea-vvgjp-amembt/myvpk/", "ruleSetType": "BBQCK", "ruleSetVersion": "3.0", "ruleId": "920300", "ruleGroup": "920-XYCRSTBB-PEOBKVUJBFR", "message": "Hxdiylf Setxqfv hc Wxpmyh Lxcaic", "action": "Imgnzkk", "site": "Nyxsoi", "details": {"message": "Tndomuh. Gtpdk rn \"zv OrmbzDthVof Rksxycr\" jkgdkxp \"LYJVTVH_LSLEZSQ:Ouip-Vmrzb\" gjroleav.", "data": "", "file": "zxggf/VGSHFUL-920-BPTCMYZG-WWPKWINCTZU.mdvw", "line": "1247"}, "hostname": "aguqcpqxpistenwz.qet", "transactionId": "360292370383637469"}}, {"resourceId": "/MAPONVOXARDXP/0A3PK9VY-6MP5-4A0E-N452-J032GO8XH133/GYDQNMJCZGMKQQ/XOYMHCOGOUMU901/GGMDQHLAK/EYKBYLDZY.EWILHXG/HEYCWQWLCYKLTVPFGDF/WXRJMMVZ901", "operationName": "TuaqplwretoIfeymniMqbfpozt", "time": "2020-01-06R05:33:51.5282604L", "category": "EawagfxjwlvRozagqpRqyiiqcaTkc", "properties": {"instanceId": "JmdszssaxqjJhhkytkHqyu_TG_0", "clientIp": "118.69.238.10", "clientPort": "0", "requestUri": "/fipsjlze/jascjbiy-bgnvauro/raiuzrn-fgcwfrlkc-ryr-djulp-xavtrr/aiekc-risoytpu-emblo-xezxwg-bxqmhjdu", "ruleSetType": "DARVC", "ruleSetVersion": "3.0", "ruleId": "920300", "ruleGroup": "920-GKPLYTPJ-ABPFPOJCKJB", "message": "Eyxiawm Xfggccb ww Kvyfbd Qccfpn", "action": "Etxwqzk", "site": "Jgphrm", "details": {"message": "Epbsolo. Xdirf gi \"mx WtgwcTuyLaa Qstnpwg\" yderbgc \"PGVCCMA_UHEJQGH:Rvat-Puybr\" thxkxkhr.", "data": "", "file": "zijwu/SAGWOKZ-920-CMILEEDQ-ZSLQOHXZWUI.edoq", "line": "1247"}, "hostname": "ppsbtlavdfkjroch.zmq", "transactionId": "360292370383637471"}}, {"resourceId": "/PBGCFUEIOEVIX/0F3SE9HQ-6AS5-4M0K-P452-V032PS8NX133/ZBYHEZXITXSIHM/RHGFPKBURCVY901/IUDTVMPZJ/YYEDBHXQI.FTZSTCP/LFXBVWXRDLPRYYCHODO/PPRYLXWG901", "operationName": "SjbertkeqwhUfzrglhJblzfpqy", "time": "2020-01-06F05:33:52.6232396N", "category": "KznnnhxhcvbCwgntdvXktrekuzWxi", "properties": {"instanceId": "QnsnyzlaghyPeiwfodBcjw_VC_0", "clientIp": "118.69.238.10", "clientPort": "0", "requestUri": "/roemgsbt/nuflafjp-zuoevlew/uphdwuf-dgnqbcpfb-fhp-heguv-nuajot/qtkfx-jilvuaxt-xfjtc-yxdhvr-qqicdqeh", "ruleSetType": "ZDCDX", "ruleSetVersion": "3.0", "ruleId": "920300", "ruleGroup": "920-KJJKCQRP-XESKETKIXQC", "message": "Ljtzqek Rlhwnze fw Hqpbbp Ullsrh", "action": "Cyjtelm", "site": "Bmjiye", "details": {"message": "Itnrztz. Nqcio ga \"fo OjjbqLwpDto Lciepfw\" isjsynr \"CBRWNTA_QOSTXDM:Wmoo-Lcfsc\" kgfrjnxu.", "data": "", "file": "vkirm/TFHYQTK-920-SFBVAJFS-WXMCDQTGUZE.tcvg", "line": "1247"}, "hostname": "yxekynkclbmyhgqi.acu", "transactionId": "360292370383637473"}}, {"resourceId": "/HZLXKPXVDOUHT/0U3JQ9OF-6QF5-4M0Y-O452-B032NN8PH133/ANLAXYHWRCLBWQ/TQUIOYWFOULR901/QCJXVEFHB/XJDWTPFWZ.IWHRRVC/MMVPLRJDJYRXVKAIYSA/QEYZFGSF901", "operationName": "LvqpydyxfwdNnuvsnzDrznytpe", "time": "2020-01-06J05:37:56.3744734K", "category": "DhangikfdieSirzultNfwzlphzBut", "properties": {"instanceId": "MmygpfvgyzwRjvrlrbByis_DJ_0", "clientIp": "129.146.158.17", "clientPort": "0", "requestUri": "/zepbia.vsr", "ruleSetType": "PILLS", "ruleSetVersion": "3.0", "ruleId": "920300", "ruleGroup": "920-MSQKFVDA-WGNLVAIGGLL", "message": "Yoaprhn Qcbmyzn gx Mlmzji Qfqhjh", "action": "Hhigyhk", "site": "Uuqlsf", "details": {"message": "Pndbpdq. Sxulc vw \"si NbencUanTpr Ksozrsx\" rptkohw \"UXVRFVC_BNLQXXT:Babz-Juqah\" vakrkphq.", "data": "", "file": "wsjvt/OHWLJNQ-920-YVRELLII-UYLQXRFWIHY.ikqm", "line": "1247"}, "hostname": "axfmzczthkhcwqho.rbv", "transactionId": "10736585911845257885"}}, {"resourceId": "/DBFCAXXEODRFL/0E3PR9GR-6KP5-4R0X-C452-W032ZR8XP133/XUHPPZDYUVCGSO/BOZJFVHHXQLK901/RWVFWTFGI/GAAYMZIMF.CBVTDNB/DTWHGTJIZRBVYBPOIRN/WXTVFYQV901", "operationName": "VfmrtuwbpssExqujwcQuonoptr", "time": "2020-01-06B05:37:56.6734778S", "category": "TshekrqvadwLucngbuKovbsrzbDuw", "properties": {"instanceId": "ViuemzxhczdLmimpdrOrbs_BV_0", "clientIp": "129.146.158.17", "clientPort": "0", "requestUri": "/xscvdw.qgw", "ruleSetType": "AHPVX", "ruleSetVersion": "3.0", "ruleId": "920300", "ruleGroup": "920-UCZXDNSS-WXGFANCTORN", "message": "Vykzfoz Exlenhp tg Rxenhq Vtjhpv", "action": "Ctawfsp", "site": "Ssavnr", "details": {"message": "Husivok. Bejll tn \"xb YdvrvPbdNmu Dguhrrb\" vkwsvnn \"AFKQZVG_UPNFZTT:Jaaz-Nthcf\" iksmawpo.", "data": "", "file": "ukjbe/DBHQTPF-920-XTAMCPPT-GZSQDPHICPQ.zuvm", "line": "1247"}, "hostname": "cnbqzjueqmdnxfxj.mmh", "transactionId": "4611686020574872721"}}, {"resourceId": "/OEDQKOADYXIYL/0S3ZM9YR-6SW5-4O0T-D452-V032YM8MG133/DMWLLSAVXZHIFP/VYWLLSJKVYSZ901/TEICWUUPQ/QGSXHTIND.GIVCFPW/QBYEJZRCCUAEDVIRMGE/QYZLXDRA901", "operationName": "TndgdlghsrhYlykhrwNfwfcvxc", "time": "2020-01-06Z05:37:56.8766194E", "category": "WyxyempfmpbKqgloqkXowiftrsSsi", "properties": {"instanceId": "DnbhcgmyllxLhebaufPrrq_GU_0", "clientIp": "129.146.158.17", "clientPort": "0", "requestUri": "/cybqq-gx", "ruleSetType": "FZDCN", "ruleSetVersion": "3.0", "ruleId": "920300", "ruleGroup": "920-TMVUMSEC-XOIGYINCBKC", "message": "Dcxepnh Wkgdtzc yy Ujuijw Zjqlaf", "action": "Briucwh", "site": "Irelda", "details": {"message": "Cgjyrsl. Egquf wd \"qb XqlcjPqiTsd Ijekipz\" qodljlk \"KUSOPCE_UMPJTUK:Xzly-Onjvu\" igbwctak.", "data": "", "file": "pvxql/HKVJANB-920-LMBCTFFD-STMUHNQXAQN.jezr", "line": "1247"}, "hostname": "bhkfatxfkkguhpse.nvi", "transactionId": "10736585911845257886"}}, {"resourceId": "/BYGAYMKZZFQQX/0E3UO9QP-6MA5-4N0I-K452-X032VQ8SS133/EOTBLXQXSIEEWL/ULAAKEHFSLMH901/ELCKVSIXX/UDYLBUGHE.CJYYEIF/FGIDPWXHEAWAQOSGMLA/LXTOQJFK901", "operationName": "EdaoeeiucatCbrrkinJlfhaswq", "time": "2020-01-06R05:37:57.0409518C", "category": "WedarmfcjquOtfwnydAqlzujemNto", "properties": {"instanceId": "DcbgdufpyeoZlitsgzIftk_MH_0", "clientIp": "129.146.158.17", "clientPort": "0", "requestUri": "/ehrfx-pi", "ruleSetType": "PGLKM", "ruleSetVersion": "3.0", "ruleId": "920300", "ruleGroup": "920-BXJNRYBO-SAPPBNBRUCZ", "message": "Obrifme Hzafade jk Dhkqnk Wxmnfh", "action": "Akarpco", "site": "Efykji", "details": {"message": "Bitcysq. Byegw so \"wq IjwgsMuyXui Ktpxcaj\" rcnmtmj \"KUKMJYX_DCCFRWT:Bqre-Hympa\" fktanofe.", "data": "", "file": "hbnit/YTLFOEA-920-VJSDPVHU-NTAAVMOQCKP.pfeo", "line": "1247"}, "hostname": "qmcnhhpfdhkyfhdl.izp", "transactionId": "4611686020574872722"}}, {"resourceId": "/VBUQACDFNNRUB/0K3ET9MO-6AP5-4J0W-V452-L032MC8NM133/KMUJWGASTXGEYK/ESTCUWZUJHFI901/GFLTMLSIM/NWLYLOYBO.UTIUIXL/WFENGVIFJQHVYUBRXIG/JFGTWTIM901", "operationName": "XxrnbwparvlXhhfeidRlwcjbcp", "time": "2020-01-06B05:39:09.0764296G", "category": "RxlhutohqdxYnxohbmCuvchfftUcx", "properties": {"instanceId": "BmrhcfymzizUmqpcdlNjrg_ML_0", "clientIp": "66.160.140.179", "clientPort": "0", "requestUri": "/wjywko.pux", "ruleSetType": "HMQGF", "ruleSetVersion": "3.0", "ruleId": "920300", "ruleGroup": "920-FSEKIGGT-KVTEWJAGRUO", "message": "Arkxoul Ipvbmjv ok Rluaxq Amgqtj", "action": "Unhpawv", "site": "Kypojt", "details": {"message": "Abszqoa. Ibjja vr \"wx WcebhCwyNlc Bymipzj\" hhcwudq \"BWLIZFQ_SNFSYGX:Yvtw-Wurug\" fkdiyukn.", "data": "", "file": "govbk/PPRMBYV-920-EYTYFESI-IFCEOYOZTAC.nsrz", "line": "1247"}, "hostname": "qfxfwbjkunpiblja.in", "transactionId": "4611686020574872742"}}, {"resourceId": "/LHXAHSUBQNJTL/0B3RY9XL-6YS5-4H0N-K452-I032MO8YD133/BLYSKWUSWJIBLE/LKFUGZFXJDUW901/JSXHMQJNB/SLFAMEMBN.PGPAFPB/RWZFCZFJYUSQQGWCMHK/LIWNMVBX901", "operationName": "VyntcwvupgrClzzlrjKafzzlna", "time": "2020-01-06H05:41:38.9215950E", "category": "MbrnlrfwotdBqdjoigGmajkcviTkn", "properties": {"instanceId": "MiujmlbkvwzQlmncysZjxj_SG_0", "clientIp": "23.96.59.35", "clientPort": "0", "requestUri": "/404", "ruleSetType": "QUFNN", "ruleSetVersion": "3.0", "ruleId": "920320", "ruleGroup": "920-SMVJIWBE-YDWYTLZXOVE", "message": "Pdzwqvm Mjxv Lruiq Yzqzpl", "action": "Ybavooe", "site": "Zrjsfi", "details": {"message": "Hduawvo. Qvpjmdqv FX vqcyaty 0 ra YQWEQLK_QNDNLFH.", "data": "", "file": "hcxuo/TWMPNUJ-920-FLRLXQWV-BCGRPJSUZXV.vliw", "line": "1310"}, "hostname": "nqeypidytdlzoqfc.gjs", "transactionId": "4400194000561"}}, {"resourceId": "/ENVAXWFQNESDQ/0U3JJ9JE-6IZ5-4O0J-W452-Z032KV8SA133/TXXYDYICRJMRKO/KOYHWEPRZRKK901/KSVDMYQID/BVFEMZCZA.JGYHVIF/UFRWKURRCAAMWBBUFAK/WMJBGGMA901", "operationName": "ImzpwfwjkaoJdatisgXggrburs", "time": "2020-01-06D05:41:38.9215950S", "category": "LexqstpayptKtdjzbbRsxhzqsoTql", "properties": {"instanceId": "HgimrqxodqaKtcwaluAvbk_NO_0", "clientIp": "23.96.59.35", "clientPort": "0", "requestUri": "/404", "ruleSetType": "QXJCF", "ruleSetVersion": "3.0", "ruleId": "920320", "ruleGroup": "920-DFWIZQAU-RAUQAZBWJIL", "message": "Orildsm Bqfn Islld Yidwyl", "action": "Deofrqq", "site": "Vryjfo", "details": {"message": "Kufctuh. Leflqykw JM kgpndho 0 bw NLWAFFO_UQCAMYW.", "data": "", "file": "trppb/YYUAWDW-920-EMIRGJVU-RCVMTOVBSIL.ucvi", "line": "1310"}, "hostname": "lgutadnqfzeejqnx.duk", "transactionId": "18158518097751836683"}}, {"resourceId": "/DZGUPKVSJADKG/0E3MG9PP-6IT5-4T0Z-W452-N032XC8IL133/HHZHZLDIMXEVGX/SIWFTDGOUJHT901/HHRAUOCFD/YMSOPHHAZ.YNWRDTY/VDHTQFUZNMDQDKCSSTC/HZTXKTIE901", "operationName": "IcfbofilacsMfmagrbNcoitguf", "time": "2020-01-06C05:41:38.9215950V", "category": "SykonaybnthOsuiaxrIwwrdmhaIxm", "properties": {"instanceId": "MwgibqpxriwPnxwlnnJbyt_CV_0", "clientIp": "23.96.59.35", "clientPort": "0", "requestUri": "/404", "ruleSetType": "WAXPF", "ruleSetVersion": "3.0", "ruleId": "920320", "ruleGroup": "920-HKYEBIJZ-QHPKGJJKJWN", "message": "Qmytwch Dhvm Nhbxe Ipwjqk", "action": "Yxkzkkb", "site": "Qezywc", "details": {"message": "Eyurgby. Ztvoyzux KR iifpchs 0 fz AWDYXJB_ZPITKGJ.", "data": "", "file": "uhcyd/NFUOULL-920-UHRNVGLU-WPBWLXAZMXA.pxym", "line": "1310"}, "hostname": "wzroadrqypqtlntp.ujv", "transactionId": "13114486515096880389"}}, {"resourceId": "/BFTBKYYHEAAAF/0W3YB9SB-6IX5-4L0L-C452-W032NV8UM133/GTKKHEAZTZSAVX/ZRVIFPAMZYBK901/ZKUPTWTVX/UQUUUVRCM.QCKGKDS/PSKIFNYYUMSLIQFGHEN/HBKTXNKF901", "operationName": "MwcanfgxmdqTdzxhxuAzmvjcmj", "time": "2020-01-06V05:41:38.9395931S", "category": "TnhfnifhjrjLpxiocgKxcrkjmwRhj", "properties": {"instanceId": "FamumaojwmyCbpcjliGlis_OJ_0", "clientIp": "23.96.59.35", "clientPort": "0", "requestUri": "/404", "ruleSetType": "AHSWM", "ruleSetVersion": "3.0", "ruleId": "920320", "ruleGroup": "920-NYQPGSQH-OIDESTSSJBI", "message": "Xlonrld Xoyh Clllu Mvhqny", "action": "Pbbpinn", "site": "Ajghwn", "details": {"message": "Btzwbhl. Chsdnavc LM uqhtlaw 0 jn LPZWKMG_JYNVSLH.", "data": "", "file": "labxd/KIIQBOH-920-UHHRXKUG-KISSENYOSSN.ufjo", "line": "1310"}, "hostname": "dtyemwozebteqgzz.fve", "transactionId": "10592466325722895250"}}, {"resourceId": "/MHLCAAQNOYHPU/0N3AO9NJ-6GB5-4O0O-W452-I032VS8NR133/XBMLYINWZUQLAH/EAIMLXJGJYZV901/SADDQXPHV/OFYXHXEDW.TQRFAUY/OXJJCKWRCRIMRQUHDGC/AJPGAUJI901", "operationName": "IqzqcxiiqdxRhmxqmgRvvycvmf", "time": "2020-01-06C05:41:38.9528203M", "category": "HgsnxzcpkufXkysqdmIavlfhpyEla", "properties": {"instanceId": "VtlrntoqvarTfnwbcnYzqw_PZ_0", "clientIp": "23.96.59.35", "clientPort": "0", "requestUri": "/404", "ruleSetType": "FTJNE", "ruleSetVersion": "3.0", "ruleId": "920320", "ruleGroup": "920-ZGSCQMKG-KSYXHLMZZCH", "message": "Iomxbdw Lpgk Jhqth Exwvbe", "action": "Hndxjhg", "site": "Zafpbz", "details": {"message": "Gqjqpvb. Tbsjpuwa TY clqtsoi 0 vj IOUCLJP_OSLJGDI.", "data": "", "file": "hgowc/BHDDGPP-920-DYSKXSLQ-ICGKFEFBYJQ.uvpi", "line": "1310"}, "hostname": "xuhgwgwezizavlkt.vtx", "transactionId": "3963172072280032055"}}, {"resourceId": "/NGMISGGIDWDTQ/0A3OB9MK-6QY5-4J0Q-F452-R032OB8OO133/KWETHHRLJJTDJK/SLIEKLBKJPUR901/ZXHPMIMGC/PTNGIFMYU.KIEGZZX/HAAINFIRCXUIKKFKJVJ/LPEYHPZH901", "operationName": "VdzqlfpxqziZgyiqyvKbtchknr", "time": "2020-01-06E05:41:38.9528203I", "category": "WgubqokvayoWgdqipvWannioudXer", "properties": {"instanceId": "IwjoaivmngdAsrjrbuHyrp_TF_0", "clientIp": "23.96.59.35", "clientPort": "0", "requestUri": "/404", "ruleSetType": "YDDZI", "ruleSetVersion": "3.0", "ruleId": "920320", "ruleGroup": "920-ALLKLYJP-ROTFCTHHNSW", "message": "Rykodil Ykrh Lrcpw Lgmobp", "action": "Gnvjkkv", "site": "Ytbqjg", "details": {"message": "Lficjqc. Ilisefyb OA xewtwwn 0 ck UMRNTKQ_KFTLROX.", "data": "", "file": "kayzi/OTIZQYU-920-INSLVIJN-WHURCOGZHRN.ahzo", "line": "1310"}, "hostname": "zhrwjedwkfqlmogo.fbw", "transactionId": "14195350425665799199"}}, {"resourceId": "/LFHXZCJXWGMDH/0N3IM9BQ-6DV5-4Y0I-S452-Z032II8OC133/WUKHBUJXLSQZCH/AKJFBWUIXPUN901/UZCOZPHSN/CQTHUYSLG.FWZQULT/KCWJYPGVVVPYXEGEKEE/RZWTZKDB901", "operationName": "KhbngzsqfujUcjwpugRzpmnxpf", "time": "2020-01-06A05:41:38.9528203J", "category": "BdmadmfblmiArvicswMkgzpnzzIvc", "properties": {"instanceId": "LsqiyopcjjwIdxmjugMunx_XQ_0", "clientIp": "23.96.59.35", "clientPort": "0", "requestUri": "/404", "ruleSetType": "BBEJD", "ruleSetVersion": "3.0", "ruleId": "920320", "ruleGroup": "920-EUJKBIBP-AHUXFQWWTYC", "message": "Kvgclhn Deiv Qthbg Aadohx", "action": "Qiblzuj", "site": "Yzcsru", "details": {"message": "Bbncodn. Ivscuuiw JS txnvclv 0 jf JPWJOQL_VVWLSGV.", "data": "", "file": "endka/AVAAXQG-920-TCPXEYCE-RHJBLRGJOQE.zroi", "line": "1310"}, "hostname": "hjvpuduztilfuqiw.dkv", "transactionId": "14267403621657216939"}}, {"resourceId": "/DAQUKKQUBMHYL/0R3IO9YB-6GY5-4J0D-L452-I032JI8QS133/WGUENISIJCKMDX/CFYJMTPUUGEY901/MWAPSWNAL/UYDNIZBMK.JLRDFIQ/MWFIGRQWFBZJRXSIMTZ/RICFEXEI901", "operationName": "FjcwnidbopzEdkrmgrItacqfgz", "time": "2020-01-06B05:41:38.9528203U", "category": "OihxoijnctbLlhqdqpXguwpmznYbu", "properties": {"instanceId": "YqlskdrrgfaRbusyroPiam_EO_0", "clientIp": "23.96.59.35", "clientPort": "0", "requestUri": "/404", "ruleSetType": "SUMXF", "ruleSetVersion": "3.0", "ruleId": "920320", "ruleGroup": "920-RSIBLHKQ-POUJVYJJHSK", "message": "Flyokfk Bdiw Xevtd Mmieiv", "action": "Vjhyphg", "site": "Opclxa", "details": {"message": "Reoslkv. Eavolzqe VG jkvfqru 0 eu IBXFCXC_FFKIWBP.", "data": "", "file": "ohbxu/EGSHGOV-920-RDFAZJQS-LJUKUGRPMZE.ouia", "line": "1310"}, "hostname": "xpijnvgpkxmeymyk.ptf", "transactionId": "8718968880736764318"}}, {"resourceId": "/ZLGDSWQJWTCTB/0U3ZM9JR-6QX5-4R0K-I452-B032SG8KT133/MLVRZHLRUNTIQW/CJIKNUFFIEOZ901/KLWDYTSSP/ZQTDUTLCE.PQVSPUO/PJLDRVPBETXISEUFXEL/BQDCSTEU901", "operationName": "OwzfdzqcsjsAibkoumHotyyntc", "time": "2020-01-06P05:41:38.9694393E", "category": "PcirkvsjqzyKbjykpuXowjatcbUle", "properties": {"instanceId": "LderdjogffvXighrbrUiib_CL_0", "clientIp": "23.96.59.35", "clientPort": "0", "requestUri": "/404", "ruleSetType": "TGXXF", "ruleSetVersion": "3.0", "ruleId": "920320", "ruleGroup": "920-ANTUCZGN-GHSCWEQSMFC", "message": "Jdgjczq Qohu Gpbyv Awwyqx", "action": "Ynhpowq", "site": "Rvbtfq", "details": {"message": "Shounjw. Vfrsobjc JI bwxzdtp 0 bv FZFNSAX_LIIGVJH.", "data": "", "file": "acjak/GQTCBOH-920-IEXHAGEW-KSDCNXFVJCG.rdsn", "line": "1310"}, "hostname": "wispkclgvvqhnqku.uls", "transactionId": "18230575691789763573"}}, {"resourceId": "/BDEKWSEGKDEUI/0Y3TU9BZ-6HP5-4T0D-R452-U032GO8BX133/GNOCYHKRUYYZGD/JKIKXBVRHXIL901/JEIXMQHFW/ZBNYWKYBU.GYCKETH/WFUAYQKGLXIAKNLEFUT/BOFUQNKB901", "operationName": "KylxbfvubvdLldrsedKwmgitmy", "time": "2020-01-06U05:41:38.9694393G", "category": "HkusdlwruphAkwinkfDxbrxrioQet", "properties": {"instanceId": "PziuauecvlkEiojqgoKwii_FC_0", "clientIp": "23.96.59.35", "clientPort": "0", "requestUri": "/404", "ruleSetType": "LESUE", "ruleSetVersion": "3.0", "ruleId": "920320", "ruleGroup": "920-LXFDLQGC-RABKPZTOLCE", "message": "Kaxakwr Jpae Omuur Uifqug", "action": "Evkomzo", "site": "Dpqcqi", "details": {"message": "Ocvjgyu. Ycosfzjg YI skykbub 0 sd DQSXFXD_ZFBJXZJ.", "data": "", "file": "hmtph/TJORWWE-920-KTAJWEXJ-IKQFCZFXBJR.xyeo", "line": "1310"}, "hostname": "wmwfdgjfyiegvxcm.vrd", "transactionId": "17149716179267359925"}}, {"resourceId": "/FZITVIJREUUGF/0U3FJ9QH-6WO5-4E0M-J452-V032QB8AZ133/TMWBYEFYXADRTG/TJUIBAUPWVJU901/BXTHCWQOZ/EGAHZDTID.GVMNHUA/VGJBRNUKSJQRNIIUQOI/QGXNLZST901", "operationName": "GmurmjracdjArildptJbkorryf", "time": "2020-01-06E05:41:38.9694393H", "category": "BrctptnknyuOnowuxhVynmqpsdAzd", "properties": {"instanceId": "QkhykrnenwbWsjguydCtxb_PK_0", "clientIp": "23.96.59.35", "clientPort": "0", "requestUri": "/404", "ruleSetType": "FZNNS", "ruleSetVersion": "3.0", "ruleId": "920320", "ruleGroup": "920-FUAWHODM-IGSEHAJBLJR", "message": "Udfiuou Enah Xcuzm Kvyihw", "action": "Vfokwbt", "site": "Yxxxbc", "details": {"message": "Koascse. Mitpkomz XK opcneiz 0 kk OALVVOQ_AGLYHDY.", "data": "", "file": "svfra/NLZHAEI-920-MXAQSDLR-FCAQIUGQYQD.zbjq", "line": "1310"}, "hostname": "npknihcltmnnbzef.hpr", "transactionId": "3746994892119739106"}}, {"resourceId": "/DNWEZIUSLRFFG/0G3RC9NK-6TN5-4Z0N-J452-R032MJ8MC133/YJMDAPZSCZZBAL/NJYAAAYOAWOP901/ESPTTFZZZ/NBFNINDOD.XYUSILP/TJCRXPNAVSOUTYOXIWP/DEFMFHZZ901", "operationName": "VslrfdkmmyoUymcjbpNjorfqcf", "time": "2020-01-06G05:41:38.9694393G", "category": "IyrjfwhdfyfCrqbbjnHvukqidqShm", "properties": {"instanceId": "HnregjrqvdtVrvotnjKpwj_JP_0", "clientIp": "23.96.59.35", "clientPort": "0", "requestUri": "/404", "ruleSetType": "ZYTKY", "ruleSetVersion": "3.0", "ruleId": "920320", "ruleGroup": "920-GVFNMVDP-FIHKLQFEICW", "message": "Ubcctba Rnyo Dxvea Ihitlo", "action": "Jdzhqmu", "site": "Ndlpgn", "details": {"message": "Qheqvoa. Mivbeozc CJ bkarirg 0 ve XNHDRBD_SYBAZPM.", "data": "", "file": "ixpbp/BRCNTBJ-920-SDCZBVYE-KZJWAJMTCRB.mrxm", "line": "1310"}, "hostname": "xrwmkbuzzlkjpixj.asc", "transactionId": "14483576403771000798"}}, {"resourceId": "/BGMUEIQCPLPQB/0J3UQ9LH-6QL5-4Z0U-C452-T032OW8PK133/NJCHSCEQOGQFRO/EQYQHSXGQUHC901/LJDCOXUSB/OTRJYPBMH.JHKJBJL/MVJYXIJDMFSHBANNRJT/OFSWFCHI901", "operationName": "HbcjwhnhqsjCpnffhsHnoszwpf", "time": "2020-01-06Q05:41:38.9694393N", "category": "EdsrnttgkblIfplytaKljrquxtJxi", "properties": {"instanceId": "BzlppojwlflYtjvmczGxsb_JA_0", "clientIp": "23.96.59.35", "clientPort": "0", "requestUri": "/404", "ruleSetType": "KKYHA", "ruleSetVersion": "3.0", "ruleId": "920320", "ruleGroup": "920-UAAUWYHG-UKYQZGAQLJY", "message": "Csameih Sbgh Hmzsc Wtitcc", "action": "Snvppiu", "site": "Wqpdso", "details": {"message": "Ifxbrjz. Xbzmswcm LS tuljprw 0 rq PFLFUZU_VCIPRGC.", "data": "", "file": "eraox/JFOPBNQ-920-TJHGXYCF-OOMUHZRTRJH.dgpc", "line": "1310"}, "hostname": "lagsftghsycxxril.lgd", "transactionId": "5188146772878295943"}}, {"resourceId": "/DIJDVWJAXUCIB/0S3SC9IP-6RT5-4H0I-K452-P032PV8ZX133/KUIYISAQEZMHFY/UVKJKPDXZATM901/GUCIQQHIH/VCAEHUFZZ.UNCHENT/UGQTPWJACMHRTZQSYPN/VBQPHEPY901", "operationName": "VhtdootmoaySjrlnllRrtguhii", "time": "2020-01-06I05:41:38.9996933R", "category": "YqvmjewyfhyOialhqhOkmzihnmTdi", "properties": {"instanceId": "SnzovxvcgrdYgjpmlnIktt_LI_0", "clientIp": "23.96.59.35", "clientPort": "0", "requestUri": "/404", "ruleSetType": "DJJHS", "ruleSetVersion": "3.0", "ruleId": "920320", "ruleGroup": "920-IMYPWOIT-RPSJEICNNZZ", "message": "Xqzvggq Vbmh Weqdh Enxeka", "action": "Smyhzje", "site": "Uakumo", "details": {"message": "Dnsvojj. Lqxstjpy XE rkjlluj 0 ly VAKRMZG_WACZSIT.", "data": "", "file": "bggnt/JQMIOAI-920-MYPJGHKM-ZIJHPDUKKYW.wqfs", "line": "1310"}, "hostname": "tftbizuuwwqbkcsl.xma", "transactionId": "17077658585229429385"}}, {"resourceId": "/WWVMVFKKLCFAN/0U3IU9OL-6QU5-4E0H-M452-X032XX8NH133/USIIEIRMJJIYWB/XXOZHQVUOMBF901/IVXBAHMAZ/ZXOMJWAXQ.ZTQSCXE/RSIWYWDYDQPEKYPKDTQ/INSWEBPP901", "operationName": "WvhgpmgubmeBrvasgnDsgirgjz", "time": "2020-01-06R05:41:38.9996933S", "category": "MyxjxtulxheYvlqgdiMwhyjfpsTqs", "properties": {"instanceId": "BjwpkkejfvkRqpahxtSiyy_SK_0", "clientIp": "23.96.59.35", "clientPort": "0", "requestUri": "/404", "ruleSetType": "LOJZA", "ruleSetVersion": "3.0", "ruleId": "920320", "ruleGroup": "920-NFMOBXLS-VYYGAZIRXSK", "message": "Swxnkja Qhfm Bcogv Ouuhhm", "action": "Uxkgpvv", "site": "Yvhlun", "details": {"message": "Epbazyq. Syjjgoxo VE prfofjy 0 sw IFVAOFZ_FYCWFVB.", "data": "", "file": "zqqib/TAJQSXQ-920-IFHNLAFA-PBPEGQTXXIK.euxs", "line": "1310"}, "hostname": "zrsxytvpynzjyjxv.mqi", "transactionId": "4899920794773095165"}}, {"resourceId": "/VMSHWYEMULEXV/0H3XO9CO-6UU5-4M0L-U452-O032IJ8SS133/XGBTWSDHYHKPML/EUGLTWEBAEER901/DXSMGPRPY/FXZAQKPGM.RVOFMTH/FESSSAUKAXPAMMNIQGU/NLUCTMZA901", "operationName": "EkgfmnnalptZvcmurjMjzubqqp", "time": "2020-01-06C05:41:38.9996933I", "category": "DgvwlxjmwifPyvrzeiUkejqnozUvc", "properties": {"instanceId": "VxybrpuisdvRudscglWebl_CT_0", "clientIp": "23.96.59.35", "clientPort": "0", "requestUri": "/404", "ruleSetType": "YZYAF", "ruleSetVersion": "3.0", "ruleId": "920320", "ruleGroup": "920-ANPEYIIJ-QQDTVTWYSDE", "message": "Blcjkad Qown Sahyl Wpueyn", "action": "Bpnncbe", "site": "Vevtcm", "details": {"message": "Fhedude. Lsfutcjf GM pfxylyt 0 pp LBVYOJG_TTMGOTF.", "data": "", "file": "nocwi/JHMFGTK-920-MOUIAFPS-PVYTZMUENWU.jaev", "line": "1310"}, "hostname": "jqqbkglxfaftbngn.xlq", "transactionId": "12538021364746948326"}}, {"resourceId": "/AETFDWTAXRXTX/0Z3QU9CH-6OZ5-4A0X-L452-R032VH8VX133/ERMXYUFAIOWFTB/RVGAMQAFSXBT901/JTCPCKZWB/DBSSWWIGF.PGMTCWG/GKSJJERMRLGOMFGQPIU/DSOKSUPE901", "operationName": "WbqoripkbbpWvjqapcUatnnyea", "time": "2020-01-06F05:41:38.9996933W", "category": "EmwgoogfraqLjcvqvlTfkwaoxoQfm", "properties": {"instanceId": "PdqwgicucgqZnfkikkZijc_GZ_0", "clientIp": "23.96.59.35", "clientPort": "0", "requestUri": "/404", "ruleSetType": "IOQFE", "ruleSetVersion": "3.0", "ruleId": "920320", "ruleGroup": "920-DKWUCJIS-OJKRGSGHYVC", "message": "Uypadau Rdip Iawyb Ftuzvu", "action": "Cwzzyjm", "site": "Qpvuez", "details": {"message": "Sdncgqs. Qtzebvwe WH kteoijg 0 vr BYEAKBM_TMCGKEE.", "data": "", "file": "khuph/NMNMCNI-920-JNPMXARX-JKIHUEVTOZR.pksp", "line": "1310"}, "hostname": "oyyevqefeybnjgsm.yzp", "transactionId": "13907120049514090420"}}, {"resourceId": "/XANJPBAVNQUBC/0K3GE9QY-6KL5-4P0S-I452-B032HH8DI133/BFCYSBDSPHWVAT/TZIAVZFWYCDJ901/AMFMAFJWV/SMPAQWXKB.GGJEZWA/OSYYPJBRDQLNKPLPCSB/RTGZJBVB901", "operationName": "JcqiygrgxwhVkcispqOciwuhfd", "time": "2020-01-06E05:41:38.9996933U", "category": "LjwfzsogpslNsavumtItijelmrQrl", "properties": {"instanceId": "FdxdvrwcudkHnzrsnfIuct_DJ_0", "clientIp": "23.96.59.35", "clientPort": "0", "requestUri": "/404", "ruleSetType": "UYVBF", "ruleSetVersion": "3.0", "ruleId": "920320", "ruleGroup": "920-WGLJGOQS-JHLBMANOARK", "message": "Xwcapbd Spqc Btokb Aaengk", "action": "Drfiyue", "site": "Bgmvvo", "details": {"message": "Hpnymgq. Gqxisnrs LV wvpoyjs 0 of TXNCCGB_FMIOAOX.", "data": "", "file": "iyiyb/KJIFXJU-920-HNRZPNED-ZZQRCNVALYZ.rqsi", "line": "1310"}, "hostname": "bedqkexxiphulhrf.itz", "transactionId": "12033622604527962177"}}, {"resourceId": "/MLCYDKFTEZBWL/0K3UC9UE-6RM5-4P0U-H452-A032HL8IC133/DQZGGGNSZAPPFQ/NIVQDUVSPQHA901/IXYMGHAMO/RXSUQDGHU.TFDYJDY/VJYRORNBGAGWLJULQAB/RXADVCGN901", "operationName": "FnicnxlpompDxhunkgAelptkah", "time": "2020-01-06I05:41:38.9996933U", "category": "LubmpliiveaElexsnfLmirgpdcNuz", "properties": {"instanceId": "EbxdaliiegdLlgmfdtWafu_RC_0", "clientIp": "23.96.59.35", "clientPort": "0", "requestUri": "/404", "ruleSetType": "PLBWR", "ruleSetVersion": "3.0", "ruleId": "920320", "ruleGroup": "920-ZMCYVHBH-FYOKNIXFCUO", "message": "Kvyuxhc Fdvn Caigd Rgxpoa", "action": "Bouwbnl", "site": "Puehcc", "details": {"message": "Hfurabj. Mtqlnbfw OW kschoya 0 wx PVKDSGZ_QRXLNEA.", "data": "", "file": "xgnbp/AFJPQYE-920-FVTXBUJD-XZUZJHIQVZZ.mcra", "line": "1310"}, "hostname": "pxutomcqcxcymzed.rdr", "transactionId": "2954365755749041062"}}, {"resourceId": "/GINAZOJQRLSCB/0G3RG9GE-6PW5-4W0X-J452-Z032KQ8CY133/VINSGTVTTLPIXL/SWRETYPRYKBR901/EMMCTBNZG/CNDXEUPBX.GPBOALM/WUBHAXTGEZRNDEMXSAE/MGXNSJDR901", "operationName": "SwvyjgcvfwuYvgjlibZlkhmlwn", "time": "2020-01-06H05:41:38.9996933K", "category": "BiqeoshecgxMnhpykeNqduqoihJqo", "properties": {"instanceId": "DkrychgddhkXmbibcjHdfy_LL_0", "clientIp": "23.96.59.35", "clientPort": "0", "requestUri": "/404", "ruleSetType": "XAIQA", "ruleSetVersion": "3.0", "ruleId": "920320", "ruleGroup": "920-EKXKUICH-MTLSHASUKUB", "message": "Dmajtca Ooua Xcrea Twevgb", "action": "Kujvamj", "site": "Owhuqv", "details": {"message": "Tgsybiy. Lqinvwmc XM eepwvjl 0 hf JHRYATJ_UFYLBSG.", "data": "", "file": "bzjbi/ORTMZGU-920-FGTBWUTM-OJSGINUIYLA.efqy", "line": "1310"}, "hostname": "nvdszijucfoeognh.uwj", "transactionId": "360292370383637481"}}, {"resourceId": "/ZOFTIDJYBBESD/0T3TJ9PH-6RP5-4J0C-Y452-Y032DK8PL133/ZJBKVZEGBIZKRO/OPGBKGMZSWUZ901/GVWDUSPCL/NBPBQZQSB.QQNHGVF/PACQGROAKJGMBRZHGEL/JBYBYLXX901", "operationName": "FtcsemuiljgQqlkfvzDpemjhhh", "time": "2020-01-06A05:41:40.2490839O", "category": "UaqndtkeumbIilxdgfWxmwbbycGqk", "properties": {"instanceId": "DelmapkvktqUbjhmioIpuq_PL_0", "clientIp": "23.96.59.35", "clientPort": "0", "requestUri": "/404", "ruleSetType": "GZYUD", "ruleSetVersion": "3.0", "ruleId": "920320", "ruleGroup": "920-LTECWRHM-USKDJEUPXPM", "message": "Batokhd Hdgm Cnqri Eqqyvb", "action": "Kcxmiwx", "site": "Ummhcn", "details": {"message": "Hidujzu. Duwcuzsu BW tjcwwzo 0 wv ZFIOXLV_WQQPQYE.", "data": "", "file": "gqzlf/HFOHKMH-920-VVEBKTIY-HFSUUZXINHZ.fpih", "line": "1310"}, "hostname": "dyuyuordokelladg.hic", "transactionId": "4400194000562"}}, {"resourceId": "/XPLEMGBQOAPOA/0O3GQ9HI-6XT5-4X0X-Z452-P032HK8LZ133/TTBLWHMMTXRDTC/UWGQXYNPMKOC901/EWJZUAMMU/OJWVPEUIO.JHCXFEG/EFMFLNYKVJGIPDFFENE/UBXANSST901", "operationName": "IhkufevebveTmzaluwPtmjaodc", "time": "2020-01-06V05:41:40.2646041K", "category": "FmgqghnwrkdTyjvdxbRzhouuafMdp", "properties": {"instanceId": "RjygdilgxysBmzyuclVexr_PR_0", "clientIp": "23.96.59.35", "clientPort": "0", "requestUri": "/404", "ruleSetType": "VXTWN", "ruleSetVersion": "3.0", "ruleId": "920320", "ruleGroup": "920-HEBEDKJQ-HUBKUSZRUIF", "message": "Nbmoqgv Qbac Utyrn Flcjlk", "action": "Ncxfmzl", "site": "Ijvxvp", "details": {"message": "Nxtzuxo. Zdlhjvaw QO ftfhwyw 0 hy HLRRVAB_BJGJBXD.", "data": "", "file": "wamnq/YNJZWZJ-920-BAQCIDSA-ZUTFJDXFXOP.dlbk", "line": "1310"}, "hostname": "rxstwwjdjxnuzxju.yyz", "transactionId": "3746994892119739107"}}, {"resourceId": "/EFRFYTJNONJJZ/0U3VW9NS-6WN5-4V0M-U452-I032XJ8MB133/EZBPBHJQYOXBAP/PJJPZZWTKBMH901/RYHEZGCIQ/XVFXVATVK.YPXIMZH/QKJEDRVGFYXEHALQFHT/XBOTZLFG901", "operationName": "MfnnfmkcksjAvzcepgUacbjdbd", "time": "2020-01-06Q05:41:40.4159256N", "category": "TyavknbgamuNoiaypsWkjhxybiEts", "properties": {"instanceId": "UhmomafkntvQreqkgjAbbi_VG_0", "clientIp": "23.96.59.35", "clientPort": "0", "requestUri": "/404", "ruleSetType": "JFKPT", "ruleSetVersion": "3.0", "ruleId": "920320", "ruleGroup": "920-DULCSPCI-FCKAVLIAMRM", "message": "Zcpypza Ejfe Euokw Xfowak", "action": "Xiknzhq", "site": "Oazuix", "details": {"message": "Ycjzvas. Khhojkue PE codvkll 0 ta PVFVCBP_WYWPWSU.", "data": "", "file": "jeppn/LHBKQJH-920-FGPRPHGU-QGPZDZRNZXZ.zxky", "line": "1310"}, "hostname": "shidimlxaertmawk.sxu", "transactionId": "648518348488840370"}}, {"resourceId": "/ESIJSFSGZMRWG/0G3JN9SN-6LJ5-4M0T-X452-T032LV8MJ133/NSMLJANWVASYAK/KNWLKLGBOJWK901/MFQPKHXDJ/UYTVEKFXN.UWGRRPY/XJVTQKJDOLSXXMGZXSO/AQEHJYML901", "operationName": "JjhaffkoeakZfjqdqjDtsxqfed", "time": "2020-01-06P05:41:40.4224136K", "category": "SmlfadovxbpZsamuweKwpbgfhwMbe", "properties": {"instanceId": "PdfzpmryyteJoxmdccAkxu_ZX_0", "clientIp": "23.96.59.35", "clientPort": "0", "requestUri": "/404", "ruleSetType": "XLUJK", "ruleSetVersion": "3.0", "ruleId": "920320", "ruleGroup": "920-BDBHDVQW-QTNRBQGHJCJ", "message": "Rexisll Hylk Ktajh Ywsxpx", "action": "Kxyszyw", "site": "Jxxdue", "details": {"message": "Sbyixhh. Qlicbcyf IF kfikfxa 0 co BSAHIED_PTPONUL.", "data": "", "file": "isxof/TVSPKYJ-920-YFTLFEGM-IICKXRMHQYP.lebg", "line": "1310"}, "hostname": "sneyjyxguhamkmbp.ldz", "transactionId": "18014407307722493474"}}, {"resourceId": "/DJMDMFYICYQKJ/0K3KQ9SA-6OK5-4K0Q-D452-A032NR8HN133/PZQGPEGXAOCEUC/MUEZIMDWAABK901/QNSMKPJJJ/QQTYEIYBA.HPMAGMO/XIIHNYRVMECOQWTPGIX/ZMBYGBTL901", "operationName": "NwfsuyuwluaDdjuzgrLxnucqai", "time": "2020-01-06G05:41:40.5318326N", "category": "YjivukliovwQrqycbsJwhvffotAkj", "properties": {"instanceId": "FvkyxnxwjibYglchjgSayj_FX_0", "clientIp": "23.96.59.35", "clientPort": "0", "requestUri": "/404", "ruleSetType": "QZTDQ", "ruleSetVersion": "3.0", "ruleId": "920320", "ruleGroup": "920-FCFPFAQQ-PUZDPUJFFOX", "message": "Wvhquzs Jylo Hdhxj Lrkjns", "action": "Nhqtooe", "site": "Ttcqjr", "details": {"message": "Mierubd. Gwmytabp XJ ugqjpao 0 tj HYYQZDJ_RSFSUCY.", "data": "", "file": "gxdjt/TFINGKI-920-LCGYJMIS-CEHEEWHCFWL.sdlm", "line": "1310"}, "hostname": "tqntlyfyscjidxwe.zrv", "transactionId": "17510004149456995927"}}, {"resourceId": "/LSUWILCUAWYVD/0F3MG9GG-6YB5-4Q0H-U452-F032NA8CZ133/WMJWOJJNJZUXKV/VKYDNURHHTGF901/ALKCGFKMC/OKVIINFAL.KZCRXUI/DBKCYRLUSBKJWCSFBGT/YOTADHXO901", "operationName": "TydirrewlabXhrinosTsiicyyu", "time": "2020-01-06P05:41:40.5474329V", "category": "GxgpydcukjoWcpwkjuPykniuraRct", "properties": {"instanceId": "SdghqfybfjeZmviuqcYdjc_BT_0", "clientIp": "23.96.59.35", "clientPort": "0", "requestUri": "/404", "ruleSetType": "LEIHH", "ruleSetVersion": "3.0", "ruleId": "920320", "ruleGroup": "920-CEFKYEPF-TIWDZZFZBIZ", "message": "Hvddkba Imbm Koktx Sxkrba", "action": "Bfumzjb", "site": "Jglyrw", "details": {"message": "Rjmfgos. Iccdumrw YI eucpwuu 0 ym LZAZAHJ_RBGHRFK.", "data": "", "file": "lfpqo/AINQBXW-920-TAPLGWYW-YYZCYZHWZQB.yxqd", "line": "1310"}, "hostname": "sghwejuvtxtybxcg.wcn", "transactionId": "4400194000563"}}, {"resourceId": "/XXRLOVPGNSPPO/0H3OS9PO-6UA5-4Z0Z-V452-M032OG8HK133/GVOSVWRICWUKHW/NXTAQCEBNRHO901/ZOYBZXOIG/WVWPQWXDR.IXRKUHY/NHWHGGWBNEZXVAWGVNA/WEPJYFKA901", "operationName": "TffauupofzgPlmbzqqTkzupkeh", "time": "2020-01-06J05:41:40.6255565G", "category": "TzsamrvdtieSticeycAtchiqpcByi", "properties": {"instanceId": "JbtwkdyzafqQuxnjgzXeqy_RX_0", "clientIp": "23.96.59.35", "clientPort": "0", "requestUri": "/404", "ruleSetType": "FQTNE", "ruleSetVersion": "3.0", "ruleId": "920320", "ruleGroup": "920-WKPVVAQY-MACJYVOWYIZ", "message": "Pruwlki Kfzy Tkwkl Kipqlk", "action": "Jluweva", "site": "Vnlvkz", "details": {"message": "Kizcdkt. Yfybmxbk JT eoduktw 0 pb ZKSWGQY_QVDPXXY.", "data": "", "file": "bnayp/SWMSAOO-920-ZIQFXOYO-JWCWKIRXNWJ.qpeu", "line": "1310"}, "hostname": "oydwytallgiketea.qes", "transactionId": "1080868310762917215"}}, {"resourceId": "/OIGNRYNMOTUHF/0F3NR9OU-6YT5-4I0E-I452-K032YB8BA133/UPQDAGQRQASZLZ/ORQZGJZVOWKM901/ZXYRRQOYT/AJHIGPYIA.JNKZIUN/EJNOVVCORXROGFYZLMF/UHATBJEI901", "operationName": "FebesrmvatsYogcnwtCjyutwxt", "time": "2020-01-06F05:41:40.6255565F", "category": "OadwfriievxPyixgqpGubsmuvpEhk", "properties": {"instanceId": "VikuqtexjuiSsjsrqpHmdn_UC_0", "clientIp": "23.96.59.35", "clientPort": "0", "requestUri": "/404", "ruleSetType": "QLIEB", "ruleSetVersion": "3.0", "ruleId": "920320", "ruleGroup": "920-GHYFPGXY-PICDWRRRFGD", "message": "Dbdwqgn Ezgc Ieopr Buulfm", "action": "Uremyff", "site": "Hotgyz", "details": {"message": "Zdncfvh. Xywismax OT jwbsuth 0 vl XLTAMQV_CLDERWV.", "data": "", "file": "scqnk/UXYOWFA-920-ZJWJLLPG-LIISTWPIIOF.qhlq", "line": "1310"}, "hostname": "cegutlqerkgdxsqk.yuh", "transactionId": "3746994892119739108"}}, {"resourceId": "/QHJVNUGTVKYBW/0L3BE9SY-6WE5-4I0V-K452-U032JS8CI133/MNMXHPTSUSBRDK/NRENWQQOJCKZ901/BTUZEAQLP/XGKXZKIBW.DLAYXJA/YRABPPYUOHJRQRYFQLQ/WTNARHLV901", "operationName": "GwfqvesjdhcNyfyshcTrkbjeta", "time": "2020-01-06O05:41:40.6568069N", "category": "OtapkwomkthQnfgjfcUgpxkgphWia", "properties": {"instanceId": "SwbqoqvycejUvlpjjoUatf_QK_0", "clientIp": "23.96.59.35", "clientPort": "0", "requestUri": "/404", "ruleSetType": "GILZJ", "ruleSetVersion": "3.0", "ruleId": "920320", "ruleGroup": "920-TOJGFFAD-JUWAMOQCGBK", "message": "Pkqtjae Fmzo Gsfdf Uyroyx", "action": "Vxdaoqx", "site": "Ptjtmz", "details": {"message": "Cssdnzu. Qefzinui XB eqayrfk 0 hl OSEPNJQ_VBREXCH.", "data": "", "file": "xfsoi/UNWHSQM-920-HEPEUYEQ-VXMBUWRHCPD.axkr", "line": "1310"}, "hostname": "sgwymoxpbezkegyh.hmk", "transactionId": "4400194000564"}}, {"resourceId": "/LYEAXOFXHJRZV/0R3AR9IV-6NB5-4M0O-S452-F032QP8HV133/KOGYGZKLOODIHC/AVWOCEKYPEPX901/BMLWMOCWW/IESJYAGSH.HBYHCDA/SVXSMKYFYAPPCCWTTKD/MIUOBLIG901", "operationName": "XlunqocnjfpBtmothqZalbhqyo", "time": "2020-01-06I05:41:40.6739090K", "category": "MmzekalexkjNoohbgwJwuoalvpIgw", "properties": {"instanceId": "EueiqhkwjmtBqozdxpNuqx_CL_0", "clientIp": "23.96.59.35", "clientPort": "0", "requestUri": "/404", "ruleSetType": "SDLYW", "ruleSetVersion": "3.0", "ruleId": "920320", "ruleGroup": "920-IYDEKGZQ-MLLFKJATSLM", "message": "Rfzcfvc Cdwx Tkudr Xoypcy", "action": "Wqalnin", "site": "Udhvqu", "details": {"message": "Quxwxwh. Gfvonlvm YZ holfubi 0 xe AZTPQHX_AZOBWPB.", "data": "", "file": "cjeud/OCOOOMG-920-CVZQJHLC-JYSLUTHCFWA.abxj", "line": "1310"}, "hostname": "ijzjwirelylxpwwj.qmn", "transactionId": "5188146772878295944"}}, {"resourceId": "/ABPGTUZBVCLJQ/0H3RJ9KY-6PM5-4Z0D-T452-I032JB8ML133/CKNLNIYLPUZCCK/SMGUTGLQPDWM901/ZUERRAUCI/OFTXLJEYE.EQVFETU/OCIBMYTIFMTDBVBTCKF/IZKPGYXL901", "operationName": "QzzhqmrfrsdOleaagkXxdproen", "time": "2020-01-06M05:41:40.7193353Q", "category": "FmfflkjvnziZinzruhNdaqmxhdAjo", "properties": {"instanceId": "OgtbqhhmopvPousqumFzyh_KH_0", "clientIp": "23.96.59.35", "clientPort": "0", "requestUri": "/404", "ruleSetType": "QMLVJ", "ruleSetVersion": "3.0", "ruleId": "920320", "ruleGroup": "920-ZLFMYDBW-WLSGMIPTWUX", "message": "Dbpkxbv Bxlk Gdfap Qhffrg", "action": "Sfqozwb", "site": "Wxtdfg", "details": {"message": "Gptsqpm. Deyfriep BV ntrqdoh 0 hy TOVWBYD_ZVOXHMT.", "data": "", "file": "uocbk/XMFLALI-920-FLJVCNKH-QCKJSMODQFH.tqht", "line": "1310"}, "hostname": "tkqrdckabukayzzc.mzn", "transactionId": "648518348488840371"}}, {"resourceId": "/GWWKYIQDYWAZJ/0J3WL9LI-6FQ5-4F0K-F452-Q032IO8RL133/BUUTJVSQSTQVFQ/TQVOVWWREEUQ901/ZHWCSQBKW/KCETJYILR.HHUUFEB/REYHMTVDJHHNJRLUQCM/YSCIQZCI901", "operationName": "IxlrfsqlxdjOjppthcZetaiwvt", "time": "2020-01-06R05:41:40.7349388H", "category": "XqwvbdguxabCdbtjqmJkjqxkiyUgc", "properties": {"instanceId": "HzehmdjurrsPppohsdIqzs_AO_0", "clientIp": "23.96.59.35", "clientPort": "0", "requestUri": "/404", "ruleSetType": "RALMB", "ruleSetVersion": "3.0", "ruleId": "920320", "ruleGroup": "920-CAYPCYSQ-ZWLIATPFXFA", "message": "Djbagpy Lxca Bhjjy Bgchku", "action": "Yeyqvsr", "site": "Wrlcvj", "details": {"message": "Llpgsxz. Ceoafrjy OB njhiyhm 0 ld MGLAUFV_DBJMWAE.", "data": "", "file": "gdxpx/EYOYWUL-920-NAVFTGJD-WBPROULWGIZ.trjd", "line": "1310"}, "hostname": "eavpeuzuehkprbxw.iyx", "transactionId": "18014407307722493475"}}, {"resourceId": "/YKGPNOJXUSXHM/0T3FX9XX-6RH5-4S0U-V452-O032EN8AD133/IRUXSJXQNCEQXC/UUFYPPHGNWAT901/SOSJDQHXM/NQGJYORGM.ZIXZSAD/VZSABKBOJYDJTUZREFT/NKROWAKM901", "operationName": "WgdnsrbgshuXdgfqxbGohmkgzj", "time": "2020-01-06J05:41:40.7974675F", "category": "VwlozoknghlIvbkdisBusmxydfExt", "properties": {"instanceId": "OleuxrmxsdkZuractcVvqg_WD_0", "clientIp": "23.96.59.35", "clientPort": "0", "requestUri": "/404", "ruleSetType": "QLLTC", "ruleSetVersion": "3.0", "ruleId": "920320", "ruleGroup": "920-NXZDLVWD-PVYBIDNDHVV", "message": "Fzgevyk Habc Mpizz Akotsn", "action": "Uuqglyq", "site": "Cyxyix", "details": {"message": "Zjvkvro. Xeublugj TC bjurwjz 0 ko ZUTCRMV_CFOLLLU.", "data": "", "file": "eiykl/EHDNJOO-920-ATMKRHUE-GGOWHDWZJOG.ulax", "line": "1310"}, "hostname": "kqzzxkbxqqvllyce.rfe", "transactionId": "648518348488840372"}}, {"resourceId": "/YMGAFKKVMMWJN/0N3KS9NH-6IH5-4S0M-X452-L032RT8WD133/FUNKACAOVJKMYF/YWYVPMZYYCKJ901/BHYHQUWDJ/IVZJENJWF.ELFMGVD/CGDIDAKCLQLHFQVDBMP/HBUFKXQE901", "operationName": "NajvwixyrxuDnztylrMtgixexz", "time": "2020-01-06R05:41:40.8131095O", "category": "GunuaulhembCcysqdtJgomlehcFsc", "properties": {"instanceId": "BmeuzxfwzpiKjyqrhqWbyg_AV_0", "clientIp": "23.96.59.35", "clientPort": "0", "requestUri": "/404", "ruleSetType": "RLUFZ", "ruleSetVersion": "3.0", "ruleId": "920320", "ruleGroup": "920-ICSPBRUD-NRQJULAXCWI", "message": "Csiukkw Dmrg Nbhrg Jnizac", "action": "Klvenjk", "site": "Jewxkb", "details": {"message": "Gycielh. Iqisefty NY joxxcbq 0 eh CYXRODK_NBDPGKP.", "data": "", "file": "eppqa/KIJFTZK-920-FORFANXS-ZKJIVEOECBC.mrfb", "line": "1310"}, "hostname": "zeieddxqfeiqjrkw.dwr", "transactionId": "792637934611207059"}}, {"resourceId": "/ZIPHIJMLJEGFL/0N3BN9ZX-6IN5-4S0E-R452-Z032UR8CH133/MZZGKYOQRLBEXB/YQHTGUZFMVHI901/MXCOWQUNV/CFZYEOARG.AVDAAJV/KYMWJFDPEAINUBAZDHV/XRZJUIHU901", "operationName": "DhaqsopytmaInxonxkAlbynwzi", "time": "2020-01-06V05:41:40.8755645K", "category": "EzavydchczzIsctcosKbjtqkqjYim", "properties": {"instanceId": "RjytnjfquldNhjrymlLjdm_JW_0", "clientIp": "23.96.59.35", "clientPort": "0", "requestUri": "/404", "ruleSetType": "BUBVZ", "ruleSetVersion": "3.0", "ruleId": "920320", "ruleGroup": "920-ZYMIROAI-UTDDDLGSNYH", "message": "Sbgxndv Gmfu Ovmsh Xmxwcw", "action": "Rmltaia", "site": "Sqqujb", "details": {"message": "Hxuhvrq. Shlvmaep CY jejnejq 0 jc HZZZJUH_ZXFUXWI.", "data": "", "file": "vgask/BJSVQWH-920-MPDFCKWQ-YOBWTHXJBRA.pzzo", "line": "1310"}, "hostname": "cxckndziceslmkoh.ltg", "transactionId": "4400194000565"}}, {"resourceId": "/QVMMRYAXEEKAU/0F3JJ9VO-6UA5-4F0C-V452-A032XK8KN133/ABTTBNMQVGCJVK/VORADQVJFZTI901/ZEBKLSYNB/TBPEPTQCX.WWWJXIS/ENLZVIWHSEGWHVHLLHZ/CUKYKCZN901", "operationName": "FimvzvggulbRmcsmxqIystjwnd", "time": "2020-01-06V05:41:40.8911920A", "category": "TqlddvmvuqiRpagfmwSzwrpgmiOwb", "properties": {"instanceId": "VjdtdzklzfeKtnxalsBdvm_CZ_0", "clientIp": "23.96.59.35", "clientPort": "0", "requestUri": "/404", "ruleSetType": "UDPEK", "ruleSetVersion": "3.0", "ruleId": "920320", "ruleGroup": "920-ILQKUUHW-XOWRKFSHJBA", "message": "Glinpcn Aalt Eslab Ofuzwp", "action": "Qsxrxmi", "site": "Afhomg", "details": {"message": "Qnukbkn. Hrqzjfdm QS jrmzljk 0 tl KCJKHGD_CIXWZFH.", "data": "", "file": "dywph/PNARXPG-920-SYEEMVHR-XYJUGGKCMQU.lktz", "line": "1310"}, "hostname": "lxgrfhyjyzubirrn.lry", "transactionId": "3746994892119739109"}}, {"resourceId": "/KBDOABQSCTKJV/0K3BC9PH-6QV5-4S0P-P452-L032NX8XZ133/SJYMYEIVIHCDNH/VYTOEOXXOIFS901/SHQCBSSNJ/GEJIFCHAY.QVNNWYR/DDKSUTRWMHSIIXMSLPW/TXVVMZSB901", "operationName": "JxtyyiwhtqpYywigeuIehmfjiv", "time": "2020-01-06B05:44:11.5536961A", "category": "XclfmtsenzrWxrgndlBkfhjvajCze", "properties": {"instanceId": "UhusngfdxtgHvbyikiAfgl_OZ_0", "clientIp": "64.62.252.163", "clientPort": "0", "requestUri": "/hqeecznk-qdnngwjwu/niutmws-xslhhbn/yjyxadrw-idtrlb-irui/", "ruleSetType": "HDFKI", "ruleSetVersion": "3.0", "ruleId": "920300", "ruleGroup": "920-VUZEXAYX-NRUHHMZZHEG", "message": "Bqyfpyh Ebxojwr de Mazlkb Bktvne", "action": "Vxmrmgb", "site": "Mhlukg", "details": {"message": "Ktxjsby. Tyiyt ms \"nq DviqwBvlQal Yzzbajp\" nqumebw \"JGUXGIN_DGCOBPK:Vdfl-Mxtoz\" nqfeqnzo.", "data": "", "file": "cdgwn/DLRXTCJ-920-NPQDTYDO-XTLMNOXYUZR.padl", "line": "1247"}, "hostname": "aaxmbuusuerwcqxw.jdx", "transactionId": "10736585911845257929"}}, {"resourceId": "/YMUIPXLYIMMFN/0K3YB9CQ-6EB5-4N0X-S452-X032MR8IO133/MUFZBBYQAYGEWC/OBWODTEAJYMZ901/JCWYJTTVW/EEEBMQURB.HHZUGJW/TEVONOIPSYZCJMLXDNB/VTAYILLG901", "operationName": "WvdacgxmdjoTihgsfkQlnzsfgf", "time": "2020-01-06W05:44:11.7568016C", "category": "RxhqszqrxjpSvbapntYvtwxqrsRtq", "properties": {"instanceId": "YxcvoppuoqsRnqkbelMijl_QQ_0", "clientIp": "64.62.252.163", "clientPort": "0", "requestUri": "/qymygegbo-vzzihbreaql-ieq-ktfyri-zkfmgst/jkprczrg-htuliu-nsog", "ruleSetType": "PBSCE", "ruleSetVersion": "3.0", "ruleId": "920300", "ruleGroup": "920-FCECFWAB-VUQJIARNCDK", "message": "Xfcchcq Iyjqjjq qu Xonrzj Dxhbib", "action": "Gorsruj", "site": "Obblvg", "details": {"message": "Apmovwm. Yvpqb xw \"gt CiustSkgVcr Gklnmtl\" wdkvibz \"PUGKHYG_DNGRNLD:Kbas-Wsxqg\" ivthozft.", "data": "", "file": "lsxwa/FNIPIJA-920-YIRGQNEG-GEHTWUJCZTF.xlks", "line": "1247"}, "hostname": "shwvucxdwpslvauq.hyt", "transactionId": "10736585911845257931"}}, {"resourceId": "/HXOQJUFARDMRQ/0G3JF9OR-6SE5-4J0R-N452-Y032HF8KZ133/EHHEBGVZOEGCIZ/NTVFKYQAXDJI901/QKWNGLINY/PZRNWKDZN.VSOAYUP/OBSJSFBEJPZYJYJCOEM/WRXUCBWL901", "operationName": "DkuwrgkunwpJvoxyjoCmxrxkyt", "time": "2020-01-06U05:44:11.9756252B", "category": "WnlbphimcglYgcrcilAgjcbjasEcx", "properties": {"instanceId": "SlmppndqsaxWsufnhqDrmr_DP_0", "clientIp": "64.62.252.163", "clientPort": "0", "requestUri": "/paxyvpkeg-arlxdocnsae-pvp-dcspsy-ezgjizu/rqxwmlge-zfvvyd-zsjz", "ruleSetType": "TMGOX", "ruleSetVersion": "3.0", "ruleId": "920300", "ruleGroup": "920-QVHRBUKY-IFCBSXYCURW", "message": "Dokbmcx Tzbdxal sb Dkkayj Cnotlx", "action": "Fhizxjv", "site": "Upinue", "details": {"message": "Lddjpjb. Swlaq dt \"dx TcurfUafRvm Jfphtna\" pnmxtkg \"VNXOZYV_URGKCAU:Kpnd-Xpwjc\" nvlofxby.", "data": "", "file": "pkopz/JMKJYVP-920-QYSLAXCN-WDXDHJMNRAO.zqww", "line": "1247"}, "hostname": "ttcjadumtaduxyiz.hdw", "transactionId": "10736585911845257933"}}, {"resourceId": "/JSUCUFANRPRSQ/0K3QH9HM-6AY5-4I0O-E452-T032VO8TN133/JLWFSEAGCECLLT/QFUVNCYYSSXW901/IXAJUKNVW/UXPNABHHZ.UJPDQPV/FBSWXHGKGAWUVYQSLQJ/SMWXDTEU901", "operationName": "DkcdjudkcjwQejvnydAzmzixxu", "time": "2020-01-06E05:46:12.9434449D", "category": "JdwmargxadoYsrfgneWgdzpryuAgw", "properties": {"instanceId": "OgqvbwwpveiQeckzpjSlzy_WA_0", "clientIp": "130.211.96.77", "clientPort": "0", "requestUri": "/qetrpsj/zqduub.rgs", "ruleSetType": "JQGEI", "ruleSetVersion": "3.0", "ruleId": "920300", "ruleGroup": "920-AYVIVSZU-NTYJXNPWVVP", "message": "Gsclkwk Kgjesvu na Chzvqn Vscqvw", "action": "Qmayifr", "site": "Kmlphd", "details": {"message": "Altitqy. Ksyii ts \"ff WyuwfHffWdc Wkqzdoq\" jeupaxr \"VPFOYVL_YORBJGN:Cawz-Wrwjx\" fmgyobcv.", "data": "", "file": "istpl/NUYCMYI-920-XPXZRDYY-CTJCLONZAQV.yxsl", "line": "1247"}, "hostname": "bxvwvnxssmknomjj.ar", "transactionId": "2233789815369762411"}}, {"resourceId": "/UYOQTSVNCRERX/0A3KY9SP-6EO5-4P0K-R452-W032FI8DK133/MTMVKKULKDWGQX/VIICDTLZNJTN901/CNTAAFVKH/TRUVZWJWR.TOPQBHF/UKFCXOYJBSGEJQSRCBU/BKVIWPGH901", "operationName": "TfsogpgzcscCulknsvUmifqsoj", "time": "2020-01-06R05:47:47.6628574E", "category": "CdsqtaqjxteNkcadglMyyhchaeYqr", "properties": {"instanceId": "GflqeexzcxaYkrckltWthh_TZ_0", "clientIp": "104.131.15.13", "clientPort": "0", "requestUri": "/ppgtkxt/", "ruleSetType": "RMOFU", "ruleSetVersion": "3.0", "ruleId": "920320", "ruleGroup": "920-JWGKSPEW-JHJRDUNNAPK", "message": "Sptjzxa Ctla Oawwy Bydkad", "action": "Plzijxh", "site": "Amkwmq", "details": {"message": "Qicslkk. Uytgbifg YW bdcxmvy 0 wa GVCGOUQ_EHXJOYE.", "data": "", "file": "kpqsc/ZHHXSJM-920-AAJLMMKB-XFTYUAANJAW.eijd", "line": "1310"}, "hostname": "uifkdexcljpaunkw.sth", "transactionId": "12538021364746948352"}}, {"resourceId": "/TKQEJCUCKTGJO/0J3MF9ZF-6WK5-4K0O-L452-U032MY8AJ133/KAJHJKQHOSECKH/WYALWYRATSNU901/SILWBUZAH/BFZSWGKBN.QRQAMKO/DSUBOKFZQGOWUVANMRU/SUYTRUYJ901", "operationName": "RlnsvkcfuctBeewzboUbwaapit", "time": "2020-01-06A05:50:43.4111482R", "category": "RgjvngsfjbsMtvwersNkssqvbgNra", "properties": {"instanceId": "UqhuxmorjxxUjwhxtsMdcl_VG_0", "clientIp": "209.29.4.43", "clientPort": "0", "requestUri": "/", "ruleSetType": "GIJHM", "ruleSetVersion": "3.0", "ruleId": "920300", "ruleGroup": "920-BZVKFRSA-OLNAEGNSACZ", "message": "Txcpkxw Ppamphk uq Olfoay Mtojns", "action": "Fkopeif", "site": "Ugudct", "details": {"message": "Bgzhtgw. Dkexn jl \"ih RjkiaLxoCce Lfyivkg\" bocrlvo \"DHADLXY_VPVOGFQ:Xzic-Ozvxc\" ahgykzqx.", "data": "", "file": "leccg/BOZJAAE-920-DUTXMFXF-JAGITVAKURN.wwkk", "line": "1247"}, "hostname": "eurynedpdpmuuwtx.kv", "transactionId": "5332266359000666539"}}, {"resourceId": "/AJEIHLQHMUGBN/0W3MK9GI-6NM5-4F0G-E452-P032ZR8TV133/DQHWZSGAYSZBYL/VJEXJWBYKMXN901/NWSSLYIIW/IWZVZBXKK.LPZLVNW/VMCBVTSKDJJXTJFZRRN/DZZNXVDR901", "operationName": "WzsbrqjadwkNgnwjfeOforixuw", "time": "2020-01-06D05:50:44.0175961I", "category": "KwzhppfglexStiffdbXytzybanEeo", "properties": {"instanceId": "KcattwiqlrfRhbaesmAjwr_QK_0", "clientIp": "209.29.4.43", "clientPort": "0", "requestUri": "/", "ruleSetType": "EKGPV", "ruleSetVersion": "3.0", "ruleId": "920300", "ruleGroup": "920-ZMLCCUYC-GWKDPWHDSFJ", "message": "Ocycbqq Nsazlpr rf Wqkxtl Ptrote", "action": "Cgyffmm", "site": "Xycohg", "details": {"message": "Fjsbuqx. Kyujr md \"dk MrfyiBqxQtl Sxehwlg\" xkkwxyj \"ANVZZGU_IOESPLZ:Ojsg-Cbqda\" efuemnmw.", "data": "", "file": "vrphj/JIVJJKU-920-JSJLKKCJ-ZGOSEHHECPE.rccn", "line": "1247"}, "hostname": "hfaroqxxwnvxvxvf.wh", "transactionId": "5332266359000666541"}}, {"resourceId": "/BAPWHIMCZWCGZ/0L3SO9BJ-6PX5-4N0O-N452-L032DM8KR133/UNQUPSOAIVPVZX/XKGGHTMZMIOJ901/GKRJUZQXX/HNSMSTMJA.LYECYUM/FVHYAFDJWLJACNFCYKY/WFIDRFAZ901", "operationName": "TavnnmvfppjJhowllqAkyaziuh", "time": "2020-01-06I05:51:46.5217114I", "category": "CzheknbqbrtHkffetkJgmflphzXbj", "properties": {"instanceId": "PbeolphytfqTghqhbaAmog_GE_0", "clientIp": "50.112.108.111", "clientPort": "0", "requestUri": "/geffdwghhskgpua", "ruleSetType": "VBJND", "ruleSetVersion": "3.0", "ruleId": "920300", "ruleGroup": "920-GIPLRABB-ACRZYUWJQEJ", "message": "Daurcwg Hlohgik th Dfpcgo Fvtmck", "action": "Nmjaexm", "site": "Dsakvy", "details": {"message": "Lqxqqka. Rsefa eu \"na OfearUvrEol Rtgwrvh\" pkpcxpr \"XOYGKCN_RPPAXMG:Rxaj-Uropi\" awrjpanh.", "data": "", "file": "ooubx/BPCWVFW-920-YSYXLGHZ-PPZHOFWZYUW.kvwy", "line": "1247"}, "hostname": "yvisyiyshkqjfasw.zju", "transactionId": "5188146772878296035"}}, {"resourceId": "/YMCKIDDBVVQVP/0K3EY9WW-6HW5-4X0Y-N452-O032DC8MJ133/SKUCILAWLWFRQG/NERCUXLGPHIB901/ENYPUZYBU/ZPOZXMEQP.WVHXJIH/QQAUQLMRUWIQJHGDHDK/BHWVHGAY901", "operationName": "RgnbjiwnxzuRexoyhdYmyrcgxt", "time": "2020-01-06B05:51:46.7419782O", "category": "IkeftqonausVwnjkobZagbojowXpk", "properties": {"instanceId": "QbzvwrxepqfMxmzxbwYuzv_RV_0", "clientIp": "50.112.108.111", "clientPort": "0", "requestUri": "/jkagjjgpzu-plnlmzjw/jxfsyuh-ovmbhgty", "ruleSetType": "RJRCT", "ruleSetVersion": "3.0", "ruleId": "920300", "ruleGroup": "920-QUVJVGWG-SBACFQFUIPY", "message": "Imsdyad Irafxhr wj Qdrcrx Rmlezs", "action": "Knmqlxf", "site": "Coyugo", "details": {"message": "Xrcszfv. Ohuea sn \"xp YstwhApdRfd Jeycuwk\" rbkcrkr \"MJYAQNJ_LFDBLHV:Clux-Sanhk\" mfcvasuw.", "data": "", "file": "ezgjv/YSHWNNY-920-CMUXQHLA-ZYOVTRTNWOL.ncjq", "line": "1247"}, "hostname": "bppeitousnpjemki.dsn", "transactionId": "7782224556290211979"}}, {"resourceId": "/XPLQNGWZHCQCJ/0V3RU9JU-6TW5-4I0K-K452-M032IV8MK133/USYZCYWUBYQYXO/PPYKLAXIMXSL901/EKWLNLGUP/RKUTMQGMA.IFQXMTH/BXZBFJIAQZUORAPNDIF/EKZFMBBO901", "operationName": "TwqbbfunsxdVhjqaqvOjootdfg", "time": "2020-01-06A05:51:46.8732655M", "category": "MtxsljlxlkiPmbnrnmAbtohpimRhu", "properties": {"instanceId": "BcqqsrcpnilWqomdxjVywr_UO_0", "clientIp": "50.112.108.111", "clientPort": "0", "requestUri": "/zajysxvehw-ruqfnzjg/uuggcbt-imrcfotn", "ruleSetType": "SFXCI", "ruleSetVersion": "3.0", "ruleId": "920300", "ruleGroup": "920-FWSERRSU-KGLSFLNVXZH", "message": "Ixojtul Wjhvsql ui Vpjwie Vhdowk", "action": "Rvximsm", "site": "Uumynx", "details": {"message": "Mpvhbls. Clbpw kv \"uy NkmtkJxkYxu Pihnbnf\" ooplypm \"ULUYFOG_UZMPHTU:Fake-Nslyg\" dbmrmmvr.", "data": "", "file": "axqlw/LMZQBAV-920-NVICRTZG-GISJSSWDBRW.pqgt", "line": "1247"}, "hostname": "pogochvpydvcnxvc.zdx", "transactionId": "5188146772878296036"}}]}