{"logs": [{"resourceId": "/EJFMSHMKGCVEG/0B3EV9IS-6AL5-4J0H-O452-M032VF8QH133/AMYPCMPRTCLPGG/IOEPILJVJADN901/BWAQOMJNV/VBKWCNLIU.TIRKMNZ/SVEQRIGAYXKJYLVEFAM/VGXWXAWU901", "operationName": "ClztvzmfyhpXghsmtiIfplllcs", "time": "2020-01-05A22:03:42.5939877X", "category": "JgnvtiooxqwCqlfyifMfufxgvcDci", "properties": {"instanceId": "NeuelirbbqpIfpjfovJpcp_DP_0", "clientIp": "54.236.1.15", "clientPort": "0", "requestUri": "/it/vfveitdmp-cqzpvtejkrk-ivw-gjqvgv-zfxhvvb/hwvzqdim-ndello-qrln", "ruleSetType": "DSDZN", "ruleSetVersion": "3.0", "ruleId": "920300", "ruleGroup": "920-EWBPJQRQ-BQDYPPZDBTR", "message": "Hpzktxr Wjpvbjb sz Xzlzcq Ostrmo", "action": "Znhiygh", "site": "Xwboqm", "details": {"message": "Xigbwsy. Vhnos ts \"nn NztuqKwdTxd Xptbzos\" obxfuwl \"LQWGQKQ_LOXINKT:Nbvl-Peaoq\" ihmkjblv.", "data": "", "file": "vfqku/YZCHZGX-920-DPVYQMAY-BJBJDMMWXBQ.xgso", "line": "1247"}, "hostname": "iyryqqcqkirzqfio.jxr", "transactionId": "11817445424367668451"}}, {"resourceId": "/XXFZWEGKWBQAI/0R3SG9QU-6DI5-4D0C-Z452-H032IQ8BZ133/MFEAXVQSQEVAUB/XGPZUZAPNJJP901/JWZMCSVXE/CPMVYUYIV.DXJSAPC/KMFEOEJKVETDJAMCOTX/HNQVIIES901", "operationName": "SmqftnmgpvxOuainjcTtlaedwz", "time": "2020-01-05U22:16:05.8011140S", "category": "XhvhntbwaeyXhyjbldQysmouprCgc", "properties": {"instanceId": "XihvmughftaAypjopuVjsh_XJ_0", "clientIp": "85.93.88.106", "clientPort": "0", "requestUri": "/", "ruleSetType": "VEHHD", "ruleSetVersion": "3.0", "ruleId": "920320", "ruleGroup": "920-TCDZPAFZ-ROWSNDLGZOE", "message": "Cfaialy Lzfp Gjkbm Ztiehv", "action": "Hsrqvgw", "site": "Kjvitu", "details": {"message": "Uubfvei. Pezjoipg CB ssvtlkz 0 xd XZHEMNV_IXBAWBK.", "data": "", "file": "dfsjl/MVYWWZN-920-IVFXHPGA-LQZLOMJGIIA.lhvh", "line": "1310"}, "hostname": "zoegcgehlmfmuxtf.xbd", "transactionId": "8286627714555710589"}}, {"resourceId": "/ZNCDFTSIVFIQA/0R3ZB9YE-6UP5-4L0U-I452-P032RV8LS133/LTNSZEEMLVDFYM/QLDGPRHNSYYA901/UGPRXZMZI/CLUIJUBMA.AWIYTLS/XZJZNUDOKVVAEOLAXDK/JAQNXWCF901", "operationName": "CtcrwpvxrjuKtdoucpUaailetj", "time": "2020-01-05P22:16:10.2103377K", "category": "WynayaffxuyUvegkuaMdmgxkzePid", "properties": {"instanceId": "BctayzxiyjbWthgotiDdpi_XT_0", "clientIp": "85.93.88.106", "clientPort": "0", "requestUri": "/", "ruleSetType": "MHSAU", "ruleSetVersion": "3.0", "ruleId": "920320", "ruleGroup": "920-YDTPZZAP-GIWFEFIRYEC", "message": "Ccejdqv Ydpb Uohpu Bulinm", "action": "Avixafm", "site": "Mfwgyj", "details": {"message": "Nethqxm. Sgvusjra PA rcavnjf 0 lh HZSKNCW_VBTZMNH.", "data": "", "file": "yicra/OVUWWWQ-920-ILFVBGZI-OOSYAYRKOUR.jrpz", "line": "1310"}, "hostname": "cipbfuthiwltrjpz.jay", "transactionId": "3458768914014536835"}}, {"resourceId": "/FZVMGZKIEWBHG/0I3YC9VI-6GM5-4R0J-G452-I032NN8JU133/OQZBGEQIDOGMEX/JMBPKMMYMJGX901/SZXLBMVSK/QASOIHXBW.ZJKPVTL/CMSYDJDNMJUSDDREBID/RANVDEWG901", "operationName": "HuavyjtmgquZcnidxhTwvvlsew", "time": "2020-01-05R22:16:51.8666131P", "category": "SxdxthhpmqtUtxjoxpXydybyjoCrz", "properties": {"instanceId": "XbecyllcavuDdnbnkvBixs_US_0", "clientIp": "199.58.86.211", "clientPort": "0", "requestUri": "/brcmzh.psq", "ruleSetType": "FDYWS", "ruleSetVersion": "3.0", "ruleId": "913102", "ruleGroup": "913-BUMTTXA-ALZNQZUBQ", "message": "Axfly Juom-Dqjiy qmgeittizf irxr fux pfqhwbl/nqa", "action": "Zqzveij", "site": "Pajmnx", "details": {"message": "Tuuzrxs. Frgrnji uuewyf \"YG12zxp ...\" pm NWHEPYR_ATFTBPH:Xlwb-Kyuti.", "data": "Somzvqu Lsoy: PS12rjj uvyhp iomrdp USBQVWI_CPXKFCB:Jnwh-Vpnhx: Kbfqoix/5.0 (gvghexelec; QS12kfb/z1.4.8; kuct://ah12spv.fbz/)", "file": "haoby/FOORUBG-913-WATIQQL-FMFVJLECK.qrhh", "line": "196"}, "hostname": "etkytnrqcgjquwxz.umf", "transactionId": "10592466325722893529"}}, {"resourceId": "/XGWADYRRALYFU/0F3VB9TS-6VG5-4D0E-L452-X032ZU8GT133/IAPPSPUYCXXYNM/EUKDXNWXIYVC901/EAUCYBTUP/PCEHZLXXO.ZQYUSGZ/QIURCJTBTUVTIEGXTWL/URKTBZTK901", "operationName": "LtehxepoxvsErfaxmkAcjtgssv", "time": "2020-01-05O22:16:51.8666131D", "category": "HkbdxprljstVtbircqWklhkdddNia", "properties": {"instanceId": "QkxhutsbwjjOdwgihrGgfy_SZ_0", "clientIp": "199.58.86.211", "clientPort": "0", "requestUri": "/hxkijh.zzu", "ruleSetType": "QDLWK", "ruleSetVersion": "3.0", "ruleId": "0", "ruleGroup": "Vovnfji", "message": "Roibhdeow gibm. Qsthax ph qnxkqvgm. Nlecpky Bdqqqcb Klscg Pmltcvfv (Iegda Hlfts: 5)", "action": "Zuyrlig", "site": "Vdzhon", "details": {"message": "Yyaqbz tpzfqn ixdm kgib 403 (dapet 2). Zeympdes TA ehvttll 5 dm YQ:nqwaxti_mxsgs.", "data": "", "file": "ovfle/XNOSYAU-949-CXIAGRFR-YXREEXPCRW.txth", "line": "57"}, "hostname": "ombqbmfvaotqktki.etd", "transactionId": "10592466325722893529"}}, {"resourceId": "/CGKVWOYWLEGZI/0W3OX9LY-6LV5-4J0T-Q452-A032WZ8VG133/KHGDHNRFBIQJTH/CNVYBEEWHYII901/ZAHIOXAZQ/UFLHALFNR.ZOAKYLV/FAQVAOVKDTBDEKYANMV/XPHJFWSG901", "operationName": "WtanqkcdoqrVrkqjbpWmtgpezz", "time": "2020-01-05C22:16:51.8666131W", "category": "YrzwmdhkfhzJpvuqeoQlizkthbNyy", "properties": {"instanceId": "EmmeyzsdajpHmgianeSppr_WH_0", "clientIp": "199.58.86.211", "clientPort": "0", "requestUri": "/jqsujq.osh", "ruleSetType": "ITHIY", "ruleSetVersion": "3.0", "ruleId": "0", "ruleGroup": "Abynvcn", "message": "Iwhsumbne tgak. Fnijzj it ypkfcyya. Msvbxzb Qgzznhc Jlcgc Turvofrw (Xlagz Uorlzhu Lmclj: 5 - JSDJ=0,GVB=0,VWT=0,SDC=0,OPW=0,SXTZ=0,NALZ=0,YJIU=0): Vdjzg Hniz-Ihfqm gzbyoxyehy ftpl hqe ejvkxwi/cdp", "action": "Drtrixx", "site": "Mdwoxv", "details": {"message": "Aeuqaeu. Frwzrdiz MW fsaeegy 5 cr PN:atuecet_qifdtnb_ffaig.", "data": "", "file": "mhznk/YZDKPJJF-980-ZRBLCTRFXRJ.dxdj", "line": "73"}, "hostname": "xgecqxqcjjfpztiz.gdz", "transactionId": "10592466325722893529"}}, {"resourceId": "/BOHMUXLWZZXQI/0A3GH9IU-6IE5-4V0R-P452-S032MA8AL133/OIJJXXSLNITWAL/VXRPVRGLIMLT901/UAMXFXAOI/OSJWRFAJR.FRDAESZ/RTYFEJQUVCVWLXHHKGM/BGXJZFHZ901", "operationName": "NffxyeeeqlhWrvtlulQrtgomyr", "time": "2020-01-05U22:16:52.7786016T", "category": "LbxzjzjqpvuPepjagmXjdolcwtVxq", "properties": {"instanceId": "UfsymexmmgaPdosncuZvxb_AP_0", "clientIp": "108.174.8.22", "clientPort": "0", "requestUri": "/hhwalhoi-rgi/rlgdisu-s6", "ruleSetType": "XQVNU", "ruleSetVersion": "3.0", "ruleId": "920300", "ruleGroup": "920-TFMCIWRI-YWWFHPJCPBY", "message": "Wvxltzb Jghlmeh uc Rfqmbk Qwxqlb", "action": "Sflxyaj", "site": "Eoedeu", "details": {"message": "Ieiglde. Abeax qr \"xs DhunxTozEae Ozkfhzm\" usuldgy \"FLOVGKW_UPLMHOU:Ypqy-Raicu\" mvynvccs.", "data": "", "file": "mkvlo/JPHIFOL-920-ETGPIPPO-RRAQPHYULAB.tzld", "line": "1247"}, "hostname": "ziqmlbosfelulfuz.xk", "transactionId": "3458768914014536837"}}, {"resourceId": "/LBIAJKKXKCUGT/0K3SX9XL-6AF5-4M0J-U452-Q032FB8CB133/TRFLBOTXHORCAG/ZXULGCLYXJPO901/YGVCZQVOW/YGRADHHOF.WUIAKBG/MVJRSSDPBPVLCJLSGQK/LKPPLKHP901", "operationName": "VdttavvqvywKhqwqblYxplefdf", "time": "2020-01-05C22:16:56.2124846J", "category": "TjeckaeyztcExxrzwcGgzmkrorUmu", "properties": {"instanceId": "OtymjuqlgipKpaieleUzhp_JG_0", "clientIp": "52.73.132.79", "clientPort": "0", "requestUri": "/qjbkeoy/cdnyoe/CnprgzlTwlffztxhsjnjhUAD.bqli?1527105068018", "ruleSetType": "WRMBW", "ruleSetVersion": "3.0", "ruleId": "920300", "ruleGroup": "920-QYMHCTIZ-TOKJKLXEXEH", "message": "Uihludj Vswfcps va Mevvmd Rvvtwh", "action": "Vgxvjxq", "site": "Emdrbh", "details": {"message": "Hoicjeh. Thotd ed \"xa OziwhNywOai Iutddev\" rvvtpmn \"YJVQBNM_ZCQRBYU:Ixyy-Tniyz\" zrlsxiuj.", "data": "", "file": "lbajj/TKVCNUG-920-UURCTMKY-VJGCJTWGAFH.rvsm", "line": "1247"}, "hostname": "zonshwbcqpfanstx.sq", "transactionId": "7205759405940278915"}}, {"resourceId": "/INHBRGSWYJHTV/0I3ZR9PT-6LA5-4L0P-D452-U032FX8KM133/WSDKWWRIXMZVWQ/TQODGWABYXSK901/ZYTFMBNEJ/BWVVIBBKF.HRXIRNX/JBRCZYRWRCSKEQPSIWI/MMBXYFRJ901", "operationName": "QgytavegcufYfkthlvGfpgiqtx", "time": "2020-01-05L22:16:56.2773670X", "category": "BiqhxlivftzXxnudwdWtkauducZsi", "properties": {"instanceId": "DuneaqrmnflJjmygukIzyq_KG_0", "clientIp": "52.73.132.79", "clientPort": "0", "requestUri": "/iosqxpx/xmamgd/DwwrwgbQtawvoyzgrjvwxQPX.fwyb?1527105068018&1527105068018", "ruleSetType": "GEOKW", "ruleSetVersion": "3.0", "ruleId": "920300", "ruleGroup": "920-RGWIFPFP-BFMGALLUOWF", "message": "Ubohbhe Pyibzxd cl Xjnawg Mboalb", "action": "Arxysph", "site": "Tzdpma", "details": {"message": "Gpztpkn. Ufafv ia \"wy UzcfwBgvEal Nbrxvuh\" loipkxm \"VSCRYHQ_OSJYVPT:Dcuk-Rpwvh\" ubxfkots.", "data": "", "file": "cdfni/IFFBWBY-920-FDZXJZGZ-YJLKSSHKAZX.zdpd", "line": "1247"}, "hostname": "ampoyloxduiletxh.rj", "transactionId": "3314649327892169853"}}, {"resourceId": "/KLYLQWEAAQMRO/0F3NK9ZR-6OG5-4F0J-G452-I032OC8DH133/NIUXIHGZUYESLY/ZEAEDGNCYXVS901/ZAUFNJMMO/BRVGWLYKX.WQGQZEM/SVIOXULHPPLVJAYJDRH/ZPNKGOXK901", "operationName": "RsjjyucffpcUfrnjjdYbzbywms", "time": "2020-01-05D22:17:23.4193823Q", "category": "WgxpadghcwaHxcviyhMkbtcivdIvz", "properties": {"instanceId": "MxiiryffnydYtvgsnaSfxv_LP_0", "clientIp": "34.224.35.80", "clientPort": "0", "requestUri": "/mmueryj/gsjatv/TfbycltSlnfrzkyxyfpesFTB.jpuv?1578262660913", "ruleSetType": "ZTYNY", "ruleSetVersion": "3.0", "ruleId": "920300", "ruleGroup": "920-WCMRCQUD-NCGUOABDSUV", "message": "Przsrbx Nkteazl mq Ljnvzh Rqvoqj", "action": "Xqlpckn", "site": "Vidtpn", "details": {"message": "Qnpbbsl. Sqkfo hu \"bx GkidxOziEsa Ucwgimj\" czhmjdb \"XBBDXQB_YGWVYDU:Eftp-Sdrvj\" pnzyqlpn.", "data": "", "file": "idmfj/EJXXKPP-920-YMBDPPFI-CJDUZEMEFQU.oazh", "line": "1247"}, "hostname": "eieujjzmywhnqwje.rb", "transactionId": "17149716179267358685"}}, {"resourceId": "/UCLCGWEMMUVLX/0J3NT9IL-6TS5-4F0V-P452-P032WZ8MB133/GCCXYTFRJERVQI/IVAVBOJHYTOP901/MFZEEPVYG/AVRLQCMKN.VLOUBXB/HESIMPIWCFSTRUROBKY/AXJLMBRA901", "operationName": "PauinihqsxoZkaxrcsCvffyvqu", "time": "2020-01-05E22:17:23.4849184F", "category": "ItibxorwyxiKbglogvBcaiylqgTtq", "properties": {"instanceId": "SdnmrgivraqBulmevkVvcp_CP_0", "clientIp": "34.224.35.80", "clientPort": "0", "requestUri": "/njlyzkj/mkezie/TpmonreVquccsgwdwpnjpYME.wytn?1578262660913&1578262660913", "ruleSetType": "PSVDS", "ruleSetVersion": "3.0", "ruleId": "920300", "ruleGroup": "920-BVRMZLYE-JDMMWVNCLBK", "message": "Latdhjn Iyjftjq qc Ejunbr Yidsgj", "action": "Crodpot", "site": "Mmsmqq", "details": {"message": "Onfdmbj. Stwyc aq \"ss ErmvvMxfIub Wvyjpos\" ehlcpqp \"FFTQUUW_PJHPSJF:Bull-Qycqu\" ijmpolwa.", "data": "", "file": "eqqrb/ZXUESUZ-920-GBTNBPBZ-NJNTBYPYKAE.lbxd", "line": "1247"}, "hostname": "qsqvoxnbtvzoboek.qb", "transactionId": "3458768914014536847"}}, {"resourceId": "/GHUVYJXSUUJXL/0G3XS9BX-6LT5-4J0H-Y452-G032SP8TM133/VSIEFMOZETDNSP/IJAMVWBQQWFS901/LSVBKTQNJ/SJQMWPVOW.GYHXPVU/QLIHFGORXYSKGOFEUBI/XOTDLBVL901", "operationName": "ReawlouenqlTkavzcsLgxagycv", "time": "2020-01-05F22:17:44.8653610K", "category": "BfiwavwbprdTdmlugpRoaqojzrTfh", "properties": {"instanceId": "TkyjuownnfrSwwwuuzAlnm_PP_0", "clientIp": "63.142.250.231", "clientPort": "0", "requestUri": "/-/bmsuu/Oxkchmn-Ztayapta/Nncdsl-Wvihvgw/Abhnoa/Onia---PPK-4-2.czrj?v=250&y=416&pq=jx&pn=bxurio&xybu=94L45RHU8Z80X1417Y74HIWMFG5W27YTZF151I40", "ruleSetType": "XMTGR", "ruleSetVersion": "3.0", "ruleId": "920320", "ruleGroup": "920-SVCGPLVX-QOYULMYTCER", "message": "Ayuxsas Elga Jktcy Mmmksg", "action": "Irfiezq", "site": "Jcalbv", "details": {"message": "Iebqgir. Dzpgpkcv TL zypxeuq 0 rn MUSPNXM_MCJTTKJ.", "data": "", "file": "abijn/IMKLGHD-920-TBGGUKQQ-KFHHVFYNILE.sdom", "line": "1310"}, "hostname": "hzdoodjiuhkxfwck.ayu", "transactionId": "11457161852224537829"}}, {"resourceId": "/OGZEOUZDCVKPI/0L3WS9NH-6PK5-4U0C-O452-S032YU8KP133/VPPLPJLBXLGXYU/UACCVTCGSWVW901/LNMJBLTEJ/FUQGQGRCW.UTQTCIO/OYTYJYIBLKGRCLVUPRC/DJGXCGQH901", "operationName": "OitsoawwsulZqzzzbzKmlatghb", "time": "2020-01-05N22:14:20.0481804R", "category": "EhtjwmrrcxzHgzfkwpIklgyeevHzu", "properties": {"instanceId": "KhjzozcqnfyJvltulnTejv_BT_0", "clientIp": "23.96.59.35", "clientPort": "0", "requestUri": "/404", "ruleSetType": "RRVLV", "ruleSetVersion": "3.0", "ruleId": "920320", "ruleGroup": "920-RGRYDOBS-GBDJAXYPSRI", "message": "Xlaccuy Dihh Pbigy Ijkukk", "action": "Bvdkqrb", "site": "Iwvfrj", "details": {"message": "Xsmajam. Fcskfpdk LT jpjpckq 0 hq KJXOIPN_USUPAUM.", "data": "", "file": "hfzsw/ESNOYUN-920-XGBZLJKB-WIBWYJMWHWZ.wqti", "line": "1310"}, "hostname": "rfeuvmtesxcvdccn.uu", "transactionId": "9799832791305691834"}}, {"resourceId": "/PRKLUZSQVYMQV/0V3BP9IH-6FJ5-4L0O-O452-M032OZ8SJ133/UFARCHWFTWIHGV/EPPUULECEXWR901/ANVMUGUVB/KUAZEXDAB.HHJCHID/ICCPUAYBCKHVUWOKKVX/BSSXQPEX901", "operationName": "CgbfltlberqUkzgxqePzstdjao", "time": "2020-01-05A22:14:20.1262736W", "category": "TqjbkunpqyuXxzafykVrvhhtmzChi", "properties": {"instanceId": "PuahblwiaqsArraxmzUhga_OP_0", "clientIp": "23.96.59.35", "clientPort": "0", "requestUri": "/404", "ruleSetType": "YJRHF", "ruleSetVersion": "3.0", "ruleId": "920320", "ruleGroup": "920-GZINCAGT-MBLMNHFSQTH", "message": "Opnxgld Wgib Vdykh Bxyjfv", "action": "Shjgnhz", "site": "Mteekx", "details": {"message": "Jnjjckd. Hcxjnrqk JD frfkkvt 0 ku UCDXOQJ_CROSOMJ.", "data": "", "file": "sxrfv/DMVARCD-920-SIIQFKTS-KGDMBIAUVGZ.kijb", "line": "1310"}, "hostname": "jvfgxyvsectihock.vf", "transactionId": "3458768914014536827"}}, {"resourceId": "/WPZEJOGHHMTUH/0V3WN9BU-6QG5-4P0G-O452-Z032ZY8KY133/CKZGASJQXLXWEW/XVHALOWZADIF901/MITABECFQ/VGIOIMFOH.BRLGHLM/EEKGPWWVMSGJSLPAGZK/DQYBKOCE901", "operationName": "QkqpjjnirmrKlyiimlBobxfqie", "time": "2020-01-05Y22:19:50.4192408W", "category": "VedhvrnztseKxbwpqaTglgznmrDan", "properties": {"instanceId": "JncjnueqtppXenlcktKjhy_FY_0", "clientIp": "54.236.1.18", "clientPort": "0", "requestUri": "/iy/beyhsukpz-pgpjdauajib-uke-ddygvr-kqwnmfm/ffluccbn-ohtrvg-upaw", "ruleSetType": "PDPBF", "ruleSetVersion": "3.0", "ruleId": "920300", "ruleGroup": "920-DZCVGTDI-ZBYLJIJOLTW", "message": "Zlrscky Cjmvokz yv Emhrsx Kufztp", "action": "Qrgkrts", "site": "Yfkusy", "details": {"message": "Nqsbzlm. Wsxfs wk \"zh KfnfiCiiMwu Hreezgn\" clbyqiy \"EWUZQPP_JYKPOZM:Pkkw-Tlach\" kvanjztw.", "data": "", "file": "lssai/KTZAUYE-920-YMJAWUPW-XKBLARYCKRB.dtsm", "line": "1247"}, "hostname": "jqjrhurheakhchcv.ati", "transactionId": "6845475833797150114"}}, {"resourceId": "/DIZAGZRAUQBPQ/0U3UJ9TU-6TH5-4M0E-W452-O032KC8UG133/DGUBCELMYXDHHX/MEZTYZNCLLGY901/MFDRZVTYG/TXTWTTMWQ.XMQCRIN/EUBSJNBANADCNIYPCQO/PLPNGLHO901", "operationName": "UavnmhwaoaeBiolnieLjfgqnqo", "time": "2020-01-05N22:19:51.2671151B", "category": "ItltqspbxbtKwuncgeWrinkorqXao", "properties": {"instanceId": "XcadzqernfxEkebjwuIhgt_WF_0", "clientIp": "54.236.1.12", "clientPort": "0", "requestUri": "/ls/uofiwmidu-eaxsmfdiaep-wdm-sdwlbv-lbqusbh/gjxdmcpp-rjbkod-yfab", "ruleSetType": "PQNMW", "ruleSetVersion": "3.0", "ruleId": "920300", "ruleGroup": "920-FEFRIPVM-SAGPOGMPOPA", "message": "Dztvrxg Gddvusa sh Fxqxlr Qjoklf", "action": "Vcomvmj", "site": "Kvhcqa", "details": {"message": "Psdavpp. Spgdl bc \"dz OczwjGvyQzb Meyhkuz\" vqlrqbi \"ZGDBGKD_IWRHXZK:Jiqi-Kqxqw\" wtaoojbp.", "data": "", "file": "ilnut/XUZORQW-920-DMHDUEKT-MQXREAGVHTP.qssl", "line": "1247"}, "hostname": "hmecnisxglqmupzl.exy", "transactionId": "9223372039002265325"}}, {"resourceId": "/DSTAMJFLYGVRA/0M3EE9XG-6JO5-4R0D-T452-Z032HR8XI133/GTNAEPYCKATGFW/HGGBMEVFGEMF901/XPRRTTGMQ/TOQKLNFQQ.APXXMTN/UIMWRQQKZWKKPDWKRUO/UWGEGMGJ901", "operationName": "EhicbmvbymjWwhfzdlWevnzevm", "time": "2020-01-05A22:19:51.6407314U", "category": "FbazdjeddxvBdnkhfsUggwaseoVii", "properties": {"instanceId": "OajuuntmscySypcbrjTtzl_VZ_0", "clientIp": "54.236.1.18", "clientPort": "0", "requestUri": "/zb/cogxfjtpu-vjxvthooeui-khy-vfjmoa-yvpwnae/ooertkvq-terxkn-dtaz", "ruleSetType": "LRSZG", "ruleSetVersion": "3.0", "ruleId": "920300", "ruleGroup": "920-WIJAUWWD-XXHLVFOCHEJ", "message": "Jpkxftk Pstcciq jy Qfuzwh Xsuqsh", "action": "Oypxuah", "site": "Mnsjxp", "details": {"message": "Ugavmzh. Exlvj bb \"zj RzlblJuxSwk Vpkwtet\" pnfzplm \"LACXKZB_ONCGROJ:Nwny-Osabf\" yujhxhhe.", "data": "", "file": "vygup/GZDNNLA-920-QZJHMFRY-SVTGJNSVIAN.egty", "line": "1247"}, "hostname": "wghjbqtjbypypqnd.scg", "transactionId": "3458768914014536849"}}, {"resourceId": "/VBRUVWPVUCHJK/0B3ET9UW-6PH5-4E0U-Q452-R032TU8JB133/WJLRMESQZZFBRO/JOZTKRNOKLWQ901/WKAPBYBOL/FVODLQFDU.GYJCBSL/ISUNMKXJFKKBBUCKOQB/YVJVCIKO901", "operationName": "FfsxmrrqyeaOqzkjjrBxyyycbq", "time": "2020-01-05N22:19:52.0138148W", "category": "MuwujvoqtxbYdkqqknTvnicbftPab", "properties": {"instanceId": "HilakokjylrDciclrkLfvu_VL_0", "clientIp": "54.236.1.18", "clientPort": "0", "requestUri": "/mc/kkexzgmev-sdnkebfrtdu-rvm-ydaymq-ttemvvw/jwufzfyj-nsruvb-hlwg", "ruleSetType": "HRQKJ", "ruleSetVersion": "3.0", "ruleId": "920300", "ruleGroup": "920-NJKMEIEX-CUZRVVMYKHW", "message": "Xwmmqaq Xqwlgrm xz Lrrxze Itugsm", "action": "Jyhsbgg", "site": "Afwqsw", "details": {"message": "Evnovfp. Xivgx wn \"fo WhrslIwnDej Nbtffsz\" pjljiaf \"HLINXKX_KFLMPAG:Huoz-Ekopk\" otuvbhys.", "data": "", "file": "plqbj/NVCNTIY-920-VYUYAGEB-GQOTIGCIZUV.fprw", "line": "1247"}, "hostname": "inyevfryjztvzbfk.agz", "transactionId": "17149716179267358687"}}, {"resourceId": "/DFSANSANASPEU/0I3IO9NM-6VE5-4V0L-S452-F032LR8WU133/WTGCXFXNREFRSN/IBKPITFBXBNJ901/JLVDWSGNQ/NTXJCUFLY.IRAMCCA/YMGMKAQMWKBJYCMDTHO/TBBFNMEB901", "operationName": "XraeaenbsrhJuwnmjfSgwvcbpm", "time": "2020-01-05P22:19:56.8138366T", "category": "XlbzndunmsuTwiftxfTbjfntfgQba", "properties": {"instanceId": "LctdvzemembYcdwcwlTkxb_JU_0", "clientIp": "23.96.59.35", "clientPort": "0", "requestUri": "/404", "ruleSetType": "ATUBM", "ruleSetVersion": "3.0", "ruleId": "920320", "ruleGroup": "920-QSLWFOWS-ZONZDSQVKHO", "message": "Ssouwan Ktzp Irzvq Icylhw", "action": "Ewmwcfy", "site": "Znbvdm", "details": {"message": "Nufhtes. Zzmswwed CG vjuymcr 0 bj TOAGVTY_TXUXWTW.", "data": "", "file": "ajibj/SKZSZGD-920-XGZXPZVG-GBPDCUMHWWI.ubxk", "line": "1310"}, "hostname": "jaccwhtywzdomohm.sxw", "transactionId": "10592466325722893535"}}, {"resourceId": "/FJLWNALYWFHYJ/0A3MQ9SS-6NV5-4R0P-F452-Z032FT8ZQ133/FCEQPHOWHTHHAH/HLSZXOHMVRNW901/TVKPOEALY/XFAOGBYNM.WJZYXFG/FAUQOKQQTBERWWBAQUW/SLGDWHTN901", "operationName": "LfqbtqfkepqWdmuturLqspqvvu", "time": "2020-01-05X22:19:56.8842850O", "category": "ShsyvrgomifWnafofbLflzeuwnJyu", "properties": {"instanceId": "CxvogvncwjfKcfpoodYqoo_UY_0", "clientIp": "23.96.59.35", "clientPort": "0", "requestUri": "/404", "ruleSetType": "GFUEC", "ruleSetVersion": "3.0", "ruleId": "920320", "ruleGroup": "920-ZBYPBDFX-KCRKUWHCIAN", "message": "Odkkfye Rkao Cjvtz Tvhtxb", "action": "Vinzvnh", "site": "Atdvnd", "details": {"message": "Yfjcesv. Vijccrpt ZZ nqvwbtj 0 ua HOJLBIF_OAQOSPA.", "data": "", "file": "zqfyg/ZSNWOQX-920-HEKLFUZZ-HJKADRKXXPN.ygdz", "line": "1310"}, "hostname": "nuzyoaugxndwovsj.hek", "transactionId": "11457161852224537851"}}, {"resourceId": "/WSEDKXCLHGTFL/0I3LF9XX-6JB5-4K0J-X452-K032HB8GM133/FYZQJBMONLAAQM/AGBUTQJWTGON901/AYFIBHITA/VPNZEXGKX.IWPDZAF/NWXQQDUQGCKNXFFMVRP/VTQHQHRO901", "operationName": "UbznlaqqckxYowaifgQxojafab", "time": "2020-01-05F22:20:05.7179232L", "category": "IekrezgigkyRqgzdyqZxwkjvsyYhp", "properties": {"instanceId": "VzgjsmwbxcgMijhbekPzzt_NP_0", "clientIp": "35.187.132.170", "clientPort": "0", "requestUri": "/oav/", "ruleSetType": "CFPFM", "ruleSetVersion": "3.0", "ruleId": "920300", "ruleGroup": "920-ATZJRGSX-UBNLMTJWHIM", "message": "Flayimm Wohjjcy hg Fvaagr Oqvxfj", "action": "Duovfaa", "site": "Ecbwvu", "details": {"message": "Gngcsvh. Kcyjj qm \"gg OwhetCnzUnu Qlglxtn\" ucgklfm \"AVFDJHU_FIYKKSK:Nzsl-Vjxgi\" tlhnrdof.", "data": "", "file": "bifse/GGIHXQV-920-THTVKOZY-WTHCAWPZVXK.xjjs", "line": "1247"}, "hostname": "juiodmxaidscvjil.qyh", "transactionId": "6845475833797150116"}}, {"resourceId": "/UVXXOJGFILPAB/0O3JQ9TP-6RT5-4X0Y-Q452-I032EV8WV133/NGCBXUUQYIVNRQ/NHFHUQYOUITY901/FLWZYWAMQ/KJIAAHBBA.OWXKWGZ/BZHWVVBYKGRSUWSSELY/DXBYAZJQ901", "operationName": "YhsvyqyhdelTejazkcDdlbmdiq", "time": "2020-01-05D22:20:05.8429269K", "category": "GizvrwnhuswZmyitofOqaizptnAyh", "properties": {"instanceId": "NdnhfjwujdaDjwvddnCtyv_SF_0", "clientIp": "35.187.132.185", "clientPort": "0", "requestUri": "/jhnsnbefmymdca/tow", "ruleSetType": "TFPBU", "ruleSetVersion": "3.0", "ruleId": "920300", "ruleGroup": "920-THPVKOFD-XVXWUABORWZ", "message": "Snbelgd Cmfepwv gw Dwlmcu Yteghn", "action": "Zlwqpnn", "site": "Btzshg", "details": {"message": "Gfiuohw. Qsbsz ux \"nc CryuvSpzUtv Cbbfyot\" plsajfk \"GBYLIHG_ZVHRIMB:Zqbt-Wptrf\" esxqqpzg.", "data": "", "file": "tqyyi/XJEMKKO-920-QNJGEOXW-JJPZSJHCQJZ.yyqo", "line": "1247"}, "hostname": "vjoxbmqphwlwjvck.dhi", "transactionId": "7205759405940278923"}}, {"resourceId": "/UNLUZKJLXNAUA/0F3IN9BG-6FY5-4Q0C-H452-I032DJ8JD133/BFCSCLKBNBKYRA/WRSPGOPTYQTP901/MUSAQWTNT/YXQMIDKJG.BHITMJE/QMTORPXCGQSXGQHJOOK/EPXAMGZG901", "operationName": "JvvguvdkprwTmalqvqBuusardy", "time": "2020-01-05A22:20:05.9366866E", "category": "EkjblssuafwLtvonnsWyttxypvEze", "properties": {"instanceId": "QkzyeflwtibIbmigvdCjgc_DT_0", "clientIp": "35.187.132.170", "clientPort": "0", "requestUri": "/wvhpgpxisaykhc/qwf", "ruleSetType": "YLJFD", "ruleSetVersion": "3.0", "ruleId": "920300", "ruleGroup": "920-IXFEJQPT-XVQTBHWAUWL", "message": "Vmojiij Pryezjr ki Kaauim Vqwvyi", "action": "Zgxjutb", "site": "Swxqfh", "details": {"message": "Kfztwga. Bxluq xj \"kn BuyogJckCqv Waollvb\" uvhgehn \"GZIANDD_BCCKZSK:Qwzx-Oxgto\" wwaimsfw.", "data": "", "file": "gjutj/LHTMYVW-920-JWCMTIIX-VGZFUIKBZTW.zmfy", "line": "1247"}, "hostname": "cngyxdmhwomfdmki.yew", "transactionId": "6845475833797150117"}}, {"resourceId": "/JKJOPHOTWYCHK/0Q3GK9AV-6RH5-4J0U-J452-S032SX8UA133/TKJYGWWMYUJLRT/TXQAKGJMFFEW901/TUJKOXJAP/CFQLIMRCO.ZIOAEGG/UGYFMDWQLVXJIGTYIIC/WYXCZEKX901", "operationName": "QfixrekxrrfKbjcurgDvypufoo", "time": "2020-01-05X22:20:37.7854081F", "category": "HmdoenuvxqcCuytxukNkbqhmyeUhd", "properties": {"instanceId": "NwincgdarihMnluesoNfnl_XI_0", "clientIp": "23.96.59.35", "clientPort": "0", "requestUri": "/404", "ruleSetType": "RGCNF", "ruleSetVersion": "3.0", "ruleId": "920320", "ruleGroup": "920-XHUCCXRC-BWAADGMBAVK", "message": "Yebqwqz Dfbt Nshuj Preiqh", "action": "Pkzgspu", "site": "Wfckfb", "details": {"message": "Pfevzgo. Hbsdtokp SZ orhgiag 0 md KYSXGJN_WVQASFG.", "data": "", "file": "yymqi/IMKGPPU-920-BURJRSZJ-UWYGBDHFGYG.tjlo", "line": "1310"}, "hostname": "blxtydcmjxhmjjfa.hgc", "transactionId": "10592466325722893536"}}, {"resourceId": "/KXZNFIUQGLYAP/0P3IT9JN-6EX5-4F0H-R452-R032WW8OD133/JRVFSVWYYAAZHK/TJBEYEBPZXUU901/SPEDNWWBW/GEDJZNKAR.HKVEYSC/UKVTTLLGCQAOUKXMWUJ/AYNLVDAL901", "operationName": "JmdyasqeueyQfjiddmIpgksste", "time": "2020-01-05C22:20:37.8634951U", "category": "OswjnwxireoStjtxtcCdwticyuBzc", "properties": {"instanceId": "WehjneqqayhZqcqartBzak_ER_0", "clientIp": "23.96.59.35", "clientPort": "0", "requestUri": "/404", "ruleSetType": "STPBR", "ruleSetVersion": "3.0", "ruleId": "920320", "ruleGroup": "920-EFAFRJFU-AAQHBKNUZLZ", "message": "Rnycjcl Jbvp Grski Oivnxv", "action": "Effafzu", "site": "Emjzqi", "details": {"message": "Zvggzlb. Trizymuk ZO rwbesyl 0 jz PQVPHFC_BMNRGCW.", "data": "", "file": "apetg/IORKQFW-920-GXKRSQCJ-IAGUCXNPRBY.tzvi", "line": "1310"}, "hostname": "ulrrzhedwgptxqow.yqo", "transactionId": "11457161852224537852"}}, {"resourceId": "/OIDFEMWHBBCSV/0Y3PE9DU-6YK5-4T0V-W452-Q032VP8SN133/DQAUCGFZPECAJY/INVZAQPFMEJP901/WXPANGFCE/GXVKVMBVC.OIAHTKI/QURPDWMMGWLSLLJKEZO/DHEINFSM901", "operationName": "GitpjdqjeybNnjwijnJqenlgbu", "time": "2020-01-05U22:22:11.6890454O", "category": "YwfcwynlgugCentysrUjzoesvoYhn", "properties": {"instanceId": "KiudgzndplpYqlkxcpXwyn_JI_0", "clientIp": "108.59.8.70", "clientPort": "0", "requestUri": "/fziwgq.uck", "ruleSetType": "GZJFS", "ruleSetVersion": "3.0", "ruleId": "913102", "ruleGroup": "913-PPXXQGX-KAQNKNTBP", "message": "Rhjsu Yxrg-Rlmrb okzgjddmsv kxpe lur lbkdevi/rzq", "action": "Ngulsij", "site": "Tpwhqo", "details": {"message": "Gtayzoo. Scipetp cwptvb \"BV12izp ...\" vd CIGHWJV_OQNTGWP:Wnsc-Mcvrq.", "data": "Kplufit Vgce: FF12mhx qmgfx cvcydv XJJESJH_ZOOUIWG:Zvpp-Llvdc: Nulceae/5.0 (wzjxvhyjyy; QP12uba/k1.4.8; uxkt://fb12gtd.vib/)", "file": "xayve/MWYOYEQ-913-CGHVUHN-NMGFKPTLX.xuqg", "line": "196"}, "hostname": "alybdbgqkbntyxrp.nvn", "transactionId": "11096873882034901160"}}, {"resourceId": "/VGUMRLJKVAYZK/0E3AX9QB-6XN5-4H0I-I452-J032RM8NG133/CVKFLXKYZCMIIN/CWRGNECLEFKJ901/ZAQTWPKAC/YDMIVEGBY.CHBZTUP/EEEREERDEXJZSXJLPJZ/LFBZWVPS901", "operationName": "UntrlqrkgalVubumrhTmyjevjf", "time": "2020-01-05Q22:22:11.6890454G", "category": "BvfhfsxjrrrLyyitysCzkbjkdqQid", "properties": {"instanceId": "UricxyjunlsKbuxfysHdrq_ST_0", "clientIp": "108.59.8.70", "clientPort": "0", "requestUri": "/ssjkra.wvq", "ruleSetType": "DLXEY", "ruleSetVersion": "3.0", "ruleId": "0", "ruleGroup": "Sojoorq", "message": "Antmoqwfe bwpa. Fspimf gu kwfpnbzb. Xsxjcuq Hrqxqca Tkcli Bfnnuzvf (Rbruy Klqwi: 5)", "action": "Gmbfrjn", "site": "Wpuynp", "details": {"message": "Tukfxv ejydjw ryan pvzv 403 (nzeup 2). Zygaczec HY ncedsxu 5 cz YJ:gsrkysv_lfckb.", "data": "", "file": "tsxzo/BVTPKUB-949-NEQMFEJT-ZCLRJSYLDE.pblp", "line": "57"}, "hostname": "vqcoohdgyztgiwvu.fai", "transactionId": "11096873882034901160"}}, {"resourceId": "/PXMHKYEDAMJPW/0I3WO9BX-6DV5-4T0C-O452-N032WL8DV133/LHEPIYUSMYIKNF/EBSITAFHGCAC901/KLVIYUITZ/TQIWLDGSO.YUXFZWX/PVHEZZOPSDCUKJQANFZ/YSJPYZWK901", "operationName": "RdmtxksjgraImmautdAflioyjm", "time": "2020-01-05C22:22:11.6890454K", "category": "WgsglxinwpfZduwedeCwcrgkgaCwc", "properties": {"instanceId": "IugxxtcunagWpvqethMmdt_BA_0", "clientIp": "108.59.8.70", "clientPort": "0", "requestUri": "/nkwbpt.uag", "ruleSetType": "MTSKJ", "ruleSetVersion": "3.0", "ruleId": "0", "ruleGroup": "Mnuyhhl", "message": "Tyzmsqzij bjej. Nwqjum dk lpigtbwp. Sgtanbn Tgvsxvn Awxab Vjpfujkg (Paopj Zdohjuf Xtmbv: 5 - OLTG=0,LEQ=0,BQQ=0,YKP=0,ESU=0,WOJA=0,JORN=0,VUIW=0): Yzrdl Yoom-Nofxg hdgzqngpjv kwfk yiu ncrkznm/yay", "action": "Xzjeale", "site": "Hahzsa", "details": {"message": "Xpzwaen. Dshgdhyu TO sobryvo 5 dx LD:dpscbjh_uvlhgnn_dowah.", "data": "", "file": "toplg/EJYMQKXV-980-FJELNEFEMBF.mmgr", "line": "73"}, "hostname": "ynkaibqysacudoja.ddi", "transactionId": "11096873882034901160"}}, {"resourceId": "/VMLJVOJGCYCUG/0Z3PV9ZT-6KI5-4T0C-H452-R032HT8YD133/HGCFEVPSBNCZEU/WYQDJZLAUZYM901/LVIEOBWSP/JGYGUJSME.PCXHTVS/NJTTQFIVEDUCPMLHLDU/ZTKZDOCG901", "operationName": "SfvqgyniftuTikiyibJpinxwpr", "time": "2020-01-05P22:26:09.1414549Q", "category": "YhswaosdpmhBbdnquoHppjftooOvh", "properties": {"instanceId": "CnuylfqpvxkYkohrfnUdiw_YB_0", "clientIp": "46.185.69.181", "clientPort": "0", "requestUri": "/xh-FR/lujvm-etszwikzkh-uoqdgvqjimgl/", "ruleSetType": "HOUQS", "ruleSetVersion": "3.0", "ruleId": "920300", "ruleGroup": "920-XJFFQOPP-AQPCHMMZGUO", "message": "Tnvxzwx Vodjbjo ug Tuwiuf Tretkb", "action": "Inckkta", "site": "Tjdzks", "details": {"message": "Psldevz. Zoqlw br \"uw MukhlIzwSrq Hufigao\" bsoyumr \"WTIQSQL_ICDQQTT:Cbye-Esokl\" vjdbjsmt.", "data": "", "file": "aqeih/WFUZUWD-920-NTZGHNVN-RIHTDMBELID.tdfp", "line": "1247"}, "hostname": "yndvzodtvmkqyurd.if", "transactionId": "8430738504585053845"}}, {"resourceId": "/BDRIDMZCWUZQX/0H3BK9HP-6IG5-4Y0K-P452-I032YI8JI133/EKQYIAVSWUDPCX/YQUQFWCAMSEW901/BTJKLIVPG/JBGPVKMQC.RAQLAYA/CFXUNPWOOFQKWJLDMHP/ULCGEXHP901", "operationName": "WflobxfqfasVbohjgfWnkctxbr", "time": "2020-01-05L22:26:09.6517213W", "category": "WjzcsgomcmcAoxwmksCtnixocnHuw", "properties": {"instanceId": "GdfaghcaemaEcpzrnjEuvy_TF_0", "clientIp": "46.185.69.181", "clientPort": "0", "requestUri": "/bt-TX/kbjmg-htrnlhtrfz-kocewtslequi/", "ruleSetType": "WRBVZ", "ruleSetVersion": "3.0", "ruleId": "920300", "ruleGroup": "920-WAQIDJFX-LTMFHWKOHVD", "message": "Pcerazq Gmhonst ft Wwjczl Pnrifi", "action": "Sduraqa", "site": "Urtrot", "details": {"message": "Rypjgbw. Hlphd wv \"eb IcgckQryAgi Jcwjrpz\" bitmzfp \"KOEDFMY_LAMHUAU:Kkyt-Grauo\" wwidrlvn.", "data": "", "file": "dzvlc/OKCASGQ-920-SLJMMLZP-HHNCNTLHBKF.tcxq", "line": "1247"}, "hostname": "kyijjcjhsysbpspb.xm", "transactionId": "4035225268271449596"}}, {"resourceId": "/GRNAGYPHRCHTY/0A3JO9NY-6FX5-4F0T-I452-Z032RN8TG133/SRASBJRWLDJAZV/SGHJISAQEMMT901/MSMSBWRGB/YPGVWQGLD.OQWZWEL/BMZMULDLGQHHXEMDXZH/NZCIEAGZ901", "operationName": "WcvfyxsxoksRyfiopcDgiqajnq", "time": "2020-01-05C22:26:10.1691340V", "category": "CytypjlldzdIrzxxouAvbmegnuVfd", "properties": {"instanceId": "XacyzyhazevEpdzcymUxgg_AC_0", "clientIp": "46.185.69.181", "clientPort": "0", "requestUri": "/vx-PB/jstop-yoippfhrkq-nmpekuwwxdti/", "ruleSetType": "AZTXX", "ruleSetVersion": "3.0", "ruleId": "920300", "ruleGroup": "920-WGBMSVXZ-JCZQXWVGLDU", "message": "Bxyamtd Bgubjsu me Gwdwbf Wfleam", "action": "Asunoob", "site": "Igislb", "details": {"message": "Cckobth. Fqhsb eg \"rx MvhxiAfnXkl Bfeisun\" toprsjv \"UGWIKFG_KWKVBDO:Apbf-Rxtje\" plgbvozj.", "data": "", "file": "zojxl/ZUOJXWD-920-ZPGZSNJD-CHSAHAQFTUN.utfo", "line": "1247"}, "hostname": "nykoeqbrzkshixhy.fc", "transactionId": "4035225268271449598"}}, {"resourceId": "/QXCMVVWRNYIAO/0T3IG9HX-6EI5-4A0X-F452-I032LV8ZD133/FXLVSKUAHJSCXI/PVBKIJBSXQBH901/GPLLQLVEO/ADSEKLEVZ.EUKPTWU/KRRMTQTQVDRTGLIQJRT/HEPUBGDB901", "operationName": "LhtmjgkjgwyZncfmqlAmztcoyv", "time": "2020-01-05N22:27:26.3894279W", "category": "PnreugcrfybHuvcgmqKeuhmdysBzw", "properties": {"instanceId": "WustrjpwplsDnmzffsZdor_VF_0", "clientIp": "129.146.158.17", "clientPort": "0", "requestUri": "/oqpbew.lcz", "ruleSetType": "ZFPAW", "ruleSetVersion": "3.0", "ruleId": "920300", "ruleGroup": "920-HHHLWORV-LGBEPTTRZSY", "message": "Bofqjdj Kxvlgqz iq Pamlql Uarfqg", "action": "Hgljnnj", "site": "Ugkcxa", "details": {"message": "Qgtxuty. Koenm fg \"lu PlhibZvdGwj Lgggvvu\" expgbte \"KSYKTNF_ORNSPUH:Bjop-Snxhg\" mvdgzfwv.", "data": "", "file": "gjtte/NBFCOHQ-920-CYBZBYHG-AUSROWTFXRW.hayp", "line": "1247"}, "hostname": "bepjvivvloojqnkd.swd", "transactionId": "2233789815369761832"}}, {"resourceId": "/XFCMYLTLNXAVQ/0W3AM9GZ-6WZ5-4V0C-H452-X032IM8IT133/FOLWESNKBPVHHU/JEOQEXPZIAMT901/TFIDXSHLM/OKGLPYXKD.GAXYGZR/FVGUVILMPUUECDSCKSN/ZNXYYEKI901", "operationName": "WyywshkrjiaLyazxpmKkxnsgvt", "time": "2020-01-05R22:27:26.7669074N", "category": "InzjeeuludjJwguapnWwwsdjhuFsy", "properties": {"instanceId": "CcnxegddwfjXcnimqzByeg_VX_0", "clientIp": "129.146.158.17", "clientPort": "0", "requestUri": "/ycmege.eii", "ruleSetType": "BQPZB", "ruleSetVersion": "3.0", "ruleId": "920300", "ruleGroup": "920-DUDDBDFI-VDUHXGCSPEY", "message": "Huavfwu Ethucej je Ugmixi Psdglx", "action": "Alpdqfn", "site": "Amyeqq", "details": {"message": "Amexkjw. Hrpuv lm \"xy MefzlKciHxe Ekbtdey\" snkeaqq \"MUKPNFR_ZBYFCSX:Rliy-Tcyqv\" igseagrt.", "data": "", "file": "cqisc/MZACCOQ-920-WADPWVQY-OKOKAMRVYTI.gvxt", "line": "1247"}, "hostname": "hhsadlykscrwaluh.yfd", "transactionId": "13618885275315864922"}}, {"resourceId": "/CQNHSYVQUOWIT/0B3UR9TG-6OT5-4F0W-E452-Y032NB8TC133/ZPVFNNOOBLXCMY/STSGJAILOTHT901/BXTCPJOZD/SVWCQXZUO.JGXKSFX/PUXXLZRVEHIKRLXYSZE/CESUGZPW901", "operationName": "QmjbaqilaazJodcumfQryjawqo", "time": "2020-01-05B22:27:26.9399467H", "category": "VkdouspqbfdDsbbmvmPjtbitabSbt", "properties": {"instanceId": "IahoeuvgnjoNrkmhkqVxnk_FL_0", "clientIp": "129.146.158.17", "clientPort": "0", "requestUri": "/qrsqk-pw/gaizlthuwd-hzcc/fh-fnlrh-ybndvd", "ruleSetType": "RKOIB", "ruleSetVersion": "3.0", "ruleId": "920300", "ruleGroup": "920-GPDGHZDT-ZTZSXFNYNFY", "message": "Kfnwtic Zxpuaqk xu Kwoxjj Fbmelv", "action": "Ojnapzo", "site": "Obyytd", "details": {"message": "Tohivjh. Xdioe ga \"sw XjdmrMwmDpn Wxmvknk\" ycdbaay \"WMOOHWE_RAQNFCT:Wuut-Mvvip\" mhamyzqf.", "data": "", "file": "dchqd/EJUGIFE-920-VTUPBAMY-CCAGAKHTFRP.kpvz", "line": "1247"}, "hostname": "bnzlbmfwgyimqbnm.yjy", "transactionId": "2233789815369761833"}}, {"resourceId": "/QJVDKHNDXTGLU/0E3NU9TJ-6GS5-4E0L-C452-B032UC8IO133/AOFTCLDAKWAPZN/QTIZAAZBLFCY901/QVSOEUCWN/WTMCTEBTU.JNCRCEM/UFCTMYRDJKZACZFASLI/HMPLWOUE901", "operationName": "PiqzlxspncpJbrkokdYgcnllhz", "time": "2020-01-05C22:27:27.0962172H", "category": "OtutmqxnbsoNhvzfrhMmvkzsvvRcp", "properties": {"instanceId": "QtitxrqgcewWmvjenkJmyw_NC_0", "clientIp": "129.146.158.17", "clientPort": "0", "requestUri": "/ugzsf-gt/rlbjcmuntt-ywrn/yo-lqwdn-xlbwwc", "ruleSetType": "BROTE", "ruleSetVersion": "3.0", "ruleId": "920300", "ruleGroup": "920-ZVDUKTZG-MHWRUYIAHQQ", "message": "Xqcafei Bxnmzct lu Rxyqfu Oacezz", "action": "Zchpzzh", "site": "Dwwojs", "details": {"message": "Mfeardk. Kkamw ew \"bv NeqzhOchZga Rjvltmk\" hqpetzo \"XIXCHFX_MIEMXFO:Vfmc-Polil\" kpsbypwu.", "data": "", "file": "xzmob/XXGAPYU-920-VBJOYPBB-KGYDMULSXLD.dlfl", "line": "1247"}, "hostname": "npyqoyeccfvlbzvn.kmo", "transactionId": "13618885275315864923"}}, {"resourceId": "/HAYJFXPKOFKRO/0O3FW9CZ-6NN5-4G0L-V452-P032YX8LV133/GCIZQSKVOIVZMG/YNNDKDXCMCNG901/ZDVRKGNTM/VMSAYUFGG.BGLUJPC/ISXQGTOCDPOUUYRSFDB/SYKXIJII901", "operationName": "QydrkdgjfzaCdolempIsfocczi", "time": "2020-01-05O22:29:26.6736213G", "category": "EwloqekhtucLkiuacrPwsnkguuGal", "properties": {"instanceId": "XgmxqnuwewqUgbmsktHgar_QX_0", "clientIp": "171.83.124.90", "clientPort": "0", "requestUri": "/-/kuvbf/Zzzotem-Yiamxrmh/Zghtuh/QVC/Tdikawjl/POKV-Slevqunb/Oivwvejkj-Sbehxjblhkosq/Vnisexeg-Ucwrcfk/4096-159.llvn?nc=cy&cjcb=WI5IQC1W409I454553NG10H7F7T9N02625WT9633", "ruleSetType": "ZSMWM", "ruleSetVersion": "3.0", "ruleId": "920210", "ruleGroup": "920-ZTBKMSBJ-BYIFEVQAZAO", "message": "Fenxvtwk/Npdmjmjwejp Zbbohxmzgg Nxnmxm Sebo Jcxls.", "action": "Xpfyakn", "site": "Lvxfyj", "details": {"message": "Ddjwbfu. Ynuvtca ivrmk \"\\\\y(igbs-rxahh|yezmt),\\\\x?(avaw-mfcmb|ouetg)\\\\s\" uy JVTOBEU_BGCUGMC:Qldszwpnfe ....", "data": "xainl, zauoj", "file": "ksehx/UBULGPP-920-LAYUBAKY-QDRAZFVKSPC.sygg", "line": "378"}, "hostname": "xgoajzlmcqqqjqyu.kzd", "transactionId": "2233789815369761865"}}, {"resourceId": "/UDXHXPRJCOBZE/0P3KU9ZF-6JN5-4I0E-G452-T032HZ8DH133/BSPBAWZOTTRLDB/JRKMGYJLYDMY901/CYEFQIJCV/XQTEACHRX.HJEITAR/NYWDSYLXAHHUKCSUJSV/ILANHGCU901", "operationName": "JfnbnpeptspMmnnkyzRspmmsii", "time": "2020-01-05Q22:29:26.6736213X", "category": "QteeqesgmuaTdnuqmdMebmoordTyk", "properties": {"instanceId": "XqdeftjotwzIgasrtfJjdk_CP_0", "clientIp": "171.83.124.90", "clientPort": "0", "requestUri": "/-/ipqln/Ebdxbue-Pirmzxjy/Dlgagv/GSC/Xdbswhrn/FNXW-Vjwqirwn/Ovzlifzqw-Fmrwzpfxepcuk/Rbaosihu-Yyehimz/4096-159.rzyh?me=ne&pgni=YN5SAW1Y409U454553GR10M7T7K9C02625ON9633", "ruleSetType": "SRHEF", "ruleSetVersion": "3.0", "ruleId": "920300", "ruleGroup": "920-VCPAEDSJ-UJRPPKUOBYI", "message": "Voynhjr Dkavqgp ql Rfvzdo Fuipvx", "action": "Cxilycq", "site": "Waryfe", "details": {"message": "Rbtwnyv. Qeaqj vw \"yv TbqeqLovTqj Saexidm\" pqvdcjq \"AGMDOGG_UOYBJXC:Czcf-Mpvkk\" uqxyvxlz.", "data": "", "file": "ozjvf/BBYRWTJ-920-DOGFWYCP-FSOXPGCEICV.jwlh", "line": "1247"}, "hostname": "rwslhmshhoalfkhf.ttd", "transactionId": "2233789815369761865"}}, {"resourceId": "/GZZEFNJHYRXVU/0I3PW9JW-6SR5-4X0U-Q452-L032DW8NZ133/ZRBXYHAZIGBWIF/QOGTTZJZDKKS901/LIAEUWBCV/XCGTAQRVO.ZWCJZEC/EANRDHLUMFFNYKGDKHG/XZFJMILS901", "operationName": "QihiavveukxPqktodbRountmsf", "time": "2020-01-05W22:29:26.6736213S", "category": "EfhwljmkotcUbyjgwnKpibzfeqAiv", "properties": {"instanceId": "TvqinkdaxlcRfchybiCsxk_ZT_0", "clientIp": "171.83.124.90", "clientPort": "0", "requestUri": "/-/raads/Jcualgd-Qjqefuiv/Xteflb/NBY/Ikiigumf/TXDC-Gddzmrki/Ptkfzlxlj-Hmfdiuqmbpvcy/Uqvihkno-Dyxaitx/4096-159.jusu?zy=ma&elib=NQ5CIB1V409Z454553FW10D7W7X9I02625DE9633", "ruleSetType": "PESAL", "ruleSetVersion": "3.0", "ruleId": "0", "ruleGroup": "Kcscgsf", "message": "Yjjgrvial hyrp. Nixhup gm rrmyvqfg. Sajvmas Becgxgu Qkjbg Nnkfsxfi (Opfnf Lnvtf: 5)", "action": "Qwimzff", "site": "Qzdzei", "details": {"message": "Qequil hzixgg utan evzz 403 (dolok 2). Icczcumn CY hrbsyxv 5 ne BK:uyduesa_mezip.", "data": "", "file": "zwbby/DBGDZFX-949-OHSIGFYB-KEQFEOXYZY.ffyw", "line": "57"}, "hostname": "ungfqtdecbnxlxpa.rcb", "transactionId": "2233789815369761865"}}, {"resourceId": "/HGWMZYMMULDBW/0X3UL9SX-6KF5-4P0D-X452-V032KX8GC133/TJYGVBZUIGYMHU/KNHELTCKVXPV901/UOJHEUMPU/RYLXPBHOZ.OWRRPKD/PDJELOXPOBROMIIYVIO/OFVVEYAR901", "operationName": "MrgebligdtlCdqujssKfmokfja", "time": "2020-01-05F22:29:26.6736213D", "category": "KzsvviklrwtKeokjoeSugkfuyzYhr", "properties": {"instanceId": "ItublkyqtfwVuxzkvfSyji_PW_0", "clientIp": "171.83.124.90", "clientPort": "0", "requestUri": "/-/dbxas/Tmrhasx-Tlfxhode/Trflbj/IIJ/Rsnvewme/KGRC-Etzuyvej/Cpnvqzvhq-Suzwzqkumhbpw/Ycojoyew-Pjywjrm/4096-159.jbnf?gu=xy&dfox=FH5VLT1O409R454553TK10E7F7V9I02625NX9633", "ruleSetType": "TESVU", "ruleSetVersion": "3.0", "ruleId": "0", "ruleGroup": "Fagtjgx", "message": "Hocnfngfz tmxg. Sdtzke dq zekweduk. Afouhes Nqtweqs Grbjp Fextqxuv (Wwdli Qqmgwii Tmawa: 5 - VJAJ=0,GMG=0,UWB=0,UIL=0,GSA=0,GLGQ=0,UNNG=0,FMLZ=0): Lkikftr Kgcqxet ts Xhgvjl Khtrhh", "action": "Zfgvbwj", "site": "Xxltdp", "details": {"message": "Euvvcwt. Tznavjbc MG ejpgoqf 5 pl UZ:zwxupcw_dybfrmi_dlulp.", "data": "", "file": "wyjpi/PLHYIKLH-980-LEHTHMVONIO.dijo", "line": "73"}, "hostname": "hyqclnovupzwvynd.jys", "transactionId": "2233789815369761865"}}, {"resourceId": "/NONKNGBDFZFXF/0F3QI9WI-6XM5-4R0K-E452-L032OA8JM133/SCHBILKLCILKLQ/MQNZMGZXRGMC901/XBYBEAJVI/ZDQKKESSF.DYJBVSG/DRCIAHULLGKIYLIXTDB/EGGXTAGM901", "operationName": "VfdqruqndvpTqiqadrPlvligpt", "time": "2020-01-05N22:36:25.2138729L", "category": "PnescxtzuekReotbbuPaomupajHet", "properties": {"instanceId": "UfjdndxwfgkIhwtsmvDbzv_TX_0", "clientIp": "23.96.59.35", "clientPort": "0", "requestUri": "/404", "ruleSetType": "PYJGC", "ruleSetVersion": "3.0", "ruleId": "920320", "ruleGroup": "920-QFWWXQTG-OPGLFHFBSCP", "message": "Uaavwdj Xfwp Smuka Fvklij", "action": "Ogaaujl", "site": "Cddsdn", "details": {"message": "Xrvvpfi. Imoaekfd II tvljwuf 0 nz YXHLGYA_DGFZXVM.", "data": "", "file": "oxdyf/NCLMJNR-920-GVMGFGRH-THCFAWRVZHJ.xjzn", "line": "1310"}, "hostname": "cadzkauyftobploa.oyu", "transactionId": "10016009971465979418"}}, {"resourceId": "/CKYWAJOQCZQEV/0A3AR9NW-6JO5-4A0L-U452-Y032PG8IC133/PBDGRJLVZSWGKA/QZNJWRMPWHDJ901/YVLTPRRGB/QDDPVHQWN.AXLCJPT/SSNORXGKJVLECYFEWCZ/AMSMICQZ901", "operationName": "PitjyzoegeoAwwpypaUbfyfowt", "time": "2020-01-05R22:36:25.2920138L", "category": "CfjjpzmxspyVgrlltoXldfqoecXpn", "properties": {"instanceId": "UltjlakrwuqNppykggMsyr_VL_0", "clientIp": "23.96.59.35", "clientPort": "0", "requestUri": "/404", "ruleSetType": "USCEX", "ruleSetVersion": "3.0", "ruleId": "920320", "ruleGroup": "920-DCTQCAYN-XICYMNGIGVD", "message": "Wrzence Oqkn Utych Brptnv", "action": "Eblreyt", "site": "Ttblgd", "details": {"message": "Xpwxzqj. Xyqtjpri UF wjvdysb 0 jk HKFMGLG_YKRXVSX.", "data": "", "file": "pzruz/UVCJCOU-920-HWTYBHIA-GWLEHWREAVK.iqai", "line": "1310"}, "hostname": "yewnbapyqqzjoash.kxv", "transactionId": "3458768914014536922"}}, {"resourceId": "/UJIGAAXVVTTTX/0T3FM9JP-6DA5-4G0F-I452-O032TX8JA133/LGALPHUTWHTJNF/SZYHJRMBMCXP901/YHFPAQALP/RZDEQUYIE.GWNGHUY/QHIICONQPQAPELQSGVL/UKTNELCH901", "operationName": "YexowesvytaAhikajkLthwlcah", "time": "2020-01-05P22:43:29.7571386O", "category": "RvzvvudiprsUxdrkhdHqujfoegDjp", "properties": {"instanceId": "LhsnvesozfcTmgvimtNrbh_MF_0", "clientIp": "23.96.59.35", "clientPort": "0", "requestUri": "/404", "ruleSetType": "AYENC", "ruleSetVersion": "3.0", "ruleId": "920320", "ruleGroup": "920-TYQQGDGI-HVZYSPSYJEA", "message": "Fmgtysd Aoaf Gvlwn Jcduvf", "action": "Jibiqta", "site": "Pcumky", "details": {"message": "Cnxikps. Vmhxlobk YL qhkhqui 0 pg YAHJPVY_QVJEZOL.", "data": "", "file": "yggwl/IVYSRZO-920-XMDGXKMG-ILXTBJYXPKM.jxua", "line": "1310"}, "hostname": "dpipiuocxlsnyzdk.dgw", "transactionId": "8574858090707420582"}}, {"resourceId": "/VLGIYCTSEJJAZ/0Z3TP9DZ-6DN5-4J0U-M452-X032HC8MM133/TONMSAYFVKCBBV/PEYYDKJPOYTY901/AXLSXANAN/DWVYKCMCR.WUYZFCV/SAJSQUVAYPTYFZLHFTP/TPPKQLSL901", "operationName": "KzntxeikfvhXiqhhlbZpmiynys", "time": "2020-01-05G22:43:29.8196093T", "category": "GuabxvbbvdgJkrpkpnAqporfgxDqj", "properties": {"instanceId": "XxtmbnulnzaSdwfagnJfwi_OJ_0", "clientIp": "23.96.59.35", "clientPort": "0", "requestUri": "/404", "ruleSetType": "RZBQZ", "ruleSetVersion": "3.0", "ruleId": "920320", "ruleGroup": "920-USUXMMWE-VZWQZAGAZUX", "message": "Pmmjwko Wyqs Nxbvx Tvevfa", "action": "Alneqla", "site": "Zcueyn", "details": {"message": "Apuangp. Ftmenxdu UW ymyuyzw 0 er KPMXGTX_FXKQYND.", "data": "", "file": "dlzpo/WHLNKIB-920-ZGHGTOQU-ZBAAXYQXOCQ.yufq", "line": "1310"}, "hostname": "qyoenwvrttczehfi.lxc", "transactionId": "12538025762793462569"}}, {"resourceId": "/DLOXLGQEPUDUX/0Q3PJ9KG-6QZ5-4S0L-F452-L032OI8AV133/ESJLYOJXZCBXAZ/ZBDANMGUNHBW901/GMSKKNIOV/SFKVXQSQH.BPFGPYY/CFUAAZECBHILIIQCUBJ/VKWDVKAR901", "operationName": "QtxrypjbyglQpypmmrRaoisjjm", "time": "2020-01-05L22:38:43.8193008A", "category": "LvajnkugsifKyopnwqYkujbfmfVbq", "properties": {"instanceId": "BkyxaqwaddaMyybiguEftj_OZ_0", "clientIp": "64.62.252.163", "clientPort": "0", "requestUri": "/bqgzej.xaa", "ruleSetType": "YMLMA", "ruleSetVersion": "3.0", "ruleId": "920300", "ruleGroup": "920-YMPXBATY-ZQDCIOZWROB", "message": "Kwiomif Gdibyyu ho Pzaazg Pgcgfa", "action": "Ndlrpiq", "site": "Bulqfm", "details": {"message": "Hvbktkk. Iqiia bl \"ef EhvtvUucTod Mibxpxe\" nmdqsjw \"PCYOXBV_AFJRUDI:Xthd-Rrvbx\" nijwtvzw.", "data": "", "file": "jgtsv/YPGJFTI-920-TCAKDTUI-TXAPPLVVAOJ.hvvt", "line": "1247"}, "hostname": "ylyffdxejzbpdgrd.drx", "transactionId": "11817445424367668569"}}, {"resourceId": "/PXUWJBVEYWUQQ/0Y3BF9IV-6OR5-4T0Y-M452-R032AS8WP133/HJWJXPUUDUJJKA/LNDDTGIQJLTR901/QTSWGRVHK/EEWKFOPHW.IQUQEEQ/UIZYFUBVAIXRSQPNEPE/VKBUCEET901", "operationName": "BqxwwkcgkhzSmjclckIqlhfmir", "time": "2020-01-05P22:38:44.1474065E", "category": "KhgvqjcobkpXrrsbuoRyszhnauUvr", "properties": {"instanceId": "QqfuumorppsXxiwabjVqjk_FK_0", "clientIp": "64.62.252.163", "clientPort": "0", "requestUri": "/tfupxf.xzy", "ruleSetType": "PAPXI", "ruleSetVersion": "3.0", "ruleId": "920300", "ruleGroup": "920-ZKZGUTEF-WKKRLNGNJOU", "message": "Bromucl Dfdjuqv la Flzqfg Crmhrb", "action": "Rrldjnn", "site": "Kyjckb", "details": {"message": "Skxcjbu. Wekeb qm \"bv YdvcrKpwUwl Hvslvnq\" mabdxdj \"XBEXNUD_DHPRZVN:Wwqe-Jmpxi\" bbznmgqu.", "data": "", "file": "faqhc/EQOPLBG-920-ZKBFMETH-BWDVIHGTQJF.mych", "line": "1247"}, "hostname": "wlucjljmwqqibzxj.qzk", "transactionId": "11817445424367668571"}}, {"resourceId": "/QFYBYTDNQTAAT/0I3IW9RL-6EK5-4I0D-W452-P032QK8ZX133/WLVZZPAFOHJIRV/DIJQBKJRUQNV901/DMVAEVCIV/OLHZLMFPO.DWUCQDG/TLAZBTYOSEPENIYFNHD/WTWGLUQS901", "operationName": "EuxnfkkfuuvDbcxrnhNzfxppnf", "time": "2020-01-05C22:38:44.3193059U", "category": "DedmrhmwpdyImyydpfJbfqsvevHxz", "properties": {"instanceId": "LxfconrafbeUpfmnktJhwt_VR_0", "clientIp": "64.62.252.163", "clientPort": "0", "requestUri": "/demmo-hvmvp/", "ruleSetType": "GSJPB", "ruleSetVersion": "3.0", "ruleId": "920300", "ruleGroup": "920-DAURTNCQ-URIPOTQBIXI", "message": "Yplvtwy Swhpawo il Dqrrcz Vppvcf", "action": "Ucdedrq", "site": "Yoslde", "details": {"message": "Alshasc. Bcjur eu \"hu SlymzEanNte Gsgddcm\" tttmiga \"ALESGTB_WQYGMXD:Nufm-Kbtxe\" fwzotcwy.", "data": "", "file": "iejyf/SZHPRJF-920-YNXGAIQY-VEIKSZQQOYC.pwjj", "line": "1247"}, "hostname": "yacftfrkfotoowka.pra", "transactionId": "8502796098622981842"}}, {"resourceId": "/XOMTKSXDWBCKN/0O3KJ9MS-6PT5-4E0P-Q452-I032VZ8SG133/KFMKRIFOSVPKUJ/TBBEOWZRFGJT901/DPYLMPQOQ/RXJNHBVLK.ERGUPYM/UIIHVGKYYBWLMUGZDLH/EJJJGGYH901", "operationName": "IqfwczsuujoExnjtpiIubpcdjx", "time": "2020-01-05X22:38:45.9069516A", "category": "SnrmdtliarcDszgcmjAxbscyteAdz", "properties": {"instanceId": "HvxfbyolgqgZrbzmkzWkhr_AI_0", "clientIp": "23.96.59.35", "clientPort": "0", "requestUri": "/404", "ruleSetType": "ZLWOB", "ruleSetVersion": "3.0", "ruleId": "920320", "ruleGroup": "920-SJFFQXGB-TDYBWUNYNSP", "message": "Izhqpyb Rkou Esgew Phmzsa", "action": "Sdftcsg", "site": "Uhiikz", "details": {"message": "Cpiogys. Icwtfzqk SG oebrcbb 0 uf JMRGGNQ_URCZVJV.", "data": "", "file": "ifisy/CPTBPPX-920-RAJGFPXD-ZVUYHJCIHVO.ycig", "line": "1310"}, "hostname": "cnoxeepyyzrkzbeo.nqb", "transactionId": "11817445424367668573"}}, {"resourceId": "/ONQEHMLYHTWWX/0X3MD9SL-6OH5-4P0O-I452-M032FO8SQ133/SNHENJFBHMWDQZ/RPXAOPAROUUI901/VLSJKEPOA/GQOYRFLZA.QJPPSSG/URIZUYPPTBJYSAPBSRU/TEYPQPYS901", "operationName": "FwfclttfvluNwvbzfjIlzpsobs", "time": "2020-01-05F22:38:45.9719098U", "category": "CeipmoirjflKdraayhCrlqgogoZij", "properties": {"instanceId": "SsqxttjnzyuUqypjccVxos_MD_0", "clientIp": "23.96.59.35", "clientPort": "0", "requestUri": "/404", "ruleSetType": "EKSZK", "ruleSetVersion": "3.0", "ruleId": "920320", "ruleGroup": "920-QLEURDQJ-MFMTWXRGYJK", "message": "Cefquoo Yzfi Bqcea Ngdjnk", "action": "Tvwkjhx", "site": "Pqgqsp", "details": {"message": "Tsevyre. Hzasdcld YC dxuyohu 0 yu ARGGHIY_ULRTAJM.", "data": "", "file": "hjukn/KCFSIMI-920-QDQWGVAO-UBCPKAYPRIP.iyeq", "line": "1310"}, "hostname": "xnimwzexrdifhoed.lub", "transactionId": "11096873882034901292"}}, {"resourceId": "/YEEEYTSJNWZKA/0S3YF9QX-6XB5-4R0P-H452-E032YP8DZ133/LYBICYLJNSHVAD/CAGWGMMJGZNG901/BHPIKXQYC/WQOARKYMX.SIYPJSI/UVXSBJCERUUEVIFRLHW/URTWYCHZ901", "operationName": "DqrsrqnqlvdHdqxhvvIzxbrfrf", "time": "2020-01-05M22:38:54.5474383O", "category": "MhxppmpjmdzDdlbhmkHwuoahauYky", "properties": {"instanceId": "MtkivdwqybcUscjabiIcbu_TB_0", "clientIp": "64.62.252.163", "clientPort": "0", "requestUri": "/lqcre-db/nwwgrxddad-jqea/hctn-zkkjheisi", "ruleSetType": "VXJGU", "ruleSetVersion": "3.0", "ruleId": "920300", "ruleGroup": "920-UUAPLSLG-IILVBEVNNCI", "message": "Xruoghy Qlvtsps oa Cswpwd Ivgkbo", "action": "Pykhrgn", "site": "Ymssoy", "details": {"message": "Dyliqbv. Ifynd ij \"ge JflokYllImm Tqocpfx\" qtrfgtq \"ZWWEYJU_XLQUPUO:Eavv-Cjjvh\" xksexoml.", "data": "", "file": "ynufc/AAJFSVH-920-ZYMRIKFD-GEPZJOPBNZJ.etlk", "line": "1247"}, "hostname": "pyjpimlmgkryxcbn.asu", "transactionId": "1080863912716405750"}}, {"resourceId": "/VAPKHEVCWCDED/0Q3IW9HG-6EG5-4P0O-F452-R032WA8CI133/MPOYYEWPBTZMFY/ZLAKBWIYRKTL901/SFBIZAZEO/HGPKZFDDL.KPHMJWE/VWMTBVBPJGTINLTKXJH/VYPMNICX901", "operationName": "NawbupdmlmsCqbgmubAgghocty", "time": "2020-01-05N22:38:54.6881046U", "category": "HftbvrqzskbOqgqojbPotkgfewIwl", "properties": {"instanceId": "HwhrkjsgwckQqpqohhMiii_WU_0", "clientIp": "64.62.252.163", "clientPort": "0", "requestUri": "/cxumufbn/2019/02/05/jwa-xfrdji-bde-thn-wieaclqq-ixcmeqzf-cuxorhj", "ruleSetType": "MPRFJ", "ruleSetVersion": "3.0", "ruleId": "920300", "ruleGroup": "920-HNYUFPXD-BDHWCDNOSGO", "message": "Lmeazbh Znbogap rl Fzaism Vnwkio", "action": "Wsiuomi", "site": "Icjfed", "details": {"message": "Fdjiveo. Bqmxl ra \"rp WjighTzvStb Gdliiuh\" kojqyyj \"CMDXBGV_KZRQPZI:Zgpi-Ivssl\" abxncnse.", "data": "", "file": "jiqyy/POKYFKC-920-ZUCJWIMV-GFXXTHXBLXY.zwpj", "line": "1247"}, "hostname": "lerxwhcygavdesyl.obr", "transactionId": "1080863912716405751"}}, {"resourceId": "/XQWVJJOAZDEWP/0G3AC9HF-6PA5-4E0U-S452-Q032TB8NV133/ZMBUGDNRSERZUU/DRTNAADHKHZF901/BFHSZXBWG/WZFZYUVPZ.ZGNIZLF/YUARCFUGYQLVMPCBIDL/METQFBTW901", "operationName": "ChevsxozkzyAcwpemsRoaitndm", "time": "2020-01-05R22:38:54.8130971T", "category": "VlwxcakiszlLckbujrApsbjbtzJiq", "properties": {"instanceId": "VeweleguofcTizslocGkbj_UP_0", "clientIp": "64.62.252.163", "clientPort": "0", "requestUri": "/rlpzb/mqvgkmj-owgtuftabogw/vgrqnov/", "ruleSetType": "PDYWG", "ruleSetVersion": "3.0", "ruleId": "920300", "ruleGroup": "920-CJGUMXKE-JQRLOXZNXHM", "message": "Dvhvqzv Uyjawje gf Xqfhcn Sgrixu", "action": "Rgywxlt", "site": "Wauiun", "details": {"message": "Iejkbzp. Eqgml ic \"xq NvfppEwnRpk Xuigkcq\" vvluryx \"YIJXMDJ_VUXRCCB:Pxxi-Hvbfi\" vqgpjjsf.", "data": "", "file": "hzbjl/ZJEQQFX-920-BZKKZRJQ-RFPRGVVJUVF.lhsa", "line": "1247"}, "hostname": "dnpfhtafdzzlzbxh.rqh", "transactionId": "1080863912716405752"}}, {"resourceId": "/JHYOMUDMAYUHG/0F3WR9NX-6YS5-4E0I-O452-Z032OV8BJ133/HUEJDJQFXLBBNT/UWVWGAVKEVFB901/ZCRIDEREB/DSTLJTBNY.JBEPHPS/EDNGPNYLBRVVPEMAYEC/VNOKKJAS901", "operationName": "TcunbverzgxXxfixejHzaieuhm", "time": "2020-01-05N22:38:54.9381132F", "category": "NwibbqknrllMjrvxpiVluqjyiqUbb", "properties": {"instanceId": "DyqzxqnuxalPphmedkHeqs_WH_0", "clientIp": "64.62.252.163", "clientPort": "0", "requestUri": "/caopdwxw/2018/08/03/sreb-2018-xjsow-gvovouha", "ruleSetType": "QBTAA", "ruleSetVersion": "3.0", "ruleId": "920300", "ruleGroup": "920-ZDQQEGIA-SZDAUOUPJBB", "message": "Bbnosha Ccopalq lk Jinpgy Thmegx", "action": "Kkfdfae", "site": "Mymzdq", "details": {"message": "Gmpyjfv. Ynxlv ha \"xo WvixiYsrTxy Xxukpjw\" mhcgfkw \"CUZLCMJ_BGUHJUF:Livc-Fcgcv\" nouqxgkw.", "data": "", "file": "mdglm/DAISXKR-920-FWMQRYUV-HFMREXCIIEG.ameg", "line": "1247"}, "hostname": "xpvkflobfxsnwrfg.opx", "transactionId": "1080863912716405753"}}, {"resourceId": "/PYSBPNWCQCTDB/0Q3TU9TX-6RO5-4A0K-G452-L032DP8WS133/TTZBPSDXEOWYBK/SEJIQOQUEHUI901/HSSHTZPIT/JBSFICKJD.XZPPYKO/HAFUFOUJCIWANRWCYWN/RMUTYFRT901", "operationName": "FyenwxlkkxaCfzmxxcDrhbfhxd", "time": "2020-01-05V22:38:55.0631056V", "category": "XaudnrphtpaNcknqwkRwpwsxdqCbh", "properties": {"instanceId": "ChgzppirpjuZpyyapqNdvj_RH_0", "clientIp": "64.62.252.163", "clientPort": "0", "requestUri": "/Gcvlyvog/2017/07/27/rvbo-yjosgdu-rtrgobb-ycxerehc-gfkwywm-emu-iuwahdb-tgcweymq", "ruleSetType": "DUXCI", "ruleSetVersion": "3.0", "ruleId": "920300", "ruleGroup": "920-TIBFZJUT-QSOCYSCHATG", "message": "Tlljipb Vlualdj fp Fvpzvx Tisbtu", "action": "Oxfnfuf", "site": "Lqgpbj", "details": {"message": "Srajolu. Jgduc av \"qf IjeckCjvMdq Bcicqkq\" rjmdplo \"BLSCCVU_PJKPNCY:Wqzx-Rkulw\" hrjladlf.", "data": "", "file": "ogpan/MCAEVQE-920-THVOTEEC-SAGZVEQDYIF.xbgk", "line": "1247"}, "hostname": "piecyzazrvjijzsp.pfk", "transactionId": "1080863912716405754"}}, {"resourceId": "/QFGMHWCIXCJHD/0H3AO9JF-6OU5-4P0I-Q452-A032IT8TG133/PVOGHINJYLXCZI/KXXUUPWQVECL901/MOJSGPOPL/COSWUUHBR.UUJMHYB/RTDEDKDLOALRFMFTNDL/SQXWXFVX901", "operationName": "IqrbqxbfejkQfvyhmuLwzgprbw", "time": "2020-01-05J22:38:55.1724976P", "category": "WmwjajrzoyoYjimfhtCcaaxhtqYld", "properties": {"instanceId": "TuqrlftmtehBsqantaUkms_DQ_0", "clientIp": "64.62.252.163", "clientPort": "0", "requestUri": "/frswq-pjjf", "ruleSetType": "BSBPJ", "ruleSetVersion": "3.0", "ruleId": "920300", "ruleGroup": "920-FUIMTVTV-HLIMGSFFKFE", "message": "Usxccaa Actlsuw lh Ulxfbd Xiguvx", "action": "Dcigzyo", "site": "Toszii", "details": {"message": "Fespssy. Bjpgf pz \"hx NzmruXonPqy Nvasdro\" knfyavr \"ENGDVWE_OREGNKM:Vpse-Smzpe\" ybvnyvgz.", "data": "", "file": "jqhnv/MSLXJAA-920-ELGXCGZI-ZCHUIAQCFLM.ifvz", "line": "1247"}, "hostname": "setlpkerzlvoqkqa.yjb", "transactionId": "1080863912716405755"}}, {"resourceId": "/NEWAJFMUAUUTY/0T3VD9PL-6UY5-4Q0V-J452-T032OV8ZZ133/OFXPRTKBOLTJUM/YZACVLEQOTYL901/RSEJVJLEH/AVMMJZMCB.YOMPSPT/NQAFWNYJESGKIMJDQKY/HSIQMGKF901", "operationName": "SgjvjahrzbjXxynkgwMspaatez", "time": "2020-01-05B22:38:55.2974985N", "category": "YesffphjyjvTujozdfPsytqwxgHea", "properties": {"instanceId": "IvafsthhvjoOqdxfjlTwvb_AL_0", "clientIp": "64.62.252.163", "clientPort": "0", "requestUri": "/ksfe-2016-oxtvnvs-xlrgvuab-seyptkb-iioikbl-pqwkgycc-dxhmpki-phdlxxvv/", "ruleSetType": "UPGNS", "ruleSetVersion": "3.0", "ruleId": "920300", "ruleGroup": "920-ZPLNRREP-BGDMLKAIOBQ", "message": "Ctvccbe Tqwexcu fe Gzxhrp Agkgsa", "action": "Unqyrhp", "site": "Wmrysn", "details": {"message": "Eyuxnjb. Acuvj ej \"ng EtyspSxeIvf Eagnedl\" ckidtyh \"HQIHSXO_KLWPNAD:Okbl-Qexla\" koavjijm.", "data": "", "file": "xpgzt/XQFCGDN-920-RUKCTJWV-CJURAZCOWFV.awxq", "line": "1247"}, "hostname": "avaptqvivhmzltvm.yxb", "transactionId": "1080863912716405756"}}, {"resourceId": "/WZCBHXXJDRELH/0B3FM9PK-6LT5-4T0T-X452-T032LA8AR133/FXETLALTPJLOVU/CACAHUCYUSTG901/DYYOFBNUE/NGASEEGCK.BZQCRJZ/IVDTCMGZLGCDLEGLLGV/KRJGKFUP901", "operationName": "OadctlkhdmjUbyvtolDayyxsce", "time": "2020-01-05V22:38:55.3912176W", "category": "ThrgjrgjderBoijsllLqhspmppIdc", "properties": {"instanceId": "UmmsdzfivyvVhjffszAiwb_EW_0", "clientIp": "64.62.252.163", "clientPort": "0", "requestUri": "/sshdvoor-jqlcdzjyt/cnpjwcdcw-eiuokdw/hqnolkkfw-dainlgtr-mtbcugjj-mqitadm/", "ruleSetType": "POQZS", "ruleSetVersion": "3.0", "ruleId": "920300", "ruleGroup": "920-IIJKPGIA-SDHCUELNJIP", "message": "Npichxi Vtdqtfl mz Xhngdo Zavhrj", "action": "Rjojsfs", "site": "Zsjwbn", "details": {"message": "Ndyggjq. Fmzqx rg \"jd EeydlJkiEch Itnmpwo\" mzkwfxl \"XAAMPQN_FRLWOEI:Ajme-Vmqrz\" uytqqtzu.", "data": "", "file": "ylxyj/LPVYCDO-920-QISNKGPX-USDPOEYNHUL.fklg", "line": "1247"}, "hostname": "lbwjphqfddbjiaju.fwr", "transactionId": "1080863912716405757"}}, {"resourceId": "/WRVMRXUCRCGOJ/0U3OB9BY-6TO5-4E0J-R452-J032HU8CI133/OJQGNKUNKWBZZY/KODFZQGHQTDR901/YKXTYVPWN/XDRALEBUJ.OTZPMSI/MZQXXHHIBLHDFVHEQLB/AVZKCESM901", "operationName": "DlzovghwesyElinucmHqkxkfrj", "time": "2020-01-05J22:43:29.7571386H", "category": "MdnnqgjkrmsEravmguRaiclbqoIql", "properties": {"instanceId": "CjjoeewvqxkQmeskncJrnt_BD_0", "clientIp": "23.96.59.35", "clientPort": "0", "requestUri": "/404", "ruleSetType": "QJKAR", "ruleSetVersion": "3.0", "ruleId": "920320", "ruleGroup": "920-LZSXGTZY-RGJCZNQFVTY", "message": "Voyxwcz Huog Rxvcq Apgsfi", "action": "Dwvsoow", "site": "Ufijep", "details": {"message": "Ywjibso. Ftmugzcl ZG hwbafsp 0 xq UUMCUAA_OZKPNKY.", "data": "", "file": "kmokv/YRNPLOY-920-TMXQUJUU-WQKRSDCKWUZ.nmip", "line": "1310"}, "hostname": "hwybpmfwhpiqumza.mfh", "transactionId": "8574858090707420582"}}, {"resourceId": "/MBREYZPBRQDUB/0L3SD9MJ-6ML5-4S0N-N452-Z032GG8LG133/KQHYBCGJYXPSMU/EQVBDMLQLWJQ901/GSQSPKWIA/KWNEAEQBO.BLGUKLE/XMEFDWOBMTXZIWNLRSL/JUTLSIXB901", "operationName": "EdnpzkywxpkTeghgkkBdypiiax", "time": "2020-01-05O22:43:29.8196093K", "category": "RewhxwtmtmtRmclbibXnbkrlcrTpz", "properties": {"instanceId": "CxuhamkwvcyMdnvrqmWgrt_RI_0", "clientIp": "23.96.59.35", "clientPort": "0", "requestUri": "/404", "ruleSetType": "IUGHU", "ruleSetVersion": "3.0", "ruleId": "920320", "ruleGroup": "920-ANIVDSAV-CYUTTTWDQWZ", "message": "Bnzfqkq Envw Kcwwg Miqwws", "action": "Cliqnnz", "site": "Lyptms", "details": {"message": "Addyyrj. Yvqukeyf TZ arbarvp 0 ix UKBQBHL_BTXMNNY.", "data": "", "file": "ygxky/ZHAGQPD-920-DIIJXMPW-AWSLOLAIVHD.nxsz", "line": "1310"}, "hostname": "ivhxbhqrgitwzjrq.xlp", "transactionId": "12538025762793462569"}}, {"resourceId": "/BDDKWMYNQKWXT/0I3EX9HU-6NR5-4Z0Y-V452-V032KR8WN133/BPVBVSWZOPKYVQ/KRUEMEDASIVQ901/DBAWTJUUO/ASEKEKUGC.JNIUKLN/EECANAQVDUODDCRZVLY/OAWUKZRE901", "operationName": "WrygayloadyRduburcMzyffsyn", "time": "2020-01-05Q22:39:05.5422793R", "category": "SricrdhiazuCmnanwmSoonjocuApq", "properties": {"instanceId": "OskxfwxdxxiIlljbejSthq_ET_0", "clientIp": "64.62.252.163", "clientPort": "0", "requestUri": "/-/wxayo/Iihwzjz-Kdwgebrg/V4BPC-Qadpwmasxdtf/Ebeyek/Uxewlj/ufmdvht-rjeyuhn-efmja-yykhgwlo-1.uhbh", "ruleSetType": "FHMXG", "ruleSetVersion": "3.0", "ruleId": "920300", "ruleGroup": "920-MZUASYZY-URTIGJBSRHV", "message": "Kmsmynp Yzfeeye vl Prufgx Vffkzs", "action": "Yeknbah", "site": "Cgvclb", "details": {"message": "Cjvlolm. Kwltu sn \"kb YerncXarXtg Jikhhqf\" gdfzquu \"XPMZMLP_QOVFOYV:Rdrj-Qujyu\" wbryvkvj.", "data": "", "file": "sswip/XBYYVWK-920-GFCXDYWM-PGTIYSVHCVG.xgsq", "line": "1247"}, "hostname": "xsudmigfgacqhfwq.lwg", "transactionId": "8791026474774696739"}}, {"resourceId": "/NFKLQBCDCBTEG/0O3HQ9RP-6FQ5-4W0H-F452-J032RQ8ML133/IRYWPCRHHZRNWO/NAJOMGXWQRTI901/JLBPJAJGD/VPHFPZLAV.BRGCDCB/OBAGSJSDBQRLWIVFSQQ/KTZEAVPK901", "operationName": "LdkeqqumrkqVsqskvrXndluiga", "time": "2020-01-05O22:50:50.8347563E", "category": "HkdizmmzxqqOuuwzrvMversldoSxn", "properties": {"instanceId": "BcwwmxinjyjUsvybvcEjuz_BU_0", "clientIp": "192.99.7.182", "clientPort": "0", "requestUri": "/ufpbjf.lqy", "ruleSetType": "VGLDY", "ruleSetVersion": "3.0", "ruleId": "913102", "ruleGroup": "913-QEHXBLC-EKHXNPTCU", "message": "Jqyuf Jjbm-Uwpkj tqbhhmmctr adzu cuj oprrnsp/uih", "action": "Odldjkg", "site": "Oqwnrd", "details": {"message": "Sjpvjju. Pqwinja rklvej \"OX12vha ...\" vz XPBNMDE_YWFZATC:Ctpn-Hbyoj.", "data": "Fquxboh Kvhw: BD12ryn wzvoh nmrkaz HCYSXNR_SXPSOTT:Pbrf-Cully: Bjhadrv/5.0 (dvfvriutyb; GE12esk/r1.4.8; vucd://kg12zkq.nxh/)", "file": "vgahx/XYBZMCN-913-EXKEEVA-HCAKNLEBV.yqdq", "line": "196"}, "hostname": "pykzbqzfxiatvpbo.ola", "transactionId": "12970366928974516965"}}, {"resourceId": "/XJKEUYBGYGBZQ/0X3LH9UQ-6WH5-4G0T-Q452-E032OT8OX133/DHKCKCOBTUTBKM/IEKBCPNZHPIT901/ASHMELKCW/JZUOITPXO.YSYJFZS/METSLZEUYPKHBBPXWZA/SVOXBZUE901", "operationName": "GnlavzhlgzhAhlnhhcMgpnamvj", "time": "2020-01-05A22:50:50.8347563G", "category": "PyvjbanupjsTvpcfjeQfxxogyrNlm", "properties": {"instanceId": "YsvxjulyejbYsoarwcKcbm_GH_0", "clientIp": "192.99.7.182", "clientPort": "0", "requestUri": "/djrlht.ioy", "ruleSetType": "EEBXW", "ruleSetVersion": "3.0", "ruleId": "0", "ruleGroup": "Piuekex", "message": "Jpphpfpbn ujfh. Mgphsm ps zntspoxr. Exlcjta Khbqmhu Puhkq Ydqwvsni (Dipjx Nyiac: 5)", "action": "Wzysxft", "site": "Bpunbg", "details": {"message": "Pfzqof gtoryf ovoz jspo 403 (hciuq 2). Tdftvjwv ZV drdznhr 5 ir HZ:jwwapit_makmo.", "data": "", "file": "iyspm/DFMNCJD-949-TDSGYSTE-OMTPJQCBHK.ncld", "line": "57"}, "hostname": "swsjklrkxztmqyzq.rag", "transactionId": "12970366928974516965"}}, {"resourceId": "/UOSKDPXDWOVFA/0G3JJ9ZE-6FP5-4H0X-X452-E032LI8SS133/BPYKDSXPUCRLBK/ERJUQEEKSQZN901/AOUJOFVDE/OFLHSGRML.AKPRMSX/HVETTHJRNMZCVXATDIJ/XJDMJFUN901", "operationName": "PjsvnimdexrUqicprjLceqfdcu", "time": "2020-01-05I22:50:50.8347563C", "category": "XxbmbqwfryvIcpcxlmUelfyxggYau", "properties": {"instanceId": "RybwzxufbxrYkgzckkYgba_KZ_0", "clientIp": "192.99.7.182", "clientPort": "0", "requestUri": "/sdelzv.geq", "ruleSetType": "CZJWW", "ruleSetVersion": "3.0", "ruleId": "0", "ruleGroup": "Osvjpzl", "message": "Nthjfqfba nvww. Wnkifm ns ejpqqeyk. Rvowqqo Lfijqdv Upcyt Tbaxjrmk (Ezkuo Mvryslw Xohdn: 5 - NRHW=0,TOH=0,YIU=0,EKE=0,WOI=0,JWUW=0,TKIZ=0,KAJK=0): Kvqqm Lnve-Qpfrp bndpjfjjfy jocy yzv lprnhwu/qjv", "action": "Cmwiczb", "site": "Tgckyb", "details": {"message": "Opcxxxq. Djcphgif KO itnouuk 5 yv HD:xjxehbn_eoeofxb_bsqdv.", "data": "", "file": "herbe/FUCMRTOM-980-URDZWEDKKTX.pvwd", "line": "73"}, "hostname": "ivkcecryokrqgxfj.ppw", "transactionId": "12970366928974516965"}}, {"resourceId": "/VVSCONARVTAVK/0X3RK9AK-6OJ5-4X0Z-F452-L032OT8CX133/AKAVSBQGYZIFWG/JTFDGKLXEVDK901/NLMTJPONN/OEAPXOAXV.VLLZXWX/XECUQRBVZTJHKHFAMOH/DAKHHNPK901", "operationName": "OgjzmobjtirXfhfusnVaggskud", "time": "2020-01-05K22:37:20.2460822I", "category": "FtkozaohmevOsbvyszHdoqgipiZir", "properties": {"instanceId": "SsxrlzvxjtgIswnsmfAhwk_YW_0", "clientIp": "208.100.26.244", "clientPort": "0", "requestUri": "/fnamft", "ruleSetType": "ECINE", "ruleSetVersion": "3.0", "ruleId": "920300", "ruleGroup": "920-RKXEQNAU-ADVVUDABIHE", "message": "Emtvacf Vxcemqr vj Fotlmr Tipexj", "action": "Rnzadwe", "site": "Xvjvpa", "details": {"message": "Qnjuxih. Hkrst kp \"jb CdvffTasDky Osnxyko\" uweqowf \"FLNWQNI_DFTUQWO:Cdmx-Cwvkl\" nkhsqezw.", "data": "", "file": "kxflu/GMGXBPK-920-RAERFOHI-ALYRBYABYBE.omlx", "line": "1247"}, "hostname": "rmzkedldidubzcdd.emk", "transactionId": "6845475833797150194"}}, {"resourceId": "/DJUFWGNFKZEDY/0K3ML9UA-6VP5-4P0V-I452-K032KW8GH133/NNXISOGABCHKHF/PIHNUGQNFQTR901/FTCRFXAJV/WJXIVETZF.DXXKLJB/HDNRZXDMERCRYMCGVMG/DXPUCIUT901", "operationName": "NvrmbskulbaClkooenKachghpv", "time": "2020-01-05F22:37:20.3279308F", "category": "CrsrmqoqdbkRyhuowsBnannddbSud", "properties": {"instanceId": "GqkcckmpcjrQcpsupjVcds_WD_0", "clientIp": "208.100.26.244", "clientPort": "0", "requestUri": "/teflrc-hxqpplttjbjt", "ruleSetType": "TFGMB", "ruleSetVersion": "3.0", "ruleId": "920300", "ruleGroup": "920-TTYDCDAH-OGQUXXKRFEO", "message": "Sabhoku Tegpehu yl Maduhr Zoktvv", "action": "Qfpdvsu", "site": "Ymtvnt", "details": {"message": "Kfsaujv. Cgfwb ix \"qc WwluvNizTdo Rqesyao\" ghvqsaa \"ESZGJDV_JSSBIGL:Wkrw-Skkdl\" gpgpboay.", "data": "", "file": "zhwok/ILOBINX-920-YVGZTFPO-VHVVMAKHUCU.dwks", "line": "1247"}, "hostname": "yxhsgczsjopypjtz.fls", "transactionId": "16140909862736371069"}}, {"resourceId": "/GCQVNMLXCRPZO/0P3MS9LF-6OY5-4R0M-E452-Y032PY8ZB133/IFQYIKPUJGZXYX/RPEDFKVWNHKG901/TTTPBQOGM/PKDPJESCM.BLXIWOV/XDFCPTNFZCCHXVGENAJ/RHQZHBIJ901", "operationName": "BvwxvdkkrclLcwsyfwWuzstper", "time": "2020-01-05W22:37:20.4649048Q", "category": "GrlgsqxdmyjCvoxexpLvxfjyrmFjr", "properties": {"instanceId": "LbiyyewffspWhczuvzVtgf_RZ_0", "clientIp": "208.100.26.244", "clientPort": "0", "requestUri": "/cqcsgb-zvhkrsyqqagz", "ruleSetType": "XGFLS", "ruleSetVersion": "3.0", "ruleId": "920300", "ruleGroup": "920-DPWAPUJT-JVLTTWRNBSQ", "message": "Ozsqrlr Ptblmli gy Iikyhh Jfttkj", "action": "Slcjbku", "site": "Ropiiz", "details": {"message": "Jjlzgtx. Oyfos fa \"cs GkmcxErcNvz Xliwcvl\" edwmzkg \"STJZAVO_RZLEPFO:Htrl-Exjjv\" ohkkezrh.", "data": "", "file": "xwbpx/MVHWCUW-920-XMCMBFHF-QQCKSATVGHA.vszc", "line": "1247"}, "hostname": "utotvvlriphqvjnt.lus", "transactionId": "10088067565503907501"}}, {"resourceId": "/GMFGQPKANGCUF/0G3HF9VO-6HP5-4G0H-V452-M032UR8RA133/LILBNMUQDPHVGV/SHCCNLDKXVYK901/NGSNYRQON/YQKCHUDDK.WFNSGKY/CKQNROUNWHRTYCCPFWF/UYCTJEHP901", "operationName": "GxumuqxorchBgnribnCncjldgy", "time": "2020-01-05M22:37:20.9312226Q", "category": "ShfvxgedjijEllqywlMvtyfemcUem", "properties": {"instanceId": "YfvfoeezehoSfufoyqZtys_GK_0", "clientIp": "208.100.26.247", "clientPort": "0", "requestUri": "/dtujkj", "ruleSetType": "GPWBU", "ruleSetVersion": "3.0", "ruleId": "920300", "ruleGroup": "920-FSILZDAO-FVHUDLPHABG", "message": "Bmfsqkj Qrohula rb Plyide Kvbyav", "action": "Yldaxwt", "site": "Jneesq", "details": {"message": "Jbpamzc. Wuqga iy \"ij RlyjtYbnGnj Lekxeml\" hhovlfw \"LWVLKIG_VHPIJDI:Vxhy-Wqspv\" ywtcxpja.", "data": "", "file": "eyytn/XJNAIOP-920-LGPNYRVT-HEBMOQRPKKN.ljul", "line": "1247"}, "hostname": "elsectaywurdkkkf.nij", "transactionId": "4611690418621383881"}}, {"resourceId": "/UJNIPSCRVJSIX/0S3XV9CS-6DP5-4J0H-L452-I032XR8MW133/LFLCLAKJTYBCHD/ARWYNOZMVLEP901/TNJZTWKST/NWUXUNWMQ.SCCJFMC/PRXUJKOQPMRLYCFCOAC/VXFBTXDX901", "operationName": "VywgnaerohqWfyukkgKbgfaemt", "time": "2020-01-05H22:37:21.0249790L", "category": "EuhawgcjddbYtgnsyhYrwjdoxaEbq", "properties": {"instanceId": "RgrbpqvjuqkQcoyzduKcsh_UY_0", "clientIp": "208.100.26.247", "clientPort": "0", "requestUri": "/ddflrc-bkkpozeqlmnu", "ruleSetType": "ANILI", "ruleSetVersion": "3.0", "ruleId": "920300", "ruleGroup": "920-ZVBBIPEX-UGUKHAKFFZC", "message": "Ovehalx Atovxtv ps Gospeh Jzfrxv", "action": "Wdjjfqm", "site": "Ojlghb", "details": {"message": "Ostuyci. Uokvt am \"zq LuzazZytEnk Svlppzj\" mhquxke \"FFSFGGR_AJJLKFH:Pmic-Fdnjn\" fnfncsgy.", "data": "", "file": "hlqqh/ILJJRLG-920-SKHWGTDE-VURYMHGFZAQ.pgso", "line": "1247"}, "hostname": "jwrlhvphrnwtvpxx.aes", "transactionId": "12033622604527961361"}}, {"resourceId": "/PQQCIGXRUQBJD/0I3PQ9UH-6HP5-4P0X-F452-L032DT8CB133/XKZPOSPYEIABXX/BXUPHGESKKXC901/IAMNSAYLD/TGMBAQRJG.YJZQFKW/PWJJQKEEKCKVTQBMBPJ/CIWAINPT901", "operationName": "JbyjkhgrojzLnbctspOmcnmiam", "time": "2020-01-05U22:37:21.1656143R", "category": "QaqavtgwmbfJbujcluCsjrskuhMqq", "properties": {"instanceId": "WagjeyloqugIhjjsxrDdfw_CK_0", "clientIp": "208.100.26.247", "clientPort": "0", "requestUri": "/mkdrvu-mudravtywduy", "ruleSetType": "WSRUG", "ruleSetVersion": "3.0", "ruleId": "920300", "ruleGroup": "920-YNVOFPFC-TUPQSUFTOXB", "message": "Kgccftn Ymmcqqe xa Xxvwdi Jjifzh", "action": "Jyaufhz", "site": "Jvthgd", "details": {"message": "Rsscsko. Urisv kz \"hr KtuumXagAlo Ukffmub\" udxfyuh \"NGVQABV_OPWWHYP:Akty-Ipaed\" bodfcitz.", "data": "", "file": "figwz/ZGBLGUN-920-JFAAUVZW-ITNQBGKKHOZ.tazl", "line": "1247"}, "hostname": "qtbbdiqmetfiluvd.vgd", "transactionId": "13618885275315864982"}}, {"resourceId": "/MVMIUNTIXMRAO/0K3EM9BJ-6UG5-4Q0X-D452-Q032UZ8WK133/ZAUBRVMIZZUMWJ/RBWMBXMSPCYO901/DPPNETHIG/XXLCTOACE.CYMHWDM/CQKUKVXUGAEHPHWSFLY/TSCBXEWN901", "operationName": "GmeqvtkhkyxNobmcytMylibhqb", "time": "2020-01-05C22:37:21.2750166R", "category": "SzrbnajkmukSfbnkrnLlwsppneElk", "properties": {"instanceId": "QaszaomawktEwhgyidZydh_GY_0", "clientIp": "208.100.26.235", "clientPort": "0", "requestUri": "/mrkysq", "ruleSetType": "EGWUW", "ruleSetVersion": "3.0", "ruleId": "920300", "ruleGroup": "920-JPGCBKBM-RKUYLZCGMPZ", "message": "Aqcljlf Cdqyope pw Tderzr Uzmjsk", "action": "Vyqxuso", "site": "Eqvegs", "details": {"message": "Beaqmpd. Srzfs ej \"tc FaymgDndSxo Xqhitaa\" eunmizr \"DJVZBQZ_IVCEGNK:Skqg-Siyam\" nkzidshj.", "data": "", "file": "hefcf/MPZZLHU-920-SDYMQOXS-MFHEXMMGOFD.vloz", "line": "1247"}, "hostname": "kkyvtokgbienuqvj.exd", "transactionId": "3891110080195592899"}}, {"resourceId": "/ZLWEKDFZAUJWY/0F3LO9TZ-6XV5-4D0I-G452-S032PP8SQ133/NSWLXVJPKALCKK/ORGOWJXZOGKY901/XIJZJNPWQ/IQOLHWXLQ.FOIICAW/FFBFXTKXFASXFUVPHJC/KSRMCDUK901", "operationName": "LkkpeoxxjrhBnufklbNospyrqr", "time": "2020-01-05Z22:37:21.3374528G", "category": "RlzachweptdJxrnjglNyishtxbAzj", "properties": {"instanceId": "EwxcvwlpbkaBynsklzAmgm_SP_0", "clientIp": "208.100.26.235", "clientPort": "0", "requestUri": "/prqmew-hxnjtqejwlfi", "ruleSetType": "EXKTD", "ruleSetVersion": "3.0", "ruleId": "920300", "ruleGroup": "920-FLKXEQAQ-PSRLWNOEYJG", "message": "Cptmhke Zgntzjj rx Yyqcnh Coswwt", "action": "Gmfpokn", "site": "Vbidld", "details": {"message": "Adxvdia. Ixvem tu \"ta VchbsBkyBuw Nfgpjex\" totoekb \"TGONULG_TTWWLGQ:Iiqx-Scfty\" bzczzink.", "data": "", "file": "wpunf/JXLXQNF-920-ZYUFYLVT-QSQQWFNNVRM.dcjd", "line": "1247"}, "hostname": "difzehexoxbtyihf.wzt", "transactionId": "8791026474774696715"}}, {"resourceId": "/CBCIGSKRNDFAO/0Y3RL9LG-6VG5-4X0X-T452-V032OC8HP133/VVBCQLJZEYSMSH/OMKWCXANHHYF901/YZCTJZGSJ/TDFVYXPQI.VZDGPEO/BJNPMNPUWYRQEARXQBD/ONQMFHLO901", "operationName": "RbfcgxxfwssAqairkgLlfmhehq", "time": "2020-01-05O22:37:21.5093796K", "category": "NythjodiylpUcdzkliDliqlivrChm", "properties": {"instanceId": "DrrcthvuasjAxrbnmsMywt_GA_0", "clientIp": "208.100.26.235", "clientPort": "0", "requestUri": "/hcosrf-lyvtkqyfabau", "ruleSetType": "PETTB", "ruleSetVersion": "3.0", "ruleId": "920300", "ruleGroup": "920-TFAHSLLC-GYGDCQTPTRQ", "message": "Vybwlge Vugills hh Sdsxre Bpcjgw", "action": "Ytrdmcz", "site": "Nbromr", "details": {"message": "Mjjolta. Tfmni cb \"lp QecxmYvzPqn Qlaxeki\" gkfbrli \"PNTDOZK_EJXPAFK:Mxgd-Jacsr\" apzsesvf.", "data": "", "file": "vifup/VKNJSLR-920-VMFCVRJT-VRNFHJHKBKA.gloc", "line": "1247"}, "hostname": "koitequhatbhgybf.zgb", "transactionId": "6845475833797150196"}}, {"resourceId": "/BBYMHYUGPQWHW/0O3KT9ZS-6TM5-4G0H-G452-M032ZT8VD133/NOLYGTDLPXLKXX/ANPJFRRYQHXW901/DYPHQPSXJ/WZUMEEVVR.LCDBVWE/IMDCNGUIJZWIRYMKMBO/IGUYVUGB901", "operationName": "GbjpeseerlxVqyjxlkLcsfujcc", "time": "2020-01-05Y22:37:21.9123214B", "category": "XfmtopsbwfbZkzkzibRucohuehYse", "properties": {"instanceId": "JrcaklccytiCnlrtjcCrqm_GK_0", "clientIp": "208.100.26.233", "clientPort": "0", "requestUri": "/jvxstz", "ruleSetType": "UXBBJ", "ruleSetVersion": "3.0", "ruleId": "920300", "ruleGroup": "920-INYDEGAB-VDOTHUQTXRX", "message": "Dyyjyte Tqgdkve yv Vjmfsy Qsqjzg", "action": "Cjnnpgb", "site": "Wntgky", "details": {"message": "Npbjsye. Qqzhs ds \"ff WdwflPztFlj Ozwuuai\" isjjsdm \"EAJVKBN_ETUFFTE:Vwcp-Pkcxo\" cfbhmvxv.", "data": "", "file": "wihoo/EPVGOEM-920-JHIYKXQP-MCJMJAPGRWP.amln", "line": "1247"}, "hostname": "isbdahqhedfegxyv.kkr", "transactionId": "4611690418621383883"}}, {"resourceId": "/PRGKNCYBVWZPJ/0E3SD9XE-6LF5-4I0D-M452-B032YH8PO133/XRZWHNOZNSPMKA/BGKOEMVQXSWX901/EHBDPSGSK/RDHVIXHDE.PLOZBGQ/JXEYDIJLAHPOFLZXFAQ/MZJYZDJB901", "operationName": "DckbkoeelixEmxpqooSoknztmx", "time": "2020-01-05B22:37:22.0685602X", "category": "DjifzdxhnpxTcgthlbIgduqxtmQga", "properties": {"instanceId": "KnipgeqxalvLmnzrvlMeqf_RP_0", "clientIp": "208.100.26.233", "clientPort": "0", "requestUri": "/wlitin-bvjuiagmbmyb", "ruleSetType": "VLUFY", "ruleSetVersion": "3.0", "ruleId": "920300", "ruleGroup": "920-DTZCTAIS-VQLMPRNZAQK", "message": "Cbwyojm Acwbbes oh Hfmuiq Xxeelv", "action": "Awjyzkv", "site": "Yemenu", "details": {"message": "Yucvxie. Epznp yq \"ct LcmgiAcyBlu Fvgfjal\" qvlmfbh \"XZNBQYY_QTRGAHU:Bljb-Cwbyl\" tbrjjnkg.", "data": "", "file": "joumx/ZLOPIFA-920-UIMNGUHJ-JFOCYUNFHRD.lkrj", "line": "1247"}, "hostname": "xljgqomvfxgjwtxw.fwi", "transactionId": "6845475833797150198"}}, {"resourceId": "/GCTYKFYFYCVOG/0Y3FI9RJ-6XB5-4L0N-H452-Z032EB8RY133/TSKBMLNHRMTCEA/WMRQBAIMWBCZ901/JSWMZFIMZ/XGHOBLJPH.JYBEPGG/MIHNAJOUQTYLGXRGLMX/IZYASMPS901", "operationName": "VsrqoyrufdgOouknccYngrpxyf", "time": "2020-01-05N22:37:22.2092043O", "category": "NcnzekwjctyUdpysqfWzdaohwxPhk", "properties": {"instanceId": "SzgxzrldxvtXtuaqsdOydi_XJ_0", "clientIp": "208.100.26.233", "clientPort": "0", "requestUri": "/bidnfd-lkqjxfxguerg", "ruleSetType": "DCQUQ", "ruleSetVersion": "3.0", "ruleId": "920300", "ruleGroup": "920-VBLEVETT-VHOWFPWCGFB", "message": "Ageyuln Uoqdkew gh Stnyhz Pykbbp", "action": "Cmbllto", "site": "Inxcmz", "details": {"message": "Jocgexw. Ybyxd yt \"eu IcnyrHqeLfi Dtnxibk\" vuowrbz \"INYRAGD_ECIKYMA:Knux-Yciud\" ekgewxiy.", "data": "", "file": "urysy/VFRJIBI-920-COEIWQIM-CLZQSEPXTHQ.hrdg", "line": "1247"}, "hostname": "ythupatjwehvjrxg.yfk", "transactionId": "3891110080195592901"}}, {"resourceId": "/EFIMEVEIBTGXF/0O3NM9UE-6TS5-4F0C-R452-B032NH8GW133/GZKCFJOQSBLBIJ/DZIMUAAJHPCJ901/HITRFRSAE/SBHAXMGSP.ZMNDVBX/UUKRBZRERLKDEQMKPEZ/BEKTDBEH901", "operationName": "WbmzxsehkxjArgajhlQmnoeloz", "time": "2020-01-05A22:52:17.7348287B", "category": "HexnnrjzvexLnarekoNfebmfduWyy", "properties": {"instanceId": "JxngwoipmqsXxmccknXmnc_RJ_0", "clientIp": "5.9.155.37", "clientPort": "0", "requestUri": "/jpjzpn.flb", "ruleSetType": "ARQFL", "ruleSetVersion": "3.0", "ruleId": "913102", "ruleGroup": "913-XUVKJJG-AZKPWEWGO", "message": "Vdxjq Bvii-Iqppu ewidegpuap pqru bcl fvmtfly/ubf", "action": "Hxeluuv", "site": "Egjlor", "details": {"message": "Gmjvdgi. Epvwpie juyski \"ZS12cap ...\" ia VAWMNVW_EYUUOPJ:Apqy-Ilfwc.", "data": "Diqmnfg Gxpr: JN12zrj dpjbp nagmxt CNZKFVI_XGOLLUJ:Vjhl-Nswff: Xatjpjo/5.0 (gpejpwjkyz; KX12rvg/r1.4.8; mnpn://yt12liw.rvn/)", "file": "djysn/JJJMNJZ-913-HJPJWQI-QCRONKTLA.wwet", "line": "196"}, "hostname": "buhdnfgjtmqxrhcz.wpa", "transactionId": "8502796098622981903"}}, {"resourceId": "/GNEJAWRBHOKWZ/0P3WG9KX-6VX5-4R0K-I452-I032YI8XS133/ASFCWPPWEWGLFF/DWEJCVKINWKZ901/ACYXLJLBD/FVYXJLDPF.WLHJRGR/KTKWQYLXMQYKJGBEDCA/ISIBJPLW901", "operationName": "TzbxvlirqrkXmbpxdfMskujboz", "time": "2020-01-05J22:52:17.7348287V", "category": "HgeynmjkszbOspgsdpSosugnumOqw", "properties": {"instanceId": "PwgxnmqdnkcUyxgxjrJiyb_XT_0", "clientIp": "5.9.155.37", "clientPort": "0", "requestUri": "/pihgfo.hou", "ruleSetType": "WIFWC", "ruleSetVersion": "3.0", "ruleId": "0", "ruleGroup": "Ouggeqq", "message": "Hqdjxrrxb xjnw. Fnjyge oq lyzlmnxe. Npmmyig Ndvbpxg Ulwmn Htouwlur (Owjyz Ivmzq: 5)", "action": "Hwatsbi", "site": "Zneqxa", "details": {"message": "Xpjwmu zavbsw ibok ehvw 403 (cnxyk 2). Dmraqjrj SO ixjpbfh 5 dn PO:pdhtnqn_prefu.", "data": "", "file": "uecxj/GLOSSDB-949-PFFXYTGT-AANIFQIYHC.etyc", "line": "57"}, "hostname": "dkgvwgtpzknwovta.dri", "transactionId": "8502796098622981903"}}, {"resourceId": "/OQEZSJVVXBILB/0K3XX9MQ-6FU5-4D0T-R452-H032LT8JK133/VMKBJONBDPGKQB/KIVZKZBOGGCP901/GMEJBMUKC/JNKITMYKA.HXCARVG/SSHIXJXRARYOYRNHLRA/WMPVAAPE901", "operationName": "TbtnkhswozrUtesxriRuynsgzd", "time": "2020-01-05Z22:52:17.7348287U", "category": "VwbdsjdxrlwAvqpoxcAchtlhmrExt", "properties": {"instanceId": "QdtxkrtyujsYydnmvlXvqk_SB_0", "clientIp": "5.9.155.37", "clientPort": "0", "requestUri": "/vgeubt.lcv", "ruleSetType": "DSNZX", "ruleSetVersion": "3.0", "ruleId": "0", "ruleGroup": "Eftwnbz", "message": "Uxcjvptbu nmpm. Fmzfik mm gmvycgmp. Kztunig Lebrnmo Ndsnw Fuuiylxp (Lqwqw Fhjxwfk Emgxa: 5 - LCHX=0,QZY=0,OPJ=0,IKV=0,SWX=0,XZIP=0,VXOH=0,GNDA=0): Oidsu Ayuh-Ozxcb nbyvnbxvpr cjwz twp oshubza/lfx", "action": "Gxmntyi", "site": "Mrmwba", "details": {"message": "Cicjjoj. Ceazueuj TK upqefny 5 bj HQ:rykexup_oxptybu_ngykv.", "data": "", "file": "cfnax/UKIVVYAI-980-KQPIBWRNBWR.jhts", "line": "73"}, "hostname": "appcqyohfwtlvgrf.ffz", "transactionId": "8502796098622981903"}}, {"resourceId": "/YLUBMTUHDEEHN/0A3HR9CX-6ZY5-4Q0V-H452-F032KS8QJ133/NGOCYNGJVEFOXE/QLKWAFXLOPHL901/WDHJUAQZX/NGVOXMPUU.BGETFKE/GEQQDPNCCWGMWYNEXDK/HXPTJAEE901", "operationName": "CexsyvsfggqYqnfjcgJuunbogb", "time": "2020-01-05B22:52:25.7729011T", "category": "WtknghtffgtQbahrtjBobxpdodJws", "properties": {"instanceId": "IefwlwjryxiTlvfkfoBbbz_AS_0", "clientIp": "192.99.37.138", "clientPort": "0", "requestUri": "/clcdmy.und", "ruleSetType": "BAKQQ", "ruleSetVersion": "3.0", "ruleId": "913102", "ruleGroup": "913-GFEBERI-QKHOREDKT", "message": "Nqder Oezl-Jlsoq hfarvsfoxa bwvl rjk gogtfxc/fzd", "action": "Tivzxrt", "site": "Mobztm", "details": {"message": "Yksvobj. Sszyiye idsooa \"ZB12zcy ...\" pk LCHHVBN_IAKPFPP:Lyvp-Fshfo.", "data": "Fdyalga Qgfw: JN12nke azvsu bgnfbx JUXXGJB_SUXPUVC:Yvby-Npywu: Wsexviq/5.0 (rzcxwjujdr; IO12pey/e1.4.8; ngwc://ar12rji.yqd/)", "file": "ozwqq/TLYSXBQ-913-OKCJLGC-FAPVRLTAR.vlrx", "line": "196"}, "hostname": "plkjlfkrvhvwnkhg.itn", "transactionId": "2233789815369761991"}}, {"resourceId": "/BMJFIVNUIZIXF/0I3JR9PF-6MF5-4O0M-L452-G032GR8SZ133/ULCXCBJHNJHZRD/BPWNKMQNVUBB901/XBUOEYYUN/XKUVFHQYF.FUDAIKD/WFEZPXLRBEAPWPPRNBX/CRQXTCIZ901", "operationName": "QyxqwluiagwCkowcuuXkoqklwc", "time": "2020-01-05Z22:52:25.7729011A", "category": "GnicgjtqjbxVxcrjsqXykoitcmCdj", "properties": {"instanceId": "DaxrrgijxdsYvyjatjSmtg_JS_0", "clientIp": "192.99.37.138", "clientPort": "0", "requestUri": "/ipoybk.wng", "ruleSetType": "SIHPW", "ruleSetVersion": "3.0", "ruleId": "0", "ruleGroup": "Arugzsf", "message": "Rlzyfxqpg kobz. Ywshtp wq pllwogzt. Fisucro Gqcqgyp Wswfy Uiaqzhgn (Oupvh Umfbm: 5)", "action": "Gvwiooo", "site": "Awutcq", "details": {"message": "Tmaugq njuwft hwpl wszr 403 (eoegl 2). Esmfhnvd ZS gvwxjca 5 ev BT:mwkrdut_tsqtl.", "data": "", "file": "wcalz/AZNPXPE-949-EJRZBYLV-WFRCQQWRZS.jwwu", "line": "57"}, "hostname": "koilwfxzbcetlack.gcr", "transactionId": "2233789815369761991"}}, {"resourceId": "/POEWJBSWKNHKN/0F3GH9WL-6RI5-4S0I-T452-M032IS8QA133/BQWIVYHQEXWQEM/XAUPQSLVUDDB901/YFJWEGNSE/TKTIRZXYM.AHNULLP/YMDUTVRGKTUEKMZINSW/BASWKXQF901", "operationName": "IjsqckqgpayYnpjmflRdtimuqh", "time": "2020-01-05R22:52:25.7729011U", "category": "CtdzypmobfuEnyulxaMsdvenxhFdz", "properties": {"instanceId": "XefcyvcgewtMpvljcgZezs_WO_0", "clientIp": "192.99.37.138", "clientPort": "0", "requestUri": "/pmcjvo.xkv", "ruleSetType": "QDGDF", "ruleSetVersion": "3.0", "ruleId": "0", "ruleGroup": "Pwhokag", "message": "Wezxoxabd pwnp. Uocqxl rm hgkoiqlf. Gaqfssh Tysooqm Pegpm Woxwxrii (Zezbz Tqfywhk Vxfms: 5 - JGYK=0,PKZ=0,KQM=0,ALO=0,ANY=0,IETE=0,PGWQ=0,XVWJ=0): Qfcpm Yztb-Rhajx rwhjykqkiy gufo goc diomjvh/xcy", "action": "Ptrscir", "site": "Kwwohy", "details": {"message": "Awdtnuq. Pmwcokqo VS njyklve 5 qm GZ:ztvupak_opvdrrc_ylwcq.", "data": "", "file": "vmeyv/HXOXAEHV-980-HFIIIHGFDAY.xufo", "line": "73"}, "hostname": "etnaqplusbzqrbtq.ssp", "transactionId": "2233789815369761991"}}, {"resourceId": "/UIVCTKYTOTVKK/0K3NV9YL-6GN5-4O0M-O452-F032RV8IG133/FLUILFKKOEECTI/NHWXDBLILEFS901/KYJJQONZN/KBKELAGTK.HWDRPHB/RBXIDHGMZZVLIOWUKAC/QNYYZXZG901", "operationName": "KiwpsjevvxrDkobqpqRcygzhti", "time": "2020-01-05M22:56:03.1772191C", "category": "TmdoxmfbcruIbjonxnWttuynavQdh", "properties": {"instanceId": "LdswgnepwjzJrjjcicLvrv_PQ_0", "clientIp": "47.108.64.42", "clientPort": "0", "requestUri": "/lvoxoe/xe/ygujo.qh", "ruleSetType": "DAYBQ", "ruleSetVersion": "3.0", "ruleId": "913101", "ruleGroup": "913-ZQQBEVK-OKVAMEMYB", "message": "Ikwpe Rpyt-Lbvco tqxuqxubfl lbjq cqsaycedz/qxzqkxl DHKB yuxmgh", "action": "Duolkyk", "site": "Qpgsrn", "details": {"message": "Xsklylu. Zbrikxb gtjybb \"wkavql-fweltfqn ...\" dv CWSRNNZ_EYDMQJL:Dhov-Qyvec.", "data": "Vuavaby Hyzc: qkqfgv-fmnnxkeu tmbtj meqcwf JAUIKJZ_ECVGTXG:Ihvo-Xehlo: bgyody-fmsxmyxm/2.22.0", "file": "fwmld/XLCQKHI-913-XVEGLAP-HVFNDXCZW.zwjo", "line": "156"}, "hostname": "ezswfqqhgmspzjqw.lbw", "transactionId": "11457161852224538005"}}, {"resourceId": "/XEMWWNAGAYFRE/0I3BS9PM-6MR5-4J0X-J452-W032JH8KC133/UVXDMFMMPSIZTH/CACCZYVIAWDH901/APQQTWTKP/ZMYSLQAXV.WWOSEAY/NVMPDMYVWJLJSLZHULN/OZGMYBJY901", "operationName": "DuguyfyuvpdTguwqhzRkjlpjqd", "time": "2020-01-05U22:56:03.1772191R", "category": "UuimslcosjlOvvidqwMakjlrhjErc", "properties": {"instanceId": "OykaktqattcKwdmznqTjsl_MH_0", "clientIp": "47.108.64.42", "clientPort": "0", "requestUri": "/mmsymh/mi/uxxon.wv", "ruleSetType": "ZSYNR", "ruleSetVersion": "3.0", "ruleId": "0", "ruleGroup": "Gkdnyve", "message": "Zirjjwkyh vcbf. Prasuj xt uohbzfli. Pgnshdy Opvrbem Tqlyi Tqyjkjby (Awpdn Eyuwo: 5)", "action": "Pdhrgye", "site": "Osbxpu", "details": {"message": "Likslq pkqlhv ctxq vttv 403 (mkkfu 2). Gfwaiaid TU hipurtk 5 hx RP:covcqfr_mrpbk.", "data": "", "file": "bzith/SUXDYQF-949-LIXGUQUX-XKXOZQOJPT.zxvu", "line": "57"}, "hostname": "qseyndnvcqewfyhq.dvz", "transactionId": "11457161852224538005"}}, {"resourceId": "/KQNZMFLCMMMAM/0N3PB9MJ-6HB5-4Z0C-F452-H032PP8HC133/IQMECYDVDTEEAV/SZUFDYCVQCLH901/DCBSVURIA/UTEHPQMLL.ZFLTFCW/YLNDNLNYGQTSEZYTVVV/ZGEPRLXJ901", "operationName": "RkloegxkylbIpdgbxwGelmxlty", "time": "2020-01-05F22:56:03.1772191A", "category": "SfsvuvsvrekShztpcfRukjlurqBmo", "properties": {"instanceId": "QrcfukgdxuzPbotarnHmfo_AA_0", "clientIp": "47.108.64.42", "clientPort": "0", "requestUri": "/gykibf/mg/kpmty.nl", "ruleSetType": "FXNMT", "ruleSetVersion": "3.0", "ruleId": "0", "ruleGroup": "Szplvwn", "message": "Jmqhdhvxa gnwg. Inopuu nz tfjnqwwy. Dsfciks Iiabtia Lsvfj Nvaamhut (Xmpsd Fuvylje Frruo: 5 - DKSY=0,FYO=0,SPN=0,UCJ=0,EUQ=0,XCLK=0,TCIH=0,EQOP=0): Vmwlg Kaqd-Bdtcb mmufvlxbch muyj bxhtmngor/hsfbguj IXYL lpzvsi", "action": "Kipmxtm", "site": "Jfjfvv", "details": {"message": "Qrmzrjp. Avabkgmf JT xxojvoz 5 pd PA:ajibilr_yfrqftw_mpmus.", "data": "", "file": "bnwkn/YMLGGEUS-980-ICWCHRJPEJV.vzhu", "line": "73"}, "hostname": "nbcjakbsvnwhizko.zzj", "transactionId": "11457161852224538005"}}, {"resourceId": "/NXKTTXFSDYJPY/0S3MR9MG-6RX5-4A0C-G452-W032NQ8OR133/UTNBVBNGKTEKBL/IEPJIQBQEFNV901/YNJYFTZTC/RKSJLIHCZ.XMJXYXH/FQUFATVNFLZRSOLIWLK/AOYYXOUI901", "operationName": "IhxjmqdknjqUxozylpIawmzyif", "time": "2020-01-05Y22:57:20.8531412M", "category": "QjixqeqocxuZluvgdaVojumvzdCem", "properties": {"instanceId": "UznpajxzrzzWdnmfomPpwt_CU_0", "clientIp": "178.137.17.210", "clientPort": "0", "requestUri": "/-/blgsf/Driciji-Lmuctevn/Nouth-ofq-Xozncjixog-Fuzowlh-Zfbyuwd/WYG/Slkew-Ibmpk/", "ruleSetType": "XOTTU", "ruleSetVersion": "3.0", "ruleId": "920300", "ruleGroup": "920-XSTNRHKC-GXYYDLLVFRM", "message": "Wpcjobg Avdvlen of Ujfwyr Iqlfro", "action": "Sszxwui", "site": "Xeqxjz", "details": {"message": "Exuafcp. Quelf yw \"gn NbgxiUkqBeb Tyokmuv\" stvrpzo \"CQXWTXW_WYYUCPX:Ecai-Qaobn\" dovwcgup.", "data": "", "file": "tgapw/XHXHXHV-920-FBMCMNUD-TYMZBDIJVLC.jqps", "line": "1247"}, "hostname": "dspjytkiieegxfvz.yyy", "transactionId": "14339461215695144984"}}, {"resourceId": "/PBOXMWLQVSEJF/0T3AQ9LF-6TK5-4X0Q-I452-N032TA8SA133/AAAHGOGMZWFYUF/PNNMCEIVZDSY901/NFHEVNGZC/XZZSQKZYE.TQPPKSO/CSLDYHUIQDHBVXSJGRM/OXVGWFGZ901", "operationName": "YsrjatjcyuvPldkrseVudprgyf", "time": "2020-01-05U22:57:21.3880197O", "category": "KlkdyeqztvbQmyhochVstyuxceFgr", "properties": {"instanceId": "CufntxmfvjoYkvygbqFrts_SG_0", "clientIp": "178.137.17.210", "clientPort": "0", "requestUri": "/-/zjnzm/Tiskdqj-Mkygaohq/Eqtwd-uqu-Hgjgdluvmv-Dcnnsdr-Qweyowy/RIN/Aefsx-Xmppx/", "ruleSetType": "ARQNR", "ruleSetVersion": "3.0", "ruleId": "920300", "ruleGroup": "920-RJZELHEY-BJKBLHOZVGE", "message": "Fgljnou Vzftvgb sr Qmpsbz Lnhsws", "action": "Cghfzsx", "site": "Yoxusi", "details": {"message": "Meiitld. Jvzad pv \"mx FmhzrLbxFek Kfhlela\" wmllazu \"CJLGNWY_URDVUGP:Kbpe-Snavf\" ebvdbotb.", "data": "", "file": "nvnwk/YQBVGUR-920-KICALRPN-OLTDBYQNRXJ.gflx", "line": "1247"}, "hostname": "wsoaxhpvlvguwjzj.nmx", "transactionId": "14339461215695144986"}}, {"resourceId": "/XNSFTPRHOMILI/0R3YJ9OU-6NI5-4Y0J-J452-Y032NT8VZ133/NVXLYKPNZDUQYF/MUWLYOULQJKT901/DHBZZFCYM/CZJHUFTMZ.DGBPXTW/WHIQXAYIFEOCGMSQYDF/AKODUZDM901", "operationName": "IcsrjenjsrsPikmqkzQsgahuov", "time": "2020-01-05G22:57:21.9494415K", "category": "RejhewofadeBhbcnpiDpwczdviQte", "properties": {"instanceId": "McdauvpukyoJbeugkeJgdu_AA_0", "clientIp": "178.137.17.210", "clientPort": "0", "requestUri": "/-/uqocx/Vadkpqv-Tieuuewv/Hwkxn-xho-Xbrldtzfbw-Zofkfty-Cffkbvm/KOM/Riseo-Qnhru/", "ruleSetType": "VLWHU", "ruleSetVersion": "3.0", "ruleId": "920300", "ruleGroup": "920-LUFCAFQV-AQKDNLFCSRD", "message": "Xiysqnn Idojwxn if Oiikkg Uxswbd", "action": "Ennwarg", "site": "Yvvlor", "details": {"message": "Zcaggzm. Iscpm km \"jt ExbwpSusNkk Jajygdq\" kwuvvug \"ACYAJPO_ZKWLHDA:Jwoe-Sladw\" etjjkcjh.", "data": "", "file": "hayut/IXDWAXO-920-WMVLLNRN-SDCCGHQNUUQ.ehbo", "line": "1247"}, "hostname": "vrkxdgmaopbawbwy.ikp", "transactionId": "14339461215695144988"}}]}