{"logs": [{"resourceId": "/GSNOVASTXQYTH/0T3NM9BP-6ER5-4W0H-Y452-B032JO8QB133/XKUAYJUJRDEQKM/WGQTOMWUFRJJ901/UKCRAHUTP/XMSDEKUQI.UXLUBJD/CXUEVUOGQJERRLKOCRO/CUNDFCPB901", "operationName": "YzniclgqumpCcivhlpUpoaxlbu", "time": "2020-01-12D17:00:54.0912619W", "category": "GwublurnrjjBkxhdlrYwhrcfhyDvv", "properties": {"instanceId": "YmgxwmiymtfCgithjjScic_EJ_0", "clientIp": "178.137.19.29", "clientPort": "0", "requestUri": "/-/ootzu/Thybfxw-Ykrmifif/Rlczf-ofe-Zwcenkptnx-Eykqhwk-Btbxodw/TBW/Jeram-Hoicw/", "ruleSetType": "DLUOE", "ruleSetVersion": "3.0", "ruleId": "920300", "ruleGroup": "920-EZQEAJWJ-LWLSCGGJWHH", "message": "Ywygsvo Qkbyaod qw Okantj Qjwyth", "action": "Zwjirhr", "site": "Ybunmr", "details": {"message": "Mxxcakk. Vqvrv ll \"gk CgqcwAsuIpr Lsevkdf\" deijaeh \"INRFCCG_NZMYZAY:Oacn-Xvyxx\" ptiprews.", "data": "", "file": "orpqb/BWJXCIE-920-QALCZEXR-RKIFSGUOWZE.qqlx", "line": "1247"}, "hostname": "wxtjmknuxxdvvaaz.ngr", "transactionId": "7493989782092000104"}}, {"resourceId": "/IKEYAJQCUJTJY/0G3YW9JZ-6JP5-4N0Q-X452-I032GV8UJ133/NOCGAFJSUNDWHA/LKBQUCFXVTXJ901/BIXJAHCBP/GBKUZQQJA.SAJGFAZ/UWKACERKNDZBMJVBLHI/PYPLJXAF901", "operationName": "OhlunqricyiZmpiogdBnznoebb", "time": "2020-01-12K17:00:54.7036228R", "category": "NyizwstaotaHchnbueCahxsxcwSjr", "properties": {"instanceId": "YarsbocwyevWpotdlwZkva_RQ_0", "clientIp": "178.137.19.29", "clientPort": "0", "requestUri": "/-/qztkf/Mkdgijf-Mulhdqym/Gqwjw-hcb-Gfptxypfgs-Ejnqfir-Jjfylvk/KQJ/Qssvh-Bwqky/", "ruleSetType": "ZAKCW", "ruleSetVersion": "3.0", "ruleId": "920300", "ruleGroup": "920-MHXVMTBA-AHQMIWOQOGA", "message": "Pnanfhj Hcmhjzk ck Iaucti Ioeptd", "action": "Qmjmrfx", "site": "Uslryv", "details": {"message": "Tsvitcw. Dldsf wa \"nc CwcoqYbwLdu Blovqyx\" nrodoaz \"UOGOJUF_KNNMGJD:Bubc-Dapuf\" nqgmkjwn.", "data": "", "file": "khbrf/CIKDMTL-920-IFGDCTWB-QYLXHVIGGJL.wzka", "line": "1247"}, "hostname": "bwogvlntooalehbj.gvi", "transactionId": "7493989782092000106"}}, {"resourceId": "/VJDYMTDTLJZUO/0K3EQ9MO-6OZ5-4X0U-M452-N032UY8YS133/WAXMMUVNDXVZYJ/NYBWHUJXKVLJ901/HAATPNJON/QMUUDXATH.VRCOXTM/GTTXEELLRTBZXRLRVTM/PXEUFKMP901", "operationName": "UrtcoukjazyObvycrwTyegzxfa", "time": "2020-01-12D17:00:55.2744074F", "category": "UemmcphrqliTlkycbvMleyiwjjCgi", "properties": {"instanceId": "TtsoxasxvzgNqwnqtqDcgz_SJ_0", "clientIp": "178.137.19.29", "clientPort": "0", "requestUri": "/-/zzqfb/Ygbiiyn-Qmuqgydy/Mqqol-mzl-Qwgwohupyh-Obltqbn-Qhfubnu/IML/Ffwxm-Mcoae/", "ruleSetType": "YFYTF", "ruleSetVersion": "3.0", "ruleId": "920300", "ruleGroup": "920-CMQFELCO-XOJZBJJIYOI", "message": "Oolxoiw Uzokfek tb Ientdr Pmwlom", "action": "Jffokaz", "site": "Vveuhw", "details": {"message": "Fkpyjpe. Hxbsd ap \"hk JthnxMacGyn Kgxmxuk\" ruhxtfu \"XRWKQHQ_JPIKAUG:Yfto-Nwkeo\" fcahspxa.", "data": "", "file": "iiynv/VRAZIHL-920-EPXOCAFU-BJJJTYSSIEJ.ejls", "line": "1247"}, "hostname": "bpvvwjuubwftumdp.kbp", "transactionId": "10232182753579763638"}}, {"resourceId": "/OJGBRGPNOOSQJ/0F3ML9AV-6RN5-4X0T-R452-B032RX8HY133/IMCQWYOTNYXDNG/VSEEPJFVPDGM901/LHBKTGFNX/ZBUBCKFLK.BIGRCIZ/GGTRVXNRERILQBCDVPF/XSFLEXQA901", "operationName": "UehagvfxxllZnowegiIqvcabji", "time": "2020-01-12H17:05:42.2754644R", "category": "NvlbmjqfbgvNpjsdhoSwbcmlpiPal", "properties": {"instanceId": "VdmnveebyyfMgyprpmDwey_MW_0", "clientIp": "217.73.208.144", "clientPort": "0", "requestUri": "/xvnnmw", "ruleSetType": "RXDTF", "ruleSetVersion": "3.0", "ruleId": "920300", "ruleGroup": "920-CAEGBTKW-YDLUMABUXPF", "message": "Iggrjbu Zxcxukn ie Tjncqx Xrdhhs", "action": "Quoznql", "site": "Rhtjvv", "details": {"message": "Gfnslcp. Jfftn uk \"wv EiqbuQslElq Cxknzut\" qrkzkbk \"MYGBBDF_NMKIJSN:Gzgz-Nqser\" eyslzvje.", "data": "", "file": "bwbvq/TADCVWE-920-UCJLSLBE-XGXFOZIDAHU.ykin", "line": "1247"}, "hostname": "zaovodzzfeiyfkrw.gdg", "transactionId": "16789423811031215384"}}, {"resourceId": "/LRTYTHQDHRQVV/0Y3FL9HN-6KK5-4U0S-O452-R032ZJ8VQ133/HGHVISPSVKSXRM/WAZDFCRTQRVZ901/XWRRZZSIB/VVMKENMXM.PWDIHSA/DVYPNSBOUDADGPKDQOM/SXOGRIDE901", "operationName": "TkuvmgfcyrqLyqpfysAunwtcch", "time": "2020-01-12H17:05:42.5638489C", "category": "MydvyaceoqrUplqmunGdalfthoQqm", "properties": {"instanceId": "KusctisabawZemmzdfNeju_WD_0", "clientIp": "217.73.208.144", "clientPort": "0", "requestUri": "/wukwqj-dvfpirrqylul", "ruleSetType": "HYOBX", "ruleSetVersion": "3.0", "ruleId": "920300", "ruleGroup": "920-DHAKELMX-MGQEMNVVASW", "message": "Akihwmz Drwdjvy yk Glyfmh Djsuzv", "action": "Nkaxdnp", "site": "Pwycmi", "details": {"message": "Etpjjoh. Ypqda fj \"la OrhezJgnIel Fcacjtv\" xymoatx \"YLHOSXU_YHUOHSW:Lkco-Urrih\" lnwevikh.", "data": "", "file": "ncbfg/AVOVRLJ-920-FWXPQEWB-OQMIUWUARLD.tmwd", "line": "1247"}, "hostname": "hprjzpckothwzqdb.jwk", "transactionId": "16789423811031215386"}}, {"resourceId": "/IOPJXYVZYRLYT/0F3GK9YN-6MN5-4L0L-G452-Z032HS8XM133/YSZTXCIFQDIOAK/RIXNVRMHISCP901/MCRJXTMZI/NZOZQOLDL.UAUPJZX/MUUJGZCBRQXQHPKXJHK/HJEGUVLL901", "operationName": "YkbubmmifkyZuknylwPrkhjupz", "time": "2020-01-12X17:05:42.9675771U", "category": "IwhyykbnutsPqryzgfVebjkuoxMbc", "properties": {"instanceId": "RzkoczuupcpRqjlyxhZptj_EW_0", "clientIp": "217.73.208.144", "clientPort": "0", "requestUri": "/jwbffd-okavwphawtao", "ruleSetType": "KUGTX", "ruleSetVersion": "3.0", "ruleId": "920300", "ruleGroup": "920-SOGZMKTC-AGMQIHZTWYD", "message": "Scxgreo Wovnlhs yz Pgnfhn Bffrsb", "action": "Apbvkii", "site": "Qtjtbn", "details": {"message": "Cunxboi. Txwpf vr \"kh XcnumTamWma Pgbwwex\" oripyfx \"KWDKYZX_ORJLZZW:Zwms-Jwccn\" baivqxrz.", "data": "", "file": "tjyyt/ZZKBTFR-920-SBGHIRLS-HKCBZXRUHHN.hefa", "line": "1247"}, "hostname": "jhwfnwagvtgghodv.njw", "transactionId": "16789423811031215388"}}, {"resourceId": "/VNVPLGXBCMHRU/0K3LM9QJ-6PB5-4F0T-E452-N032MN8RS133/DGUJXTALHAIYEF/USVFIVGWSVWI901/GIDDTBKEA/CCJAGGYUM.DLMOLSL/HVSHFKGZLFSYYCIQNFI/EEGPHIQP901", "operationName": "WzhzohncfccQlyjkveGoyxhuyp", "time": "2020-01-12E17:10:39.0118290S", "category": "YxvjufpbcftMbjpnopJzfhausfAwb", "properties": {"instanceId": "QimvdtrwuxyApyspypGcnz_DV_0", "clientIp": "46.229.161.131", "clientPort": "0", "requestUri": "/", "ruleSetType": "LNQFC", "ruleSetVersion": "3.0", "ruleId": "920300", "ruleGroup": "920-AJGKQKQJ-LFGRKFFZQSL", "message": "Xjabaom Bfzubwu tq Ilqhfw Novkqg", "action": "Zmqgiti", "site": "Buhkom", "details": {"message": "Dyucfex. Fedwp lo \"bb IrwnkTclSnp Rwtjsfs\" enmulkj \"ZJJDVLL_CWPMTWF:Jdfy-Wszdn\" htckrine.", "data": "", "file": "bluzz/GSAPKTL-920-LOYNPWQD-ZQKULTNELDU.vtvo", "line": "1247"}, "hostname": "vndpqtfqadozoyqf.nvp", "transactionId": "9079261248972925176"}}, {"resourceId": "/ZDLWGZFJQFFHZ/0T3UE9RY-6NA5-4P0D-P452-Z032IV8UA133/OXUQFDNOIFYVVZ/RHRUBOKIKAHT901/LXXWPUGBJ/XQAFSTTOJ.RSNRFMW/QBMJVADMXYTWPLZBYLG/OTNMQWFB901", "operationName": "MgscuoeksshKdpcjtfMudfmmyw", "time": "2020-01-12I17:10:39.0963773R", "category": "YzcmzghynwvKchvhbkJleotghvAzp", "properties": {"instanceId": "UbghtmtocldYvavxbqBbos_MH_0", "clientIp": "46.229.161.131", "clientPort": "0", "requestUri": "/", "ruleSetType": "KOVDX", "ruleSetVersion": "3.0", "ruleId": "920300", "ruleGroup": "920-RETQLIYA-XYRVJYJKWAM", "message": "Phjfxpz Jajvabj nx Yejfsw Czsvwf", "action": "Ysmqdut", "site": "Wgazrd", "details": {"message": "Ctfoulr. Jseat jj \"ye HwjziRwnMnk Vohbsrj\" kcewbjn \"WQDMHWV_EYYVWMI:Vnpe-Xljqz\" pgsykhof.", "data": "", "file": "nppvm/HLLBUKM-920-CPBJJXTH-VRKHZVUPYSP.qvux", "line": "1247"}, "hostname": "aakydtlbonwprvoq.vuv", "transactionId": "9079261248972925178"}}, {"resourceId": "/FKFAEXJEDKBUF/0T3QB9ZR-6LO5-4J0Z-X452-Z032FF8MX133/FCTCSTROCIUZVW/RUBVUVWLLVGH901/NYPYGIHAX/JTWXHOPQY.GVKKRYM/BMIELPKATKQKKIUMSZI/ZAPITXBV901", "operationName": "JdegvrckzvuObyibepIotqdiop", "time": "2020-01-12F17:10:50.8727108Q", "category": "DwhbfumbqsuQhnmeynMlxydyeaIta", "properties": {"instanceId": "VzkdnpwagqcQvvwdohMkii_OW_0", "clientIp": "219.132.130.175", "clientPort": "0", "requestUri": "/", "ruleSetType": "GCWFK", "ruleSetVersion": "3.0", "ruleId": "920300", "ruleGroup": "920-QIEIMVPH-RUHCKGQZMTW", "message": "Mzvolzz Fxzftaj eo Nddych Usmwkw", "action": "Yswjxbo", "site": "Emyofa", "details": {"message": "Oebdpzk. Yummo vv \"bs YcxbwOiiTmw Rpmlmob\" bhlrdtf \"FFBWZNN_FMSQXPK:Quwd-Nzpiq\" atciusjv.", "data": "", "file": "pfgvc/TJMRIKK-920-SGUVPZRI-YZVDHWAKRSV.zufk", "line": "1247"}, "hostname": "daxqwkmedllxkvst.qu", "transactionId": "9079261248972925180"}}, {"resourceId": "/FORQIIPXUVTJH/0G3KM9AA-6EK5-4V0E-N452-X032NV8DP133/YRLBPIXNZXJIAP/YWTIOEBPQUVM901/HZBNQXAVI/KOQLCHBJK.SLIDFVS/SCSHDTOGOMFDCJMDTUH/WWGDDXCP901", "operationName": "JzzpcgdprxaYwxoxqlMtvjofrr", "time": "2020-01-12H17:12:33.0160622K", "category": "WszmjonhvxvCjugasmZuyouyrvIur", "properties": {"instanceId": "BsqbqnfkxkuCphanclYygp_RL_0", "clientIp": "219.132.130.175", "clientPort": "0", "requestUri": "/vjhii/", "ruleSetType": "HNCFU", "ruleSetVersion": "3.0", "ruleId": "920300", "ruleGroup": "920-DLEBTPKV-LKJQIGLONDE", "message": "Pstlrlr Qmngwdw td Ettwff Xtiwly", "action": "Igudakj", "site": "Zblmvt", "details": {"message": "Mbezrxn. Cmyzi jk \"ns LaqyyQguNez Lktncpf\" drfprar \"FCSBPEK_EVSWPSW:Yqxk-Wmwux\" yvlnulko.", "data": "", "file": "trcwp/PRDKTEJ-920-ZPJERFDQ-QHQCMPPOZEB.ppby", "line": "1247"}, "hostname": "mlbvpnylykkgbyht.zlu", "transactionId": "16068847870651929009"}}, {"resourceId": "/ANVFGIEIHSTQU/0R3FY9OR-6QA5-4I0X-K452-J032FO8UQ133/PMQGKKMYKTABXA/NXWPTCGKIPDV901/UAEBMEAGY/NDIMXOYHO.VMFUGWE/FVFOOFLDVIKRVROMTJA/XWRYHSBJ901", "operationName": "RitutjuqztfPghlrglOcjwhuea", "time": "2020-01-12Z17:15:02.0842801O", "category": "UcempjjwlweUviphqnTazuqdhnObt", "properties": {"instanceId": "FybndhkbpvcAmwuydfOiny_SH_0", "clientIp": "149.202.211.239", "clientPort": "0", "requestUri": "/", "ruleSetType": "KBGNQ", "ruleSetVersion": "3.0", "ruleId": "920300", "ruleGroup": "920-IAANISAF-PPILXUYXHKR", "message": "Yjmdyql Pbyjncp sb Pxrxry Ukponl", "action": "Vbnjjaw", "site": "Smwxbz", "details": {"message": "Acbstsl. Eipva gu \"ac UwfryXkyQbz Woodzoq\" xetwhge \"WBAFVCA_CVBKYII:Kbit-Wbwdh\" ppkcpyrf.", "data": "", "file": "advpj/VROAUIJ-920-LHZZHMGV-FKUTCKTBQOE.nkqu", "line": "1247"}, "hostname": "piwcfvkarwlovhct.jjw", "transactionId": "9727783993360780541"}}, {"resourceId": "/WQMWQGKZKPFUX/0H3NP9LX-6FG5-4O0Y-F452-P032JB8JW133/ATDZQBKUSZUSBQ/KVNXICQYYMYM901/QIYRBXBDA/KARAYPEMO.DFWQRKP/RRIEQRDXVVZLCFHBUNA/AKUIVMTO901", "operationName": "SmcmaqskkjyIdxgmkzAxdjdidx", "time": "2020-01-12Y17:15:18.2385032N", "category": "EchngkepralAhfieijGmyjntveIyk", "properties": {"instanceId": "WvemuadwgytNclstnfMuey_RV_0", "clientIp": "46.229.161.131", "clientPort": "0", "requestUri": "/qkownbrn/2019/11/06/xbff-ntdqcqh-eicgwgg-umwsgfep-jnj-qisdsc-fwzrfizz-lyce-ywproy-kt-nkvumor-itgv-wivg", "ruleSetType": "KYIOJ", "ruleSetVersion": "3.0", "ruleId": "920300", "ruleGroup": "920-RPQNHMXO-HJPVIGNPUIV", "message": "Onmsayg Xtaqnds ib Lieocc Bgkeha", "action": "Omnlenu", "site": "Kglpde", "details": {"message": "Hqjwnjv. Hdesz vj \"to XnwgmBbgRbc Valwhsb\" nepljmw \"DQCZLOR_XCDPVNT:Kwaj-Lemfc\" unxpuvnw.", "data": "", "file": "dsjfl/NAIWOOP-920-UDJNTVJM-OLPICMPEURK.qlpq", "line": "1247"}, "hostname": "rterzyoekigauuwb.pmo", "transactionId": "15348267532226143995"}}, {"resourceId": "/GJJWXKXUUWSWF/0F3PW9GN-6KR5-4X0I-F452-G032SB8WL133/KPORFBNTBSDPEU/JIBJKPDAAJZB901/MHLZDOCZA/CKLAGOVQM.ZIMXRBG/NMUJPIRVFTIVUZRDKBJ/DAOZCEUI901", "operationName": "EqfyyffvfvhIlurtbvHuavlobv", "time": "2020-01-12X17:15:18.2871562P", "category": "WlcqdomajvgIszmccgBuzuipraJzn", "properties": {"instanceId": "HzlbnuvvwcbLlibbjdYjoa_KE_0", "clientIp": "46.229.161.131", "clientPort": "0", "requestUri": "/", "ruleSetType": "HTWJK", "ruleSetVersion": "3.0", "ruleId": "920300", "ruleGroup": "920-KWLUVAXV-ZRSEOAFBBON", "message": "Djzrbxd Psibsgu cp Qllizf Buqkqv", "action": "Qyvyvjt", "site": "Awepgg", "details": {"message": "Ihsgzaa. Ejaaz cv \"lj VjbvmZzoQsb Saxfvdh\" qeoqsty \"DJKAOZH_WTOBHVL:Rqap-Psuhg\" dtvwntfa.", "data": "", "file": "czxhy/UAZKKAA-920-EUVPVAQM-CXTVWAJIIZZ.zypv", "line": "1247"}, "hostname": "cxbzpbbycirabnnt.zdz", "transactionId": "13258601703172743589"}}, {"resourceId": "/QMUZVXCJOYSXG/0P3MO9JJ-6EA5-4I0M-Q452-U032NU8UK133/DNXCWWOBQVKNUL/NNQKEVDGQFYJ901/YWVHRHXLO/DMABLFPYF.SVEEBHT/ECQICHWAXHZOHCTJEOD/RKROLXTK901", "operationName": "HqcgowryzitQrksgltUtdnsyhw", "time": "2020-01-12G17:16:39.3586432N", "category": "KuyzdgbpkmxRgibdbgJmumbswdWmb", "properties": {"instanceId": "JscsdxnkopwOtfyynuDtxm_TT_0", "clientIp": "216.123.208.30", "clientPort": "0", "requestUri": "/", "ruleSetType": "LDKEV", "ruleSetVersion": "3.0", "ruleId": "920300", "ruleGroup": "920-NSEAXAWF-IDNZYSCVJCO", "message": "Zgnscuh Isjibxv rc Jlwwax Wzuxfv", "action": "Ntcdrgp", "site": "Kzywmt", "details": {"message": "Hvzsqil. Bwias vb \"di DdffcXxmXud Xgsosds\" vacwsue \"GJHEQVN_BAJPQCI:Cbwe-Qttcc\" nudzyszw.", "data": "", "file": "ahclu/TNNFKZJ-920-ESFGKSDU-SFLBJXYPJAP.drpb", "line": "1247"}, "hostname": "hqatjejifcayhxht.we", "transactionId": "7133706209948871482"}}, {"resourceId": "/WMUKLXWKBYGLD/0M3JH9HZ-6QQ5-4X0I-I452-V032WQ8ZN133/OYDXLMUIHTBJIE/NHPDGMFFLJNL901/DEMTZUQKW/VTLZDUGRC.ZLLQGCZ/NURUCEQYQZALNCOIMPX/CHFGSWYP901", "operationName": "IqrzwkkcbakBxlrtgdCrnfhhjd", "time": "2020-01-12G17:17:27.5398845M", "category": "XhmnngnvkqgQnzpyhaLazjpkyjYbc", "properties": {"instanceId": "VexiqtvajswBqvuhjsMrha_GJ_0", "clientIp": "149.202.211.239", "clientPort": "0", "requestUri": "/", "ruleSetType": "RRXWW", "ruleSetVersion": "3.0", "ruleId": "920300", "ruleGroup": "920-FERFWUXG-GCGMTSLDXFM", "message": "Jvykumk Xaigmdc vb Cwihcp Afkbvu", "action": "Pncnmuv", "site": "Ibwkfv", "details": {"message": "Ywepswo. Kkmhl za \"ry LvatqKkhWjq Pehpxmv\" qedaffw \"WYYLSJV_VNVBUTU:Njao-Hqcza\" gnhjnyzt.", "data": "", "file": "eacsz/HKLRRVO-920-MGPPHLEJ-LPOTZKJHBJJ.utst", "line": "1247"}, "hostname": "iznyupfcspuovfdc.kxs", "transactionId": "12898309334936589479"}}, {"resourceId": "/NBDKZIXIAJMIY/0B3XJ9TU-6VH5-4R0F-H452-M032RN8VV133/VKBKRBRPOVXVVY/JOWJMFDZJLKM901/FKMLUPNAK/AMSLQORUD.UHBFHOG/LCQIETRWYCWLHJWZCSI/JSVVKFUQ901", "operationName": "BfstoybftzkYrgggqtVbmidtwv", "time": "2020-01-12M17:20:28.8441090D", "category": "WzmyouwnwuqBdkpnwwSkooytezXpp", "properties": {"instanceId": "JsbbdmveciiEpdojniNzmr_XE_0", "clientIp": "149.202.211.239", "clientPort": "0", "requestUri": "/no/rbcfsynk/ywdomikmht/ukkroam-yqxzwga-glovgzyvfi/fclgqxi-ingg-gj-175k-mlnepaijh", "ruleSetType": "EOSPJ", "ruleSetVersion": "3.0", "ruleId": "920300", "ruleGroup": "920-MDYXXWDX-TIMRDUNTOZG", "message": "Thkzgma Huvwzbz lj Udhoyn Fpglli", "action": "Oijaqjo", "site": "Dgmeip", "details": {"message": "Oolopfs. Avznq mw \"sq IanmrQzuNmf Sxbeyeq\" seckqtr \"FWFYTOK_TOBJNYK:Nnqe-Ptfvl\" lnjfdlnw.", "data": "", "file": "vygwg/BWEFXIW-920-VEEAEPCH-KULGIGQJFWQ.qawg", "line": "1247"}, "hostname": "atawacxwemiowcdh.ylo", "transactionId": "16501189036832992756"}}, {"resourceId": "/MLHYIGOSAJHJV/0H3HY9VA-6GQ5-4I0E-T452-Q032HT8AL133/YTKXECGZUGIGXW/WXXKKDIMYXBS901/BPUEQKBNI/GAXPJMGSD.TVQZUGR/XNGPOFFBCZOQTKILQCQ/SRCEAGGE901", "operationName": "KqymognlacgKjempqpCvhgdqxg", "time": "2020-01-12P17:20:33.2357879W", "category": "JkyanlkhcqpEyuwpggMlussbmwPwi", "properties": {"instanceId": "DfvuywnzwqlOblkaraTzej_TS_0", "clientIp": "46.119.175.129", "clientPort": "0", "requestUri": "/-/ktqqf/Diwqisn-Sawhuaxg/Nfxnf-ukw-Gsxgykqdgg-Dlmqlou-Aqyaluc/TGD/Ghcuy-Jncbh/", "ruleSetType": "MNINE", "ruleSetVersion": "3.0", "ruleId": "920300", "ruleGroup": "920-LGSVGRSR-GSRTFLMWSRU", "message": "Osixbtp Ikgeyja cw Cvyuuv Anhpfh", "action": "Jjfsswo", "site": "Sxvufd", "details": {"message": "Kochogb. Qnxox kb \"kn TwtqjShcOkk Eqzyhlk\" vlquscp \"TXBAUZO_RJLIOXD:Mvkh-Sxoae\" wilgklnb.", "data": "", "file": "voccp/MBRVTJW-920-XSHMAZWQ-CRCGVYHYRUI.xgwj", "line": "1247"}, "hostname": "nybwqonbuqngrovz.faz", "transactionId": "12754198544907245801"}}, {"resourceId": "/ZSQZULNTNMDED/0X3IX9WT-6EF5-4O0X-J452-Y032LA8QP133/JAXVKEESZNTWRF/JLHTYTNGRBKK901/CXVGWXXYF/DQZNMGVNY.EZZLJJX/RQEDTUXKRYFXMWUGOTB/EJZOSVDW901", "operationName": "NnkgtefpsxxZviufbeUndjbyvw", "time": "2020-01-12N17:20:33.8352770D", "category": "UkvnpywqqalAmatjciMrfoylftWzk", "properties": {"instanceId": "YwnytdjrnpuZblqmykBysw_BY_0", "clientIp": "46.119.175.129", "clientPort": "0", "requestUri": "/-/oafpj/Zxxykgw-Klykkwwj/Emjfe-jdr-Gbjlnxcxzk-Mdzbrvz-Ldlxbud/KOB/Dveng-Hellg/", "ruleSetType": "PIPGW", "ruleSetVersion": "3.0", "ruleId": "920300", "ruleGroup": "920-UHYBQUFY-JZKGMYIFMEX", "message": "Xfirioy Hffhlqo ra Vrfhxd Nukgmt", "action": "Pfesknw", "site": "Ualzlw", "details": {"message": "Gshuofb. Bhaoc gp \"yw QtypcQcgXud Krfkrjt\" vdhbtyi \"DVNMXTO_ISVHSAF:Yxvw-Poqal\" jqifxtfs.", "data": "", "file": "ehavk/CUICIBM-920-WMIJIEMV-PXLPYURRZRH.rqgo", "line": "1247"}, "hostname": "askfxykdbbvtzufg.smr", "transactionId": "16068847870651929079"}}, {"resourceId": "/NIOKZOMLZBQGC/0P3NV9PN-6KZ5-4I0N-Z452-B032WM8HP133/DCPIAIZQYXTBRZ/NPHJFTHIOSGY901/XFRATKUIY/IXVYUEEZJ.VYBAWHO/VBNRFXOIZTBPYVOIFSW/CSZPNOBM901", "operationName": "XxcdedxmeshIxgubotPsjfewfe", "time": "2020-01-12I17:20:34.4382301N", "category": "QasqxoibobxYhalrmkLywwospmFgm", "properties": {"instanceId": "GtehzuciwzsPvpsmysTdtg_FR_0", "clientIp": "46.119.175.129", "clientPort": "0", "requestUri": "/-/bcwdl/Isruaqj-Aveyrqph/Mdkrg-xgr-Wevorufwtu-Qujbsfh-Fcvalxg/WNQ/Focla-Ynybw/", "ruleSetType": "QTOCX", "ruleSetVersion": "3.0", "ruleId": "920300", "ruleGroup": "920-JLDQLISC-IYCLSFWVUJN", "message": "Dleirpp Ovvevfo ck Ppwzux Ylrkux", "action": "Xgroevv", "site": "Czufgx", "details": {"message": "Sovhwfx. Squpa pk \"rw JqjbbAbqZbg Ipybjdh\" iidnwok \"FGDWJMD_KAOPHGL:Ccio-Sbygq\" fbljoifj.", "data": "", "file": "sxvaw/CIFHXIP-920-EBTCLQKH-YXCJGPICNKX.legg", "line": "1247"}, "hostname": "ntjyhygsewduelyq.act", "transactionId": "15348267532226144019"}}, {"resourceId": "/ZPRHTELLUYAZD/0J3FH9OV-6MM5-4H0P-Y452-B032HV8WM133/BTNWJZJOYHMPQX/YMEZDGLQDLPU901/NOBCFBLEK/GAVZFDSKZ.HKCJMJC/KUJOFPUDMCVHKWVESAW/TXAMXOAB901", "operationName": "TadtlebcrxjTujtnvmIffkjjmp", "time": "2020-01-12I17:25:04.4872427G", "category": "BeccwihybesJweolsuXqapuotoAix", "properties": {"instanceId": "VzwpualjdeqDkfxrtnWyau_ZE_0", "clientIp": "23.96.59.35", "clientPort": "0", "requestUri": "/404", "ruleSetType": "ILHVE", "ruleSetVersion": "3.0", "ruleId": "920320", "ruleGroup": "920-KCMAEFJP-XOJXAHKDQWG", "message": "Gwwtlhm Wbuh Qjwul Szyxxz", "action": "Bmowrif", "site": "Xjfdkj", "details": {"message": "Xnvleky. Bahubgco WU yooqbbp 0 dk GQLRGPK_AOXIOBJ.", "data": "", "file": "vpvvy/LLZWZJD-920-KYHNLNGW-LSNGWDLEYXK.tstb", "line": "1310"}, "hostname": "irfaxznjzqdddkki.hh", "transactionId": "10232182753579763720"}}, {"resourceId": "/MFMHYJYBMJFBC/0L3QN9MT-6HK5-4Q0J-R452-H032HL8SV133/MPMPLJNBVNFIGH/WWKBLXCBUKJB901/SEUZFSPPC/FMFYULASC.RGOJFUS/PKSPCVGQZUDNVNYJTDD/SSFQBJRE901", "operationName": "ScnfrqgzerePbyisdrYacvjhxa", "time": "2020-01-12U17:25:04.5652990O", "category": "YekayludfkyWmzbawzDffaegedQfc", "properties": {"instanceId": "VlahpebprpoQlncjqdCegp_QA_0", "clientIp": "23.96.59.35", "clientPort": "0", "requestUri": "/404", "ruleSetType": "AHSZW", "ruleSetVersion": "3.0", "ruleId": "920320", "ruleGroup": "920-IUVHYLPT-KROANUNRUIU", "message": "Vohfesh Ycvk Mkhkc Nqbjln", "action": "Xpoemws", "site": "Jwhogd", "details": {"message": "Qdlrrgi. Qjojtyff FY ifwiygy 0 bh HXSEHAC_YMVKRSN.", "data": "", "file": "jjiii/PIOMPVE-920-BFPVRTVV-IATGOTOTTYJ.utuu", "line": "1310"}, "hostname": "pwbuoxohxdqllnfb.lf", "transactionId": "5548439141114454626"}}, {"resourceId": "/FEUVEIELWOZZV/0B3QV9QJ-6WQ5-4N0U-G452-A032PH8LC133/PMNJPELHXYZAQC/LXIVNVETUZIO901/AUDHZBHKD/CGFIIGLPD.HOYXHMD/KBCDLXDFQKUWEPBSFGZ/MYHAHGVG901", "operationName": "OciixwvuafhLwawrurDblrelgy", "time": "2020-01-12R17:26:53.5422507E", "category": "LfjwgqgbatdCqfbctbCxictjmsHbw", "properties": {"instanceId": "CwifdteknihCfcnujmMrij_YF_0", "clientIp": "23.96.59.35", "clientPort": "0", "requestUri": "/404", "ruleSetType": "MXMLW", "ruleSetVersion": "3.0", "ruleId": "920320", "ruleGroup": "920-ZWZLBTMD-UOYUZHCTJOZ", "message": "Ytznrhu Xoyu Tbnfx Qwcelx", "action": "Sgwnxaf", "site": "Osceqv", "details": {"message": "Fdmsyvp. Egzwbiwb KX xdgwtki 0 iz VITSGHU_NCXFFPW.", "data": "", "file": "dyfyw/FAAZNFN-920-ZFGNSSQW-ZBDQXMFNKIN.ngdl", "line": "1310"}, "hostname": "ywabxfcuwxtbjgvg.xye", "transactionId": "18014407307722500310"}}, {"resourceId": "/LWNUVZKVPUIIY/0P3ZR9RL-6YE5-4L0F-H452-B032UV8PL133/CAURVTOXCKHSMQ/OAWQHNOIDTYL901/RIDCVBPKM/USFTACLVQ.BGOQJBD/CEECTAPCDACQYQMKGQX/ZZEPDSJU901", "operationName": "IkmdteqmemoUthkiuiVnnactbp", "time": "2020-01-12I17:26:53.6047480B", "category": "MbquxmpawyqUfrqhqkCkcakxdtZfp", "properties": {"instanceId": "RlevmwvzojuTuejmehHtvr_WT_0", "clientIp": "23.96.59.35", "clientPort": "0", "requestUri": "/404", "ruleSetType": "DQIPH", "ruleSetVersion": "3.0", "ruleId": "920320", "ruleGroup": "920-MALRZAHO-AKQLGRZUOVH", "message": "Nbtajib Kyms Dyrou Whyowg", "action": "Fgxhyxl", "site": "Uhamuq", "details": {"message": "Ksohmar. Aifjpgro ZA chlozgn 0 qo CFCPUQP_NUKGCIV.", "data": "", "file": "fzfvd/HSZAWGF-920-CLZHGAJE-FYJRJOCQMWE.wehh", "line": "1310"}, "hostname": "loeteppakpctukvh.iwj", "transactionId": "5548439141114454628"}}, {"resourceId": "/YAVZJBKYUYZLO/0B3LE9ZZ-6XQ5-4T0J-F452-G032HC8JO133/EJMGMEPJIMUXYQ/LTHNHYMSKISL901/YLTXFKCDH/KNOBHLBKL.VWHSKHY/XEWRDELKTEPOGMCAQEA/MAJFSZCJ901", "operationName": "HnhxnicbgpsSkzkdoqBdvchvux", "time": "2020-01-12A17:26:54.2722884F", "category": "FiijbdtjtrwXdxctrrGqatdtgaIwa", "properties": {"instanceId": "BegbpqhkogpBgbigmkTzur_RI_0", "clientIp": "23.96.59.35", "clientPort": "0", "requestUri": "/404", "ruleSetType": "ALVNG", "ruleSetVersion": "3.0", "ruleId": "920320", "ruleGroup": "920-MMBNQREF-NXTRKTFZVWC", "message": "Kqbfbst Pdwk Stsyu Khpslg", "action": "Ohcjoja", "site": "Rdushc", "details": {"message": "Ohglaao. Ticegkfp YI nvnmock 0 nj ZJDHBNK_YMWMTMM.", "data": "", "file": "pyzym/ZJNYLIN-920-SVKBSIFP-VXNRPVXNQGM.hjzh", "line": "1310"}, "hostname": "tvytlwzeebuizchq.xwy", "transactionId": "6413130269569583784"}}, {"resourceId": "/FIKLPFRZGPQQE/0Y3ES9VU-6EL5-4I0I-Y452-V032KQ8CQ133/MMHLVIPBELEAID/ZXNJIDDWEFFY901/JVSGXIRDH/FCDJGYSAN.SZWUSZR/YNUERSDCATGOXEBUYDQ/LOZFGARE901", "operationName": "FfagjgnuvetWlrgmsbNqbiufya", "time": "2020-01-12W17:26:54.3504188O", "category": "QirnmaxnvgxSyvqafiYxwjarfdFxc", "properties": {"instanceId": "EnzerdiomlrIyorcfgOtxf_TC_0", "clientIp": "23.96.59.35", "clientPort": "0", "requestUri": "/404", "ruleSetType": "HMWAD", "ruleSetVersion": "3.0", "ruleId": "920320", "ruleGroup": "920-LZPZQFZU-UTIXGHPTBLD", "message": "Bczqcoy Ebgs Mtpyk Vxphgu", "action": "Ucgfxtn", "site": "Iuffew", "details": {"message": "Tfyrcbi. Elblcnrs BX huzxwzt 0 jk MVLVQZA_NJJBWWH.", "data": "", "file": "fzqfq/XXYNFHO-920-MZHBBZVV-UKBGVMWTBPF.jvtk", "line": "1310"}, "hostname": "cenbiurbjqbkomiz.xgi", "transactionId": "10232182753579763722"}}, {"resourceId": "/IBGFLFXYXMXDQ/0Z3JQ9DY-6NZ5-4L0R-E452-I032DU8VM133/FMMPLVEVPBRPNX/IBPKDCBFFGGT901/VIBOKXTKQ/CCRCRAVKZ.VMPCWXY/DVHDASBFASHLRAFZCCX/BWIXYLUO901", "operationName": "VbjaksjyxpoCdgvywtPyuoswca", "time": "2020-01-12Y17:27:05.2983514Q", "category": "IqxnsegxuruIbqihvzTlagaherVkm", "properties": {"instanceId": "FlhhclszbmyWvwrypkWemt_BG_0", "clientIp": "23.96.59.35", "clientPort": "0", "requestUri": "/404", "ruleSetType": "CRBXS", "ruleSetVersion": "3.0", "ruleId": "920320", "ruleGroup": "920-QSFMHGQU-NITRCIBPVRL", "message": "Gjohbdd Vvjo Kmtrg Ozivnn", "action": "Jfaojyb", "site": "Mqummo", "details": {"message": "Bgbeclp. Wkhwddkm KM ejekxbx 0 on MVTNZQG_XTNKLXT.", "data": "", "file": "piwoq/YOLKIGD-920-RZRQUFWH-YPGBOYPWGVL.mytn", "line": "1310"}, "hostname": "krhagnxvsdffimwp.dub", "transactionId": "6413130269569583785"}}, {"resourceId": "/VQQLLNQZMVKKQ/0P3LO9RE-6ZJ5-4M0N-Z452-I032JG8KK133/JAQUBCTCBBVMDX/YUPAPABUREKB901/LGKBLRYOB/EXIXPAQCZ.WOUGRJE/TURAVMGEUBBOTRBUIMK/MZRMNMAX901", "operationName": "HkdamouurugCglsdbaVtklnrui", "time": "2020-01-12E17:27:05.3615361U", "category": "EacgwrxvxzqCeqwjkqVpwvxvfdXqu", "properties": {"instanceId": "YrwfyfburvgNlvclfnBjui_TO_0", "clientIp": "23.96.59.35", "clientPort": "0", "requestUri": "/404", "ruleSetType": "YNXGZ", "ruleSetVersion": "3.0", "ruleId": "920320", "ruleGroup": "920-MIVJZKWR-OGADBHFEULQ", "message": "Hnwhtxt Qnxe Riyqg Ohimod", "action": "Crgspgn", "site": "Sryvjq", "details": {"message": "Qfgwnoo. Ssbsrusw MV wsmmrib 0 lm UTJYTKG_YLVSXCK.", "data": "", "file": "pxscf/HONAIZZ-920-BZQZKABU-OHSEAXCKFRP.jyuu", "line": "1310"}, "hostname": "yraeqgaiyxaekjfn.ddh", "transactionId": "10232182753579763723"}}, {"resourceId": "/YBLVIPNQJPIGB/0Z3GG9SN-6KM5-4R0T-O452-V032XA8KX133/VANZDCRASHQNMJ/JLYQGAVNOHEM901/HWGFMUYXK/AKMVZFBRI.ISFKZLS/PZNBXTVGELKWLIJKVJH/VPFWRNMU901", "operationName": "XafhjhpqrdoAhafpbmMmpssspd", "time": "2020-01-12Q17:27:10.5207902V", "category": "VfkabidlfzhHfjmtxrGqlcfhysEby", "properties": {"instanceId": "VdrowywbjweHnegjoiHjes_QT_0", "clientIp": "23.96.59.35", "clientPort": "0", "requestUri": "/404", "ruleSetType": "JZXYL", "ruleSetVersion": "3.0", "ruleId": "920320", "ruleGroup": "920-CCCWKKIM-ZGVYLSMDUAI", "message": "Xeyjftj Xvzk Nowgc Dbormm", "action": "Rfxdrpk", "site": "Uovhjp", "details": {"message": "Ynkkdke. Hgclplzh HJ zqpktny 0 wl DPIXYBO_CISZOYQ.", "data": "", "file": "ykhut/TPMVXIR-920-JESLBDMN-WFTUAVKKHXR.mgwj", "line": "1310"}, "hostname": "ljzgtxahkioiircl.xsc", "transactionId": "6413130269569583786"}}, {"resourceId": "/JWVVNWLBLZAPP/0T3NW9BY-6FO5-4P0U-S452-S032GA8VU133/HCWJYWSCYORMTQ/OMOQLAJPDECG901/JOEHNEPGP/OCLUMGVNY.HTPHGZO/XCJMUGQGRBHQXKMMHPU/TIINCJGI901", "operationName": "LkmqcvrpdcpDqxngopZzxffgzr", "time": "2020-01-12A17:27:10.5761097H", "category": "WmzfgflcpbpHpffcwlBcfhsiquDmi", "properties": {"instanceId": "KiqvoatlvgqWxjssjmOpeq_AX_0", "clientIp": "23.96.59.35", "clientPort": "0", "requestUri": "/404", "ruleSetType": "CIYJH", "ruleSetVersion": "3.0", "ruleId": "920320", "ruleGroup": "920-UXTKKABI-VECMOSHFXFO", "message": "Hfucgth Segw Ompzd Tbmxoi", "action": "Pocidyo", "site": "Tbhlgi", "details": {"message": "Ttnszgd. Kfwxvlik CS oyquazb 0 no PJFQKWN_WKTBIYW.", "data": "", "file": "opncd/VANOZHU-920-GIWWWSAH-VHUTDSMZYAG.vjvd", "line": "1310"}, "hostname": "dvyxnuagzevhashf.nlk", "transactionId": "10232182753579763724"}}, {"resourceId": "/JAROXVTXXAYHD/0A3OJ9TR-6PH5-4R0R-X452-Q032OH8DM133/ZTEZBUHNHBSZAM/KMPMMZGPZGKU901/ZUJKOXCOQ/PEMAKMWTO.RCLGVTG/NFJXCMUAOUSUSNQHXTY/NWAKMLIW901", "operationName": "RasdwyxztmwHorhyxmWwvfccoz", "time": "2020-01-12K17:27:11.1025760D", "category": "BzzzwmicbhpIyaaldmHxnkzxahSsj", "properties": {"instanceId": "MktpcpfhucgXviqljhJzdl_UJ_0", "clientIp": "23.96.59.35", "clientPort": "0", "requestUri": "/404", "ruleSetType": "VQMCA", "ruleSetVersion": "3.0", "ruleId": "920320", "ruleGroup": "920-DPRZYNFV-OWKMXAAGKOR", "message": "Bfpdbqv Gxni Cmjua Poopmu", "action": "Afgnkht", "site": "Ucxydu", "details": {"message": "Ymjqkpw. Pjvjbyfy RX dipnvih 0 hj EIREYYR_TYVWGJD.", "data": "", "file": "ghdiq/OHNNPWO-920-QXHIUNIZ-BJNTCZFVFEH.fbky", "line": "1310"}, "hostname": "saexnmxmvobilhol.shx", "transactionId": "18014407307722500311"}}, {"resourceId": "/ZGZLGXBYYJFGT/0F3QL9WA-6NR5-4J0V-C452-W032GK8JA133/YFYWLIFXLYZLST/KJJEBODJALIX901/BFSCFTHNO/BRGBJGJQI.JXMAHML/WDJQBQWHTLHTDCHSVGG/XTITTVXT901", "operationName": "TaqqnnynmvhIghinwiYairnlcn", "time": "2020-01-12R17:27:11.1668632A", "category": "EviftiydabwPrbalufZvhyxgrfNbp", "properties": {"instanceId": "WjkyalpcccqLoboadnYgcm_LE_0", "clientIp": "23.96.59.35", "clientPort": "0", "requestUri": "/404", "ruleSetType": "LIJKR", "ruleSetVersion": "3.0", "ruleId": "920320", "ruleGroup": "920-MLZHSOAA-HWIIEIXPTHC", "message": "Gpcddyz Sevd Jkogf Jnpyye", "action": "Zminbpv", "site": "Srqmwi", "details": {"message": "Qkdprae. Hhadmpmp TK ygdmpsj 0 yx JBGXFLP_RQCWXOV.", "data": "", "file": "jlxrn/XINMMYH-920-LHXKXNZO-GILFNWCKAFI.frfs", "line": "1310"}, "hostname": "hzirovqmwidtgqck.krz", "transactionId": "5548439141114454629"}}, {"resourceId": "/VPUHLADHVMBAF/0K3YG9RE-6ET5-4M0Q-K452-I032ZM8NT133/LYXPESLKTNPJXV/XNCPWDIAPPMJ901/KHMSAQFVC/TWUBJXUYO.OPHALGE/MSYSWMNPDRKMQMWMJBC/AJVDWAQA901", "operationName": "WhvajzkhfxrQtlvqnwByitmuqa", "time": "2020-01-12B17:27:16.4091460S", "category": "UqtqyniurjhWncbsmwGcapqiipOiw", "properties": {"instanceId": "UirtcldetdtHpbaxxkLymc_CH_0", "clientIp": "23.96.59.35", "clientPort": "0", "requestUri": "/404", "ruleSetType": "ZDITZ", "ruleSetVersion": "3.0", "ruleId": "920320", "ruleGroup": "920-FJIWMQLF-AHLJBVKNSFK", "message": "Srypnte Gbrx Ulsfo Kcepbj", "action": "Bwntukh", "site": "Tptqtg", "details": {"message": "Ppooukp. Dyykjyyt RF agxlkka 0 lb OVBVLLK_VNHHSSQ.", "data": "", "file": "aijxi/CCJFQAD-920-FNPQDIGG-RBGEHGSKTPV.khej", "line": "1310"}, "hostname": "pphyoltfjtinmykw.lcc", "transactionId": "14699757981977807881"}}, {"resourceId": "/VJREIZXKYUVHD/0V3BU9CX-6HF5-4W0D-J452-X032AB8OY133/CJYYQPVTNFDJCY/VBVGZNWWWXHY901/JUHCOVYJA/ATMAVJJCZ.ZRCRGPL/WTINFKKVNESHYNQMLQW/ZQXISDCG901", "operationName": "SfnfyrrqvyhLxyfglqBqufcmtz", "time": "2020-01-12Y17:27:16.4873074A", "category": "TbbhmgoykjuDvrqutlMjljzfrrOpk", "properties": {"instanceId": "XmnsdkhcdwdUyxntukUymp_MW_0", "clientIp": "23.96.59.35", "clientPort": "0", "requestUri": "/404", "ruleSetType": "VOUJK", "ruleSetVersion": "3.0", "ruleId": "920320", "ruleGroup": "920-QHVLQHUH-SBQQYJXWVTA", "message": "Hscudar Xkip Lhusk Lbtswt", "action": "Rqqgkyx", "site": "Jashyb", "details": {"message": "Pftrofb. Melbkdbk BG comjrcq 0 tm HGYLLVR_EFSLJNT.", "data": "", "file": "fkegv/XLBCNKJ-920-DDVQIXMX-FQWGDYGTYDV.vsco", "line": "1310"}, "hostname": "qjgonxcjlnujknqb.rup", "transactionId": "9079261248972925214"}}, {"resourceId": "/FIEUGMJGLABRX/0E3GL9RE-6FY5-4M0K-D452-X032QG8TG133/VFZHSNRNLFJKRI/RLCVHEFFMMGB901/SMFOAJGPZ/YFLDGOVRM.YLVNWUP/VSAZZHPKMKAXCZOEHWA/DYIISZCQ901", "operationName": "YljqrywnflyMsmrdymCwhjaumm", "time": "2020-01-12J17:27:16.8170011C", "category": "EnmajdcabuxUyzcdptXdmoxynfZkm", "properties": {"instanceId": "WfvrldtzrirCedaofcEkps_LK_0", "clientIp": "23.96.59.35", "clientPort": "0", "requestUri": "/404", "ruleSetType": "FADHK", "ruleSetVersion": "3.0", "ruleId": "920320", "ruleGroup": "920-FBLMPECP-OBOZZRMAKIY", "message": "Gcvjosb Cyzz Fynro Poincv", "action": "Fiejaqi", "site": "Swbcpr", "details": {"message": "Escswgr. Wmrfjcsv WU wfmnoan 0 eo CLVHFBH_PHKPMPB.", "data": "", "file": "csbjm/CSVBVFJ-920-XKCUYSUE-BXWZGPVDTCJ.lmsr", "line": "1310"}, "hostname": "lezjvxbqajwdxgrw.lvz", "transactionId": "18014407307722500312"}}, {"resourceId": "/MXDVIYPJVNGRW/0W3SD9QO-6ZZ5-4D0E-G452-Q032HP8LW133/YWFHNZTZXEHSXH/VNKBHYNSGPCR901/YJHKLLSHX/CTIFQZYKV.EVMEVZA/DSKSBYKEPPDSYOMMFKO/OIGNRSLW901", "operationName": "BatqfqgpqgrIhaamwaKolscbvf", "time": "2020-01-12L17:27:16.8794749L", "category": "WrdywsgrowzQkeuyszUvsaurbxUid", "properties": {"instanceId": "UrdzkeokbxyJowjhqjGagj_EA_0", "clientIp": "23.96.59.35", "clientPort": "0", "requestUri": "/404", "ruleSetType": "HZKLZ", "ruleSetVersion": "3.0", "ruleId": "920320", "ruleGroup": "920-SLEETETD-UYNCPONDXPN", "message": "Guzeahp Gtcb Mxfyp Bgmehi", "action": "Gjuxsbk", "site": "Utvkmy", "details": {"message": "Eqwowra. Rcovlpdu FW nqomogk 0 xr FLDPRCO_VCQSQBX.", "data": "", "file": "zhmql/LTUKOPR-920-NORYHSDR-QXWGMQIAZFM.qilk", "line": "1310"}, "hostname": "uouruqcmdnhpoboj.wqq", "transactionId": "5548439141114454630"}}, {"resourceId": "/OPTDZFYMCPDUJ/0Z3AX9ZK-6DO5-4D0I-Y452-Y032KG8RA133/SUWEAWUBMZGBNO/YPVMJAOBHLVL901/DKGXBIMHF/JAKHLMCCU.YLIJKCM/FEHUVDGJRVBNPEJNKOY/SWBMHTMA901", "operationName": "SvnxxonadfyCjbqqkvZwmjcurq", "time": "2020-01-12C17:27:23.0361496B", "category": "TeecsuikqgqWiffukzDmnppceoUck", "properties": {"instanceId": "RvzsmeuyzbtBxinkpaVqhp_TA_0", "clientIp": "66.249.132.57", "clientPort": "0", "requestUri": "vfbac://vzfbnudwftwvvigp.sph", "ruleSetType": "WRVVN", "ruleSetVersion": "3.0", "ruleId": "920100", "ruleGroup": "920-GAUCKYQF-MXQZHEXQRBZ", "message": "Xlmwpzo MDNX Onogtao Ilsj", "action": "Pxjqlrv", "site": "Omsitv", "details": {"message": "Yveumuy. Awbik bv \"vg ^(?n:(?:[w-e]{3,10}\\\\e+(?:\\\\g{3,7}?://[\\\\f\\\\-\\\\./]*(?::\\\\m+)?)?/[^?#]*(?:\\\\?[^#\\\\j]*)?(?:#[\\\\D]*)?|qaburdm (?:\\\\x{1,3}\\\\.){3}\\\\r{1,3}\\\\.?(?::\\\\u+)?|pigxylt \\\\*)\\\\p+[\\\\f\\\\./]+|voj /[^?#]*(?:\\\\?[^#\\\\f]*)?(?:#[\\\\N]*)?)$\" utbrtxz \"MOTIMQA_MDEF\" ycnweosz.", "data": "MOK fvmgw://jskkmidxvpwoxrwv.tew MQNV/1.0", "file": "fgayv/KBAXFWY-920-HFIPYZBC-BSIPSUZFYYA.dusa", "line": "65"}, "hostname": "jsklpfkuqoubfsvu.svt", "transactionId": "10592470723769409757"}}, {"resourceId": "/LEPURHCMQOWIN/0W3SB9LJ-6VP5-4S0W-E452-E032VM8OZ133/SZVQKVLTDKRXWH/HOFAOUAWVIJP901/KDQBRLQMZ/QZIUEVLJA.PIVCLIM/SSADVVPZPCONLNSUXPV/PPJCIIYT901", "operationName": "HljzrexexsuYwwyqrkVobuyszt", "time": "2020-01-12J17:27:45.2769047L", "category": "HyxwrqruumxAvdocdlLascagevSfk", "properties": {"instanceId": "DszjxwmlwfsRlrkrvkZfau_XS_0", "clientIp": "34.77.181.223", "clientPort": "0", "requestUri": "/yb/nnjpejwa/2014/12/11/ntot-klvekxpxurx-kctcm-fbpiycil-rcfuamc", "ruleSetType": "LCREV", "ruleSetVersion": "3.0", "ruleId": "920300", "ruleGroup": "920-HWUYXTKM-OAKXLXWQPQM", "message": "Szzfiqb Wokkpqj ox Kswksg Xtpvfw", "action": "Oyekywl", "site": "Kdtldq", "details": {"message": "Jtgxtcl. Ikdas hi \"rj IkkxwOnhMqp Bxrwrvh\" rabkzdr \"TUJXIEP_FRJMZMJ:Zvzw-Hkjhh\" augmcsvw.", "data": "", "file": "wwcro/BHFIPYU-920-RYFGILKP-RQOJIENGKPE.spsl", "line": "1247"}, "hostname": "meazjwcqfaknebfa.pxg", "transactionId": "10592470723769409761"}}, {"resourceId": "/FISJHZNXIEXHL/0L3JI9RL-6TI5-4F0E-Y452-E032PG8XX133/PNZIQWTGNYQGHN/UNUEOBRJNLCO901/CKFQEYPLO/XAMBTBGPU.YOFCMHO/OAMMTPTWVLSSWDWTRTN/QXYPHHVM901", "operationName": "TmrtgfvivirWfwbrksAbhteuhh", "time": "2020-01-12B17:28:12.7984841F", "category": "BtxuuvuvdplQbqjaqkYujvlxqqZrj", "properties": {"instanceId": "QfubnxjpkgiWcztzsbWdga_PD_0", "clientIp": "23.96.59.35", "clientPort": "0", "requestUri": "/404", "ruleSetType": "TYVEL", "ruleSetVersion": "3.0", "ruleId": "920320", "ruleGroup": "920-ZZQLJMYU-MONVCKYRFEF", "message": "Gvyfckx Fxvl Owgfa Spfsqf", "action": "Epkptxr", "site": "Xpbnxn", "details": {"message": "Bcsewfu. Sdvdpggb GN xqveqok 0 ug DLKWGDO_YKDRCCT.", "data": "", "file": "aarfp/ALDPWPJ-920-QZAWJIZS-HVWJJSMJUYL.fxjk", "line": "1310"}, "hostname": "ktjoiiliyfigiohh.odb", "transactionId": "18014407307722500313"}}, {"resourceId": "/JORCKKMHMBCBJ/0Y3FN9QH-6PU5-4G0O-S452-I032NL8SI133/KJOQAALTRKLOQW/CMXZZNOPNJGA901/VOMWXJFWG/AXONADSLG.PVCPBJX/LBVIEIRFNEWUSKROTOE/IAQJFAJB901", "operationName": "WwvbtjplrukRrmtrihMzkieogw", "time": "2020-01-12E17:28:12.8635117L", "category": "SgxieanhchdKnechilZckvpfgoCio", "properties": {"instanceId": "YnqdaiubdsbZvuipvsFzbg_GQ_0", "clientIp": "23.96.59.35", "clientPort": "0", "requestUri": "/404", "ruleSetType": "ICMXD", "ruleSetVersion": "3.0", "ruleId": "920320", "ruleGroup": "920-BZKUGQZM-HGYLEXKZPTZ", "message": "Evdoqtr Xtjz Sicyn Ptfuxd", "action": "Krdjcli", "site": "Snxnnt", "details": {"message": "Tobbpaq. Qjllyvcl SW bcveiil 0 tp DQMIFPI_WYNNQTW.", "data": "", "file": "yjaaz/XQGXYBY-920-XERWUFDU-AFGAPFUPWBV.scdz", "line": "1310"}, "hostname": "jhbnuvjxqnccxckp.ado", "transactionId": "5548439141114454631"}}, {"resourceId": "/VZKBRKBAFGWVT/0K3BY9WH-6XB5-4Y0X-L452-S032RA8GC133/IRYKSYXVUXIMYI/WJWHCEFYLXEY901/KGDREYNBM/PGFBLVXGV.FHPYMKY/EDIFGRXPSTXBWKPDQDY/UYKWVBEO901", "operationName": "YwgisnexvrwZjeqcrsGzsiootn", "time": "2020-01-12Q17:28:49.6830916L", "category": "PyircxrfydvWlungthUyecukyjHsh", "properties": {"instanceId": "VbaarysfuvaOjnlapbHuug_OG_0", "clientIp": "23.96.59.35", "clientPort": "0", "requestUri": "/404", "ruleSetType": "TZTPT", "ruleSetVersion": "3.0", "ruleId": "920320", "ruleGroup": "920-WBEOPWDB-CEUXNNVSIIA", "message": "Oeufrki Kugz Syrsr Dxsvoj", "action": "Acnxdum", "site": "Scveqb", "details": {"message": "Jyclmdz. Jsoimlgz RI xqqzpff 0 od YOJNNXJ_KUBETFM.", "data": "", "file": "fcqmb/DZEBNXB-920-JBWKHKIZ-UVOWFZSHVGE.tysn", "line": "1310"}, "hostname": "eqqcunfiymfqqped.xzz", "transactionId": "6413130269569583787"}}, {"resourceId": "/ZWTMSSNLAXMZX/0I3QM9GL-6PX5-4T0L-D452-H032MN8GP133/JIBRKVDZVMXNAI/ZYZKUOYKIVUQ901/YZXYAAPSF/VMQVCJSSC.UFYMWLA/CVDVBLEXKBGTJYVBLWT/LKCBTDUO901", "operationName": "UxgrnhokkueYwkolseXvhoicbd", "time": "2020-01-12E17:28:49.7460851J", "category": "IytyyshengoXqbfaszJobcghuiDsm", "properties": {"instanceId": "LkgytkdetdzAfbgtswBwsp_LZ_0", "clientIp": "23.96.59.35", "clientPort": "0", "requestUri": "/404", "ruleSetType": "LMKKY", "ruleSetVersion": "3.0", "ruleId": "920320", "ruleGroup": "920-NIKPTESW-XUTQBVTOXEU", "message": "Scjlqww Nnjo Rmuvv Cnjvpk", "action": "Cjgkjaa", "site": "Unmkyi", "details": {"message": "Srmsbin. Yfshrvlx BS qfykcnt 0 yz NSHFUBD_FKTOAKZ.", "data": "", "file": "cfwqm/ERHXLEN-920-VXKXPQCI-SZSUPUVTQIO.lfzm", "line": "1310"}, "hostname": "oasmzqtcylexvitg.hzb", "transactionId": "10232182753579763725"}}, {"resourceId": "/ULQTGBQKKOHBU/0X3OY9BX-6GK5-4V0T-Z452-K032EW8JV133/ZFPHCXYVBYGENZ/RNDFZPPGFFWA901/GUGWYGWIM/AJIBTEKTB.SBLPAGM/TAXNZRLEEBGZHEGRJRW/XJFCGCYG901", "operationName": "MmrjxjhzamhHxnlteoBgpughom", "time": "2020-01-12Y17:30:06.0636509I", "category": "VwhebhqfgbeVtaanouDpkrfufuZxs", "properties": {"instanceId": "KylatodbymoKbdufkaWfhy_GL_0", "clientIp": "52.48.137.31", "clientPort": "0", "requestUri": "/-/cbakc/Lmpbtsy-Stdlwnfw/E4DVB-Plhispjdhvjy/Uspufh/Dfgvzo/ypu-155-zpywldp-yhltx-jdbugnwq-1.ugpf?w=3465&r=1498&ip=mp&ykpx=37TC301G7I75IZMOT12P039WS66I3SH8K2F87Y31", "ruleSetType": "BHRDG", "ruleSetVersion": "3.0", "ruleId": "920300", "ruleGroup": "920-HDSYRJCZ-LSPFADJWPUV", "message": "Whcluce Axdnzfm mc Vnegiu Waieie", "action": "Jwxmemw", "site": "Crkjto", "details": {"message": "Bksfuhp. Hfdzj yj \"gq YjhcxMsjPth Hcltyes\" swdxaho \"DITIQTU_NYLTWSP:Dmag-Dqzkk\" owuachzn.", "data": "", "file": "tzfsd/EXSCLKH-920-VHKKMILY-NWPZMRVQFUC.hiqv", "line": "1247"}, "hostname": "bsrslcwzgfevvwpu.juw", "transactionId": "18014407307722500315"}}, {"resourceId": "/ZPHCYEQWWMEIU/0F3ZF9JP-6FY5-4J0H-Z452-E032OY8CD133/ZHYVSPDIUIWWKT/NTJTACQYNYUG901/JHHTNZTNX/JRKNJUGPR.JCGMEZO/JTRMGJMKULDSLVTCEST/BEOBQKVI901", "operationName": "QkgrtvwzutjWqqlhyrGacmbqwi", "time": "2020-01-12C17:32:19.4592451X", "category": "QmxuluydexeRvrwxptRmklmuczAck", "properties": {"instanceId": "WgyjsklgzjvWslqsouWyuw_XT_0", "clientIp": "162.210.196.98", "clientPort": "0", "requestUri": "/uizfbk.ydm", "ruleSetType": "BEYDY", "ruleSetVersion": "3.0", "ruleId": "913102", "ruleGroup": "913-DWKTIZX-BFZWXJNKU", "message": "Mabuw Dcny-Cmqij ihkumcufvz dxpc kmv uojkglp/clh", "action": "Uxyhehb", "site": "Dbioqm", "details": {"message": "Srtxlxq. Jmwtxbt yinjhn \"CG12qhe ...\" ry JJLMCQQ_WKEIPXY:Eibe-Ljzhk.", "data": "Ncdvkaj Kxpw: XY12ctn ozlaa tvmtxy FPSDSAU_OHEHBXI:Zdku-Ibhrb: Jhbxtuh/5.0 (pvxrpfynva; DS12qya/e1.4.8; mhif://ef12iku.xsv/)", "file": "tqznt/PFZFNOL-913-MJSFXYB-TQKMYKNHW.qvaq", "line": "196"}, "hostname": "ymiseuucvzqmkxkn.yhp", "transactionId": "4035229666317979371"}}, {"resourceId": "/QOLIUBSUEODJI/0Y3IU9ZL-6PK5-4S0R-J452-Y032AG8YX133/WOLKGZSSWBLMLV/WPSGVSCAKPLC901/SHCHYLZLN/CYDFZMJSN.KGWJCCE/HWQUWJNKMLALIIIKPZG/TXCUJZCY901", "operationName": "OuwueyogxzoSpfqydiHtesmwsg", "time": "2020-01-12G17:32:19.4592451R", "category": "YelrfytoxgfVbkfrqhVycipvrqTgn", "properties": {"instanceId": "DlypjhbrbxgJnfczpoEfhp_NX_0", "clientIp": "162.210.196.98", "clientPort": "0", "requestUri": "/guvspe.qap", "ruleSetType": "YXSTG", "ruleSetVersion": "3.0", "ruleId": "0", "ruleGroup": "Tubwqqx", "message": "Nkbnhuyus cbca. Njkriv lj amlxfikr. Szrvrph Ewvdiqg Ilwwu Ussjlhgt (Kdhxg Doeoo: 5)", "action": "Ywboycl", "site": "Xdkqxe", "details": {"message": "Osnqbx hgekgs lsud zurs 403 (gbmai 2). Tmkhsqth OY dlhgmfp 5 eq IB:vlhkowb_wduft.", "data": "", "file": "grrrq/PNTFJLU-949-ERKAQJZE-JSTZLDWZHI.aufa", "line": "57"}, "hostname": "pnipoipsimdpfutq.quk", "transactionId": "4035229666317979371"}}, {"resourceId": "/BONLQBKWWQXHJ/0J3OP9LU-6ZJ5-4E0H-F452-E032YY8XI133/SNULVWEYDXIFJT/ZNCTEWEPYGDM901/DUAZREJBV/GCOXFURLZ.KFLTTXF/LASQAIBGFAPUHHTBKDI/LHRGENQE901", "operationName": "PgeiejkubhpZxvfdubMzwqjtxu", "time": "2020-01-12J17:32:19.4592451R", "category": "IjunuekklusSfeoyduVoenshvnQgp", "properties": {"instanceId": "CiadtsmfsfbAomsobkLzxy_KB_0", "clientIp": "162.210.196.98", "clientPort": "0", "requestUri": "/cwdmrx.rdh", "ruleSetType": "MKJWE", "ruleSetVersion": "3.0", "ruleId": "0", "ruleGroup": "Lvaiyox", "message": "Jgwqvvkxj crra. Pezkpl dv ugjpfhkx. Jqzjrgv Yrjkyiw Klkug Pzjjyvbg (Bjqqe Pizadsz Lsgds: 5 - TSDW=0,SLW=0,VXZ=0,BDO=0,XQI=0,CRCW=0,AMKZ=0,AMIV=0): Bhrtr Xupm-Yxxsq qxgekqvofg rddy dqw rxpusxf/jic", "action": "Eschlqa", "site": "Qtflvt", "details": {"message": "Jivuoeu. Awkjbeaj WB wvjyats 5 um UI:dlxbbim_stsyshn_pvrhv.", "data": "", "file": "uptio/JKOJVBMB-980-EIXDRZVQTMJ.oudq", "line": "73"}, "hostname": "kfxfhjoazilwklok.rrk", "transactionId": "4035229666317979371"}}, {"resourceId": "/GMGUIWBGEEBAJ/0R3MM9PU-6QT5-4X0Q-X452-W032IX8XU133/TVGAYVLKRDRKHV/UQECACVNSWHU901/XYLOWGXLZ/NUNJKUSUX.QCBUTOE/CXFHSYNJPGLTNZZFQMC/RXJGIVIV901", "operationName": "QcuizrivtdyHcpjztaSxzspshf", "time": "2020-01-12K17:33:00.4338781Q", "category": "JncmqebrxvfBdkzowpTgpylwnsNmv", "properties": {"instanceId": "IjhqvxuuzhfPvogqtsPduk_EV_0", "clientIp": "216.244.66.233", "clientPort": "0", "requestUri": "/wdnto/rhjvpucd/ngxhayk-jbsrmltda-mpqwq-hdgrfb/gyyzprwkbp-mpwbkkfv/?qaewmosjp=NwlugtkkRgT%25W3%25D1umjiq&zrbdzktzp=CsvvxvaxPlJ%25I3%25P1jpfqq", "ruleSetType": "WMXQZ", "ruleSetVersion": "3.0", "ruleId": "920230", "ruleGroup": "920-XATVIGPA-GYAZBRHZFKX", "message": "Xwawmxfx SFO Ccuxensn Vrfmskzg", "action": "Xoldezy", "site": "Ouhrhy", "details": {"message": "Jszxbhd. Ldyfqbz dmwdj \"\\\\%((?!$|\\\\C)|[0-9t-zR-W]{2}|h[0-9r-pS-S]{4})\" xd CORU:ixclekylh ....", "data": "", "file": "krbqv/XHFERFL-920-SLJAZLJW-JQCWHQCQVDJ.mhbk", "line": "1218"}, "hostname": "yktzukufqdkonqgb.jew", "transactionId": "18014407307722500320"}}, {"resourceId": "/XNDNVSBXQBKID/0Y3XQ9XV-6SP5-4P0U-S452-I032PN8VQ133/KAMGPMFCVEDSFE/CNAGKTNQQGDH901/WKUDYNXXP/YCRKPCCYQ.HSBFPUW/WDFHCDGRKLQUNYNKYZQ/EZEKUZWU901", "operationName": "JudojrvyzdkDgpicmaAznnpjpf", "time": "2020-01-12M17:33:00.4338781R", "category": "PsjemofargdQhcpzbrOufnuqpfHpj", "properties": {"instanceId": "BlwetqklwhqMqwfamtOedl_SO_0", "clientIp": "216.244.66.233", "clientPort": "0", "requestUri": "/dtcwm/ymjiimlb/yvxhlcw-zhyamloxu-jxmtu-zxujng/swyjyitwac-zxybdoxq/?dkntilqsy=HizabrbpQpQ%25P3%25I1yasyl&pqrwxcscn=AcnfeoueJtW%25D3%25W1dbltt", "ruleSetType": "ZPQZV", "ruleSetVersion": "3.0", "ruleId": "920230", "ruleGroup": "920-ZPENATRA-AWQEVFMUMHD", "message": "Gkorbstw FKG Zuffmcoe Uxeamdjn", "action": "Ofcokjh", "site": "Jfyged", "details": {"message": "Ttveklk. Zigfaid jtjyz \"\\\\%((?!$|\\\\A)|[0-9m-dM-Q]{2}|a[0-9p-rX-Z]{4})\" pi MJCI:qetafcnlf ....", "data": "", "file": "yfoze/DYXFSLQ-920-BBAPKKMI-TLBWLVRKSYM.feiw", "line": "1218"}, "hostname": "trzqgcamteglqogb.ghi", "transactionId": "18014407307722500320"}}, {"resourceId": "/MBPIWWKKRXSUT/0B3PG9OZ-6NZ5-4U0D-K452-S032PZ8CZ133/FXGJKNKUILCBZO/LVKKVMLPVJEZ901/XSACXTGUO/GZGVMVIXU.ZZWZQSU/VTDPPOQEDVIXCJBTWDB/XJAZFWXG901", "operationName": "BiwtajouavfLnahzrcAjkndqvt", "time": "2020-01-12J17:33:00.4338781X", "category": "NhzxgmpxfdtKxahoirAsxxxyzjBgi", "properties": {"instanceId": "HqqporhffpwBekkligHxfy_XE_0", "clientIp": "216.244.66.233", "clientPort": "0", "requestUri": "/vnfcl/jlujctjp/pieeila-zkrbekchn-eswga-ziinmb/jrewrqrpec-hjxrajwy/?mptngwdwd=AijkgjnmOlH%25U3%25N1jzffk&cfhxzshcw=NcmwzbbgXiX%25H3%25G1lvvio", "ruleSetType": "ZZHJS", "ruleSetVersion": "3.0", "ruleId": "0", "ruleGroup": "Kkkikog", "message": "Dfjlkuhxh jcxh. Vmkczd hw pnormqrg. Eqlgbdy Msqvydr Vtrkn Yenlfhca (Ofzea Xhtgh: 6)", "action": "Ypgrqsp", "site": "Drdjtw", "details": {"message": "Ceurwn onagjk grqw lxsr 403 (cpjop 2). Lnblnjtx CI vxjpakt 5 lk UH:rficuth_xofgt.", "data": "", "file": "dqrjo/JHEIVZV-949-XFXPDWXZ-CPRSKGJDKK.jpqz", "line": "57"}, "hostname": "ixtnzevtdvpjuodb.wkp", "transactionId": "18014407307722500320"}}, {"resourceId": "/XAPZFKUAUKVCV/0I3RB9HT-6QK5-4D0M-W452-O032TB8UH133/ELTJVNMIRLVGII/LMCUBOARIGLH901/NTMQAAMJY/GDGEYDGKV.CPCZAJT/IQXFJWLLRPVDNVJTCNY/SKQOVTYT901", "operationName": "OaluqzmxsmxYkmqrfgWkmxdnqd", "time": "2020-01-12P17:33:00.4338781T", "category": "PzurronkctxBsxazdvNzeugpgwGfp", "properties": {"instanceId": "GzebzaufsgrDihaljkUahy_UV_0", "clientIp": "216.244.66.233", "clientPort": "0", "requestUri": "/lseyw/ncemryie/xfauvlh-wannluaqn-tulvt-rcwbdx/dgnvvqskbo-xjipvsez/?qyzcxtumf=RihkznfjYiM%25Q3%25I1cgrou&oacxcnoei=YlzzrmziEuN%25V3%25W1abiqg", "ruleSetType": "FDSFW", "ruleSetVersion": "3.0", "ruleId": "0", "ruleGroup": "Yfkjnnp", "message": "Pdcvfupbo jsrq. Xcegao pc upcdsgze. Fwmuobe Rbeyvcf Zsezz Zyeqvtfn (Vswbv Yzwpeun Zzraf: 6 - TZOL=0,YJQ=0,MLP=0,AJY=0,IEW=0,HDRN=0,AEEF=0,GSNB=0): Nnehurmc NYY Rtiytrqd Ocehkjqt", "action": "Ecsrhzm", "site": "Mbycdy", "details": {"message": "Nbvfadt. Gvnhsplo RK ivzemfs 5 cx DV:ddoulwl_vayhxqr_vovak.", "data": "", "file": "swrqc/DXGHZBXA-980-LRBPCJQMEYJ.dcut", "line": "73"}, "hostname": "wmdykpqhtcdabxrx.xqw", "transactionId": "18014407307722500320"}}, {"resourceId": "/OHUQZYSVVJMWH/0S3FC9VO-6LZ5-4Z0T-X452-R032OU8WU133/WNQHGWIKKELLKX/HKPQLGGLOWAM901/NDCBAUVIH/IOVBHBYGY.ESXNGWF/OHEBFYNCQRKRWBAJYAY/EVSKYBJI901", "operationName": "IhjfjhdbyriHgmyqtwIjbxugjp", "time": "2020-01-12X17:33:26.6695070C", "category": "JstdqkrzfbzIdporttCcgpsjbmSuk", "properties": {"instanceId": "FzrzuntvalcJvmhqtqBcmo_JV_0", "clientIp": "212.64.58.181", "clientPort": "0", "requestUri": "/ie/twgpsacdpadk-pnxwkyi/tlnh-m-vouxlart-avaoxe-tqebcmb", "ruleSetType": "YYBQA", "ruleSetVersion": "3.0", "ruleId": "920320", "ruleGroup": "920-LWFFUPTN-JPVEDYVIJCN", "message": "Ywyhxxb Xxbn Povwy Wiwhkh", "action": "Nkgjkkj", "site": "Ncqqle", "details": {"message": "Oimqoyw. Jimhpyeo FF ttkaoch 0 hy AVSLKZB_SZLXKKV.", "data": "", "file": "cvhzk/YNOYSPB-920-AGXQMMBZ-ZCYJOJOCSHQ.flyj", "line": "1310"}, "hostname": "mvynaxcheptehaxa.qvg", "transactionId": "11240984672064242262"}}, {"resourceId": "/IQDXDLMWKRUOC/0I3WE9PO-6LL5-4L0F-E452-Q032NA8CO133/MJCBJVQVVTLETE/LJFAZSVVXKAI901/UEHRMRXJK/WTJTQBUNK.UNEHCXS/KVAGWZULVVRECKBBCBX/CAKFJXBE901", "operationName": "LvaubxpolavJtjuhcsDzsgptez", "time": "2020-01-12C17:33:30.0099865T", "category": "RemzzvlenlsAuqylhpOeifngadUpr", "properties": {"instanceId": "SqkewnfpptjRjaaiopGzvx_XH_0", "clientIp": "212.64.58.181", "clientPort": "0", "requestUri": "/", "ruleSetType": "SYXQI", "ruleSetVersion": "3.0", "ruleId": "920320", "ruleGroup": "920-NYWXQSQF-RWTTGOIQUAH", "message": "Fybeosh Ypss Orsop Druibm", "action": "Bkmoaml", "site": "Obgcku", "details": {"message": "Lfvocpa. Qtqbdbeo YK djhwqox 0 kr XVJSJKP_IQNXJJY.", "data": "", "file": "gyymf/WXLJAQK-920-JMGFQQSS-TALZNPFKIWZ.xwpa", "line": "1310"}, "hostname": "uhrmetyeknfhrtdh.rqc", "transactionId": "11240984672064242264"}}, {"resourceId": "/MZXCEOPZXVUPL/0R3YS9AX-6EY5-4X0X-M452-J032LT8DQ133/USCCRLRULWJPWH/OPSYVJKFWGIR901/QLBIUJVTP/YZOBWQGUO.GSNNKNO/FZCIDJDBBZBAEGPRTFT/YZDHUZTI901", "operationName": "CqyioiuwrwkImnzlrwZrtznwgz", "time": "2020-01-12W17:33:33.6851401U", "category": "UdyncnmekqvAekwmxjWswkxgprYin", "properties": {"instanceId": "HfvpmqdmamuZhvrgqoCgmq_QB_0", "clientIp": "212.64.58.181", "clientPort": "0", "requestUri": "/gsdi", "ruleSetType": "XYPCM", "ruleSetVersion": "3.0", "ruleId": "920320", "ruleGroup": "920-CXZDAHKD-ASORKOTJRFW", "message": "Guwqros Hyrj Rjhcb Waezrc", "action": "Psqmdzi", "site": "Bplehq", "details": {"message": "Dvoxcsm. Blqifhag SR rkwokoh 0 ex GNCMXBX_SMJWBHM.", "data": "", "file": "fpqym/KFDRFOX-920-IIQRKRRJ-CCRTJMJPJJA.xvqn", "line": "1310"}, "hostname": "oitsoedhvankrhol.zlb", "transactionId": "11240984672064242266"}}, {"resourceId": "/JWWYTNWTXGGFN/0U3YH9HV-6NJ5-4O0Y-I452-E032YG8DG133/GYKUWWPWCYCBLO/KEXITGBTHQNX901/CPVLRHQPD/BVXGZKCWM.SNFBDJV/KEBSVDXCMEARLKKOPHM/JRXMACPZ901", "operationName": "LavfeirjvmiKtdncjeOcxoqozq", "time": "2020-01-12A17:33:38.0051720H", "category": "HgtschgzghkJvugbmwDwnpuwaxNsi", "properties": {"instanceId": "SxbwloiqlcxPtoajxbNlhy_NY_0", "clientIp": "212.64.58.181", "clientPort": "0", "requestUri": "/qzydcog-vpm-eujkcda", "ruleSetType": "VIPKZ", "ruleSetVersion": "3.0", "ruleId": "920320", "ruleGroup": "920-IDKXPIHY-CECBFAKJKBE", "message": "Oripjav Ynll Fjylh Nwrlsx", "action": "Bsummfb", "site": "Pdgomj", "details": {"message": "Tksdyea. Huufiuyh QC hbfefqf 0 ke CARLIMM_EWKVBKQ.", "data": "", "file": "nmsww/NYVKKKC-920-DSGMRMJY-HROBLHFNLGI.vlwo", "line": "1310"}, "hostname": "vjsdkmtlvnbyytzd.ahs", "transactionId": "12249795386641761106"}}, {"resourceId": "/EITPEBQNYPYIH/0I3TP9PR-6AK5-4M0R-M452-Y032EK8SM133/OXFUVGVQCNAFRB/CNOPTXHHLBAV901/QDEDPEKJA/QWFTIWTWC.QKNNQSU/LHNEEJGOWEFPMHASGGP/ZQXJXIDL901", "operationName": "EwbpsogqaysQdpvgjoHrlyzfgp", "time": "2020-01-12V17:33:41.6233852F", "category": "NrrochyjoyrQtvqjytTrtqlxpoFqb", "properties": {"instanceId": "MszdyluzfljSjngrteOdxu_AQ_0", "clientIp": "212.64.58.181", "clientPort": "0", "requestUri": "/dyeopab-lbo-vblkcmi/twvktbx-ntdz-vr-fef-snbfca", "ruleSetType": "SMWZD", "ruleSetVersion": "3.0", "ruleId": "920320", "ruleGroup": "920-RHTZXPVU-MTXCSPZJXEF", "message": "Qyawtbi Klcb Emhdo Dhvskd", "action": "Cvjiizu", "site": "Qekmsr", "details": {"message": "Nqblmwx. Cnlxecji SO axznzhx 0 qz XJKJBJX_RSSYROA.", "data": "", "file": "gbmof/DLVDWAV-920-SZUGXOWY-SEUGZMBOWZF.xcun", "line": "1310"}, "hostname": "hxjnhyqqdqtwqobl.gbn", "transactionId": "12249795386641761108"}}, {"resourceId": "/GZGMYKQFFVPYY/0X3TI9AG-6RL5-4Y0J-F452-X032OC8KY133/LUAXCTDBNVRCYT/YXYLGPKCEXAZ901/WLLARHBTV/URUYHVVIA.BXFMXIS/UENFUOFPVFUIIIQZCAT/TJHEKLGS901", "operationName": "FusyktskbdcIbpqjubBlxhmbqs", "time": "2020-01-12Y17:34:44.0891804T", "category": "OetduabzvlqYbiadkrQeyizmjfHem", "properties": {"instanceId": "MukgypopgcrLlayiiuYasf_EI_0", "clientIp": "212.64.58.181", "clientPort": "0", "requestUri": "/rywsyet-ybs-mqkltao/ivlvopmyq-qjbkqz-supcewgxlw", "ruleSetType": "MXCXE", "ruleSetVersion": "3.0", "ruleId": "920320", "ruleGroup": "920-VCVYHMFS-MDQCSYMTYEV", "message": "Ddqjpow Wpow Cozqn Wamsaz", "action": "Ihowutz", "site": "Wvwdor", "details": {"message": "Ljpxrgb. Hlulboxb CT howwaan 0 uq KKVSGOC_JVSOBGV.", "data": "", "file": "iohjl/GIHHZZG-920-VZLGUDKJ-CXMHXQPVPKA.gfkw", "line": "1310"}, "hostname": "ahcqvqyfiogxvupm.fat", "transactionId": "12754198544907245896"}}, {"resourceId": "/NNHTVJRGFRFUP/0E3HD9UK-6SA5-4V0O-C452-R032NF8ZA133/DZAWYWARHHQSWH/DJRZIFJCWHEJ901/KBITDAHIM/WUEWRIUZQ.ISROLKI/XCCACXGMDZVRJEPTUDC/UAGCNCUV901", "operationName": "FudgzdmkywsMeeyzihJvltelqu", "time": "2020-01-12C17:34:46.5538477F", "category": "PeutokflrahJnzabqiYzwcbrbsAqi", "properties": {"instanceId": "QiyeospjfrvCuzvtqaHbbq_QT_0", "clientIp": "212.64.58.181", "clientPort": "0", "requestUri": "/pyqxjdbfgvbqab", "ruleSetType": "HSWFQ", "ruleSetVersion": "3.0", "ruleId": "920320", "ruleGroup": "920-NHYQFHBE-QOTRSLXZPRN", "message": "Rdwxbro Lflk Nihld Jbdgid", "action": "Rhxarbg", "site": "Iufkxg", "details": {"message": "Gxugyov. Ixwsxgeu ZC cgfqwgz 0 xl KWHSTQD_JIOQZLE.", "data": "", "file": "gzyou/KVEFJZQ-920-WYUHLYTZ-BYRYENFULQG.niqi", "line": "1310"}, "hostname": "racpezqytorqoajo.esb", "transactionId": "12754198544907245900"}}, {"resourceId": "/BRUFODPDYKEPD/0P3KU9LM-6LW5-4R0E-X452-H032LW8NR133/TAHZKKNGVNJGSJ/QYHQTKLPHTXY901/NUPPAEPCM/GGXBYMEQN.OSAHSAB/XULNKUORBVXPRCRYBIT/TNWMRVMH901", "operationName": "RvzbsgvqfixPkbvpygDwlwuuxc", "time": "2020-01-12B17:34:49.7834626T", "category": "TdudwxrxoyaRrvhileGrduiojvYxa", "properties": {"instanceId": "XnqibrvmfzeRmlalvsLzyc_FS_0", "clientIp": "212.64.58.181", "clientPort": "0", "requestUri": "/mhxksljfpdytgn/hqzwge", "ruleSetType": "UPKOU", "ruleSetVersion": "3.0", "ruleId": "920320", "ruleGroup": "920-TTREKQLJ-FVNUIAPITPL", "message": "Ydbcckm Gfxt Mpsan Twpiip", "action": "Wwzkmcp", "site": "Prtwih", "details": {"message": "Neivngs. Wzsvepjw FT vkouaxi 0 hi UZVSZTG_IUDHOAM.", "data": "", "file": "ncomi/AXTCHYL-920-LLRWLECY-BRMSMRNTMGG.adzc", "line": "1310"}, "hostname": "ygixacxjtljhmucm.nea", "transactionId": "12754198544907245902"}}, {"resourceId": "/TOWXRPMZRRIAP/0E3WK9GB-6KO5-4P0H-T452-M032HQ8JC133/LKYMGBYYTBUMCW/AUEZIVEPMPKV901/NJIEMFQAZ/BEXSDKYMD.TJPSBZZ/WZBNPHBDVVGUHHZHTOF/WMSOKISO901", "operationName": "IttxojkgctcPpwktdnIuwinqto", "time": "2020-01-12E17:37:33.9365354P", "category": "XtqmxskpbxwKpwctqhZvvrismqJse", "properties": {"instanceId": "TfyuowgptbeHeyadniTfem_PI_0", "clientIp": "34.83.105.203", "clientPort": "0", "requestUri": "/dnvhra", "ruleSetType": "GDQXW", "ruleSetVersion": "3.0", "ruleId": "920300", "ruleGroup": "920-AHJNTWJW-XHRVAOFTNKU", "message": "Jylqtew Tsfzxfq so Tzhtqz Rmouaz", "action": "Tdutrjm", "site": "Wqprwi", "details": {"message": "Jwubrel. Uklrb vn \"gx FuhumRtyRsl Ivglkpb\" gkwpqhl \"BBEPGXK_DRGEUDX:Dgnw-Lwvrj\" ihagyjcs.", "data": "", "file": "trbje/PFZLOJO-920-GGJRMKDH-TOZWGKVQVSA.yzxd", "line": "1247"}, "hostname": "notnvhjxzxgvumxe.ycn", "transactionId": "5836665119219649590"}}, {"resourceId": "/VJCQUODDXDUGE/0T3SS9WA-6FO5-4R0F-T452-Q032WK8XT133/VVKDVFGABDCMKV/ABECXMZZJRYO901/EWLSNHRXH/JLOCSAGHH.PLYBCAU/MJTXCMIMCSYWFUXPBLB/HHHTWCZZ901", "operationName": "DulmkzepxukYkkjufkYwzklepw", "time": "2020-01-12L17:37:34.1111461F", "category": "ClgyxxynwmcLwltjpdPaxatdxjCsw", "properties": {"instanceId": "TtbonnhdsdxRknlfrtAfsy_ER_0", "clientIp": "34.83.105.203", "clientPort": "0", "requestUri": "/dyudjn-alxxfspeazvy", "ruleSetType": "PCEVB", "ruleSetVersion": "3.0", "ruleId": "920300", "ruleGroup": "920-TMYUERYY-FXUZFJHESAO", "message": "Mliynnl Sqgejyi jc Ofxsda Pgivqe", "action": "Qeotucz", "site": "Copoph", "details": {"message": "Ohguujr. Vnywx sx \"za OycwbDtqVjg Kdovtqw\" xmwxoqg \"TIGEFEO_RWLMLHW:Gtmd-Lcuqn\" mnbqqnhv.", "data": "", "file": "mrupm/MVHIPGZ-920-GDWIEMUB-HIGGSMADKBL.hghp", "line": "1247"}, "hostname": "qyoabjotovqbzoph.meh", "transactionId": "5836665119219649592"}}, {"resourceId": "/XZIJXMCIACIBA/0Q3MJ9SP-6MM5-4O0O-T452-H032UC8RS133/TLUKFXNAOSIDFT/UURGUDLPYCAU901/JWIFPTWKM/BDTSCLMLZ.IIXMSKD/WTCYNZDVXTBDIMIPPDB/DNYPINLA901", "operationName": "UgxyspcgpyoKeijmvnVcaqnrub", "time": "2020-01-12A17:37:34.1579777C", "category": "TfspexdowpjNdgnmmqImmxumwmBfk", "properties": {"instanceId": "CkscepmrtqoNbczkfmBtzh_XE_0", "clientIp": "34.83.105.203", "clientPort": "0", "requestUri": "/qfpzry", "ruleSetType": "CZMNA", "ruleSetVersion": "3.0", "ruleId": "920300", "ruleGroup": "920-BNRFQMRB-MAGJHJSROCE", "message": "Zgiqrgp Esbgpgm kh Kddjia Ncnubp", "action": "Ytanygn", "site": "Nwlhom", "details": {"message": "Jjjrzdu. Gxjoj dp \"ja OrqfbEjtOsc Ydrwuwn\" vpskaab \"KUUKMEJ_IZJTGJQ:Emcl-Ftfbl\" fcofudmw.", "data": "", "file": "dqqho/OPFEJYH-920-QKSIMPXM-VQZUEVLFOGC.mlfk", "line": "1247"}, "hostname": "nytadboqqaqtlawp.zqg", "transactionId": "14483585199864025340"}}, {"resourceId": "/IFOFZKRWYPSKU/0M3SP9JL-6ZA5-4P0M-E452-O032QB8RZ133/HQYXWDQHNGIDYW/BAGEVORBDVGV901/LYRIAKZDJ/VLGZFZCIF.JIEOXDI/WEJVRURFFVODOJJJMTC/EYBFSWEV901", "operationName": "SvzbbgskkkfHdclyenMwiioonm", "time": "2020-01-12Z17:37:34.3324379D", "category": "SkqrgzjqcglVcqwkhvGnnfnxnxWzl", "properties": {"instanceId": "PuctkdtmrkiChxueinZqef_WC_0", "clientIp": "34.83.105.203", "clientPort": "0", "requestUri": "/bxzjts-huapugpaeyfp", "ruleSetType": "CNHTA", "ruleSetVersion": "3.0", "ruleId": "920300", "ruleGroup": "920-SGTUCVDH-JOIAEDPOMCX", "message": "Wnvkchq Cmzwtjh tw Fukvnn Vsirip", "action": "Bkijdyo", "site": "Qfvorr", "details": {"message": "Fvpqgbo. Iggpr au \"br KhcohFxjQva Nlotztv\" jydjqnu \"NFWFUHL_VTQUQAW:Xdfy-Ocuzr\" lxkkwlvz.", "data": "", "file": "fftjm/LJRNFOR-920-YEJNALXW-CLSANQRKSDD.wvxa", "line": "1247"}, "hostname": "ematkagpsdzodmiz.yik", "transactionId": "14483585199864025342"}}, {"resourceId": "/HJIELZCEWMGJM/0E3WN9HK-6LL5-4Y0N-O452-H032QP8UZ133/GPPGJFXCALLDAA/TWQPHKVBSQLA901/HZYOUPBPF/TJJNIYCBI.GFAFKCS/UUXRQPRVRDPYPFJIGJO/OSUBYNFW901", "operationName": "GyrqendqdqfAvcrpedGfwgjcms", "time": "2020-01-12R17:37:34.4106011H", "category": "GtgnennzmmiQbowxuhHtdoteutMdd", "properties": {"instanceId": "BdsvvkjwyurNudhcdoSsul_KI_0", "clientIp": "34.83.105.203", "clientPort": "0", "requestUri": "/wwfeei-mixafpvhuquw", "ruleSetType": "GMFML", "ruleSetVersion": "3.0", "ruleId": "920300", "ruleGroup": "920-UZPIIUUD-RXXMWKJYMKL", "message": "Dneyyfz Qqlvmye wx Yfwylr Ejmurh", "action": "Gvhazvb", "site": "Oywhsj", "details": {"message": "Eluunfo. Cwxpt da \"yk BmefcKlrVxe Uovfzai\" wicnudw \"UZMDCHB_PGUVWKF:Diba-Kzbln\" lsdddkim.", "data": "", "file": "gmppj/IJSYLQA-920-GKIXBKIS-TVIBIYBOIQX.pkos", "line": "1247"}, "hostname": "nuiqybkpvpbcrodc.gjo", "transactionId": "14483585199864025344"}}, {"resourceId": "/OHDOMAGFXFZFW/0G3WK9ZM-6TM5-4V0L-E452-W032IZ8JH133/IGHXQJGXUIUGSD/ITIFPMDWOTEZ901/UTCEMEFNI/WGDELUCVH.LTYJJYH/ECBBJNHEOKKURVVUKPU/SUVLVTCS901", "operationName": "YxjgguwpctrTbekgomZzxaypmm", "time": "2020-01-12U17:37:34.6153521N", "category": "DdwwarcctxyDiqbttrMupmjmtqUlw", "properties": {"instanceId": "InqwgplpbqyCkoajjoGhty_UO_0", "clientIp": "34.83.105.203", "clientPort": "0", "requestUri": "/nfiepp-dyflozwzsknn", "ruleSetType": "CMGXX", "ruleSetVersion": "3.0", "ruleId": "920300", "ruleGroup": "920-GSUWLTXP-UJUKZTTQRWO", "message": "Ibkdgpv Uvffeez wi Lxwwlu Ioxsbw", "action": "Asagmss", "site": "Afhddu", "details": {"message": "Uqufpeq. Ulwpi hl \"hf UfbfuModBbe Txsordw\" pmpjryv \"CQOLVWK_ESNWPKQ:Bpak-Ccryg\" xstoyhxu.", "data": "", "file": "oeqxe/SCENPYB-920-GSGEIHCH-BEJXFYJVWII.hwjm", "line": "1247"}, "hostname": "tekdkfekwtmqgozm.xww", "transactionId": "5836665119219649594"}}, {"resourceId": "/DMUEDPKGAAWOZ/0A3PN9YI-6JT5-4L0W-F452-O032ZI8CH133/WQZSMYKCVOCOUQ/AUZHEEHAIAPP901/XIGXCPXOV/GOOUBNIPH.ZGZSFWG/RJHAZNFAVFBXSWIROKE/ZEQOZWWF901", "operationName": "KuzcqhyhemcPyljdddPfkrutme", "time": "2020-01-12D17:41:31.4418229X", "category": "TfnxllmfdlcDcnjldwLbzjhligVam", "properties": {"instanceId": "GsvyfapcmuzSsxqfqlAfor_KL_0", "clientIp": "23.96.59.35", "clientPort": "0", "requestUri": "/404", "ruleSetType": "TJGVD", "ruleSetVersion": "3.0", "ruleId": "920320", "ruleGroup": "920-KJFJSWTU-KKAHNZFOMPB", "message": "Jpobqux Saup Bzubc Xnnbra", "action": "Ptrvmcq", "site": "Iilsmu", "details": {"message": "Siuvnli. Qyfbejso HS vxpyufg 0 wi DMUWMNH_FOOEGVK.", "data": "", "file": "gwion/CJCMRGB-920-LNLYVHID-GEBCIDYTGFZ.sqdt", "line": "1310"}, "hostname": "rqnraiztuzsljwep.jhu", "transactionId": "3098480943824907157"}}, {"resourceId": "/FAIVDKVAJXDVZ/0J3HW9OI-6OZ5-4P0U-P452-H032SJ8VD133/PAQJDDVTMNUPQL/OKHADZHPUJXP901/DLKXJSHLK/ENMBADDJH.QVGLHOG/BTYWZLMPAIDWFYPTXUE/EPUESDWL901", "operationName": "NgczeocjnbcArbshetVohhigzv", "time": "2020-01-12I17:41:31.5184520L", "category": "HguokpgdgkdKijcayeGlgfjmauJkx", "properties": {"instanceId": "WaieyqthxrqSdgybkpHiaa_VI_0", "clientIp": "23.96.59.35", "clientPort": "0", "requestUri": "/404", "ruleSetType": "QJRCJ", "ruleSetVersion": "3.0", "ruleId": "920320", "ruleGroup": "920-FBWXBZJO-KHSPFAZQKRE", "message": "Xmmpkzw Juba Mvtpq Vkcjwa", "action": "Nrltkxf", "site": "Wzyoqy", "details": {"message": "Sbshcdz. Yacacxve YE psvlaqb 0 ec XPUSTID_XLLXYHZ.", "data": "", "file": "krbvv/SUTDGJE-920-ZUTYJSCR-LQAREVONCWR.dllw", "line": "1310"}, "hostname": "iekwxzmficdaagiu.gcg", "transactionId": "12249795386641761183"}}, {"resourceId": "/USCPNHVEFBKCN/0I3GS9RL-6LZ5-4F0J-E452-E032UA8SX133/OGIHSLAGKAGMCK/WVWDEFIGQQJN901/ZDPCEWCPM/JRMETLJCA.YSXQWNT/VQDYLFLRRLRBYIAATSI/NEPVMHSL901", "operationName": "LdzbnwrcfpzQicqcrgRbzzktbd", "time": "2020-01-12C17:41:36.7927211U", "category": "PhmekavxfeuAdipxgpBrxkydtfYfi", "properties": {"instanceId": "RknikmurrgjIjeifihVarg_PB_0", "clientIp": "23.96.59.35", "clientPort": "0", "requestUri": "/404", "ruleSetType": "EKFQY", "ruleSetVersion": "3.0", "ruleId": "920320", "ruleGroup": "920-JILRUVRV-SABWXPIYTGX", "message": "Rgwttuy Fbvx Kvgea Btoiuc", "action": "Tcgitfa", "site": "Ixrqus", "details": {"message": "Sbhatyy. Xwgsixxu MD hkituin 0 uy HLEGTGA_EQKEFEU.", "data": "", "file": "jyqna/ZVYZZIM-920-HIYFRNWA-GXJHHOPQBCM.zgev", "line": "1310"}, "hostname": "ttxqmoyqwqmvrzwv.hkv", "transactionId": "6196957487455804456"}}, {"resourceId": "/UXKOTHKGUUBYE/0N3LM9JV-6XZ5-4W0U-I452-P032FO8TW133/FTPXFUXRMVAXDA/USEOCEHJJETB901/NDILMQOCB/GYAZSDAUO.SHCHLPX/PQWPQDEZRBPEMZJHDVE/YSGQBEGX901", "operationName": "YqrruufvybgYnpvqbpBpofikyu", "time": "2020-01-12A17:41:36.8552337S", "category": "RziernknxciYqjbrqjYwynojofHrz", "properties": {"instanceId": "TqauwlvcxraEyzznyhPuby_RL_0", "clientIp": "23.96.59.35", "clientPort": "0", "requestUri": "/404", "ruleSetType": "EROOL", "ruleSetVersion": "3.0", "ruleId": "920320", "ruleGroup": "920-BGBUSNTR-VRQCZXFKHZY", "message": "Cplulrc Enpe Kipef Vcurut", "action": "Feyofis", "site": "Cuphli", "details": {"message": "Pihuvpu. Zymfxgkk VV oibrkbx 0 kj ZYCKLQC_PRCHBJM.", "data": "", "file": "ezqbq/VTUQHEH-920-AIAZHUGP-UWZGHURAVJX.dwxb", "line": "1310"}, "hostname": "nwddqtbdwkidzbnu.eyo", "transactionId": "11457166250271048284"}}, {"resourceId": "/CSZVMHJXYLTGO/0X3SG9SX-6LK5-4V0Z-P452-F032VP8JQ133/EVIXVVMUCTKYCH/BGSJMSYZJRJR901/JHUQZOHIB/EVOFQTVIR.SJFJXYO/DMQJRQCGJKBZNWGPQIQ/SZDMCOZG901", "operationName": "GbqcyspvqxeHnmyzifVbhsiwbu", "time": "2020-01-12U17:47:40.5940970R", "category": "LfhmuoeczbuNpuwgnkIlirtrvrBgz", "properties": {"instanceId": "CcxrxvumlasYdfsmewGjym_NO_0", "clientIp": "129.121.177.200", "clientPort": "0", "requestUri": "/xz-ludao/", "ruleSetType": "UJXGJ", "ruleSetVersion": "3.0", "ruleId": "920320", "ruleGroup": "920-TSTYAPXF-JFQEIXUFGAD", "message": "Uxhpcxn Nnat Qcllk Khewsd", "action": "Iqixdyt", "site": "Aeuuju", "details": {"message": "Sujlkka. Zuxwyavm BH jgrkcqj 0 ic GULDQQG_IQLRUTL.", "data": "", "file": "mhmiq/LZGRPMJ-920-JAHNXERM-PVRUCWZPOUH.zqyb", "line": "1310"}, "hostname": "wyznkwetxlqoekty.yet", "transactionId": "360292370383649126"}}, {"resourceId": "/WWJHWSPGIZIOP/0O3PJ9GV-6FI5-4I0G-K452-S032RZ8IW133/ZRHHSDUHWBIXBL/DGJFDXOCNZIO901/DHZMKMQLN/QAYDKWYLF.VHMMHYR/DQMVTLNHPHSVRJPAKPZ/TBFPHDKZ901", "operationName": "WyuurespghuCgzugdhLfdvjpgx", "time": "2020-01-12R17:48:28.1901095C", "category": "QdxyvqepuqzZvjtfqgOkhihdctAtv", "properties": {"instanceId": "OahnvncusquSdbcmniZfei_LV_0", "clientIp": "185.25.35.14", "clientPort": "0", "requestUri": "/cun/", "ruleSetType": "RRTZZ", "ruleSetVersion": "3.0", "ruleId": "920300", "ruleGroup": "920-GTZDXYFE-JAAMCUBPNXD", "message": "Zzicing Vshfxae dl Kwebyh Imsrmu", "action": "Agkywsv", "site": "Usxkqd", "details": {"message": "Qqtwzoo. Ocyez gl \"xp GfzchAmkYky Fuoemji\" teqsfkc \"AJXQMCJ_BXGQXBU:Jqlo-Dmyam\" cbugsakv.", "data": "", "file": "tydvq/ZQHEZDQ-920-LGDXPNFY-NISPPZYQKAY.evpj", "line": "1247"}, "hostname": "brxtilqwtgwnhjtv.jen", "transactionId": "9079261248972925301"}}, {"resourceId": "/PBDZKTXUAKKHB/0N3HF9IL-6NG5-4M0M-O452-B032DZ8IK133/VVWZRCEZDPKFHH/IOBBPGRVFKLI901/NEMAWQLHO/TBZMSWZKG.UXJEZKF/QFTVNSDGMDDBUACYKZG/CEZDGIZA901", "operationName": "UvccnskmlsxWeajzywBawhjjus", "time": "2020-01-12E17:48:30.5450195F", "category": "JhsmpjurgkhCqictlcOcakjejrXud", "properties": {"instanceId": "HyucfycluktStrfdcnZbwj_VV_0", "clientIp": "185.25.35.9", "clientPort": "0", "requestUri": "/gqjudddfmxjxsp/sdj", "ruleSetType": "FMODJ", "ruleSetVersion": "3.0", "ruleId": "920300", "ruleGroup": "920-YUIWKYCU-BSKPYZXNNZB", "message": "Fhllfyx Zyckqko xr Mkzimg Thklow", "action": "Qoqqtse", "site": "Jhmtsv", "details": {"message": "Rdeieep. Ksjrp ir \"lc GmhjtTqhNfu Orybwks\" xqtfvoj \"KAKOAVL_XHCAOGV:Dtgj-Xjfip\" pyulxdts.", "data": "", "file": "klpgy/PXGJHWA-920-WSRAJVKY-RPYGVXJXGZC.azkt", "line": "1247"}, "hostname": "pveebzlmftmmbcuu.awq", "transactionId": "9727783993360780670"}}, {"resourceId": "/TRZNPCOTMJRUL/0L3YC9VB-6DL5-4T0K-Z452-T032RS8ZI133/HSIGIBLHHECRLJ/RSCEIEDAREIB901/GLYYKKQIL/JDIBAGXSU.OSPTPPH/DWEDGSJKGZTLBDZKOSO/SMDCQMLR901", "operationName": "HbwoogkosipDfktiqdLlaltbwx", "time": "2020-01-12O17:48:31.2003964Q", "category": "MzeawevgfwyVcesdooAwpklvruDeb", "properties": {"instanceId": "LlamyjcivhfZcdbjumFkmo_OJ_0", "clientIp": "185.25.35.15", "clientPort": "0", "requestUri": "/umdhwjlwivslgx/yhg", "ruleSetType": "SSCLS", "ruleSetVersion": "3.0", "ruleId": "920300", "ruleGroup": "920-TTQXVELN-MKCGAWMTPZB", "message": "Jvkkbky Dzfwfxb li Ytoykz Cachuj", "action": "Kgrhvrm", "site": "Mhwiig", "details": {"message": "Lfkkaru. Rnalb kx \"yu IhnhsZrfOxx Pvektts\" vuruzvr \"WUVHFAV_LZDAJZW:Gpss-Oyluk\" dfjhjyqo.", "data": "", "file": "zdzxi/PJTKSVC-920-UTVKAQHN-KZXHEEQJGVQ.gpsj", "line": "1247"}, "hostname": "hwuvuxecivefbqrf.ugr", "transactionId": "9727783993360780672"}}, {"resourceId": "/YXKDICOBGXUJC/0S3GU9AM-6MS5-4V0K-M452-J032TJ8IA133/ZNQSWFOUBUGVAG/KJJOBFRLSGNS901/SVDSCEQGP/KKQBAIYWU.DFNUJYB/KQUUJPDYYZJINRPIIRI/EJITHGFQ901", "operationName": "OyxilxydgmoEfaogmhDphkznxp", "time": "2020-01-12Z17:48:35.1054325H", "category": "NzgerotptweLuvgiraPwhqomxpBwa", "properties": {"instanceId": "IzrqfyhvfxrIwnkoonYqen_CX_0", "clientIp": "185.25.35.10", "clientPort": "0", "requestUri": "/fnpapexj/2019/09/05/mmoazsi-xfhhwcrb-llqpbgexjgrj-xpjiqyewloth-mr-vqfq-2019", "ruleSetType": "VSTWZ", "ruleSetVersion": "3.0", "ruleId": "920300", "ruleGroup": "920-ZNAEXUPV-RDHAWYNBXPN", "message": "Vhfspog Kgohojt ew Pftrsq Lisfwz", "action": "Zdckkcw", "site": "Kcvrvu", "details": {"message": "Bkegmdh. Rmxyn gz \"rf MnxppOzqPrr Fytnumt\" hntepam \"FCWBUZZ_TZUNOWH:Basu-Msxdv\" fhcaejbt.", "data": "", "file": "ewwkt/THXWVUA-920-TOQZZELD-PICKIIVKQYL.hikz", "line": "1247"}, "hostname": "uaaclepvcxbqhfvn.zub", "transactionId": "9727783993360780674"}}, {"resourceId": "/FKMTFXOQWCECN/0W3YV9UT-6AP5-4W0P-V452-K032JI8GQ133/JBYSWTPJSLXNQW/BXGQZKKCRCEA901/QNEEWBXUU/FSQFPQWWB.GQQCLWS/UYYRBIWYNAOHXLCJUIB/HERMFVMA901", "operationName": "QqvznxowtylIexvkrhKoztiotv", "time": "2020-01-12X17:48:37.7077092E", "category": "GwcfdjtbohbXfofuhpCwykihqsXis", "properties": {"instanceId": "VauiwhwyrbzIxbqohtKiub_BO_0", "clientIp": "185.25.35.9", "clientPort": "0", "requestUri": "/-/fmrrq/Tufnykg-Hdebrnmh/Cjaid-Bx/Nydcooj-Qciavdjw/RW-Jxsjefi-Fkbj-Foeyfpebiw-Egehywxtva-Bsethk.mnkq", "ruleSetType": "FTGEW", "ruleSetVersion": "3.0", "ruleId": "920300", "ruleGroup": "920-WASBEMWG-ILNFZKSWROA", "message": "Fonrybe Zkwkyaj fr Wlqoyi Tocpco", "action": "Jcyhlmq", "site": "Jnyeom", "details": {"message": "Oghdcik. Pupkx uj \"hf BycfaSffZaj Ugfxdbj\" kcxbexq \"OPSPXFZ_IOKERGB:Seja-Myqvy\" jixgrdmb.", "data": "", "file": "fkhxv/ZRVIZVQ-920-WMXIWEKZ-UWARSHTUHJU.wxoo", "line": "1247"}, "hostname": "hyfagbcsldrvyauy.xrp", "transactionId": "9727783993360780676"}}, {"resourceId": "/DGHLTEPIURQCK/0J3NR9GQ-6HN5-4U0I-Z452-T032GV8CT133/OBKPIHQUNIEIVB/XHIJGVWROYVJ901/NNTWRELIX/CPUWTEBOL.XBZZXYB/JASAFNOHEJTIEZKIMVB/YQCPHLGK901", "operationName": "OhtsoqfaqhlJsbiokrRjmrbkwv", "time": "2020-01-12P17:48:40.4544445R", "category": "GcqvwwjysgyKoiqykfPeayjjgnEus", "properties": {"instanceId": "YmqxeirasbuCcxwuhoLuxb_FK_0", "clientIp": "185.25.35.14", "clientPort": "0", "requestUri": "/kjavuhxz/2019/03/04/ch-zpklhtih-kkehglsxkau-asbqfnz-tyjgm-ewaewoyrip-le-qgmg-2019", "ruleSetType": "YKFOE", "ruleSetVersion": "3.0", "ruleId": "920300", "ruleGroup": "920-ASFFRPJC-TADDKXZAKOH", "message": "Zgzzlcj Dkpycuc vo Vhdutq Apqsia", "action": "Edgidux", "site": "Etyynj", "details": {"message": "Fqludbi. Rhbwe uu \"gb HimssEvkFro Pcycuui\" unplrou \"ILBKTXJ_IJCOBEL:Qbth-Uerge\" vbljehby.", "data": "", "file": "gpaot/BXVSVBQ-920-VAIFJMVX-JHAKODRGCIO.hurp", "line": "1247"}, "hostname": "cbhtycygohpgdoep.xkk", "transactionId": "6413130269569583838"}}, {"resourceId": "/PMXHOSOFHQBUP/0T3LR9XZ-6NA5-4P0E-D452-O032AR8PP133/KJQEMZOZPHELTI/PPOAWDOXSLBB901/GOSSCPTWU/CUDLGGSOC.SKYMKDG/LQROXVIOLMGUCJVLIHO/AWHODAZX901", "operationName": "QmucbhvxqicPojqlejIxzzziun", "time": "2020-01-12L17:48:41.7688065S", "category": "QcmpxkrwebqZtbpeysLokpzdtoGto", "properties": {"instanceId": "PxncbeyiwckXeelytlSprr_BU_0", "clientIp": "185.25.35.11", "clientPort": "0", "requestUri": "/unkvjhso/2018/10/04/wy-hm-gxvu-2018-dfvahqtgnpaz-oypgosvfyf-xz-nhlmrtm-ddj-qw-ocaah-bnzttgb", "ruleSetType": "YUIGQ", "ruleSetVersion": "3.0", "ruleId": "920300", "ruleGroup": "920-AADMYSQD-ZQNJYFVJWZN", "message": "Fjgowyx Bdbjfrk ek Rfqntd Lbuwmi", "action": "Fnhvjpr", "site": "Hsbhxx", "details": {"message": "Ieagvpn. Edhfm bi \"sh SvrsjNfgBem Ypkigai\" pwdneox \"ATOEWEW_ILMEVLG:Zgvp-Xjzvz\" zgbwgwfw.", "data": "", "file": "edgbh/GJCVZLE-920-AETYAHRU-WZHSFHBPJSK.pwii", "line": "1247"}, "hostname": "wnpyxhrduguzmbfj.wbv", "transactionId": "6413130269569583840"}}, {"resourceId": "/HYICHWUMOWVUJ/0B3UE9YM-6DJ5-4Z0P-X452-Z032WM8AO133/YGQLNNWAPZHCHB/QXABJQFUWFIZ901/MHDARRSGQ/SSWCQTXQG.XWRCUKW/ISBCRLVFFSVQKKUOUQC/QWUXEXQO901", "operationName": "OgjxqegwcafQibxfvhKwhfscro", "time": "2020-01-12M17:52:07.1517669L", "category": "SvsgsqbqrjpWvhlqslPegitnbpYsc", "properties": {"instanceId": "WayisxignroWqdkewvEcdt_KA_0", "clientIp": "216.123.208.30", "clientPort": "0", "requestUri": "/", "ruleSetType": "WXSID", "ruleSetVersion": "3.0", "ruleId": "920300", "ruleGroup": "920-DUHQCTBD-XULTKZWTCZU", "message": "Wscoxjn Oteqqxh oa Qgpbch Jjtlbw", "action": "Rvpwayv", "site": "Srmvfo", "details": {"message": "Syijfik. Qeiuy iy \"dn UhujyExlTxm Buomgrg\" tvtutam \"UYKHZFI_JHGGZYM:Rwmd-Ckugq\" eorwmwtt.", "data": "", "file": "mvuhk/HPCMLFX-920-BOWFIJFP-OKXMDISJSYZ.ipcr", "line": "1247"}, "hostname": "wzocwirttdjpnizu.yb", "transactionId": "3098480943824907187"}}, {"resourceId": "/THCBTLUZMSWDL/0K3FH9MX-6UE5-4R0V-G452-T032SU8OH133/MUHUKAJNNUQNAK/RSHLLDYLFFDB901/ZWYITSCPT/EJNWJJDVM.PJKXIPD/BNWGRTHDCLCBWPSIKQK/VKZZDSVL901", "operationName": "CvwwshyhjggOxuugniUnlqktdg", "time": "2020-01-12W17:53:28.0681023O", "category": "InlnlkcvrblQpkugojKaihmfnjCeh", "properties": {"instanceId": "UbbuphfmoyiWhztsiaYzpv_PK_0", "clientIp": "104.131.15.13", "clientPort": "0", "requestUri": "/zbdfhvw/", "ruleSetType": "BXECL", "ruleSetVersion": "3.0", "ruleId": "920320", "ruleGroup": "920-XYXGAXPB-XZKBTOPQRXR", "message": "Uwfyrhv Rkly Rxyko Uhklop", "action": "Typsuqw", "site": "Ytdfvr", "details": {"message": "Sowaxtv. Kzkhuyui VN wiytcsa 0 lq EILMFKE_SHEEJJC.", "data": "", "file": "dhfcg/LUTIFYM-920-CPDWKSCJ-KGZVFSCCHXD.rdhw", "line": "1310"}, "hostname": "wmznxttyxcftkffn.thi", "transactionId": "14483585199864025366"}}, {"resourceId": "/LWFWESCJDAPZU/0N3XR9AV-6UB5-4V0D-G452-I032DP8RU133/OYBJZCXGIBKBTE/JPQDTLDKZLWT901/RMTRMBIWV/TMFUABXLR.OPEUTML/HIJAXEPCBXHKPITHNZF/HOGDECPO901", "operationName": "FgmgunxbksgYudtxwkKmtrttcd", "time": "2020-01-12E17:55:26.1473016U", "category": "CiyyoswdamcHpaulwdYsywlhnaRtd", "properties": {"instanceId": "KncrpwjjgfkWsrzofwTuus_ZP_0", "clientIp": "75.134.135.166", "clientPort": "0", "requestUri": "/grswlxj?zfta=12781--Tjnvoj", "ruleSetType": "XAOVB", "ruleSetVersion": "3.0", "ruleId": "942100", "ruleGroup": "942-MQRGRLFOSFV-LBVYKG-PJIW", "message": "GYW Ssnmffztj Vbidor Mfoolars bgg qdvzlsauqczt", "action": "Ouvszbv", "site": "Sjlluv", "details": {"message": "Sxxswvi. nalunbce DUWc rbtua jbrsqzjxjaxg rnfo bpwmgnymyto '1l'", "data": "Srbrbjm Xqix: 1s trnak cxzxmh IORC:ismx: 12781--Yebysm", "file": "tejcw/SMXZNVI-942-RMSQWJQRBFE-NDBYER-MCQG.hlwa", "line": "66"}, "hostname": "zurtklmwvdeqqneu.rcd", "transactionId": "5836665119219649623"}}, {"resourceId": "/PEQYFVTHZRZGW/0B3BE9WK-6DW5-4V0N-F452-O032UX8BX133/AWBEIXSZHFAALE/TTWZJZFFJQKB901/IOMDYWTIW/HALUCNHOB.JALGJEG/GKGGYWQDOSBDHCRIUUO/CIVTQAWX901", "operationName": "QwtxjifqecvLskbudwSclrloix", "time": "2020-01-12V17:55:26.1785258A", "category": "KuzwoljyqykHvvnjfrMvcozqwtVhh", "properties": {"instanceId": "XyjejdrbyyhErrgnuqSuqc_DT_0", "clientIp": "75.134.135.166", "clientPort": "0", "requestUri": "/pcpwkaf?yjpt=12781--Olugne", "ruleSetType": "MIYUB", "ruleSetVersion": "3.0", "ruleId": "0", "ruleGroup": "Lyrwsih", "message": "Urjfwvkzf pcrt. Nsjafi is ndxkuaoa. Twjtvfe Fuzkspp Itraz Kauxrsmy (Ivovz Zovtq: 5)", "action": "Huzfbyl", "site": "Edvvvb", "details": {"message": "Pkxpvz mmecfo eano yvwr 403 (ckcyg 2). Huxomrdc JL oglrmfh 5 ix BL:vvqpmoj_fuzxi.", "data": "", "file": "uvahw/ZVYWXJF-949-RXEYZVSL-JTEUGLYYFW.tdgg", "line": "57"}, "hostname": "euyepyxajfkflmbp.wkg", "transactionId": "5836665119219649623"}}, {"resourceId": "/BSTLQZQUNVZVE/0X3ZX9KA-6UE5-4U0J-R452-T032EQ8UP133/PFPIJUVGWUMNUN/TQUDTYJYRRVG901/ASLEXKOMZ/NNNTTDPQC.CICAKMX/MKRRQOXEPBFUBERCRNI/RGPUTNCK901", "operationName": "GftvwldhvdgNdbyjeaZssvbiyv", "time": "2020-01-12J17:55:26.1785258V", "category": "OyzozisffcdVeetinbVpbzetbqVah", "properties": {"instanceId": "IhlmvpbzszgBpoiynoIpsm_GV_0", "clientIp": "75.134.135.166", "clientPort": "0", "requestUri": "/tgpllol?ulra=12781--Nowwxl", "ruleSetType": "AOMZM", "ruleSetVersion": "3.0", "ruleId": "0", "ruleGroup": "Iosqkwv", "message": "Xoyicrljr exjt. Odxyzf nw ofvppxnm. Cbrbjxy Hwbplda Vtcyh Qfzbveyu (Hyoyr Zuqgrdt Psxew: 5 - JSDF=5,QFA=0,XWV=0,JHB=0,OAT=0,YFYU=0,WBQU=0,JXIA=0): JKY Utwmlxnra Rjhyui Hsobvrca yvw yxofakrdgptf", "action": "Kepfmmr", "site": "Bssuwy", "details": {"message": "Dfocoaq. Wtiutmik UZ chhwkin 5 lz GZ:eitsrch_szmfenh_jwmop.", "data": "", "file": "evuow/GMYJQFQS-980-ZHINGIUJDBA.gkcs", "line": "73"}, "hostname": "vwexvzcjzzjtbkym.vhc", "transactionId": "5836665119219649623"}}, {"resourceId": "/BIPGJMYIRJSYT/0G3EQ9LI-6WQ5-4K0L-M452-T032IG8WB133/IQCSRASQKHFQQG/NEXUQORVHGEG901/HJATAAPKT/QLOPHFRWJ.BXIPJUG/PUAAEYIVZMUXURUGECM/MGRODEJG901", "operationName": "PujgaklcdidCfkicwhZfcnajdf", "time": "2020-01-12Q17:55:35.0036723E", "category": "EzwjerximmdNtazylkOxypzxtyVkh", "properties": {"instanceId": "HmrflrdexgdDbwwuiiAyys_OT_0", "clientIp": "162.249.5.6", "clientPort": "0", "requestUri": "/wrag/ag-jnhqk/", "ruleSetType": "BKUKE", "ruleSetVersion": "3.0", "ruleId": "920320", "ruleGroup": "920-MCXJJFCT-WCXBFULZHAE", "message": "Ujevckt Hoau Kzmyi Dniiau", "action": "Imltijn", "site": "Uzzdri", "details": {"message": "Timaayh. Zyjbjcpk TA peovvvl 0 oe JQRNCMM_JXHQAHQ.", "data": "", "file": "ygxvn/PSBLGON-920-DOYCYWER-OOSLOGQWRTE.pgqm", "line": "1310"}, "hostname": "brbeukdmibzvvlkp.quq", "transactionId": "5836665119219649629"}}, {"resourceId": "/INCUJZDAYWUYO/0N3KE9YR-6KW5-4Z0O-X452-V032WG8DG133/PJAWWJKLKOYNLT/RYPZZRMPHMCS901/YLLQFBZPC/SWGAFJKGR.XFKNSMO/FZINLKKWWHEWICUUGDE/KBPAQSVE901", "operationName": "YaxovohdxvsWkbhbcjBdcmeddi", "time": "2020-01-12W17:56:40.8711839U", "category": "RtdpxyluxvrBwofaonNotyomspIrd", "properties": {"instanceId": "YdxaesufzvwRwwzscbCips_XH_0", "clientIp": "108.174.8.22", "clientPort": "0", "requestUri": "/fz/gxsxq-pd/pjoum-hhepabsbv/zsyhuubvxs", "ruleSetType": "FBWOS", "ruleSetVersion": "3.0", "ruleId": "920300", "ruleGroup": "920-MPQUAIFW-RZPVYSHFPZB", "message": "Igvnabc Fqcpark iz Lsuswu Jpoxfu", "action": "Poijbhu", "site": "Mchrmj", "details": {"message": "Mvazawe. Cenpa bq \"co JwjutObyIav Vjwylwi\" eneyser \"WIUJZXK_BKKKWFL:Ryol-Qctom\" hwhhuigw.", "data": "", "file": "tbjby/JAIQZHB-920-WAJYPNDQ-TQVXYHTVTTP.esoq", "line": "1247"}, "hostname": "xotkzcyyogphrlci.eps", "transactionId": "3170534139816320762"}}, {"resourceId": "/BBMWYPESEOJJX/0Z3BL9HZ-6FJ5-4W0X-K452-U032IX8UJ133/CAYPEFHRTURDCN/BIJQFUYHAVEH901/QVIRXYJVB/IXQPHCSCG.YGGEGBZ/HQSGGWMLASEAKHCRYFF/IONAYDWK901", "operationName": "GxwonmwllqzCkwiulpYnclqgji", "time": "2020-01-12X17:56:41.7166492A", "category": "FgrtafpztslXkrmrlbVyoxbxjnCxa", "properties": {"instanceId": "CwgduppfkmzIsxkexaFwsf_XU_0", "clientIp": "64.152.25.209", "clientPort": "0", "requestUri": "/mwtgx-fi/umpxz-waythllzl/bomllpkrsg", "ruleSetType": "HFSHH", "ruleSetVersion": "3.0", "ruleId": "920300", "ruleGroup": "920-LSLLQIWM-IHHABTAUFDC", "message": "Jlnqfwp Tbpbfyq xz Olhhlc Nxuohh", "action": "Ismpzst", "site": "Yzlhqi", "details": {"message": "Yjmybwt. Fubdl cl \"ny QwtapYskYog Xisffqs\" dilwuxx \"WJEEOII_UQFQFAM:Zzak-Jojhx\" cfvmqkre.", "data": "", "file": "vyaqi/SMODOAW-920-UNGCMGMO-YTDXKMUFREX.ttoz", "line": "1247"}, "hostname": "uzsqgvxdqkfmjhzk.fti", "transactionId": "10232182753579763827"}}]}