{"logs": [{"resourceId": "/XOIIGZRIEWLZO/0J3LH9DF-6TH5-4H0X-P452-N032QG8JI133/IXLXBDGAAOYMYI/OMIKOYBVQANZ901/FVFKVIQNA/BAYJLQZTJ.HMDCEOM/BUTIRPBKXIGEOQYIRTE/LVHYALTB901", "operationName": "TjvhetbykeiNchoxihLsxwxwat", "time": "2020-01-06G08:00:58.3501264L", "category": "GliyznguqzcOrhsjlcCfhzyrpvWrb", "properties": {"instanceId": "MrhesxoxyuuDtknltgLlgb_QJ_0", "clientIp": "129.146.158.17", "clientPort": "0", "requestUri": "/bjxkzh.keh", "ruleSetType": "VGTYB", "ruleSetVersion": "3.0", "ruleId": "920300", "ruleGroup": "920-AYAUUXKA-SWBPWYOZOZM", "message": "Ehsekuk Fpanaks vt Noqada Ebgkcs", "action": "Wgciikw", "site": "Khdtnc", "details": {"message": "Cimkqvu. Tfoxb qy \"ig WshqyHysWko Erzvdpf\" mwdqhju \"NFCKNMK_CTOQONV:Cnij-Gorgr\" lfahrvgw.", "data": "", "file": "wlelc/XITSSIF-920-CVSFYLMC-WUZHXYOCIUV.agdr", "line": "1247"}, "hostname": "bgiegmogtojcjknb.kas", "transactionId": "7782224556290212593"}}, {"resourceId": "/BPMKYXZMLTPRE/0A3ZR9WA-6NQ5-4V0W-U452-R032KT8YZ133/IZNBANYUEPVLYU/ITWTMYQBXLBQ901/ZBPKRQVNT/OAVLGUIXR.JMWMWBG/OWFVYXLHYGWPDDPLCRG/IUYMCFYQ901", "operationName": "WdtuvknguhfArhbpxcLqlpqfap", "time": "2020-01-06I08:00:58.6871608L", "category": "YcnpreolqqvDxgtnxgUqjghbasRce", "properties": {"instanceId": "IfuasplebfjNehklfmTsim_OW_0", "clientIp": "129.146.158.17", "clientPort": "0", "requestUri": "/acqwwx.phl", "ruleSetType": "ANTKK", "ruleSetVersion": "3.0", "ruleId": "920300", "ruleGroup": "920-BCJKFUGS-VUSVTTKPFBU", "message": "Hledmlm Qricyzk mo Ofoihr Byymrz", "action": "Gyluejj", "site": "Wxepop", "details": {"message": "Kbghmaj. Qwief tz \"rg TqgiuStlVyh Ldgddue\" nreclpc \"SQDKHTB_WZHTRDC:Bmkw-Mmfjl\" crfapdae.", "data": "", "file": "xydjn/GPSEWDB-920-HDAKQOUE-KCYWYSHQUOK.dtbw", "line": "1247"}, "hostname": "mgckeayldtszqqav.dyx", "transactionId": "10088067565503908153"}}, {"resourceId": "/VJYAKFXZQNGFI/0G3JX9WQ-6TL5-4Q0P-L452-X032TU8JP133/BLWTBMQGSNQCRX/PODCIRABNTTP901/HBDZUYTHZ/QTFOIMHYL.YMQEAYD/LSKQEFXPBDUMQDCBVWF/WIFIJLIT901", "operationName": "RenrznsyagbAnorzscMzsgaics", "time": "2020-01-06R08:00:58.8269026R", "category": "EkwhtzbvxicMjayztzXsmiupsmAwi", "properties": {"instanceId": "LwwpaoeiyxzHilvhyuJypg_PR_0", "clientIp": "129.146.158.17", "clientPort": "0", "requestUri": "/bxeelfac/fwrl-thw-vjiwdvfw-gkyijqpt-ywf-zygxnaia", "ruleSetType": "COKHE", "ruleSetVersion": "3.0", "ruleId": "920300", "ruleGroup": "920-HGRWJZGF-AYKCZYZDXCZ", "message": "Pvvfnpi Ythkovv gd Mspyfz Sijhmj", "action": "Hbjfdag", "site": "Wnwrbn", "details": {"message": "Poovnwp. Nkeov yw \"uo GixpoRxsOpa Sjgxwpm\" vxtsjml \"SJBSQFP_KVIEVTT:Pnbv-Fwwvj\" myxbyeyq.", "data": "", "file": "taygh/UNEGGEH-920-EJIKBRAR-WSCYIUSTQJL.lfhy", "line": "1247"}, "hostname": "iytrctuxxkcedcco.lfj", "transactionId": "7782224556290212594"}}, {"resourceId": "/JHSYVJUHQOUQM/0R3OG9RT-6YX5-4G0N-P452-M032ZG8OO133/XBDSFYJOCARQDZ/KZPBWSAUWETS901/XOJQVVVME/VRIWADFBW.CIRUVID/CLGHXZXVDQFUHJRLOWN/ITEFSMFL901", "operationName": "VeaftpsywmuQneslhgYkixqfwf", "time": "2020-01-06Q08:00:58.9523977L", "category": "GcistnruqlqYyozyydUjvgijozPsn", "properties": {"instanceId": "GbgimwqhulbWhkpqodPkqf_TI_0", "clientIp": "129.146.158.17", "clientPort": "0", "requestUri": "/ssaeizmw/equp-wdi-acfoaump-qpsljlnp-rdt-bumtsnyo", "ruleSetType": "KAVGA", "ruleSetVersion": "3.0", "ruleId": "920300", "ruleGroup": "920-LCZIMVMD-OFWQNABBGRD", "message": "Onxarmf Egvxoqx hq Nsxoxi Cmttop", "action": "Tpjjzha", "site": "Nokgdi", "details": {"message": "Fpvxsfe. Nciju ip \"xg StghbGriHwd Viikwqw\" hscjcjz \"WNCZHXQ_ELPHZCZ:Zlmp-Bculd\" jgdoaiyf.", "data": "", "file": "ultqg/ARNNIPZ-920-CLKOIOAB-VJVHAGTFHJO.zjqi", "line": "1247"}, "hostname": "itsewbxvtzekdaoc.nwb", "transactionId": "10088067565503908154"}}, {"resourceId": "/LHHHWEBZQAWUM/0B3MV9SR-6FM5-4F0O-V452-E032GR8BW133/PPASIHOKRJUBGM/RMCFFPDGPPNQ901/KDYLPLTGM/GBIDCZHVJ.WPRNPPR/RAFMWEEIUBIKOARYHIN/VOUQFTEO901", "operationName": "JtmfwjgqomrMcdadtfQgzrmpvp", "time": "2020-01-06F08:02:49.2659199X", "category": "YsscnqgwdvqBgrgcueNlvkxerzBik", "properties": {"instanceId": "JwbiwdoyuzxExwjuruIxqc_QK_0", "clientIp": "23.96.59.35", "clientPort": "0", "requestUri": "/404", "ruleSetType": "HKWZN", "ruleSetVersion": "3.0", "ruleId": "920320", "ruleGroup": "920-JIGBQGKC-WKSPIHAJIRU", "message": "Epglsty Aowk Virvo Pskpvt", "action": "Xdmxluy", "site": "Teqzoy", "details": {"message": "Oyvqsiu. Faihoqzv MD ntfslcy 0 hi HPVOBQW_RMDKCTE.", "data": "", "file": "uqwho/COZGADJ-920-KUVZZALV-SJDMVAIFGTI.tfih", "line": "1310"}, "hostname": "errwlqkmiziackaf.hbc", "transactionId": "4611686020574873249"}}, {"resourceId": "/QHHJDTWCGYDAM/0Y3GY9XO-6IY5-4M0V-L452-E032VB8PR133/OQNSHTNXOWLGGF/IHBIWCHZNGZS901/ABHRKBOTN/UJYZRLELH.BMYCWYB/BZYVANJZASOKTXKYWDD/NOFJSOKV901", "operationName": "RedsmjmwdwjCbkkyxcSzkngfcd", "time": "2020-01-06E08:02:49.3440263W", "category": "CubrqapqzeqKhzoxlfDvfcxvsiBlz", "properties": {"instanceId": "HewmvhlasbxHwcyytbLvml_VS_0", "clientIp": "23.96.59.35", "clientPort": "0", "requestUri": "/404", "ruleSetType": "BXXLX", "ruleSetVersion": "3.0", "ruleId": "920320", "ruleGroup": "920-GFMKDDJZ-HLQBXXSCTGR", "message": "Usvpxan Ihqv Blsdj Ckyemt", "action": "Uiukugm", "site": "Melvlv", "details": {"message": "Tcebvrk. Brjznyrt UR nwrgrbr 0 qx UHNCBDA_BOLTQFF.", "data": "", "file": "iofli/TBZAKNX-920-YGVZEZLG-GTWQFMWWNIQ.ztxl", "line": "1310"}, "hostname": "tmiebnqceqdzmywb.xgu", "transactionId": "15780621892546728464"}}, {"resourceId": "/XXEAAZNAMGLTK/0T3QB9DB-6VF5-4J0V-U452-P032JW8IJ133/EGAMXCJGKKINKW/ETAKEKCSDFSR901/WGTIBNKCF/DUZVCOYZO.JNHTVTV/HFQTSEYPYUGOWFJLUFM/LTFVSVBV901", "operationName": "OmqaodmqzrqWhytztlLleytura", "time": "2020-01-06A08:05:52.7853652S", "category": "HzkcezrmbrbKjxylnsDgpkcwwyFde", "properties": {"instanceId": "XdsrnkonzxwYqrfyqcWcfy_WW_0", "clientIp": "129.146.158.17", "clientPort": "0", "requestUri": "/vjggpv.rvo", "ruleSetType": "KQYTS", "ruleSetVersion": "3.0", "ruleId": "920300", "ruleGroup": "920-ATTKCMTG-WCVCMRYVLVU", "message": "Uhvpoqq Aepklfr wo Szfpnw Wkohzu", "action": "Ybmweyr", "site": "Sqzdmb", "details": {"message": "Huxxpcq. Qtpgn ad \"ut YterbUtmDru Suofudr\" hxsrpuh \"UVGMJZZ_MQCIROU:Pgry-Oajrh\" jahpmfxl.", "data": "", "file": "fcpbv/DTTAUWC-920-VSCUUQXP-HWIWGMRYTOK.ittk", "line": "1247"}, "hostname": "irkbcwdgbdfnduzi.kcj", "transactionId": "9871890385343615435"}}, {"resourceId": "/DGTTNBTSDQJOI/0Y3ID9PW-6AN5-4S0I-O452-S032GR8IN133/YNISVFHHJJFSJU/HAVMYUJXMRXH901/XCXJSSLVZ/TLLIKJATF.YRQPWJE/GIEIGYVIEBUZMDBFLTM/MVFNZKEW901", "operationName": "VcqrymeqscpMexwzlcYtpifgid", "time": "2020-01-06X08:05:53.0666706L", "category": "KbmwqosjmxaCtyulpvNgduywozRuw", "properties": {"instanceId": "JhvpqdffqclKnociwwBupb_VP_0", "clientIp": "129.146.158.17", "clientPort": "0", "requestUri": "/xyhygz.erh", "ruleSetType": "IJHDC", "ruleSetVersion": "3.0", "ruleId": "920300", "ruleGroup": "920-FGKGGMLI-HIJUMUUIFLX", "message": "Sylbbnl Xrqeyhu xt Mxulhe Wyxtzh", "action": "Jcvmrhq", "site": "Iuqcwz", "details": {"message": "Tbmqpyz. Eshum zl \"bp OzcvbJrzEbq Frwzkcs\" qycurcw \"IPOCHUE_OFYKFPU:Ioup-Wayhp\" vpdjybpq.", "data": "", "file": "gsaxl/OUJYKUL-920-GOIASVMX-TZBBOEWHCRE.zrva", "line": "1247"}, "hostname": "elgsixwqhcbywteb.ppo", "transactionId": "7061648615910933709"}}, {"resourceId": "/IYFNSFPJYFYBP/0Q3IN9GG-6EL5-4W0N-J452-R032DT8SM133/MRYBBMKBSOUVBG/YATFTQAMYXAJ901/DEZCMFZZU/ZJWBJPZVV.LQOMJLV/EUNVVMXPUZKROEYLKWC/ERRGEJLX901", "operationName": "EljydpkxfsgSylpadpWmpsctni", "time": "2020-01-06R08:05:53.2126490R", "category": "KnehukbxfvsKgdcjcgJxjblnceEmy", "properties": {"instanceId": "QakjseocyjjKicljpjAugu_ZI_0", "clientIp": "129.146.158.17", "clientPort": "0", "requestUri": "/qppjnuqb/2018/11/10/pjml-dyjsglr-sev-11-xyef-delhvm-inkm-wovobivruj", "ruleSetType": "ZLWPN", "ruleSetVersion": "3.0", "ruleId": "920300", "ruleGroup": "920-BSGQFXIM-JFQTHARZHYF", "message": "Ivoqjyx Ovtipbe ut Kpoyua Rfdjjj", "action": "Gqfdcip", "site": "Mxpqvf", "details": {"message": "Tswkdoc. Henjr bw \"fr TzyfcTpxNuu Gzgmjei\" mwwzhmv \"FYFSTAR_OUMECYO:Pktc-Dsiha\" gaxxjpbn.", "data": "", "file": "vipxh/BVOXGVI-920-YUTURPHI-CZTMSSHDXTU.qjvz", "line": "1247"}, "hostname": "kzbzujxuboiydlct.kho", "transactionId": "9871890385343615436"}}, {"resourceId": "/NDFVJLWIWUXFW/0S3GW9QQ-6PF5-4T0S-C452-Q032TW8UA133/CCJLZAZKREZDZI/BHYGLSASFKGX901/ZZLZTKZBD/SNLSWCFAD.FMAPWNI/RXVSDNQQJPJEWVABHFI/XTALGBSO901", "operationName": "BthtppsgyzlJkzmseuQulwmomf", "time": "2020-01-06I08:05:53.3533343H", "category": "RqjeprxudavYjrahbaTobofkxwJmj", "properties": {"instanceId": "GghcswtugxjQcpxynbGpcx_UD_0", "clientIp": "129.146.158.17", "clientPort": "0", "requestUri": "/hwfgybov/2018/11/10/qmxt-ypszccf-rwi-11-dztj-sobxnq-femz-zutxizksny", "ruleSetType": "DXOYL", "ruleSetVersion": "3.0", "ruleId": "920300", "ruleGroup": "920-EHXOWHAY-OYNBFMAFQCU", "message": "Nqcecow Tkbtdcc qd Cdgaeg Erdjog", "action": "Wugzlcw", "site": "Soyybn", "details": {"message": "Zrcvkgw. Pvwtv dc \"nq HixuoTpyOwx Spffpar\" wzhqbtc \"GJBDUTC_WOIFTPC:Izyh-Ykmwf\" ojbqsdaw.", "data": "", "file": "wsiap/VVSJCNI-920-LMIHZDPB-BWSAPMTRULI.jiik", "line": "1247"}, "hostname": "kboknmvjulpvkpvk.tuz", "transactionId": "7061648615910933710"}}, {"resourceId": "/HVMMFTLSBVDZG/0H3JI9AN-6VK5-4E0I-R452-Y032LH8NM133/LRFFDTVXVXUYMP/CYRWLLXWFWJC901/KNQENARPL/KQNVCTEHD.YYNXZWF/KDDQRRGMUEYZRRYZWKU/BWHACXMW901", "operationName": "TqjsaovepygVgxfhjsYvarobse", "time": "2020-01-06M08:11:43.8813893S", "category": "JjxdgibymgyCeiqcurWnnlhhrxQkh", "properties": {"instanceId": "FnlbcmvqjkbNtnonujJihq_FJ_0", "clientIp": "209.29.4.43", "clientPort": "0", "requestUri": "/", "ruleSetType": "DEGNF", "ruleSetVersion": "3.0", "ruleId": "920300", "ruleGroup": "920-HSVZQHAC-CGHDVMXSYRE", "message": "Zhtrudy Juhdchw oq Qevftv Ejvsxz", "action": "Ckehahw", "site": "Errdum", "details": {"message": "Fivbkhm. Cwnmf xj \"me HkfznGmoSzl Ryxlfwy\" gzifhki \"BJEFCFP_KZHTRMI:Melu-Gmnfa\" wjdyzece.", "data": "", "file": "gpohh/KYGYNNO-920-FAEOGKZE-OEQCBNUUZHU.lsbl", "line": "1247"}, "hostname": "ympemwmvjjgfunti.nw", "transactionId": "7782224556290212657"}}, {"resourceId": "/GPINPPRJPSIXU/0Y3JY9MV-6IF5-4S0S-L452-G032OX8CW133/ZWIQBGICDFBYJH/IPXWCYIUJDKR901/SEAOEGAHY/USHSVJHYV.YJWSMUG/DZAFVLJQZGXBOBRYFNC/YVULHLYW901", "operationName": "RgxpdwjfgaqYmkvtnnRtpferji", "time": "2020-01-06U08:12:39.5931700F", "category": "MicptlgwyuwLwlvjffKkdjncyyWhe", "properties": {"instanceId": "EvlhsvhdzygJkzteemUdzq_YG_0", "clientIp": "148.64.56.68", "clientPort": "0", "requestUri": "/dceqgi.leq", "ruleSetType": "FLUOZ", "ruleSetVersion": "3.0", "ruleId": "913102", "ruleGroup": "913-ODSSZHV-TJFIPEPYD", "message": "Nvmbu Kavo-Rbskd ybirezsgqb xwaq lzh azfcbtu/idl", "action": "Eratnsy", "site": "Aqcstp", "details": {"message": "Mbfamck. Zdrwehx cixbca \"VkgjaeilzGeytepg/2.0 ...\" gu PKHKTMK_KIQVGUW:Rwwb-Xxrzi.", "data": "Zcmvenj Ueug: HdkdnxncxYgsleuy/2.0 xzbdb qpiuqw THVSZJY_SYHPOWZ:Wqrw-Hxatc: Iyntngf/5.0 (yxnncfwoyn; JsjvoeeimAsyotae/2.0; +pvvi://pno.parhvhdcv.rz.xo/khnaiap.rlc)", "file": "mfhrb/TMKGZHY-913-VLBPQTE-ZADHDDKKO.ewau", "line": "196"}, "hostname": "smxxrtivlovc.pbs", "transactionId": "6701360645721294188"}}, {"resourceId": "/QVIQMPCZHKHJT/0M3GW9OW-6MM5-4Z0T-C452-E032OP8JL133/DFXDCAPYYCYWXN/ZFPNIDLRKUTV901/WIHCMTQSM/NWGBYFHSV.YVRXVGA/GDMXBXQIBHOSTMVUJJY/QAHGWZSV901", "operationName": "UcqzjjlusppImzmeyfKlxpiccw", "time": "2020-01-06Q08:12:39.5931700K", "category": "XtbdsfepqjhBqzncbkDdzkpgwyHfu", "properties": {"instanceId": "DquvbrxbbxcCtbylghVurs_JW_0", "clientIp": "148.64.56.68", "clientPort": "0", "requestUri": "/fsfzjl.kkv", "ruleSetType": "KGJXT", "ruleSetVersion": "3.0", "ruleId": "0", "ruleGroup": "Fcgryuc", "message": "Jdsqnwlho sfgw. Dnehuw gl madjyxmb. Nbmipot Duaovaf Usgag Aslvwjff (Osoxm Ufguy: 5)", "action": "Kdisbgt", "site": "Thedcp", "details": {"message": "Jzlken knvkll dueu abfp 403 (affpr 2). Blclkhgu CT yviwzfw 5 rb KR:glxjnhh_fqits.", "data": "", "file": "fdnfy/PUSFOPZ-949-OXVTQOHA-OHBGVNAWED.iewc", "line": "57"}, "hostname": "jaixyghbpcro.hfg", "transactionId": "6701360645721294188"}}, {"resourceId": "/IXJAPAYXMGKCV/0N3VJ9YV-6LL5-4V0E-K452-L032ET8GO133/STGCHKAFWXRDDD/MWCPWDKRAHZR901/VKUCUZOOA/QAVZSOWZE.PGNTUGQ/LDYFPWLPCJUOOGMNDKH/NXICYDQL901", "operationName": "TaqybrwbphrBoaqnfgJxsqyvum", "time": "2020-01-06W08:12:39.5931700U", "category": "QwshdlpgyhhOjugzvbZdvtfpbiUyn", "properties": {"instanceId": "YaicekqlkjkOpojascXznn_CP_0", "clientIp": "148.64.56.68", "clientPort": "0", "requestUri": "/xsxfqa.yci", "ruleSetType": "HRBZM", "ruleSetVersion": "3.0", "ruleId": "0", "ruleGroup": "Qiqyhtk", "message": "Xckbmizjg yhgl. Xljymf rb srxhsink. Wbimkyh Blaitiz Qoizn Nfuijvfb (Pbccv Vfziyxo Bxwzb: 5 - LHDM=0,GZU=0,AVS=0,AOA=0,MAN=0,DTQS=0,JUPX=0,PMAI=0): Lbvgr Ilvg-Uayoy ctlunqmqrn mfia niv igijmkz/jew", "action": "Kryvgnz", "site": "Edvfug", "details": {"message": "Mdhprvm. Znsuvflv DC cxfxuiw 5 hm WC:mwgbvpz_veewhhs_ltjyj.", "data": "", "file": "ahezp/UXCGMWFJ-980-ACAJVRJKSBO.qykh", "line": "73"}, "hostname": "cyymqfbzhzxn.kmx", "transactionId": "6701360645721294188"}}, {"resourceId": "/VGQMUZSDISDIF/0W3MD9XU-6WP5-4A0J-Z452-P032RN8BT133/TIHVKCMSRKLNAL/PNHAMKALVKHM901/YMDDGZNOT/BGUEDTCON.ZVWDLIP/FJGRUVRDTZPPHLKOENT/MLJGWDIH901", "operationName": "EguuvaiojivMritgkbSryicepd", "time": "2020-01-06L08:12:41.7872253K", "category": "WsiiciveuqzUjxbgfhKchqjyvhEki", "properties": {"instanceId": "LvxmxrhbfvuJwkyltwSwdz_ZC_0", "clientIp": "148.64.56.68", "clientPort": "0", "requestUri": "/oodaywyb/lxkjkru-vxgcmte", "ruleSetType": "QQTXJ", "ruleSetVersion": "3.0", "ruleId": "913102", "ruleGroup": "913-HGOJEGW-YJYORXMFP", "message": "Sbaoy Hpfo-Cxyez waeatjxuzs hshb yhr ogmrclv/wji", "action": "Utujlmv", "site": "Efdolu", "details": {"message": "Zgepczl. Zvysbup fybmuc \"UtcdfnbzbHtejmkb/2.0 ...\" sp OGWGBAB_JPLSSGL:Cwws-Itjje.", "data": "Bnrayfq Qpxs: ClktcgchuWsostqd/2.0 sdmzb hlynwk KZEQVLF_IOUZAPY:Byss-Rlffc: Ejinimd/5.0 (herhdzmjsp; UgwtpcuydRfucigg/2.0; +vcji://knx.mykatyxya.ai.cc/ypugtjx.vyw)", "file": "lhgre/UIYXYOV-913-VGNKQMV-APGUSZTIB.syrq", "line": "196"}, "hostname": "coflhmpncuwv.txb", "transactionId": "12033622604527962596"}}, {"resourceId": "/BEPYOWWCHWQSV/0P3ZT9JB-6VX5-4E0D-Y452-T032EI8RV133/NCIWONZIQISFGX/JFNPBAZUMZIZ901/EWKTWXAMO/QEEWAICML.DPDNVPA/EFGQQKROACEAICIGDMM/WBTMISGQ901", "operationName": "TdvdmfoioltHeasyksIzlyopid", "time": "2020-01-06N08:12:41.7872253T", "category": "ObagvrevozpUoeutfdOruosmpuRbt", "properties": {"instanceId": "HfqjsptbtsoJfhrmnnUxcn_TP_0", "clientIp": "148.64.56.68", "clientPort": "0", "requestUri": "/btzbltzl/frfbjbs-wfxxjpx", "ruleSetType": "BKFIA", "ruleSetVersion": "3.0", "ruleId": "0", "ruleGroup": "Txtcgwi", "message": "Ynjajxthc hhjq. Nqqlzk tl bzzjsqpg. Kzoshdb Bsfpvcg Ywznf Idasphwu (Pkjow Fxjkp: 5)", "action": "Xrisarz", "site": "Pmvhuj", "details": {"message": "Nxgucu kyjnya nuai lrtw 403 (xqtuf 2). Puwsnlpj PB tyuezao 5 ek YK:jcsvdua_nvihc.", "data": "", "file": "yfihz/UARIKDA-949-RHRECGCS-SRGOGVQFDW.psqa", "line": "57"}, "hostname": "oenoxqcctpxk.ybi", "transactionId": "12033622604527962596"}}, {"resourceId": "/ZLIVJIZYYJMXW/0K3UO9NY-6DN5-4H0L-S452-J032HU8XS133/BBKRZLAWBNAGDP/NXYXWOWISJAN901/YWYDEXFFM/RCPHLEXSW.WPJURFY/TMIREXIAYZSKXUSOBSI/PLPCXHAN901", "operationName": "FsjtrwlalvxLedaiwlVpdrqhgm", "time": "2020-01-06K08:12:41.7872253N", "category": "XfxjyiiloboNtirpglTsikaejdCbq", "properties": {"instanceId": "HizxlqkgfukWwvbtojOtzk_FT_0", "clientIp": "148.64.56.68", "clientPort": "0", "requestUri": "/epzdhsoa/nmyeriw-zyawzqv", "ruleSetType": "CLGJC", "ruleSetVersion": "3.0", "ruleId": "0", "ruleGroup": "Yqoqffc", "message": "Amejiwglb oiyq. Gcudli nv ewlsfbvw. Gvikkon Sgeyrbd Ivung Voamgwzv (Uratq Airvkdf Yudfu: 5 - EGWB=0,EBE=0,MGF=0,ENU=0,FDY=0,RIBE=0,LBGU=0,GITO=0): Gpppi Favd-Vwuda kcbunfbkuv kvyb rck lpdbzja/dmq", "action": "Twignim", "site": "Aclpnm", "details": {"message": "Cmkdbbp. Ihkiuhly TH nszvlng 5 me CQ:uxpwlxv_xyaaxqa_hdwey.", "data": "", "file": "obmfn/JUKQMPPY-980-ODMIBBXIAAY.fsvm", "line": "73"}, "hostname": "crfqithqzlfm.kik", "transactionId": "12033622604527962596"}}, {"resourceId": "/MXIZATXHIYLHN/0N3TB9GG-6RK5-4T0U-K452-O032NA8JV133/XUCQIGXGNUMRVJ/OUDAXNQMEVZJ901/ZIXYMGVIV/JFXMQQMAU.LICHFGN/CHDWEFUUAAANLLJHHEA/SVWWEHRZ901", "operationName": "RtlhravpbfhUtkrusdWvegsbsn", "time": "2020-01-06Z08:12:47.1396405O", "category": "CqbhuspfguyNvmscbkUbwwbxcbAvt", "properties": {"instanceId": "LggyrhifjvlZdqypqjBxxx_TE_0", "clientIp": "23.96.59.35", "clientPort": "0", "requestUri": "/404", "ruleSetType": "PXTDQ", "ruleSetVersion": "3.0", "ruleId": "920320", "ruleGroup": "920-EXTXRWQB-LGALZHUOOUM", "message": "Akoaacs Xeww Yrklj Wxlfra", "action": "Uvoaktr", "site": "Bftjtj", "details": {"message": "Mccqmvt. Mtzzgpyw GB flkewjv 0 ew OWSWKLU_LYTGIKN.", "data": "", "file": "izthf/PHOKPUG-920-ZGUQAAXQ-LRZKKGQUXWM.racb", "line": "1310"}, "hostname": "rlfddwwdywrfnfkm.wuw", "transactionId": "12033622604527962602"}}, {"resourceId": "/BJYVAYPXWYVPU/0X3JL9BV-6ZN5-4O0J-P452-S032JH8VT133/GFJEAFHGCCBBJM/LRVLAXRJEQWK901/HACITFWUO/IGDBZBQXE.LZNJQEC/JCZQAAUVJYBTSQCKQQO/QMCEAKGP901", "operationName": "NkbnrinodccUrkjigqKzjyblij", "time": "2020-01-06W08:12:47.2177670M", "category": "FjlwbfsmtzkTjesnfuQfjmtoygOgo", "properties": {"instanceId": "VijqqdproyjUxlhcbnKcyn_MJ_0", "clientIp": "23.96.59.35", "clientPort": "0", "requestUri": "/404", "ruleSetType": "WKJCR", "ruleSetVersion": "3.0", "ruleId": "920320", "ruleGroup": "920-WSCHITFG-ZIOBIZYZBSV", "message": "Avuwnzs Qycl Leoxv Vxdvqw", "action": "Icrxbbm", "site": "Vsifhh", "details": {"message": "Ruheezp. Zwchyqmk LK zjauowz 0 we MGMRGJI_JXKAJWZ.", "data": "", "file": "hhvwz/CMMMKIX-920-QKRIHQSW-XEJDVVVOOHP.nyqj", "line": "1310"}, "hostname": "qlibecsavjhlbwat.osv", "transactionId": "6701360645721294192"}}, {"resourceId": "/FOMXUDZAGZAIX/0J3EK9VV-6MJ5-4K0L-C452-A032XU8RG133/FWWPAAXQQLDBNW/DLKQVCWJMRDM901/WMJSPTJEN/XDTDCJVKU.IZNAVDN/EYEOWGSQBQXDHIWPBZH/VXRTVTML901", "operationName": "YfurrftljzkPwftypqNduscfzb", "time": "2020-01-06P08:24:26.2996833R", "category": "ObcuvjxzdvuXjfibtnRjhisuboFhd", "properties": {"instanceId": "GxjoeisfazcVhvumkwXdon_KO_0", "clientIp": "54.236.1.15", "clientPort": "0", "requestUri": "/Ejrquuqd/2014/12/11/wvdq-fiqqrsdzmuh-yfaoc-tsonqxbc-xhocxho", "ruleSetType": "DGKIS", "ruleSetVersion": "3.0", "ruleId": "920300", "ruleGroup": "920-DFIFLFWE-URJGIJTYYDR", "message": "Txjxvwi Bpehzgl hi Wdyymg Tgultw", "action": "Tjzkdqz", "site": "Hzyywi", "details": {"message": "Kuxdxrh. Bocot xj \"cf UjsqqXrgGmh Qdzcqln\" twtqcoz \"KCNXXTN_OWRLLJN:Zqxm-Ixcry\" pwrkfeob.", "data": "", "file": "shnnz/SOLCLWG-920-FZVWZOWF-SZSELYZBWVM.zjhj", "line": "1247"}, "hostname": "dgfpzogahkfuygsj.rmg", "transactionId": "2233789815369762749"}}, {"resourceId": "/LONVFGEINDZRL/0A3PC9WV-6EG5-4G0W-U452-B032FP8ML133/VYWGICQPBTAXTE/ZESQTKPFQYCZ901/SJLMBEGIG/NNNFCFSXB.TJDSFWH/HZSARGIFMELYOFMIGGY/TWTLWAVT901", "operationName": "ObshxqleamyRrfbkykCpxxzbrf", "time": "2020-01-06D08:25:34.4469198F", "category": "NrjbngcowjbTllphuuCossgrwbAle", "properties": {"instanceId": "WngrvywfylaDulbypvOswj_KY_0", "clientIp": "23.96.59.35", "clientPort": "0", "requestUri": "/404", "ruleSetType": "MINVV", "ruleSetVersion": "3.0", "ruleId": "920320", "ruleGroup": "920-UYZCGNRP-GTGDXMYZHJV", "message": "Stffbuj Nvrl Tejaq Uujzjo", "action": "Uhrqqkn", "site": "Pyekbt", "details": {"message": "Nyhrqcn. Jhkhezdn PX umpnrjj 0 hn TBDLVUN_UXMLYEJ.", "data": "", "file": "twyiv/VRSXSMD-920-FFGULMSQ-WGWKSNMIWYI.owhn", "line": "1310"}, "hostname": "hxqxcgdwjnkbfvhe.rta", "transactionId": "16501189036832981491"}}, {"resourceId": "/ONTGNEQCXDSEH/0W3UL9ZW-6QY5-4T0P-C452-R032ZX8UJ133/HRMQWYEPRHUCZM/ALPHNYBONPOZ901/XFBBRUMSM/BRSFBNXXA.XTEUDSQ/KMXMQFILEMGLGPGNLCC/ONFQMHCN901", "operationName": "VveickhljwhXommxhcCskfnlid", "time": "2020-01-06M08:25:34.5250721Q", "category": "IhkfnppafazAujoprlXxejgjbsUul", "properties": {"instanceId": "EuzhcksiozoXcpjguiVvbt_RF_0", "clientIp": "23.96.59.35", "clientPort": "0", "requestUri": "/404", "ruleSetType": "THNVH", "ruleSetVersion": "3.0", "ruleId": "920320", "ruleGroup": "920-MICZALKN-FEDYZQUPQER", "message": "Hjmgljj Oypk Ucsry Dtibcp", "action": "Zclekhi", "site": "Wscirr", "details": {"message": "Enssopq. Hepdcyho HB rriieit 0 sv XQSWRHV_UZQYBJJ.", "data": "", "file": "cotrx/WZLOOVF-920-DVUGQTUD-MEUUHDWHZJA.mzdm", "line": "1310"}, "hostname": "wgwkcdopgjiulukf.ptn", "transactionId": "10880701099921113256"}}, {"resourceId": "/MNJWOFZMNKBSD/0A3PV9PY-6GE5-4D0V-Z452-G032WV8ZV133/ZXQMZYLYZCIGKG/ENDFXNOYTTTL901/TTHRDZHCL/GCHMGLRIW.WTPRPNV/LNHDRJBVGKJWODAOIQF/UMGYNBCA901", "operationName": "PhlipemazvcSmcibgnYgsxroub", "time": "2020-01-06D08:26:19.6135639H", "category": "QelnfzyfxfiYwlgnpjHymfbivvBsz", "properties": {"instanceId": "McvmxwhxujaQlvotnoTtfw_OR_0", "clientIp": "23.96.59.35", "clientPort": "0", "requestUri": "/404", "ruleSetType": "YNTEA", "ruleSetVersion": "3.0", "ruleId": "920320", "ruleGroup": "920-ESHMXNRZ-SISXLQMTPIO", "message": "Bggazyb Sful Ykohj Rgsepg", "action": "Fggwblx", "site": "Jcfxmy", "details": {"message": "Jcblgjt. Xdwohvjl HO eqbocaj 0 tp XJAHAXX_MWWQRFW.", "data": "", "file": "ubnhf/MWDLRHL-920-VJMEIVTW-VRIDDLRGCHX.oudj", "line": "1310"}, "hostname": "nudwuxturfkkwjkq.xyh", "transactionId": "3674941696128319565"}}, {"resourceId": "/GOINLXBMVZUPE/0K3SY9DM-6EH5-4A0M-U452-T032XW8NH133/UPXZJHTRBMTILX/OJXALJQIRZNK901/RGFSCOTWE/SRJOALBTE.CGCAYWO/SKNSRLTEREPQYBLMUBH/NFYTANFX901", "operationName": "YxkulwbrkzfSlxygxtYlmuijyz", "time": "2020-01-06E08:26:20.3634103U", "category": "YwdjmqwazhaDmambwuImhjkiheRel", "properties": {"instanceId": "UlwngvqefwfEdurutuNpqf_JT_0", "clientIp": "23.96.59.35", "clientPort": "0", "requestUri": "/404", "ruleSetType": "CHFKJ", "ruleSetVersion": "3.0", "ruleId": "920320", "ruleGroup": "920-EACHSFVW-GXYZDSCKFLG", "message": "Echkyqz Vhtm Xrbab Wgiuhh", "action": "Tpqejcx", "site": "Odmfir", "details": {"message": "Rvdwbdb. Fkbnfbbj ZS yfrutam 0 tb ZCLDVPM_PSPPYHL.", "data": "", "file": "alugc/LPMZQHX-920-GECGQWYH-VEBPNIHCKCC.pzpa", "line": "1310"}, "hostname": "sngkgclyhkjxhrcx.fyk", "transactionId": "5044031584802439427"}}, {"resourceId": "/ADUYGUNQQSJGF/0H3RR9VF-6FL5-4X0D-F452-P032IG8UM133/XCUAPXWRXDEITL/ABZMNZHMJVPF901/YWMTNTIZJ/VLWXVIYQI.LUUAKOZ/UCVBLSLUZCUEUXIBFRO/WIXQYPEN901", "operationName": "JrsotaqigxuXrfkutkXsocjwoz", "time": "2020-01-06O08:27:23.7775901R", "category": "TxduvvdiedvBnonjtuHcjqstyoUel", "properties": {"instanceId": "WtmreispzpbTqehzbdGmzj_MF_0", "clientIp": "77.78.204.15", "clientPort": "0", "requestUri": "/pmdvqktvhorxjte", "ruleSetType": "KLIAK", "ruleSetVersion": "3.0", "ruleId": "920300", "ruleGroup": "920-USUUSLUR-QPLGMNMKCAA", "message": "Fiosyyc Zmidetm tg Exgiur Vogmhz", "action": "Rjcjknj", "site": "Zaiwxe", "details": {"message": "Hcttmcs. Iszdk jq \"sb XclngSqhXaw Ewpyyvg\" ihpazji \"TJIIAQA_ZWSACFF:Vpkt-Slopx\" ihzhfyro.", "data": "", "file": "kbzsa/YTUNWQP-920-GGTZGIJI-NJHGTESUQHG.kdvo", "line": "1247"}, "hostname": "vxbkuxeloynfnozo.yxu", "transactionId": "11601277040300392503"}}, {"resourceId": "/WGTTWNLXPFQGM/0L3NK9AV-6VI5-4E0U-Y452-E032AK8PM133/YTOFMKNBKYHOTQ/NKOJWFEYYDYN901/FLXJOEJWC/SXAFMEVQK.UOJTBOV/HGUQOHICTRTZFDRGSCU/IMWICPGF901", "operationName": "TgwdranyctcOjptuhtWodarpte", "time": "2020-01-06X08:27:24.3936701B", "category": "PnemguuofcaCvxkzckQnmuqcxoBtd", "properties": {"instanceId": "YnjdyidcyilEnqjiwhHyuk_UQ_0", "clientIp": "77.78.204.15", "clientPort": "0", "requestUri": "/wdagsgihgv-szsvzyww/cfpsinv-sjiwxbze", "ruleSetType": "EKOAK", "ruleSetVersion": "3.0", "ruleId": "920300", "ruleGroup": "920-GOWHKEZF-ZOSGULMPXFN", "message": "Kcjzugr Ruuyoyn nk Epagqd Usrqvi", "action": "Pymutfp", "site": "Brcjcw", "details": {"message": "Huapqbt. Jwmhk wn \"xt HyxumTtzAbp Ivqpsrq\" diqxike \"EYWCPQF_OGQINEI:Htjk-Xqobp\" nkhpmjwb.", "data": "", "file": "ngsma/ZYSZZVW-920-IPWLBKSJ-QTICTKACYWL.agly", "line": "1247"}, "hostname": "lundevajezuhyykc.evy", "transactionId": "6773413841712709734"}}, {"resourceId": "/IRMGWKRMDLAAD/0T3QW9IR-6YL5-4Z0D-X452-H032KM8DA133/NOOEHBURYCUNZP/VSFKCVCYZEKK901/XICLKPICA/EZVWJHHQM.LPFCWVI/VQEYRIXFGWOQMEACWCQ/TPYHGKFG901", "operationName": "SibrefgwkqcIwxhtlfVjyvxbjy", "time": "2020-01-06J08:27:24.7526529N", "category": "JszraxvfezoCmfckeiLaucmgizRwi", "properties": {"instanceId": "HctujgeerfoJxezxpzVzto_ND_0", "clientIp": "77.78.204.15", "clientPort": "0", "requestUri": "/ypiiohoanw-nvpafjmv/fommdwx-sgewpbgw", "ruleSetType": "WXMUI", "ruleSetVersion": "3.0", "ruleId": "920300", "ruleGroup": "920-MFJOYFSN-ZGKKOMKVXOF", "message": "Otrllhy Necicvu lk Wqfgvv Xsoxyo", "action": "Tqnuknn", "site": "Rymtpw", "details": {"message": "Hhubret. Bbvyc md \"ic VrbtmZlqRgr Svkgggq\" jeyusjw \"GFWIGNE_YVELNDU:Almo-Yebyj\" jslqulor.", "data": "", "file": "dqrof/CWZISCR-920-YDDYMPRM-MVGQVDACJQI.fuxq", "line": "1247"}, "hostname": "tmozwknawqcjyrwl.yug", "transactionId": "11601277040300392504"}}, {"resourceId": "/MQSLDHGVKZWKJ/0F3YG9BJ-6KJ5-4L0Y-K452-L032DO8TY133/YXYMRLDNSHRLWC/KNUAYSLTGHIW901/ADIDUYOPA/VPODSBRVN.TJCOEPS/PDTWPYJGWWHQHHJCRMD/XZRZEZDK901", "operationName": "YckhxskrtgqKuvwllhJccrgnfz", "time": "2020-01-06E08:30:15.1633239S", "category": "EulzlnevnebXtebtyzHbsrcbwtBwb", "properties": {"instanceId": "GtsdgiyfxyjNmvghtaVupj_FZ_0", "clientIp": "104.35.17.4", "clientPort": "0", "requestUri": "/", "ruleSetType": "YMNGJ", "ruleSetVersion": "3.0", "ruleId": "920320", "ruleGroup": "920-CHMVRPUH-HOZQGQWFXOR", "message": "Spjpqul Vcut Ipfdo Vffaac", "action": "Xbahfrt", "site": "Yrzfjy", "details": {"message": "Exwgztd. Cvricqkh LR rdrivbo 0 pn GSTJBYG_LFIBRAT.", "data": "", "file": "pajrc/PYEKVPA-920-LVZBENJH-GYOUKIQOWOP.vmxv", "line": "1310"}, "hostname": "tkqfvqtvbhgcmucz.rko", "transactionId": "8935146060897058866"}}, {"resourceId": "/FOFBUOGDQMCAY/0U3SS9TU-6IH5-4T0U-H452-S032RK8QA133/LFYEYGEWOXJOFX/LYUZJBRZKAAC901/AFAJLPTXA/ETRGPWCMU.GCECUNA/LQJAMIXHGHYRKMWHNWC/VHUJQHMV901", "operationName": "XnyddyxebvjOjwbhgoYwjgllxj", "time": "2020-01-06Q08:30:15.5383353B", "category": "LquwckrplefOorpgdiJlazmjsrIxc", "properties": {"instanceId": "PkmsjdfxgjiUjrgfosZurq_TL_0", "clientIp": "104.35.17.4", "clientPort": "0", "requestUri": "/", "ruleSetType": "XBLNN", "ruleSetVersion": "3.0", "ruleId": "920320", "ruleGroup": "920-YYPDGMVY-JZRMJHCOLUK", "message": "Beulgen Jmnb Limgf Okouxa", "action": "Qgfwosm", "site": "Cdaovm", "details": {"message": "Ckxigbb. Sxzygzja XV iilxkgw 0 bi XMSHABI_RWEWFYO.", "data": "", "file": "asixp/PSFJBKM-920-TMWVCLLF-SCLRPDCAFSF.prlo", "line": "1310"}, "hostname": "cykbuojbdchbyktt.ngi", "transactionId": "14267408019703726268"}}, {"resourceId": "/PCDWNZQKPBZTH/0E3AR9HM-6TX5-4O0K-E452-Q032GX8SB133/HWMWSEULCHGLZU/NJKPCQNSVSAP901/ZAIFJEHKT/JGMWRYIWZ.DAZUGYE/DQKTSZLKOWCPSHRXNTO/IWQOVUEW901", "operationName": "OnswkgckkgfBlanfxkGthttwrr", "time": "2020-01-06V08:31:21.9732082L", "category": "PrxpuxjmvwfQepppiwWfsygbjdPkn", "properties": {"instanceId": "UuqblydpqvgDixukrsFknv_TF_0", "clientIp": "107.178.192.18", "clientPort": "0", "requestUri": "/zuw/", "ruleSetType": "BMSZQ", "ruleSetVersion": "3.0", "ruleId": "920300", "ruleGroup": "920-HIWJDGIV-KBIKMJTIOUC", "message": "Pljdwpy Yzmjdja dx Mddbqr Acdbpw", "action": "Gbhvkqa", "site": "Dgffjf", "details": {"message": "Ostfuue. Shunm za \"up NnvemUlwEku Qobzren\" qdfsgzo \"GZSPJGP_PQWQGNC:Ajnx-Gkpha\" jcrwfzyk.", "data": "", "file": "jotcm/BTVDTVQ-920-GJXJZNKC-JILRMHPFUEP.vryy", "line": "1247"}, "hostname": "squuxdqjffdgjokp.gzd", "transactionId": "8214565722471270821"}}, {"resourceId": "/FFTJELVZRKEAD/0E3NU9TS-6QH5-4E0X-J452-J032YL8WC133/GSMZNNAOYCGWDO/PSVKVBCLWGIG901/BGRNJHIED/SVEVVUIIU.STFCMDM/YNARDRERDHWTQYZXBGC/KBKQHBAG901", "operationName": "PchelofksbuVimpdekUbxtdcwi", "time": "2020-01-06M08:31:22.0669682D", "category": "XsehfyoqrpkUljrkcbYvatbniyQlz", "properties": {"instanceId": "GykjramxcbyRexfbuzNwbh_WX_0", "clientIp": "107.178.192.1", "clientPort": "0", "requestUri": "/zpkejxpffrrzko/amk", "ruleSetType": "KTSUX", "ruleSetVersion": "3.0", "ruleId": "920300", "ruleGroup": "920-IGAFCNGY-BEOFFOQPFUK", "message": "Ywxgkjz Joofabb xj Lrfvbk Tzrhyh", "action": "Slvlwxg", "site": "Yxfnlc", "details": {"message": "Rsdszqt. Ibkhi ay \"db YeisfIglGgn Vcvfbra\" ftftbin \"PQCSGDB_NJBPCVG:Aova-Ovsuy\" faooxhgy.", "data": "", "file": "lhnjj/XZMJGPC-920-YOSWIFWI-WJISNHSQAHQ.dsyq", "line": "1247"}, "hostname": "zowdxlcssmowqcyp.oqc", "transactionId": "11601277040300392512"}}, {"resourceId": "/MWMLHOJBUQHTT/0U3UU9KT-6RW5-4U0F-M452-X032OY8AV133/KSZYGNINDOYQDL/KFGMWWLRSPFM901/MDEYFPOOZ/PCYHIXZCL.ZKPGSHI/VCJGJIDUGJEVBQMYIIE/SISGYGSR901", "operationName": "CajrgedzwcuItmgnwoWoeveray", "time": "2020-01-06Z08:31:22.1607108E", "category": "WuuufdxibjjSletpbqJfxzsgxaIxu", "properties": {"instanceId": "CdtgjinnaxaRxvqnuuYtxo_JJ_0", "clientIp": "107.178.192.20", "clientPort": "0", "requestUri": "/ihwglhgxsddfte/ibm", "ruleSetType": "RZTIJ", "ruleSetVersion": "3.0", "ruleId": "920300", "ruleGroup": "920-CHRGJHGC-NHZKDYYTVIR", "message": "Oxbqieb Hlptnua ht Biajmf Qmitng", "action": "Nuvqdkl", "site": "Kdemxi", "details": {"message": "Mmyfcun. Xnbtj xc \"md SqzzjGkyWon Lejuqwb\" qhuqbkk \"UFTDKOR_DNKEUJD:Xfrn-Gqaug\" wyjhfzlp.", "data": "", "file": "yepfw/SPFWQNY-920-DTBJRPEY-GCXLOGWZXQL.xykd", "line": "1247"}, "hostname": "ygqvbzbwydjgcpji.oyb", "transactionId": "17942349713684563513"}}, {"resourceId": "/DIOLDFVWJFDYH/0R3QJ9AU-6TG5-4Q0K-D452-U032LU8QA133/BMVTPXAJHZYWVK/JGEOLBJSGLXM901/SPPYXBRBE/YXXAFBUON.TNPMBZF/FCAZGQTUBPXQGHZXEOZ/LVUASEIX901", "operationName": "JcnxvrllyjjXqjzkvaJjopduud", "time": "2020-01-06B08:35:13.7829971F", "category": "MjrbuqiakgfLfcmntdRsptcsevObb", "properties": {"instanceId": "UricsjxzgeqKwitbdhSiyl_JP_0", "clientIp": "138.197.3.203", "clientPort": "0", "requestUri": "/", "ruleSetType": "WFYCD", "ruleSetVersion": "3.0", "ruleId": "920320", "ruleGroup": "920-WGZGWDGV-MKVIAWVBCDG", "message": "Vgxzgjj Nvwk Mpqye Wkvjgj", "action": "Gcuvopv", "site": "Lxavod", "details": {"message": "Ixmjbup. Bcwkdzgd WY ghyzqao 0 vm GCEXHMB_IHIIATW.", "data": "", "file": "khpbj/PYALNOK-920-RAYVJQXJ-QCVLDTPUYZD.npvy", "line": "1310"}, "hostname": "pqkfhgxqfiidzcei.on", "transactionId": "792637934611207402"}}, {"resourceId": "/TBQLIPXMBPYIJ/0J3YK9YU-6GO5-4Q0R-E452-Z032XK8ZW133/HOLMPPZCIGULKB/OKUBGXNTVXWF901/ZSFTZMFJV/HXDEFPDZC.VQONWVT/CQZNUKRKSTQZUGWLMSD/ABQPUIJB901", "operationName": "ClgntlemtyeRnonxjnLxfrdtfv", "time": "2020-01-06A08:35:26.6653048Q", "category": "KnguumflelxHfulcysCnebxwsaVxn", "properties": {"instanceId": "XwkzjkdxwybZkmgzxpDuiv_KT_0", "clientIp": "23.96.59.35", "clientPort": "0", "requestUri": "/404", "ruleSetType": "VKETQ", "ruleSetVersion": "3.0", "ruleId": "920320", "ruleGroup": "920-GYAQAAZD-RPALJNMYPBE", "message": "Yzuplxq Skkv Hnnlo Lwuufe", "action": "Pojarsm", "site": "Zreeux", "details": {"message": "Lleonup. Rtfbhifz OV stdejrg 0 gz WJYRCDD_LBJZMOD.", "data": "", "file": "wnabg/ZBFNPJO-920-GSLBDDIV-UYLPNLGRTEO.ezvm", "line": "1310"}, "hostname": "yjbgbdbhflajjtio.kp", "transactionId": "17077658585229430088"}}, {"resourceId": "/TMUIVOYYFPAUG/0P3FX9GS-6TJ5-4E0P-V452-F032YM8ID133/DCPHOLQFDGJIQM/CYAACCYBPMNT901/LUUGFZNYB/JNFBPCQLH.AXBBWHN/GFJXMVDHXKOQQMWAPAN/BYDFGFMU901", "operationName": "UukaqzsmqpvZqdbtijMqdqnsia", "time": "2020-01-06O08:35:26.7434808W", "category": "FubjcqrveclRyxmfllVfygfyznHkc", "properties": {"instanceId": "KgvgqjhcufvQlcrbylCfgb_OR_0", "clientIp": "23.96.59.35", "clientPort": "0", "requestUri": "/404", "ruleSetType": "QTTNC", "ruleSetVersion": "3.0", "ruleId": "920320", "ruleGroup": "920-UJBGRPIM-HHGRZTWFVAG", "message": "Rgqkluq Aufy Naaex Ylypum", "action": "Auyykti", "site": "Lwxutd", "details": {"message": "Xvecrij. Xcawdmpl VG xizpjvz 0 lu JXFAZDB_BIMJKLG.", "data": "", "file": "tavfb/VVKNTEA-920-RJHZRRLW-HGQKPOXRXZW.vxhv", "line": "1310"}, "hostname": "hsinmtabdwpzvibz.sg", "transactionId": "16212967456774295716"}}, {"resourceId": "/OAJQZZDRMZXIH/0Z3ZD9MQ-6FK5-4O0I-S452-P032KV8DK133/VNUIYFOYKKXIJK/ZEYNYNUSEFGA901/FDBCYJQAW/EAATHZEHJ.XGDOLWZ/WDHOQJBHSSLQCYITECT/MVQYGVCQ901", "operationName": "MkkfdkphelxNqmxutjHbxsbvwu", "time": "2020-01-06D08:35:38.6129778B", "category": "HeagwlfrxyjBruwquaSqzbxqtdJuv", "properties": {"instanceId": "FfuyoonjfcdNezzxffSkak_GL_0", "clientIp": "23.96.59.35", "clientPort": "0", "requestUri": "/404", "ruleSetType": "HIRMC", "ruleSetVersion": "3.0", "ruleId": "920320", "ruleGroup": "920-NLPEHRWI-PTPHAIIZASR", "message": "Onyjrfi Vkzd Xrpol Lmthkc", "action": "Exuirrg", "site": "Kmwvct", "details": {"message": "Opmedrw. Bfkxowhh BT xhbmmqa 0 sg HHHJNGV_JQOHQLK.", "data": "", "file": "pgclj/XWAYLKG-920-SGBQPXDU-HQCCSIQJAOW.xpkh", "line": "1310"}, "hostname": "vwhsbfjmoommrtqk.yyq", "transactionId": "9007203654934988188"}}, {"resourceId": "/QGIWPZQSXNAIP/0W3MM9HA-6SQ5-4Y0M-T452-T032QU8AG133/OYHBAPJZCGJRHW/AXRMVZPQPWZV901/ZYVGVOOED/VLMGCNCUO.JMMYPBY/XWVDOYDLBSTLQNFTCPH/MFYVCZWT901", "operationName": "PssaogmmffdBfmpjjvGwgmqwhv", "time": "2020-01-06Y08:35:38.6910913N", "category": "PndhuuencpqJlyqgjaNpnobxdmNep", "properties": {"instanceId": "GrjtktfbyxbWmrnkbiAmry_ZQ_0", "clientIp": "23.96.59.35", "clientPort": "0", "requestUri": "/404", "ruleSetType": "SFVQD", "ruleSetVersion": "3.0", "ruleId": "920320", "ruleGroup": "920-NCMRWRXM-LWDBGKVGTPM", "message": "Dlqmmzs Yaym Mvrda Ogvuci", "action": "Srevlij", "site": "Toyqqb", "details": {"message": "Pejojrl. Dizypkho TK zookwws 0 si EPRXPCY_TRMIUOU.", "data": "", "file": "gyqwt/PUJQFOG-920-KCTUUHTP-ILAEWOPTYGY.rbjm", "line": "1310"}, "hostname": "yqnkojufjlggkbgu.zef", "transactionId": "17293831367343213889"}}, {"resourceId": "/NKKFVKWRWXTKU/0A3NC9RE-6GK5-4G0S-W452-G032MB8LN133/EGOIDXAYJWMMAB/IVKBJCMLUENU901/VVRBVBVCD/PJZMFZTOA.TBRQZBI/SBNJPJMYSAVSMFHDFRK/LHYHDABP901", "operationName": "MglezwpfrrpJqwveyqVjomlvqd", "time": "2020-01-06U08:35:41.9398332I", "category": "PrbdtlwekfkZtmvnnhTgopovumDxu", "properties": {"instanceId": "OecrptmdpaaLxdjlmtDjrz_OG_0", "clientIp": "23.96.59.35", "clientPort": "0", "requestUri": "/404", "ruleSetType": "QKHLU", "ruleSetVersion": "3.0", "ruleId": "920320", "ruleGroup": "920-HNKCQTHW-VOCMSZNHAWU", "message": "Yyiqueq Vdtn Tibpk Slsksa", "action": "Zcamcnu", "site": "Uyghsc", "details": {"message": "Fihxkzi. Hamiwjun HE xglppbr 0 rr ELADZKF_WVXUATL.", "data": "", "file": "uynpn/IYUHSFZ-920-SFSYSAMV-VSPYSDNXNQY.iklp", "line": "1310"}, "hostname": "jfnfzzrdzflvxnrm.lvp", "transactionId": "1873501845180123244"}}, {"resourceId": "/UZLDEPWAPVUKF/0P3HN9GE-6EN5-4L0Y-M452-W032DP8ZU133/FTHBKSFKEZHHVV/XHCWZTUSAXOY901/ZEKOKBPPL/OLSPLVBRJ.KBGJWOD/KXJNGFKMQBDHFHBPXTQ/ELRHMXMA901", "operationName": "RnbpbdsjlrxDfgfkofPbplhrzn", "time": "2020-01-06Y08:35:42.0797235H", "category": "EbyekdeebcrJydqhrkGwklnqzzEqy", "properties": {"instanceId": "KgzcqqmycrdZfwaxlzSbfz_NG_0", "clientIp": "23.96.59.35", "clientPort": "0", "requestUri": "/404", "ruleSetType": "TEOKH", "ruleSetVersion": "3.0", "ruleId": "920320", "ruleGroup": "920-WZELPQUU-SJACXEVIORE", "message": "Hmatfei Pvqy Oqkvi Nwrvio", "action": "Kveszhl", "site": "Kocrfx", "details": {"message": "Frviphw. Xxbkdacd OC acmzurn 0 qh ICSFRZX_LUOTITQ.", "data": "", "file": "tpqpk/ENKAAPL-920-IFSJXOCP-AABRVMOVJBX.tcrm", "line": "1310"}, "hostname": "mtclnisdschqbkup.kru", "transactionId": "15996790276613996630"}}, {"resourceId": "/GHJEKGMSGPITE/0X3WI9RH-6NH5-4L0R-I452-Y032IH8RP133/LHJLOJNXXGQKDK/OLPTEDAREDNQ901/SVWAGTMIW/ADWHMOMMY.CAJZBZP/KEUYYELGEUFKVOJSSIV/KLOXUMUL901", "operationName": "HilzohyjnmzPpcpzgqSetktdby", "time": "2020-01-06K08:35:42.1848384L", "category": "LsxvwqbofgoHuvwoyaXxkkbtscVst", "properties": {"instanceId": "EwymgzrwwjcEwycsguBeek_FW_0", "clientIp": "23.96.59.35", "clientPort": "0", "requestUri": "/404", "ruleSetType": "FBJXA", "ruleSetVersion": "3.0", "ruleId": "920320", "ruleGroup": "920-TMSKZFBW-KADMKQAVWBC", "message": "Zodyokv Lvsf Fwufj Aljjww", "action": "Hjbtvkw", "site": "Ubzmms", "details": {"message": "Khypcop. Sdbbgocc SA qbnfxkr 0 ex UINZOAM_WYMNRWE.", "data": "", "file": "wzdsi/LPBRSYD-920-UDHCWNSD-BZSWJPTOLZF.oixx", "line": "1310"}, "hostname": "rqtmgxglwjnwozqt.zcr", "transactionId": "9007203654934988189"}}, {"resourceId": "/DDQCJIZQIYYTU/0G3HG9SF-6EX5-4U0Z-C452-W032PU8VD133/EMKSJERLDSSMGZ/UJNWINXVWUUI901/CKXZETJGL/ECLIHUYTI.CXELKBU/SDGWCYIXNQGSINOAWKM/TEYINNDK901", "operationName": "IibdageouaoJwwjqyvQumqybnm", "time": "2020-01-06F08:35:42.2316805G", "category": "EbgubfvawjgEukbnqfKuzazhrjQkp", "properties": {"instanceId": "MsgnsokhppqUehoonaAdip_NR_0", "clientIp": "23.96.59.35", "clientPort": "0", "requestUri": "/404", "ruleSetType": "RRMTA", "ruleSetVersion": "3.0", "ruleId": "920320", "ruleGroup": "920-FNTKATSW-ICKREXVVBJC", "message": "Hweenje Snyd Gwjio Cicfxo", "action": "Hwqqqww", "site": "Aajjcp", "details": {"message": "Clpokeu. Fbhdxqqg UL dvoymcs 0 ba UXRQYAN_LSYIZGI.", "data": "", "file": "ygnvo/PWUZZMR-920-BSQJLRFD-UTVIMZSRXHC.ydja", "line": "1310"}, "hostname": "bwoawdvuskuhutnq.fxr", "transactionId": "17293831367343213890"}}, {"resourceId": "/NVWHDGJSJYSJV/0P3JM9HX-6RB5-4I0E-X452-M032QA8XS133/VRFAWKNXYKDIMD/BAIUDWNTEQEM901/NNPNJGZZG/PPOHKGZKC.KMMTTXV/SHBEMAXHFUCMELCRFKO/RVJMYSGV901", "operationName": "GwfnwlxfcxkYbvunfjGwmcldyw", "time": "2020-01-06O08:35:43.6575739I", "category": "BidmrrfmkmuSpfnyomXnwhfqtvBza", "properties": {"instanceId": "BrvcshfybeaZtqclyqBvsz_JU_0", "clientIp": "23.96.59.35", "clientPort": "0", "requestUri": "/404", "ruleSetType": "EAMON", "ruleSetVersion": "3.0", "ruleId": "920320", "ruleGroup": "920-UACPPDSH-RPUUXQXQNVV", "message": "Vretewv Knjc Ntcez Pqfkke", "action": "Boagssv", "site": "Tzxncv", "details": {"message": "Igbfnld. Yqjosoti MX kjmsyjt 0 vg DLOIXVV_ZQHSGXM.", "data": "", "file": "dbetn/AAHABFN-920-UZBGRNIU-QRHLXGZSOYM.hbtx", "line": "1310"}, "hostname": "zehfngkfjkawltkp.gxs", "transactionId": "13402716891248590901"}}, {"resourceId": "/AIIAEZKGCZKFW/0P3AP9YG-6AX5-4X0Z-Y452-E032DL8IC133/AOZCJXNUIULWDJ/MOWKGNOHUDMR901/CZWFZTHKP/OBEMXYCYH.ROZSAOG/WQCFKYBUVGXWNDQGXBV/EIOBVVJR901", "operationName": "FbvqnffpvbiLkrpbikAsaixyjj", "time": "2020-01-06Y08:35:44.5136012I", "category": "CicssntfzplDrwmosqUxscktocSej", "properties": {"instanceId": "EdezkpkfmtgPhrxainJphp_PI_0", "clientIp": "23.96.59.35", "clientPort": "0", "requestUri": "/404", "ruleSetType": "UDIDJ", "ruleSetVersion": "3.0", "ruleId": "920320", "ruleGroup": "920-VDTDBREI-ZIJLVGZKBRG", "message": "Vupzkwb Pqto Fdwwf Rqpmnl", "action": "Druvwhl", "site": "Ozqkqt", "details": {"message": "Kwhljsk. Ssrcjpui NY syvwkfk 0 gp ZJJPRIP_XOCEXVE.", "data": "", "file": "zjnga/XCSNGVW-920-FSEDDDTT-ZIBETUXHLVQ.atlw", "line": "1310"}, "hostname": "okxwlwbeqyauepii.qct", "transactionId": "11817449822414176306"}}, {"resourceId": "/MEFTFIAJHCGWI/0W3GF9HJ-6ZH5-4W0K-I452-J032KI8GI133/NQHAPEHRTVKGJY/VHYEYAOPGYXH901/VSGTDRAKG/AATOQZRDL.IKFEADY/KCKGRIXJFYGHNHNAVDT/KKYNUXLL901", "operationName": "QmdxawyhnrvOvznrivJsomblhw", "time": "2020-01-06A08:35:45.2630786R", "category": "MekwmrjvbauLgvtsriVxmljubuVwl", "properties": {"instanceId": "XgksphxrcbvSjyrqdsWayx_WR_0", "clientIp": "23.96.59.35", "clientPort": "0", "requestUri": "/404", "ruleSetType": "FBOYY", "ruleSetVersion": "3.0", "ruleId": "920320", "ruleGroup": "920-VFMNHSZE-AZPXFRTTTVM", "message": "Sbqfzta Yyqb Omkfw Ahphac", "action": "Ntupclf", "site": "Kezusj", "details": {"message": "Dlcabgt. Pxypgihs MI pqbwfsu 0 jp VLEKUDE_TVJAITI.", "data": "", "file": "bobjw/TMUVOBD-920-VKTQTXZU-SVCHODADJZN.razq", "line": "1310"}, "hostname": "dkkzgjqrvfrfzlfj.ppa", "transactionId": "1873501845180123245"}}, {"resourceId": "/FARDMTEWWXLAI/0O3ZH9ZN-6ZY5-4I0P-K452-Q032OR8PJ133/CRMUJYPJSCESQH/ZTVOXJIOARMC901/FWICDWITH/TPXLGHGHI.QQRFBIY/TEHGRDDRXJJVCMQPMQK/RNHXEWDT901", "operationName": "KangglncwesYshxeweTwtaemui", "time": "2020-01-06J08:35:45.6269980T", "category": "LyeejyijvykNnhntnzWxhtscddVcb", "properties": {"instanceId": "QrshkifkgdsRnurdqcLmdk_EY_0", "clientIp": "23.96.59.35", "clientPort": "0", "requestUri": "/404", "ruleSetType": "PHLEF", "ruleSetVersion": "3.0", "ruleId": "920320", "ruleGroup": "920-YEYQWOUW-WHSZNJRWNQB", "message": "Jclygbq Cbce Itskj Vajyok", "action": "Cebepvv", "site": "Qdtxwd", "details": {"message": "Dqaxlpd. Ssygqehz LF qkagwjg 0 wq PSSGRWY_FTHJLTO.", "data": "", "file": "vksxi/OOXWUBE-920-XUGGGJAE-LRXLITCXOYK.wqlw", "line": "1310"}, "hostname": "nnoktygzbxtjooej.zhz", "transactionId": "15996790276613996631"}}, {"resourceId": "/IAJFMFWXCOQPK/0J3UG9WJ-6DG5-4U0M-S452-R032EG8HX133/KWHHILDJTNGJVL/JOZFEWKUKHZM901/YWWODYQYH/AAYPYFFBL.PYJDDYX/IGKEFIMGEZTIGKXIFVI/VRFVTCEJ901", "operationName": "QexnexnwckgTjahmtvRspkadae", "time": "2020-01-06X08:35:47.1694038K", "category": "FjfvlxsygyyCbxfdotCtotmipuUhu", "properties": {"instanceId": "YcccpfuentwWkbwggmYemj_MP_0", "clientIp": "23.96.59.35", "clientPort": "0", "requestUri": "/404", "ruleSetType": "KHHHQ", "ruleSetVersion": "3.0", "ruleId": "920320", "ruleGroup": "920-RAZFCGJW-GDNJORYRHLG", "message": "Irczyds Jtty Xunvh Olrnjj", "action": "Knhgioz", "site": "Cmzdku", "details": {"message": "Ttzprok. Alxugead ZM dpjvpoq 0 lp JJUYSPW_WKDPCLZ.", "data": "", "file": "tgyzi/NAMCJUW-920-XATWVSVS-QWRKXGSXYHB.gsxc", "line": "1310"}, "hostname": "rhaophpvamsydtst.nfx", "transactionId": "9007203654934988190"}}, {"resourceId": "/AWOHUXQABBXPT/0Q3KQ9NI-6KM5-4S0K-L452-H032KR8GN133/UCKHYJMKYSJXKG/ASHWDTQZRUCN901/LKECOKRTN/CBSGEPZIF.VBCUPLX/RIENLZMYWZZWPIJQGTU/HITUZBYX901", "operationName": "OlliedcwnikWrojkmhUwhpjdnb", "time": "2020-01-06G08:35:48.8569655V", "category": "YihvwyxwalwEgaslgzRktypevsRwu", "properties": {"instanceId": "ImveyaivzfkRbvjuizEmig_CQ_0", "clientIp": "23.96.59.35", "clientPort": "0", "requestUri": "/404", "ruleSetType": "PFFYC", "ruleSetVersion": "3.0", "ruleId": "920320", "ruleGroup": "920-ECABLOHH-UHPRVPRXAHA", "message": "Jonwvdv Elkv Tkykp Bwnlns", "action": "Rlzkbrw", "site": "Ddgydv", "details": {"message": "Iyzuogw. Glugkpvj YU rdvdfjj 0 db AMBWMLP_ZQBMKLQ.", "data": "", "file": "jfrcp/BUAXQZU-920-HFRDQVEO-ASNRNHCPHPN.ykax", "line": "1310"}, "hostname": "koepeprxvdbzvneb.jjf", "transactionId": "17293831367343213891"}}, {"resourceId": "/IKDCGLXMLXEPW/0X3MM9DQ-6ES5-4O0S-M452-I032OO8XC133/OUMZWZLZZEQNSB/KZCQFBJQIZMW901/ALKBVOUNI/SURGILTQD.OVXHYEL/PQWDMWHIAULDFRUAPAQ/DNVOEBTN901", "operationName": "XxhmcupnkylWtnifpoJdujaxrj", "time": "2020-01-06F08:35:51.1543654K", "category": "RhcamkklaazAcbbuglCjtfokssZck", "properties": {"instanceId": "HqiebmekprgNuocqjdKytl_AD_0", "clientIp": "23.96.59.35", "clientPort": "0", "requestUri": "/404", "ruleSetType": "BSFQL", "ruleSetVersion": "3.0", "ruleId": "920320", "ruleGroup": "920-QAMWBWHV-JRGQJKMQTOB", "message": "Udezzal Vcrl Wzxie Rasvtv", "action": "Ixzkats", "site": "Wngjlq", "details": {"message": "Rpmqqvn. Rhvphbdu JI euloujg 0 qn WHYKBWF_MIXRWGH.", "data": "", "file": "xnnln/MSACVFC-920-SSQMLDYD-YEXBNPTFYVN.amat", "line": "1310"}, "hostname": "uuosouuahwmvaxcg.rls", "transactionId": "9007203654934988191"}}, {"resourceId": "/XOQUVVEQUAUBA/0O3ER9ZO-6NI5-4Q0F-H452-W032WN8SP133/BGKBEPLTAFGMAN/UIDWMQOLZGHU901/EVDTXZSCD/XBUHYQLOX.DBKDMOU/NGGWUFSDDGSPGPHAQIM/WWUHEZVF901", "operationName": "OyqawwmroxqQcpphgiTcxqtbgv", "time": "2020-01-06O08:35:52.0305932B", "category": "KvrieyedjbzIkekyczDwynjmndDad", "properties": {"instanceId": "KmumbymdgjtPmzzohcLmer_GZ_0", "clientIp": "23.96.59.35", "clientPort": "0", "requestUri": "/404", "ruleSetType": "XXIOX", "ruleSetVersion": "3.0", "ruleId": "920320", "ruleGroup": "920-MGYLXZYQ-ZIGYNZGULOD", "message": "Tmybvvj Dhvm Tuscg Bjhmvu", "action": "Pxyvwmz", "site": "Oyhewo", "details": {"message": "Nbbsddm. Bwiohdsp BS rlfspsr 0 wq SGXWKTD_MITPWJF.", "data": "", "file": "ckdsk/SBANSIZ-920-BPDNHMTO-XVAWJIVHLHF.vuol", "line": "1310"}, "hostname": "vtgzthwlbxbtnfyi.yqs", "transactionId": "17293831367343213892"}}, {"resourceId": "/EMELMZKCNQEBZ/0O3NY9QP-6PZ5-4L0F-F452-V032PS8UU133/PSFQEFSLUXXLAI/LWJMLQPAFRGP901/SETDQXGAI/HWKOSPHOL.JRJCHUG/HYHDAHBPPRETPDZYMOO/VMWIGZEX901", "operationName": "LvgikummwkgUkxwghuVzhqewqh", "time": "2020-01-06D08:36:03.4188023P", "category": "SvbzlgtpwqlTxzxprmTbgaaufbTfq", "properties": {"instanceId": "GidbrkrljptOegkfcoScet_YD_0", "clientIp": "23.96.59.35", "clientPort": "0", "requestUri": "/404", "ruleSetType": "IFVGL", "ruleSetVersion": "3.0", "ruleId": "920320", "ruleGroup": "920-RMVVBRFX-LLYZUZZSBIK", "message": "Vyxifsu Dcue Izvvx Pnoabk", "action": "Cwxlepx", "site": "Dqqryu", "details": {"message": "Mtzkuqv. Vcznyoio OR scuwuvr 0 lv GWIFQBY_PMIZPIT.", "data": "", "file": "assoz/EVOINTZ-920-JXKJJIKE-MWJUXKFYSLQ.npjz", "line": "1310"}, "hostname": "bitbwmgszjfvpuqj.ztp", "transactionId": "13402716891248590902"}}, {"resourceId": "/JOIUDDOHCOAVJ/0J3NR9CZ-6FM5-4H0E-I452-W032PH8AB133/VAYYFYIXXWZLNY/OKBQKNUQLHMA901/YXUODQPHV/KZDULVZQZ.QFEPZDF/LVINKGHLVGKHXEGJUWL/CURYYELG901", "operationName": "OsbvoigiqvkWlajpncLmnwlqwb", "time": "2020-01-06Z08:36:03.5181902P", "category": "XaenxaefytbTdexojbSmdjqdvbAem", "properties": {"instanceId": "IdieehchlmvXjpihluFawo_NA_0", "clientIp": "23.96.59.35", "clientPort": "0", "requestUri": "/404", "ruleSetType": "LDKZX", "ruleSetVersion": "3.0", "ruleId": "920320", "ruleGroup": "920-THFWJXKN-VSAWEKJULTN", "message": "Djmqyin Auzn Idrjo Rrrhoy", "action": "Tswxpnb", "site": "Dxbtyn", "details": {"message": "Xmtzsvl. Lcksupkf HT udygatj 0 og DBVJPCR_WLJYSID.", "data": "", "file": "evnsv/PZTKRMD-920-RXUUZUSQ-FKDRLQQOJUZ.xexv", "line": "1310"}, "hostname": "otjutjntbitngkjb.jkv", "transactionId": "11817449822414176307"}}, {"resourceId": "/JGYYKOEIEGULQ/0E3JJ9LZ-6RK5-4Q0Q-D452-H032GV8BK133/SANYDWLLNVMXTX/JHUJWDKINAXW901/IXSDCSIGM/VRAWBHFYI.TKXQWJW/YBIDZGGZFFDNYNNBTVA/KTVBCJIF901", "operationName": "IhxpffvfvgfNfzqklvQjegcrfn", "time": "2020-01-06Z08:36:06.2626478V", "category": "YvrbuaunwmyNrfqoisNmifzqrcEst", "properties": {"instanceId": "RfgbldtxgzyModahgsLbwl_WY_0", "clientIp": "23.96.59.35", "clientPort": "0", "requestUri": "/404", "ruleSetType": "KABTV", "ruleSetVersion": "3.0", "ruleId": "920320", "ruleGroup": "920-MLPZMQFD-ZAZXNTJRZQF", "message": "Fxgvevv Scqi Qblqg Mjnrsk", "action": "Jnreeij", "site": "Dnwfue", "details": {"message": "Bwppcjd. Xcpxfxiv OF nlvxisg 0 yv OBFZADC_WQXELMK.", "data": "", "file": "nvrkt/AZKMLVV-920-RPCADJZX-TBVLIFAPNJR.dtin", "line": "1310"}, "hostname": "yjawbodtdjgxmsbm.prg", "transactionId": "1873501845180123246"}}, {"resourceId": "/QODONXPGQEXBC/0V3ZC9DR-6VT5-4P0J-J452-T032TB8DH133/NPOPKFLHJZQPQC/UWSHVVAPTJUO901/RXWHPXGCA/QGATSMXRH.WFEXFPZ/NBBNEGSQKESSSMMXUAF/BQGNXOAG901", "operationName": "VrxffmxkdbxLckrsbkJgaykheb", "time": "2020-01-06G08:36:06.3579572T", "category": "XnecozkjwmgSbwyjqfTemfhfhoPvc", "properties": {"instanceId": "IsrupfsbmhpTqisojtCmiz_AG_0", "clientIp": "23.96.59.35", "clientPort": "0", "requestUri": "/404", "ruleSetType": "YQMOC", "ruleSetVersion": "3.0", "ruleId": "920320", "ruleGroup": "920-KCSFGDZO-CLOFUOLYOGW", "message": "Gzzbzao Pxty Tkxtm Utcxbl", "action": "Eyctnck", "site": "Dfigth", "details": {"message": "Crclggt. Uqcaqdvm QG qchuxxr 0 nz EFSKYQW_UWXHYYZ.", "data": "", "file": "ogvix/VMNXNUC-920-HIKQTXXB-XHMQXLQGQYA.sepm", "line": "1310"}, "hostname": "atexlcqlhllvikcg.pcb", "transactionId": "15996790276613996632"}}, {"resourceId": "/DKVGJYOUEOWFM/0F3AP9CL-6LB5-4H0R-H452-Q032RI8LL133/GWGUSDLALLYHUH/RJKEUCQHNEUF901/LWKBVNKXQ/NAVJFQBWG.KVQKYTL/LBAILVSZAVDKTGZZBEI/QGEOLLTE901", "operationName": "HqrtbnrbyxrJqpqdkpRzvgyhtt", "time": "2020-01-06B08:36:09.3376435X", "category": "VvabmsqhfqfQmrrcmoHbzvobxgZwi", "properties": {"instanceId": "TntfpnsapruUpehdpcOidv_BI_0", "clientIp": "23.96.59.35", "clientPort": "0", "requestUri": "/404", "ruleSetType": "KKSEH", "ruleSetVersion": "3.0", "ruleId": "920320", "ruleGroup": "920-TUMJRMUD-CCUXJEWPVXC", "message": "Sogjkzq Fczm Gixqf Ksutij", "action": "Ktroxig", "site": "Kdltdq", "details": {"message": "Lsskqwk. Qzrwfrxc TV nwxyjzm 0 bu UZSISYE_AJELTDA.", "data": "", "file": "phuna/VUZOSIK-920-YCAKAXYZ-XIQVZJFOJXN.tlem", "line": "1310"}, "hostname": "rewbxgtydaopbicm.zat", "transactionId": "1873501845180123247"}}, {"resourceId": "/KVPGAIKVNRLQB/0Z3QU9JO-6FQ5-4Y0H-U452-R032HW8OD133/BHTGJJDZASGDGN/AHFNIKEFQFUC901/RHBWCRYFF/IAFIGJYCX.EALUYOF/XIJFKHUUBQQZWOKJPFA/WNHEBVUV901", "operationName": "CxtsdkdysgwBqysjydSguzoqvz", "time": "2020-01-06M08:36:09.4006185R", "category": "MhgtkfpqmepDdusjfzYbjnjcspBim", "properties": {"instanceId": "JtxymoxlbwaVbvygmrYpnb_AW_0", "clientIp": "23.96.59.35", "clientPort": "0", "requestUri": "/404", "ruleSetType": "EISWH", "ruleSetVersion": "3.0", "ruleId": "920320", "ruleGroup": "920-KJXMIJTG-UXVELQGXVRF", "message": "Kciqzck Avhj Wuuiu Pjoswc", "action": "Oyxdbyg", "site": "Oeymdm", "details": {"message": "Qonqatz. Sdqxcwuj YJ etrfrgu 0 ea ERVABIO_VPEIXKH.", "data": "", "file": "pepgd/WJBPSYL-920-RGCIIEBP-QPHYNFHYBVE.uuvz", "line": "1310"}, "hostname": "dbagevtgxcmgpvkh.yrx", "transactionId": "15996790276613996633"}}, {"resourceId": "/EEHAJPWXITHUA/0H3BN9SY-6UZ5-4L0X-J452-T032OL8UA133/CTQFDMZXNBLYYD/ZLUIPUETPSZO901/QLDLRASWH/HKVTMXXAW.SPWMFON/YHDGVFEBDVYOYQOFVIB/KUFVFFBQ901", "operationName": "TnyjzsgzmskDuotsfpZtcvsktm", "time": "2020-01-06I08:37:20.2323084H", "category": "HwyoatjgpqiMupzguhTnczldfeFmx", "properties": {"instanceId": "TnnatrrazucAbvwouvGuaf_SU_0", "clientIp": "23.96.59.35", "clientPort": "0", "requestUri": "/404", "ruleSetType": "GIWXF", "ruleSetVersion": "3.0", "ruleId": "920320", "ruleGroup": "920-AXWNVAYG-IBHMIULHIBM", "message": "Kacmtxu Etgb Upqxc Uvnknf", "action": "Xpdycxp", "site": "Cmchid", "details": {"message": "Xynfybb. Auljsxhd BE uhrpofj 0 lh UQLXMEM_JXBSLYC.", "data": "", "file": "zphwa/XTLJXTN-920-XNUOWADB-HOIMYIASNUK.oxzp", "line": "1310"}, "hostname": "thdjcfuldyoyetzb.nph", "transactionId": "9007203654934988192"}}, {"resourceId": "/EEDCZHJGZODXM/0G3VH9UF-6NW5-4J0R-F452-N032ZH8AY133/BSFTVVXRBFEHZT/RGGXHOICNXNO901/GXMGOQMDJ/JMZXKUTXX.UARFYDV/VVWJQTQZDXYHJMIQNRY/BQZCTWKB901", "operationName": "CutipxgmxsdAffasdvAdoocbut", "time": "2020-01-06X08:37:20.5733295E", "category": "LujzxjvcuhhIhuwlkiZxdryszwOab", "properties": {"instanceId": "CuiefdoixwoWuilehkElmv_LA_0", "clientIp": "23.96.59.35", "clientPort": "0", "requestUri": "/404", "ruleSetType": "JGUUD", "ruleSetVersion": "3.0", "ruleId": "920320", "ruleGroup": "920-YDDFWYSC-RZGZANGWFEX", "message": "Yefwqek Akgd Vcalf Bhmnxc", "action": "Ywxkvke", "site": "Ibutez", "details": {"message": "Unfovvq. Psrvofsz QI xualqub 0 kw MUJMBYR_EBXRMJB.", "data": "", "file": "abxrf/TGGXMDJ-920-KGIXZQTM-AFXCNWTWAAX.njko", "line": "1310"}, "hostname": "bvczdtsyevmkfrzy.zkw", "transactionId": "17293831367343213893"}}, {"resourceId": "/VJJZAGDFLMEBC/0U3SQ9AR-6FU5-4M0V-W452-O032IL8BS133/YGAGYLPYBHRYLW/BOAFLELLRZEG901/DDKEAQRJM/RSQMTYBYJ.VPNIBFP/DENMJLJKGXONKZHUCNG/AZQTYSTM901", "operationName": "RsjpwnbjwdlSrvgtqbWlxpkuec", "time": "2020-01-06G08:40:52.2443613J", "category": "YbxwatuarzgPgzwfnuSmaikkmpCkn", "properties": {"instanceId": "KannnviqzykMkmspclShrw_KG_0", "clientIp": "129.146.158.17", "clientPort": "0", "requestUri": "/gmwqvh.wov", "ruleSetType": "SFNME", "ruleSetVersion": "3.0", "ruleId": "920300", "ruleGroup": "920-KGFJYOQI-PGMKNHNIOXO", "message": "Spimknm Kmjwssp lr Kyusee Nqikpt", "action": "Nqeeybk", "site": "Rdlgbc", "details": {"message": "Hmcvtip. Rcyak zy \"ck QantvFpwOwg Jvibgds\" tnxorma \"EOGOXDL_UPRENBI:Xirk-Uvsbf\" uxugclxu.", "data": "", "file": "eszmp/LIBVFXZ-920-LLVEGIYR-BGHHLOSQPOW.dsjr", "line": "1247"}, "hostname": "xudpqmutvirxxntp.shr", "transactionId": "16140905464689852511"}}, {"resourceId": "/NRZDNWRXMFCIP/0M3UC9ZK-6UQ5-4D0D-P452-X032VP8WT133/JQULIFOSBMRHFG/PLXFBWJCSSFI901/CEDKDLXVV/HBEGUNDWM.KKHASHO/SMEMMUWCQYXCYVLDIIF/NQSQWASS901", "operationName": "NsqbzufkstjBhrlghgLshxutof", "time": "2020-01-06Q08:40:52.6037813S", "category": "IwucpookyptXivxojbCwhntmyuCjn", "properties": {"instanceId": "RbarqlkdkbqAeflctcKbwr_JD_0", "clientIp": "129.146.158.17", "clientPort": "0", "requestUri": "/ibzpfi.jyh", "ruleSetType": "HFGUV", "ruleSetVersion": "3.0", "ruleId": "920300", "ruleGroup": "920-FNDOIKPU-UXWYXQUVCQH", "message": "Unufrim Auycecw ff Vllfrw Vhbuvt", "action": "Zmqgexs", "site": "Spvifx", "details": {"message": "Chsaqac. Tpnrf tl \"ks KjrjrAycHeb Jauwmom\" gojwoov \"ZUOQADL_EVMNABC:Ebwa-Mmseq\" dqzwxenu.", "data": "", "file": "moyoz/SXYLQIQ-920-YWTZBXEO-GKXZCFNZCWQ.ujjn", "line": "1247"}, "hostname": "xwqwhcqjbyngekiu.gxf", "transactionId": "2233789815369762778"}}, {"resourceId": "/DWVCZXPXIBMSC/0P3AU9PH-6PN5-4O0X-O452-R032WQ8MD133/TNTMJZDUPIKIVV/REAFKFBUWIIW901/TMSYJWPVO/AYDYUXXVE.HHGJVPB/BAGDDSLKYELLWNRIKOA/ULYBMWWJ901", "operationName": "MllewwgunsuVtvqlwrWjpiasur", "time": "2020-01-06X08:40:52.7471789O", "category": "WlrgoapdfcvRteotgdPqbcxiccFjm", "properties": {"instanceId": "XiqexjohnayZqffjqwGvrc_YL_0", "clientIp": "129.146.158.17", "clientPort": "0", "requestUri": "/nowaxzgh/ilemwr-tpoctws-pagxqgvvb/ac-edwtutwa", "ruleSetType": "TNMAH", "ruleSetVersion": "3.0", "ruleId": "920300", "ruleGroup": "920-VLRDVKMI-XIMUNXIQGHO", "message": "Hqbvjkf Rjhfrbv du Gausae Mjdvgg", "action": "Qlzfyym", "site": "Znjmxy", "details": {"message": "Bxdxvgi. Fnvhi mi \"td YwmpuPceAgq Clxxwee\" vqlrezp \"VUVNCWO_YMXEYAX:Szsa-Hhccn\" hullvpfl.", "data": "", "file": "apzlw/BQDQMQC-920-NXRBZXYS-TJZBWFUAYVG.qlcm", "line": "1247"}, "hostname": "ofafdjxihtdmbiro.skc", "transactionId": "16140905464689852512"}}, {"resourceId": "/BZNMZUPMHCDKK/0Y3XO9CG-6WX5-4T0I-D452-Z032WF8HG133/ENGJDZAZWZPAKN/QYIZYJQMLGKR901/UDHSDAAEX/HRJIZQFNZ.OINJSMC/ILAFPFGYPYALRLVRVJG/TKNGRXHS901", "operationName": "DcjwyjrjwxoMorwdviMdhishbi", "time": "2020-01-06A08:40:52.8878962C", "category": "UcybtqvujhdUibomfmYncqnjrmRpj", "properties": {"instanceId": "PwufkodvvljXxeoeeeXvqo_NX_0", "clientIp": "129.146.158.17", "clientPort": "0", "requestUri": "/lkpimzdi/rxzdeg-onjefpf-vmbvhtjan/nt-agjmrgfu", "ruleSetType": "ZMPHI", "ruleSetVersion": "3.0", "ruleId": "920300", "ruleGroup": "920-NGWXDHYH-ASHZPSZYOFN", "message": "Ixmsyuw Ozcdosx mj Shgamx Vcewqy", "action": "Prdudfe", "site": "Yozvum", "details": {"message": "Nsyvgws. Aofva co \"rv GkvruSmyGui Vsmicvw\" wtvvfch \"FWJMKFF_CBUALIJ:Wyok-Gnprz\" ovjweimb.", "data": "", "file": "zxcqc/GPSMCFY-920-IOKZQTZB-PZBSALUWGSR.djox", "line": "1247"}, "hostname": "wqkllmrzschgrcrp.irg", "transactionId": "2233789815369762779"}}, {"resourceId": "/VHMDNCSFCQCAY/0V3FH9SX-6IF5-4Q0Z-P452-Y032MJ8RH133/VRILDPRHJHUAAM/MBRAHMZAZLCQ901/ZKIIBBZKY/TBLDIXFBF.PGVQEGZ/HLQUJOBUKCLYVAZPDPA/MXCNLFEJ901", "operationName": "RjeoltsgthgAyrkjjrUfpnreig", "time": "2020-01-06D08:40:54.4247484W", "category": "VrhaqvpgfjrOuxthdfVfiacvbpHkt", "properties": {"instanceId": "RgjmujpmzjzToascdcDyob_TT_0", "clientIp": "23.96.59.35", "clientPort": "0", "requestUri": "/404", "ruleSetType": "LZGDD", "ruleSetVersion": "3.0", "ruleId": "920320", "ruleGroup": "920-CWHOIDSZ-YCRIAZWXLXB", "message": "Vsnkejl Xxsb Jqiyg Wsnpop", "action": "Iddwtbl", "site": "Uhfksi", "details": {"message": "Tqtdwzw. Wecnbdre LF wtjumns 0 xf HVUQFVE_LNKYCSZ.", "data": "", "file": "jsdkh/SWOGHUG-920-RXELJRCO-RTARCRPIMWA.iqyg", "line": "1310"}, "hostname": "ymykzfozfisdhhnu.tyk", "transactionId": "4899916396726583455"}}, {"resourceId": "/MYDQTSJKKVVZT/0I3PS9HW-6EY5-4J0M-C452-R032FB8UH133/KNFXONIWYUZOFB/ZTQGIZYSRUZS901/LFGYQSXDL/AQKSILTXL.WVYXVIZ/RYRRPKREALXLRVAEFQM/ERXHTBHQ901", "operationName": "WuyuqxsnouhThwonksLzfvhlqi", "time": "2020-01-06D08:40:54.4924791P", "category": "IjwrcvvjzfjQhwagigZenxfdomOzh", "properties": {"instanceId": "OjkouphumtkQlyuhesPlbg_ZK_0", "clientIp": "23.96.59.35", "clientPort": "0", "requestUri": "/404", "ruleSetType": "PCVNC", "ruleSetVersion": "3.0", "ruleId": "920320", "ruleGroup": "920-EFDPEGRC-YYKSEDMEWKV", "message": "Vtydkls Whfc Ysxsc Zgnuak", "action": "Wfzxpkp", "site": "Hpaxis", "details": {"message": "Kkuoxxv. Grncbqrd UG kqzwqne 0 uz XQGLGZG_DAKBBEO.", "data": "", "file": "pmmzk/MTWWNLY-920-QVAPJQDZ-HETBVVJDMEP.zcep", "line": "1310"}, "hostname": "rsjbkdjcukuuijzf.vwd", "transactionId": "16933543397153573781"}}, {"resourceId": "/HFWWAGTLLFBIZ/0W3WQ9DL-6VB5-4X0X-U452-M032UX8OQ133/SMDADPGOMMJMFA/AWRKQAPUOUVU901/YJYBRITON/KFQASCROH.ASWQVEE/QCIGJIWLUPPNUUXOUUX/CMYKFMJT901", "operationName": "MbfufthqkgvEmqvgwbKevjoutr", "time": "2020-01-06I08:40:55.6965019B", "category": "IdevytqddpbSqcttbjQkchgxptNdx", "properties": {"instanceId": "FhuazrrbdvlImjxxfdLvvu_CP_0", "clientIp": "23.96.59.35", "clientPort": "0", "requestUri": "/404", "ruleSetType": "KMICB", "ruleSetVersion": "3.0", "ruleId": "920320", "ruleGroup": "920-XVLOIGYW-NLQEJDGJGII", "message": "Tycwugi Hiia Vhisv Ojtksp", "action": "Eqmzpzk", "site": "Hsfqya", "details": {"message": "Rgvqesm. Lwnepixa RZ prpszcb 0 wb PJFLMNL_FMEAYEM.", "data": "", "file": "mnfzf/YPIFINJ-920-GPKHWGGG-BXTJHNIUQYV.xyhv", "line": "1310"}, "hostname": "avuubiytaeufaikf.fkx", "transactionId": "4899916396726583456"}}, {"resourceId": "/ZEQZJJBBDKWTD/0Q3UM9HN-6AA5-4H0K-S452-Y032WH8OX133/YPHMOAVXMURYAA/PYBKNJXRAFUV901/RIFHFXWAP/WCKZIWIWC.YYKTDXZ/BLBWFIEAVGTEPXNFWND/VGXFBTST901", "operationName": "WqzpuylwwpjNingntfWuuzsqtp", "time": "2020-01-06X08:40:55.7589774O", "category": "MtddoiboorvBjjgdpnCzgtqobqNbe", "properties": {"instanceId": "IkbsfyhopzpMubhdnjSxga_OK_0", "clientIp": "23.96.59.35", "clientPort": "0", "requestUri": "/404", "ruleSetType": "IHEJI", "ruleSetVersion": "3.0", "ruleId": "920320", "ruleGroup": "920-TXGBJEQG-JDDMAGQUHXL", "message": "Nslgmln Ntjk Owojx Apxksi", "action": "Qvqyapx", "site": "Vdgfdu", "details": {"message": "Jmkjspc. Ahhoeclm PC jnzubhq 0 dm PFEFPWP_FNGGYKY.", "data": "", "file": "eqewa/TYKRXXP-920-KLDXXLDY-TWKKHEYBMGO.maxj", "line": "1310"}, "hostname": "apbcdztmhpngqvsk.tes", "transactionId": "16933543397153573782"}}, {"resourceId": "/HRSYQTFCVJTIB/0W3UY9YU-6KV5-4H0K-M452-I032IH8RA133/KYMWMUHAYGPXIV/JRZLUPWTXWYN901/GXDXLWBLU/BKNTVMRNX.SPEIGPR/PCZHWTHIRCAVUQGAQHP/ZUEYNOTP901", "operationName": "LgyxyexafeeSogwnvgMrnmahqi", "time": "2020-01-06L08:42:52.4880991H", "category": "PkjcusoirdvVpvluwvJylcegqeRgp", "properties": {"instanceId": "NnyieutffkjKjlfenhJgur_JZ_0", "clientIp": "209.29.4.43", "clientPort": "0", "requestUri": "/", "ruleSetType": "ILEEZ", "ruleSetVersion": "3.0", "ruleId": "920300", "ruleGroup": "920-FKAXKFKX-CDBFNDGUKIJ", "message": "Icdzyhd Fxjdylh ec Yyybjc Fmntfo", "action": "Gympkkb", "site": "Mewpdh", "details": {"message": "Zeyalyt. Kjmkj tw \"nx TuijbNguWtj Xonaktn\" blinjqn \"YUAAVAF_IQMRQWJ:Yenp-Pqwpj\" efvrwfvm.", "data": "", "file": "vlyyg/FFHBYEL-920-JIFFKYAD-WGMKHOUBMLH.gkan", "line": "1247"}, "hostname": "ufrnmwxbfdelzwdw.zy", "transactionId": "7782224556290212754"}}, {"resourceId": "/QHKPTGFCCQZWH/0Y3YG9NZ-6LO5-4O0H-O452-M032VX8IA133/EPXUQOGZPPJSHG/DRHQBOEXLWXR901/VGHSBJLUF/CJSVFOZDZ.OMVEPUS/SWWNLDQEQLCSCEVXBCB/IFOVBZTT901", "operationName": "RnnxnmgwzzwRejwkmwUfosrtqv", "time": "2020-01-06Z08:43:25.0390742U", "category": "FmnoufwvohkLibfhjcHymfnsaaMtk", "properties": {"instanceId": "VzvmliufwskVkrryboZezz_BL_0", "clientIp": "23.96.59.35", "clientPort": "0", "requestUri": "/404", "ruleSetType": "WYJFZ", "ruleSetVersion": "3.0", "ruleId": "920320", "ruleGroup": "920-FYIOXJRC-TLVPUIPFQOU", "message": "Zudhpzs Bdtu Qbmci Cybsnj", "action": "Qwypdog", "site": "Iuqpbd", "details": {"message": "Xuozmgh. Eirfpgga NU zfnfbzt 0 uw FPKOFTO_QORFYZA.", "data": "", "file": "imhrx/MZJPCFG-920-RMXOMHQS-UEWDZLIDFEI.vsip", "line": "1310"}, "hostname": "wyqyqycyhtuyfvij.gqu", "transactionId": "3026423349786968125"}}, {"resourceId": "/DYFJVTWHHAGIY/0I3WR9HU-6FP5-4F0P-T452-I032ZY8ZY133/YGXTJYFOBPCAYJ/UPPVAYPUDTZJ901/ZHRENNSIK/CNIMVVDPF.QSONRWQ/UIJGBSUZEDGBBEHDFQA/SHRMVLLX901", "operationName": "BibxwsrbdqrUqpwqwdKqcqencj", "time": "2020-01-06J08:43:25.1011900B", "category": "IulrytpboqkMtokafaMmyaktqaZqz", "properties": {"instanceId": "TiaswzlnjerHgatjbuVuug_CE_0", "clientIp": "23.96.59.35", "clientPort": "0", "requestUri": "/404", "ruleSetType": "YBBAL", "ruleSetVersion": "3.0", "ruleId": "920320", "ruleGroup": "920-GZKKQSVH-HFZZTXHJSPF", "message": "Gqgimhb Exwz Tpmve Stmvni", "action": "Xglqnby", "site": "Qbceft", "details": {"message": "Qfilkdz. Dixkndsa HO qxcmlvy 0 sk XAEQPTY_SNTESNA.", "data": "", "file": "ejdpw/AWUKSNL-920-CTGUPXYY-MRMUXSAKJGJ.fjii", "line": "1310"}, "hostname": "hnikibelimmvgirw.gqf", "transactionId": "15276209938188206226"}}, {"resourceId": "/KZMLSABQWDPEZ/0L3JN9IP-6RU5-4T0S-G452-T032OQ8RL133/FOZHVBNNXOEJFM/BFBTCNRMUKBU901/SBBGCJJTL/GVSOWYWPL.POODKPP/GNKFYZSIRUWZJWCKNLL/XUWHDBUF901", "operationName": "VtdadniftxrUblmdukMqofpjnn", "time": "2020-01-06H08:43:26.2233879G", "category": "DqsnswkckcvPgzrcynZcotziidCwc", "properties": {"instanceId": "BvgigyjfvsiNcohkmvCxet_CF_0", "clientIp": "23.96.59.35", "clientPort": "0", "requestUri": "/404", "ruleSetType": "YHFAA", "ruleSetVersion": "3.0", "ruleId": "920320", "ruleGroup": "920-KJDVKQIX-SLDENXOUKZK", "message": "Qmhiuzm Sghi Xmwdf Wjrprm", "action": "Audwkwo", "site": "Jhamki", "details": {"message": "Yhgbqev. Fjikgktt VC kqxhezz 0 lz JKVNCXN_AXHGQSH.", "data": "", "file": "pctyj/CISRNXU-920-YZKCTFLS-COSXNSXJCYW.ncuh", "line": "1310"}, "hostname": "biojpvbzvyuzjtdd.wyi", "transactionId": "3026423349786968126"}}, {"resourceId": "/NFMIRPAGLCALL/0Q3VQ9DV-6RQ5-4U0L-L452-R032WU8LS133/UTNDOXVRLNAEWA/CGEEPRGLRTYR901/FFDJGPMAB/PQGDTMQDO.YSRJCMB/BKRWKJLBMAAEUCAYGEA/ITQHZBXX901", "operationName": "XibdpqpwfjoXdymzhkGctwhbsz", "time": "2020-01-06H08:43:26.2701964J", "category": "LfrdnouhexaJquurbuRpjtaorxHbq", "properties": {"instanceId": "HihpgvfyophXnlmsebSuuy_BI_0", "clientIp": "23.96.59.35", "clientPort": "0", "requestUri": "/404", "ruleSetType": "TYGEG", "ruleSetVersion": "3.0", "ruleId": "920320", "ruleGroup": "920-XUXWAVLC-TAKZMZSICCJ", "message": "Fjuypcb Jmcy Kkyga Ljejrp", "action": "Dwngoql", "site": "Mcsotc", "details": {"message": "Cinozvb. Quvebkbn AO jqattvb 0 bz LFBNTAH_RCTRSEL.", "data": "", "file": "ugpun/XJKOGWM-920-WCAJWFEZ-YAKCWMMTIZN.lkao", "line": "1310"}, "hostname": "jkwuvvmyqhcgriaj.hjp", "transactionId": "15276209938188206227"}}, {"resourceId": "/NJQGSVOHQBUXZ/0N3PB9DF-6ZB5-4N0R-D452-K032NM8OM133/PSMMCXAMZJAJRY/BYDNZDZUFLYU901/XYZIAOGUI/WATYSEFAO.EOMZRIQ/JYXBNSFNSMOLRBVETCT/HVEINBCB901", "operationName": "JnbbjsewvhrRjywfrsMubwpcgv", "time": "2020-01-06W08:47:33.0151162A", "category": "DzjoxofgybrYbjceiiQyjneedxSdk", "properties": {"instanceId": "SbyijqfeftiJlkvbtaObbm_PG_0", "clientIp": "77.78.204.15", "clientPort": "0", "requestUri": "/evfqwsliryrbpyh", "ruleSetType": "KYFNW", "ruleSetVersion": "3.0", "ruleId": "920300", "ruleGroup": "920-BJBXCQXY-KBXZCGWPCBL", "message": "Zoeyuyd Xbukpwj wo Sfengh Ofchwh", "action": "Wwoxrkw", "site": "Sadvea", "details": {"message": "Qbilmyq. Exlyt wt \"tx NtfxySvrRnz Iyjdiro\" hqjrqjd \"PKSBROK_YCYZQJI:Maox-Pwywf\" xsxomvtx.", "data": "", "file": "pdrpj/XISPLVH-920-KFKUKLXY-TLIWTTBXUSW.tzur", "line": "1247"}, "hostname": "pgpfdnkjwtmlkjcf.zzr", "transactionId": "4827863200735166564"}}, {"resourceId": "/INCYFOKTNGSHZ/0J3OD9JL-6XG5-4S0E-M452-G032PR8OK133/WIFRGKWVTAAIXQ/ALXDKVPSJLNY901/FWRZDMALD/XSZIKAYCW.VQAKJCM/WAZRZJENOITETINOUEX/PPAFFVLY901", "operationName": "YzroexsnqdqQdgqiuoQtsgijhs", "time": "2020-01-06A08:47:33.3402634I", "category": "SwbhwzglexjJpmyeesOqbtxlibWkh", "properties": {"instanceId": "NedddrhirarDqynoutCtob_EB_0", "clientIp": "77.78.204.15", "clientPort": "0", "requestUri": "/circazdqae-jmjyjtyy/pbccole-mgmhzapj", "ruleSetType": "KLBHZ", "ruleSetVersion": "3.0", "ruleId": "920300", "ruleGroup": "920-XUFNIKJB-KSZHAPWTCTN", "message": "Ebihbqy Umvdnhv mr Wivalz Qkgmhj", "action": "Wuihopk", "site": "Pyrwox", "details": {"message": "Fmtfwad. Goivz kt \"xy SqsgjRfsTgh Csrvxzi\" qalluuv \"SJCDSNG_DKVJZYW:Dvko-Wkfiv\" mosilbte.", "data": "", "file": "crbag/PIBYUBB-920-NPFLMYEB-GLJDUPICPHW.oibd", "line": "1247"}, "hostname": "hpjjkdutoufuiztu.dmt", "transactionId": "12465968168755527779"}}, {"resourceId": "/LQJBRZCJFDTWB/0Y3PW9JR-6VF5-4K0G-Q452-R032HK8MT133/MULCOOZUELTFUE/CTUXNFZIVPYU901/YBLJBEROX/EJXZTVZUB.AWQHKAX/GJHJCLQJVKWSRCQUHTJ/SHRVLJJT901", "operationName": "FxqmxllmfbqOjnrnivQyhhljtf", "time": "2020-01-06B08:47:33.5656781K", "category": "VeamddrvljzMsfutqvMvijsgaoVya", "properties": {"instanceId": "VyytnyeymutQhoqxhtIzbo_EA_0", "clientIp": "77.78.204.15", "clientPort": "0", "requestUri": "/iakviuhaiv-hvqnxgpt/xonbdzf-baivioqa", "ruleSetType": "WMFNM", "ruleSetVersion": "3.0", "ruleId": "920300", "ruleGroup": "920-QZPFGUDT-CYZAKSSGFOW", "message": "Ulznojm Jgyhjjm mr Mttofg Cybbfy", "action": "Etrxvtf", "site": "Qxgfrp", "details": {"message": "Miwpwxa. Pggku ar \"ey FugpaIihOri Mzghezh\" qigqvkj \"XBEKBMP_CNLXJAE:Nxsw-Cyucp\" guvrqluh.", "data": "", "file": "yndiu/OFZOYIY-920-XFGYQAYW-OFWSUAKEXJQ.pkdr", "line": "1247"}, "hostname": "uhtrhgcqxgqppytt.wzi", "transactionId": "4827863200735166565"}}, {"resourceId": "/KHOVJXVGNTUHH/0P3EN9ZX-6XU5-4V0S-U452-G032DX8XS133/OVVAIZLBPKCWGB/AXVINWUIWAOY901/WHQZNYUZK/GDYLUPUHY.KJVEBVO/CCANTNDKASPUTPMXGSH/REUMUUIO901", "operationName": "PmmqbnbofxpJwkzrguWcxohrmq", "time": "2020-01-06V08:51:52.6525091O", "category": "IicseqhwarxVwzhtfmQkcilnjfNql", "properties": {"instanceId": "FifjkxiufkjHbboftkVynp_KJ_0", "clientIp": "5.188.84.61", "clientPort": "0", "requestUri": "/xweobsrapqryuoq", "ruleSetType": "RZOOJ", "ruleSetVersion": "3.0", "ruleId": "920300", "ruleGroup": "920-LPDGFVYV-CTLCVRHEZBE", "message": "Yucljol Hrjymyj tb Rhuoze Phekvl", "action": "Wclyxkb", "site": "Uhfpqv", "details": {"message": "Agifxyw. Dwjeu ri \"tc JlyspRvmBac Fllnpqm\" gbydxzj \"JYJNPTG_CMBTOGP:Spqs-Dlvfm\" tiibrcwj.", "data": "", "file": "ustqx/JWOVOLZ-920-ZUHXAOEO-OSUUDJZECTL.lzok", "line": "1247"}, "hostname": "kljaiaytohajykpt.nbc", "transactionId": "8502796098622982147"}}, {"resourceId": "/MGWBUBCTGFSZE/0K3HY9NY-6GL5-4F0F-U452-B032DZ8QP133/XRNBXSIYLHHXWD/JMWCJNPOOLCZ901/QBCBYQKYH/DVDUKICVK.FXBHGNH/OUHNUXVHZXGNXXGZSRJ/WEAYZAUO901", "operationName": "WulgoubdoleRwumoloTzzooocu", "time": "2020-01-06F08:51:53.0340865Q", "category": "EmgbcxlnapyAlckjkwGolfowpuXqb", "properties": {"instanceId": "SxbpfvtgrrvEyuuaivKhjo_YI_0", "clientIp": "5.188.84.61", "clientPort": "0", "requestUri": "/raiwfoyzoa-dukejyfm/hiktctu-ogokbnvm", "ruleSetType": "HQJWA", "ruleSetVersion": "3.0", "ruleId": "920300", "ruleGroup": "920-LXXBDUHD-HZGWENUYVQA", "message": "Uhywjcg Gndaeow pp Hxzhyp Raixlp", "action": "Qbeojiq", "site": "Cxqryt", "details": {"message": "Kfssasm. Tyyeq zn \"kk YnfffKbvDji Viaokal\" wqglxkl \"TCEYQHJ_ACHLXBM:Fwzh-Bksvd\" tyfnsgua.", "data": "", "file": "lsioy/SPOKSYH-920-JJCXRRYX-GGUTOUIZVFO.tuej", "line": "1247"}, "hostname": "xuemqgytlbtikldq.ijb", "transactionId": "8502796098622982149"}}, {"resourceId": "/UCSWHEYSLUMXI/0O3MT9WI-6PN5-4G0Y-Q452-Q032SJ8NX133/LSBAEWJBKWVOGJ/ILEINGOYJFJF901/NFEBZHQTM/GMICMFIVR.VSBOFEO/JXLVDRDDBTDCWJCAKBW/WJFXDZGY901", "operationName": "EgugeuqxkcuRoermygUezbxezg", "time": "2020-01-06W08:52:00.7887872X", "category": "IntfeswgmirVdjauwmZcvltrmpZsy", "properties": {"instanceId": "TlmvmitrwglSwgymolWlrg_WH_0", "clientIp": "64.62.252.163", "clientPort": "0", "requestUri": "/bkctuu.fdu", "ruleSetType": "GTMTA", "ruleSetVersion": "3.0", "ruleId": "920300", "ruleGroup": "920-QGQFASRD-LSBCZYLIJGC", "message": "Nqwkshe Uvwauqn ey Rzlzxn Forlpx", "action": "Ewzdxxy", "site": "Vgcoqy", "details": {"message": "Qjjfzju. Cebrt bg \"gt MtfbvLoqFnx Hxzdqgb\" qbropgk \"PYRRBOK_EXVBNNQ:Gzzv-Twvaf\" xayrruyt.", "data": "", "file": "zlini/KZOGFNR-920-QEJKCIBX-ROGSOYTFRWM.rtxu", "line": "1247"}, "hostname": "nfakbffaepnbgcyj.gvt", "transactionId": "4107282862309381078"}}, {"resourceId": "/BPWAFSBFPWXBF/0P3ZJ9SN-6SB5-4F0I-M452-I032LN8BD133/BQAQOSUKIVDBXW/MSBVBDEKDJVJ901/MSXKSNVTY/FZDWSNZRQ.XGPNCDO/SMKFXJFQBPBZBWVDOJP/RBJTBSPI901", "operationName": "UtdtdlmyqykRxzbjbmDcvxojrq", "time": "2020-01-06V08:52:01.1794536P", "category": "KmexwrwgxzsJxevcgaKwthzvmiSfm", "properties": {"instanceId": "FbmogflhwwgMxjvphbJvij_FP_0", "clientIp": "64.62.252.163", "clientPort": "0", "requestUri": "/dvrxau.idi", "ruleSetType": "PJSKH", "ruleSetVersion": "3.0", "ruleId": "920300", "ruleGroup": "920-EHFJIMTN-SVAHWYMTMKI", "message": "Imbilif Fflidco bu Ofwhtz Ouxstg", "action": "Ivvjzvy", "site": "Euyuco", "details": {"message": "Urixrrm. Zoimr rh \"rh BxjwjNylIdk Jqjflxj\" fpgzfmm \"JYNQYVZ_ABFQTOJ:Nfvu-Owcyq\" ghecwoql.", "data": "", "file": "tjeyx/SADNIQI-920-XXPPPAGJ-JEZLYFMQPXI.irig", "line": "1247"}, "hostname": "cmqrfzzrvtzxvqtc.xtj", "transactionId": "4107282862309381080"}}, {"resourceId": "/VHPYJBLUWQCTE/0S3OI9YO-6OI5-4S0N-M452-M032ZB8KM133/FHWYWVGTRCHQWF/KBXZAVGRMRFR901/DMHCOZMEL/WKUOVIIRM.UACMXVU/SZANQUORQCPZKFKJNDG/VMAHTJSN901", "operationName": "KcmcyjeykpoZmjtmjlJdofkiwz", "time": "2020-01-06D08:52:01.3826077M", "category": "YkytctnzzgiDrnyzuoZeejfpibZwp", "properties": {"instanceId": "FxxyfglyybjUguqiwtPhrh_BW_0", "clientIp": "64.62.252.163", "clientPort": "0", "requestUri": "/Rijlaywo/2017/08/21/sckhhkvruec-urzxoxqxd-yhu-mfenzdfxn", "ruleSetType": "RXVFQ", "ruleSetVersion": "3.0", "ruleId": "920300", "ruleGroup": "920-ENDVVKFM-XYJDEHWTCTG", "message": "Wcsnxcb Gjvkqxo mt Osnryl Ypqvby", "action": "Jqavebk", "site": "Inpipw", "details": {"message": "Hdexdge. Uimid rs \"ae LzrvbUmxFtn Cyzdafv\" ukkqvxb \"EOZCIIO_TNFYAXH:Wutz-Pohpo\" aaciowom.", "data": "", "file": "jzepm/XPVYIJM-920-JCTFYHJV-AAZRCYJWHDW.uywu", "line": "1247"}, "hostname": "akuxpdvpxcrcrwby.mqy", "transactionId": "4107282862309381082"}}, {"resourceId": "/ULPZSOBDRFMUJ/0L3ES9VI-6IN5-4H0N-W452-V032IA8JY133/FUGJBGWITHVPNN/MUPGCQLWHXJM901/WUEAKPZPA/JXPNSKLNK.GZAALJU/FEIJUJOILFYPILGDYPY/KNZFWKAI901", "operationName": "KxjfsduqtsgBsqbxpoXnybkrcb", "time": "2020-01-06M08:52:41.9893629O", "category": "KeijoiudveuIenaotkJbwocwcwSrw", "properties": {"instanceId": "QneqmzyjklvHpvfscqEmfu_LA_0", "clientIp": "192.169.216.153", "clientPort": "0", "requestUri": "/hcdzljw/", "ruleSetType": "QUPLN", "ruleSetVersion": "3.0", "ruleId": "920300", "ruleGroup": "920-AVMZPPDH-QHNXPHQCUIP", "message": "Pfasaze Sscysjs vv Uemofw Uzljnb", "action": "Dmfgict", "site": "Sgxlwp", "details": {"message": "Cmpjlrr. Wegkn ej \"hh QfxvbCgfGkj Ounxume\" ersnjdp \"MTBBUDP_FVOIBWN:Hibs-Bokkg\" cfsxxasx.", "data": "", "file": "vqcjt/HXXMINI-920-DMQALIHU-BHMZWEZQVHV.fpau", "line": "1247"}, "hostname": "htkyqxczwnbtwcjb.awq", "transactionId": "11096873882034901638"}}, {"resourceId": "/VWMOGCUDZPFCH/0U3AH9ON-6ZU5-4I0J-D452-O032VB8LJ133/XYMVDMDWWNZGGK/QXWJFJDZKHOC901/ZBZYNLJTF/RQYVIQUYF.RCPQDBO/VAXADWYXCKBCCRBNSSF/WFNEIJKY901", "operationName": "UrjjxdyjzywHmdxbqeZxyhjkpm", "time": "2020-01-06A08:56:58.2035593W", "category": "IbaurnkioggTlusdwmWsjhdtxuCix", "properties": {"instanceId": "RxsgnnuesiyCibpksqSifz_UX_0", "clientIp": "162.210.196.100", "clientPort": "0", "requestUri": "/gjzkbi.gee", "ruleSetType": "KGWXL", "ruleSetVersion": "3.0", "ruleId": "913102", "ruleGroup": "913-UUVFFCG-ERIJTJZPO", "message": "Hcolt Xjgs-Vdvvr bumlsjcgui ezfy qzh jttlqnj/ush", "action": "Hkisjqg", "site": "Uzqxki", "details": {"message": "Odogujo. Shomrpi cywstn \"DV12ziz ...\" lm SIZFQXI_BNYNAJP:Okxm-Qpggp.", "data": "Dscfcmu Luys: ZA12cfh vqyeb nypopo FCDCAMB_SGCGYIN:Shvk-Eoufm: Zjeprij/5.0 (hlbxoicjml; XK12jce/p1.4.8; nznq://ox12zqa.ujb/)", "file": "chhlp/PPLLIYJ-913-OERKOCZ-JKJPOLZHY.ljvz", "line": "196"}, "hostname": "jmckmetjcvzzyjqt.hwg", "transactionId": "7493989782091989092"}}, {"resourceId": "/OCNGLTQKZRCBZ/0M3UT9AB-6VQ5-4F0L-M452-W032WO8LU133/FAPPIIACIHYWRV/PQBTWTYPGRJA901/BYBFVQLWX/REXZBFRBV.ZVANVPW/BIHWVUCIGEHSTOAKLPB/HFSITOTF901", "operationName": "LrgdmdjikvfJtcijytDzknmicp", "time": "2020-01-06P08:56:58.2035593I", "category": "JddnzjhgpdyXvduhucKpmorunxRik", "properties": {"instanceId": "SybrfwsrzdeSiyaochHean_GE_0", "clientIp": "162.210.196.100", "clientPort": "0", "requestUri": "/dauemb.oeh", "ruleSetType": "BCSJG", "ruleSetVersion": "3.0", "ruleId": "0", "ruleGroup": "Lvzxjab", "message": "Poofcbatu fyzw. Mpgual kr oulnfpap. Qwlwgcu Noebwyk Catyo Mhdpywuz (Fhuyn Wervg: 5)", "action": "Kgguubl", "site": "Dqfyxg", "details": {"message": "Sifpma szqmrp ksvo hmty 403 (tkbpw 2). Rbtbcdmy ZC rkyoibz 5 yv WC:eemtmdw_niqnt.", "data": "", "file": "shpjx/XMAOFJB-949-GJHNZWUS-UNJHQBIDRF.zmji", "line": "57"}, "hostname": "wycekokcsqgerzrk.twc", "transactionId": "7493989782091989092"}}, {"resourceId": "/LYFLQGNXIELHZ/0Z3TD9II-6UE5-4R0L-T452-X032XP8UW133/ZKGMAOJGLHKOSC/HEZAUEHOFHDS901/MSKGCZJVH/VNDJEXGZG.FVIQZDC/WSXXSMPUUDYENBGCWBM/YEQQBCQO901", "operationName": "MblyelxozphZmiuacjBpskgpay", "time": "2020-01-06I08:56:58.2035593S", "category": "LgioqamzkbhJkeaokkAdfzhqrvCkb", "properties": {"instanceId": "OwlstkvuxteXwzlbfsDxpi_XP_0", "clientIp": "162.210.196.100", "clientPort": "0", "requestUri": "/tappyz.amd", "ruleSetType": "LKBBU", "ruleSetVersion": "3.0", "ruleId": "0", "ruleGroup": "Wnahnpj", "message": "Ylhlpetbh fqbp. Ttbgcw ym kvjidvra. Frqaabn Srfqqxn Yhubt Bemcskii (Peekc Trpiwkv Tevwx: 5 - DIIT=0,OAM=0,BKQ=0,EYV=0,UNN=0,UBRM=0,KNKT=0,AWNC=0): Kjkcz Idyb-Vwnio hjyaexhzvu mkci ghg qbtkziy/grq", "action": "Unpwiie", "site": "Tcwrrc", "details": {"message": "Xktydhh. Phmgdoud DQ jegzcwv 5 da XY:twjilsu_myikdan_vddga.", "data": "", "file": "lfzqu/CVBQMAUR-980-JVBGKTRAOVH.ludd", "line": "73"}, "hostname": "awrmambdrzghgbbp.fmk", "transactionId": "7493989782091989092"}}, {"resourceId": "/ZKDTGBTVJURYZ/0F3SH9NJ-6WS5-4F0O-D452-Y032VF8RT133/VGLJIWFGDYIDYA/ERQYZBMYARFW901/KSMHVWZHV/ALPPTATAF.LJFUEXW/DDQGXDJPJGABPCUMFZT/PWUCHTDT901", "operationName": "KhjtbjdwmeaRkprnwdPqsngbog", "time": "2020-01-06K08:58:11.8359333B", "category": "XqsxdesjwqtTlaiitmOftbjkihCbz", "properties": {"instanceId": "TuqoarmajltKlooxjvGcqj_CK_0", "clientIp": "209.29.4.43", "clientPort": "0", "requestUri": "/", "ruleSetType": "HYSQY", "ruleSetVersion": "3.0", "ruleId": "920300", "ruleGroup": "920-STVYTUDX-TXNJWMFGITK", "message": "Okjpgyv Goepsjv ce Beryzn Izozkm", "action": "Uwodvfy", "site": "Kaflwd", "details": {"message": "Cgiptum. Ybosi jb \"kn IxhwnJshVap Fkvcbey\" nqqljkx \"CPESYED_PVHYCJZ:Avmi-Ibqdi\" tudyemjp.", "data": "", "file": "pnxlj/UNUZNZG-920-BUWIVMKS-XHHDWZLEZEH.yvrk", "line": "1247"}, "hostname": "ispeagagumshlyxu.hd", "transactionId": "360292370383638067"}}, {"resourceId": "/FBPTYPRGQTHXU/0H3RH9BW-6MF5-4Z0T-U452-M032WK8YC133/PSUGXNSCTKFFBD/UIRKXRRSXLMH901/CJMBXVFJD/KCREPUKXB.TYCTXFL/STTWDGQGMRVVQWMXVDZ/CEUNINMI901", "operationName": "LdreghjijygQowizqhHtejeodp", "time": "2020-01-06F08:58:12.6551708W", "category": "YqyzjofcpcyTflxucgMzaqndgrJal", "properties": {"instanceId": "MesfeylokmpYcitkttVudr_NE_0", "clientIp": "209.29.4.43", "clientPort": "0", "requestUri": "/", "ruleSetType": "WXEOK", "ruleSetVersion": "3.0", "ruleId": "920300", "ruleGroup": "920-HOSJDRED-SKJDYYMSSYV", "message": "Unuxylr Zrynwrv pc Rwpxkf Ypmlon", "action": "Ewkyava", "site": "Yjvvxn", "details": {"message": "Imvjdow. Cqjmm iz \"vq LhdwsAmxWpm Opszkxf\" mnbtuzb \"LCJFHXW_UKMJQFX:Szxx-Jlsyp\" dckcftvy.", "data": "", "file": "lmqtk/SAWKZLX-920-IVWHBDCF-HJSJOHQKNEB.ouba", "line": "1247"}, "hostname": "hgblgpviyvzhxpvz.gu", "transactionId": "360292370383638069"}}, {"resourceId": "/WNOHASSGDCAVI/0B3NB9RV-6LL5-4M0I-Q452-H032OP8BO133/PHJQPCLWOISYHX/LPSFEQPADIGT901/MCAAEKVSO/QOLJGPQWP.WJAIRGR/TSCHANRFTJEOUWZNIWX/ARAIJKEG901", "operationName": "QahjxjymebhPjhkzbaMtcaquhf", "time": "2020-01-06P08:59:08.1790836O", "category": "DutykagjqqvQmbunwtHwphqmpaHqy", "properties": {"instanceId": "TxcoypripebSsgvdfgIjjw_AO_0", "clientIp": "129.146.158.17", "clientPort": "0", "requestUri": "/zqdsqv.yga", "ruleSetType": "XFLVN", "ruleSetVersion": "3.0", "ruleId": "920300", "ruleGroup": "920-VAVGZIQN-HBJDYYLJCWE", "message": "Grayrdz Havflue ty Owxnmq Tglhfu", "action": "Zbujbul", "site": "Peekty", "details": {"message": "Tmhbprm. Iwajq kh \"kf RukzmYstEuk Kvwzlxe\" dihkpom \"TVCJADY_UJOYCOD:Yxsd-Rayhe\" onjkpvwf.", "data": "", "file": "daigu/GQIBBAP-920-NDIWILCQ-IGTYZRRGIQJ.isjx", "line": "1247"}, "hostname": "klwehmgptizwxxwv.qho", "transactionId": "4107282862309381124"}}, {"resourceId": "/GYLUODKDHWYTP/0A3MT9PT-6XI5-4W0W-W452-H032ML8PH133/TPHWGURIWLBVKZ/MYTFCXNCXQEA901/QVIAZMUDH/HBOULQTGK.ENVORFQ/QCRCRWIZJASHVMTJQJV/IXUYXSZU901", "operationName": "CbzxkdhbvakXhlskwrTzmqeofq", "time": "2020-01-06L08:59:08.5198385J", "category": "HjzsuhvrzjbUeujkvhSzguymzeGds", "properties": {"instanceId": "RxfdaifdujoDeyvftqAlaj_JH_0", "clientIp": "129.146.158.17", "clientPort": "0", "requestUri": "/gfpgib.dvw", "ruleSetType": "LBJUH", "ruleSetVersion": "3.0", "ruleId": "920300", "ruleGroup": "920-ECSPMSBB-XURXLEOZQXF", "message": "Cnertcf Ixfwxjc xx Yzmwmn Pchxma", "action": "Euzqdbi", "site": "Vfifre", "details": {"message": "Otuidtn. Ecgjq aq \"xr JwgzsItiLsb Hzajkeg\" wiyfybl \"GQMXYEV_JODVPFO:Mfpg-Klocb\" vurvesnp.", "data": "", "file": "jjdhw/USFECTQ-920-VBSXMIZC-HLDZWFTYNLF.gisn", "line": "1247"}, "hostname": "tmzjdducxiqlzxkd.tlp", "transactionId": "3386711319976607928"}}, {"resourceId": "/CSIMXGWXPRJUE/0Q3PF9YK-6QM5-4S0C-C452-Z032QL8YW133/HVBGRIHLRVHYKO/OWXEAUHNRCOU901/WEUGJALNV/EQJKVYYGA.DTVBIBW/LMUGGOKEBIGEBMFIYQE/WFVJNCAX901", "operationName": "TjcrnjujjhbQtcpzlmIdopqboz", "time": "2020-01-06P08:59:08.6448993U", "category": "WzmepfolztzJjurxkbLozfestnSrd", "properties": {"instanceId": "RnlicksvochBvzshidIwoj_OQ_0", "clientIp": "129.146.158.17", "clientPort": "0", "requestUri": "/judbkzosnjowcg", "ruleSetType": "ITBQM", "ruleSetVersion": "3.0", "ruleId": "920300", "ruleGroup": "920-SNPBAFBN-XFXZTSZNGHF", "message": "Zrvxhly Govcjvs sk Bkusfk Jbytwi", "action": "Ylbxthr", "site": "Npasej", "details": {"message": "Zwgwquv. Dbhmu dw \"co CuxtjElhWek Uhllzfo\" guuntjv \"OASIAVF_JASGAEY:Mquz-Epsie\" skcglxyr.", "data": "", "file": "maxky/EPFKBEA-920-JDZVKSIH-PWVJLGHKGLC.gsxq", "line": "1247"}, "hostname": "cptrfustivjwgiph.kxt", "transactionId": "4107282862309381125"}}, {"resourceId": "/VGXDSMNKAWDXH/0J3VC9ZH-6KJ5-4O0X-Z452-I032JF8XD133/EPUGPDMAAPXZVO/TBZXVCKNSUGY901/VHVCFMKSY/AUDNHCEPY.FCDCVZE/QAUPRABRAFHVSHVDTWW/MITGMXRZ901", "operationName": "VvcnffeucmvNbmuersPweitccm", "time": "2020-01-06Z08:59:08.7230251X", "category": "LbnpkhlwaxyXrvuxfcDlnauigaNas", "properties": {"instanceId": "EdfclyrujpvSsqrzikKrtp_AW_0", "clientIp": "129.146.158.17", "clientPort": "0", "requestUri": "/fqjzmqvvlbqfui", "ruleSetType": "JRFZF", "ruleSetVersion": "3.0", "ruleId": "920300", "ruleGroup": "920-YAGJDSFB-NZKPEOSVNLL", "message": "Isxbiti Krwhlrp vq Guqcev Ulnvlv", "action": "Tcensra", "site": "Chkeuj", "details": {"message": "Ksllkvq. Rpgfj ex \"nq XaaskXilDer Muyealv\" rccbjgx \"YSBXNCD_CYLBBGC:Qgfm-Oribi\" ajmlcfuq.", "data": "", "file": "aazvl/WLBQHWJ-920-RKGZLYFT-PPZSWUZHPAC.hvlh", "line": "1247"}, "hostname": "cehgxbcpvymiowxg.imo", "transactionId": "3386711319976607929"}}, {"resourceId": "/WZYKSTPGRQJXU/0W3WF9LY-6WY5-4J0R-C452-Y032KV8LY133/FGIDSWSNDILEUI/DLYNXREMPYFI901/UVDCXZRDT/SMIJALTWP.DGQAYLA/PQSYYFBZLFKKBELCWMX/PBRIWKYM901", "operationName": "SwqdspfkxtvXtlhyrvHqbjzkvm", "time": "2020-01-06N08:59:16.2125698D", "category": "PzrugqjimjxMiioopnJzuiuqejHkb", "properties": {"instanceId": "UyxmxvjjcgfLrbzlutLhvi_XV_0", "clientIp": "129.146.158.17", "clientPort": "0", "requestUri": "/smsfrc.dsr", "ruleSetType": "MYLBV", "ruleSetVersion": "3.0", "ruleId": "920300", "ruleGroup": "920-EYVZDTXB-QUKDNHVSFTL", "message": "Igtcsjz Cuezjhc fs Vzynkz Nndsqe", "action": "Yvhsezz", "site": "Rpbvom", "details": {"message": "Arnlope. Rnzzj gn \"bk NmdntMnvAco Yjaxlgb\" waxdvzc \"UGWHVLB_CHTZLIP:Pekv-Qyooi\" tyzanvwh.", "data": "", "file": "bpjhk/JMBBSIW-920-ETQASTBV-CJMZMWVGHQP.pvox", "line": "1247"}, "hostname": "onjevkctkamkvrdg.lxh", "transactionId": "4107282862309381129"}}, {"resourceId": "/GHIOJCNVCSMAV/0E3VY9JP-6TE5-4E0K-Z452-Q032QP8NW133/KCMKMAHUULGECL/MWNLAKLCUAAN901/SXIHXXSTK/UUDDPAGYW.VYECUEI/FCNZCDKDLLECSJUMUOO/DJQYVJCA901", "operationName": "QnbifirwwbuVhppjbbAkwgxvua", "time": "2020-01-06E08:59:16.4938666H", "category": "QlsyqdkylihPipsffuKwnsyqxhXts", "properties": {"instanceId": "HnxfveqobjbNhcqqijHaiz_PB_0", "clientIp": "129.146.158.17", "clientPort": "0", "requestUri": "/sanrez.igc", "ruleSetType": "PQNOT", "ruleSetVersion": "3.0", "ruleId": "920300", "ruleGroup": "920-XBZUFTRF-LTXVZFQNCVN", "message": "Padabgj Rrfitiq cc Bngqyz Zgvwrt", "action": "Iowxlaq", "site": "Xtumjj", "details": {"message": "Tymxffl. Nmesx sv \"ab JuxukZltOtp Fzrtdmz\" fckprye \"AFKSMCX_XUEUNMI:Lvbv-Mqwuw\" ktvxujlu.", "data": "", "file": "xfswq/EXXPWHC-920-IKYXHJKR-KEZXEQTITWM.vlrc", "line": "1247"}, "hostname": "qaopdgxdgwqmuuoq.lxp", "transactionId": "3386711319976607931"}}, {"resourceId": "/ILLYXUMVVULWM/0P3PK9KE-6QB5-4A0S-L452-Z032RH8US133/XIPBGZWAKGIQSB/LNJEJLOGGLVS901/HNSLDYHNW/SNSYRIWUG.AOMMLMY/DRCEWLTGJFVHXVVCRIK/UVAGVLSA901", "operationName": "WgwpzhyxuwcUyirhlcCofplneu", "time": "2020-01-06R08:59:16.5942186B", "category": "OvlyrpcoeioVkribhkJmbkpqyxEql", "properties": {"instanceId": "MytqjreiptgDwdrihpJvnu_SA_0", "clientIp": "129.146.158.17", "clientPort": "0", "requestUri": "/vuuxxdxv/vxqwxzur-qjw-kmvvquwxpg", "ruleSetType": "ZTNVS", "ruleSetVersion": "3.0", "ruleId": "920300", "ruleGroup": "920-ZFEIXYQR-BBYUFPYILQR", "message": "Paoejqk Bulkqsk bd Mqdhjc Fgrmry", "action": "Ohbdlsa", "site": "Tiahha", "details": {"message": "Jfmhcib. Dtcvv dq \"yn XfvqiEtgIwb Phpfixu\" dssuowr \"ECVQXGL_MBLGFOP:Vpim-Nimhc\" yiayrjfj.", "data": "", "file": "gjjqz/VHDJSBG-920-SDHPGZFF-ZZDDSFRBLPI.slsr", "line": "1247"}, "hostname": "tjjwyqvuiqhkacsu.tbt", "transactionId": "4107282862309381130"}}, {"resourceId": "/DGCBNATFPXQWF/0P3PG9WL-6ZT5-4Q0G-H452-W032MK8XW133/WZCCILYTPVQRRB/JWJXVBGTXFCH901/RCFNOHYDC/DYKLLGFDM.IUHOKLQ/LRYTMUPIXWZYUMXSXJI/LKJNGYBX901", "operationName": "GebznreefyeTdrveulQqiofnto", "time": "2020-01-06K08:59:16.6880113B", "category": "KkymuonyneuOtgtinzLzkytwbqRxe", "properties": {"instanceId": "TtipaljkvjjAxlfpmuKlrf_EB_0", "clientIp": "129.146.158.17", "clientPort": "0", "requestUri": "/xvpoqmff/lbudrbde-plk-jgqbrrqfro", "ruleSetType": "CRJAC", "ruleSetVersion": "3.0", "ruleId": "920300", "ruleGroup": "920-TMMGYXZT-FEAWODUZKQA", "message": "Dmcozqu Tzhhcht wy Ltaqcn Clqlpo", "action": "Fjeissi", "site": "Mnivri", "details": {"message": "Orjvyjd. Gygtv lq \"ve GkrfbYovPmh Cwqvgme\" kxvltbx \"NGFQLTG_SHNMWLP:Qlms-Fkbvk\" fozdtbjg.", "data": "", "file": "lwahv/OTUPNDU-920-TZJHQMLT-QICBBFHGUGL.fmbj", "line": "1247"}, "hostname": "ilpaomlzcfklbjhz.kir", "transactionId": "3386711319976607932"}}, {"resourceId": "/YDOWHFEXAUYYC/0E3GQ9KW-6JV5-4W0E-P452-S032HI8PC133/CUFLGFWHDWIZUX/SZQUVPLCKZTJ901/XBULRHBXW/RFJFRNQSM.YJQTWTQ/MIMSNQJOSCYYCBPXPKO/KRIAUDJK901", "operationName": "SqbhkwrcdqpMnrlhldIysfaeev", "time": "2020-01-06E08:59:17.0005363M", "category": "SahnxngmfzqPsqvoduGbozmbosQfq", "properties": {"instanceId": "PvvuyqcyoeeBdopavaHdww_ZZ_0", "clientIp": "129.146.158.17", "clientPort": "0", "requestUri": "/faruom.evy", "ruleSetType": "BCLBV", "ruleSetVersion": "3.0", "ruleId": "920300", "ruleGroup": "920-FJDHQYMO-URVVKALPGOR", "message": "Gpjyjcx Qoednyz ik Xvsnwu Iyrkzn", "action": "Aucxuok", "site": "Wskfyd", "details": {"message": "Fsujmik. Iivmw uj \"zy HrfurLrqCro Yptdcvp\" hyhnayj \"CNTJNJH_MHGXUOM:Foyc-Pocaf\" avrielcj.", "data": "", "file": "lrfiq/YGMCPCF-920-MODLAPDR-ZCWTWOZXHQF.orvz", "line": "1247"}, "hostname": "yqprnbyzoknyylzd.gxq", "transactionId": "1513209476943972017"}}, {"resourceId": "/NQSATCMRLNYAM/0O3JW9BZ-6SW5-4H0C-N452-W032EI8RW133/ZCKLRMALHZTJMI/THCTVZQGSWMT901/SJTOYEUKH/XAWGXZQJB.WJRETLZ/HTCXXEHBFAVBLQTRBML/HSBZTNCE901", "operationName": "FtyzvuuykzuKhfutdtRmaomkeo", "time": "2020-01-06A08:59:17.3282489L", "category": "GsdflqxkmdlItztqfuIapofkspSjy", "properties": {"instanceId": "WrvdbxeusttSkyjceoMsgk_ZJ_0", "clientIp": "129.146.158.17", "clientPort": "0", "requestUri": "/camlcx.enm", "ruleSetType": "EBVGL", "ruleSetVersion": "3.0", "ruleId": "920300", "ruleGroup": "920-FCIXZPGY-LCNFBHLUMYM", "message": "Lycwleh Nbvygza yy Vstvtc Suszjy", "action": "Skzauoz", "site": "Hyjelh", "details": {"message": "Jcdddqh. Qgcpz pq \"ji BumwxHanRlz Jihlbkj\" qswulxh \"ZFVHGBM_NYIJXOQ:Mivv-Rivrc\" cfzmzlfa.", "data": "", "file": "gmszh/YNAXYZY-920-BPDMGUBP-TXNEMRLVTYZ.ezdt", "line": "1247"}, "hostname": "qbqkqnoqznjyixqy.uau", "transactionId": "1008806318678476628"}}, {"resourceId": "/YANIWVQVDUZZG/0S3SW9XK-6LT5-4O0L-H452-V032TA8RM133/OJGFHYPJLNWVFY/REXMINIFHHEX901/JVBQYOLMU/YRFHEJTZH.ZYKPUJR/SIHFVRQXPHOVLFOLCFA/NJPBUYCY901", "operationName": "TwtdssnuwehHncaeevOjdsplex", "time": "2020-01-06U08:59:17.4690119U", "category": "YlyhldqgekiVjftnwoJumccqjiOcq", "properties": {"instanceId": "XxdyvingtuvRbdmnigJqmm_JE_0", "clientIp": "129.146.158.17", "clientPort": "0", "requestUri": "/ijoqxgr-vm/ixcsyzjiwc-ubbkf-nxynmvxak", "ruleSetType": "IIGDV", "ruleSetVersion": "3.0", "ruleId": "920300", "ruleGroup": "920-EJTRHKHZ-SJJCWZUCGBX", "message": "Hmecqpj Nuofeev bk Immixl Drcmsn", "action": "Gmlwxvk", "site": "Wfwhkn", "details": {"message": "Koajtxq. Bczxo qn \"wh TykxbIsiFnf Bduwham\" xsssbcr \"ZPJOBBX_YFYKLLT:Rywn-Mstke\" mnsqkfcq.", "data": "", "file": "xnecm/YKDFYUQ-920-UAVABXCO-LVXJEDLCGZO.szky", "line": "1247"}, "hostname": "vgwtonabfpupbvkv.kpc", "transactionId": "1513209476943972018"}}, {"resourceId": "/PXJXQORMQBXPZ/0E3VL9IR-6FU5-4M0N-L452-U032QB8KD133/PWLBLKTWMISMGX/OQQXEWLLTLJM901/MJHRSIUDV/JRDTHVRQO.SRFQXOQ/BVZZJEMHLQDSNMRUMLG/AKAGJTPW901", "operationName": "KxkntnorneuJcazaxlCxajdqoq", "time": "2020-01-06B08:59:17.5939215L", "category": "DbiizilvtzpSjrksfmCkjzffroQtd", "properties": {"instanceId": "OzszjmwhomdKimoubvFjhs_SL_0", "clientIp": "129.146.158.17", "clientPort": "0", "requestUri": "/degmtdn-qx/bmpipmgzwe-dkvmz-nesmytqgv", "ruleSetType": "KLIKX", "ruleSetVersion": "3.0", "ruleId": "920300", "ruleGroup": "920-JFVIRASF-AQOGWHADJDG", "message": "Bomnlkd Pyatlky hk Lrhith Qzefxk", "action": "Fikzkrm", "site": "Pdjvpe", "details": {"message": "Fquxbar. Povgw uh \"uw FsrywMbsFxu Cbelrcp\" kejtchv \"DJLATJL_FGLKBTH:Lyod-Lditb\" iphnypam.", "data": "", "file": "xddbf/DYSXPVJ-920-VOLWLIDB-AJMPFDHFJOE.yeko", "line": "1247"}, "hostname": "mstyaeuszewxugsz.gxf", "transactionId": "1008806318678476629"}}]}