{"logs": [{"resourceId": "/UGRIRJATNOTUE/0R3HU9AV-6XZ5-4J0E-K452-B032JC8OB133/ONVZBWRNPAPHUQ/PHVVMZMANQOM901/NDJSWJHLV/OAAULELIW.KVCKZGO/UYZFOWEHJSKXCNFEHBD/ZBNPUUCV901", "operationName": "VzzweeknfsgLdropuuKcncsxei", "time": "2020-01-12U22:03:31.5543326Q", "category": "WibyssnbmavEjxqfcaYgdkexdiZdi", "properties": {"instanceId": "XngswogrtsgHmlaqltIlbr_PP_0", "clientIp": "35.185.81.91", "clientPort": "0", "requestUri": "/dodee-bn/xvcfsziulyxfb/nfkitrukr/yuettcvoo", "ruleSetType": "JSRKD", "ruleSetVersion": "3.0", "ruleId": "942260", "ruleGroup": "942-WTJZKAICSUS-THKLYC-KCDX", "message": "Ukqtsmq hjfor ADH ccvfhibvmmorjf stjfev pmanaumo 2/3", "action": "Tmutdxk", "site": "Maiylm", "details": {"message": "Xcirksy. Bcwqkjc eyqrv \"(?y:(?:dyvdw\\\\u*?(?:kiq|xnmjpvfa|[(!@]*?)?\\\\g*?[([]*?\\\\h*?oqtoth\\\\v+)|(?:\\\\x+\\\\w+cgox\\\\i+[\\\"'`])|(?:debq\\\\g*?[\\\"'`]\\\\%)|(?:[\\\"'`]\\\\x*?wupm\\\\O*?[\\\"'`\\\\o])|(?:[\\\"'`]\\\\k*?(?:v?tkn|d?m?bn|rkj|mdec|xqikyjs|bkq|gbz|\\\\|\\\\||\\\\&\\\\&)\\\\o+[\\\\j\\\\m]+=\\\\u*?\\\\z+\\\\z*?w\" wl ZTNAPXF_YMAOVPY:AWSATNCYT ....", "data": "Jklfaux Fdij: '}#lfriabjdbbu={f kcqif xguxjd HFUZRVG_QQUTFCE:POTBDFSYP: afyhtzoj=AMKL#=43530331&FSPVXNF#=21322963&pvbhwqeujg#=84307gbqhsx7pw69t2794712515n143i126y#jsdfhelgu={lv '2020-01-12 16:02:19'}#jfwygxxflcm={yh '2020-01-12 16:02:19'}#zkuoxvyb=2#vsovfuf=21322963#mcmk=43530331#", "file": "jqvqa/PMEHNMV-942-FCROUTRMGKC-EIAEJI-QIUT.ecaq", "line": "701"}, "hostname": "uptcnxxxhdhpjuff.wac", "transactionId": "6269010683447222303"}}, {"resourceId": "/EAFDMYPEYGZJX/0S3YR9UO-6FK5-4E0D-J452-R032TU8KG133/PIEVLLMOPHKLSP/VBHEXKXRJFHT901/TTWEXMOFL/SZJPLWPGC.PYODUEO/DVVWBVBOMVARIBMUSBJ/TFCXRIIL901", "operationName": "YvcxehbbnyuVfmrbeeRcexzxjf", "time": "2020-01-12N22:03:31.5543326X", "category": "BmwfnxjkntjUnfwftgKscjrczgUbv", "properties": {"instanceId": "ScmpklefzdxQeenmlzHevg_OT_0", "clientIp": "35.185.81.91", "clientPort": "0", "requestUri": "/umrlw-ei/yrzywzribloyx/mbdbojfvg/yvsjirjdw", "ruleSetType": "WKLTK", "ruleSetVersion": "3.0", "ruleId": "942370", "ruleGroup": "942-NYSRSJGKSCU-DHGPLY-UXNN", "message": "Lszznmd gmbbvmn KYS jznmarebv bfarcdoi 2/2", "action": "Yflktby", "site": "Eplhys", "details": {"message": "Ewkjkbu. Hxurqey wrlws \"(?z:(?:[\\\"'`]\\\\b*?\\\\*.+(?:h?as|gfd|ebzo|hquzicz|pov|dk)\\\\E*?[\\\"'`]\\\\r)|(?:\\\\^[\\\"'`])|(?:^[\\\\x\\\\f\\\"'`-]+(?<=fox\\\\k)(?<=sd|aqo|jbz|jelk|rlhhoqy|ubh\\\\e)(?<=ndu\\\\e)(?<=gbky\\\\b)(?<=aii\\\\e)(?<=\\\\|\\\\|)(?<=\\\\&\\\\&)\\\\a+\\\\()|(?:[\\\"'`][\\\\h\\\\v]*?[^\\\\f\\\\q]+\\\\D*?\\\\k\\\" gz ONYVFZM_QKHTZTG:ESWPBOIEB .... [kqrc \"U:\\UkoPtdbkajrPMJ\\JbqcKpja/wta3.0/sqsxz/YMECWNF-942-MLEZPUUITKZ-EAICMD-DSQW.mueq\"] [zqqy \"841\"] [ny \"942370\"] [mad \"2\"] [cto \"Ymptnga wapdwpt CTU drnmohdxx kgzejcvl 2/2\"] [joxp \"Byfvvzu Awdb: '2020-01 xafff iezlmu FWXKZMK_SVQISBG:GXXALCFVU: gdrkkyvw=FOGU#=43530331&MTZQEJK#=21322963&bycxulaxos#=84307jpwygm7bs69v2794712515h143g126q#gsgqcyyjv={dk '2020-01-12 16:02:19'}#yjxbzugviqb={cw '2020-01-12 16:02:19'}#yedwcmua=2#glcsnsi=21322963#ykfb=43530331#\"] [qfokkric \"FNZRPSYT\"] [nyk \"YFLTF_DFK/3.0.0\"] [wnzhonvh \"9\"] [whtyyfiq \"8\"] [doc \"lfheodegevu-xpvyx\"] [zux \"thitgolo-aqwpy\"] [piv \"uuhrywko-yiext\"] [ohp \"jxrxse-axqd\"] [xti \"IHIXS_ZBG/QJZ_JRVIRY/PVX_KHKISNUYK\"] [pie \"UOBANG/SLHK-19\"] [nkc \"KNNTC_VDH_1", "data": "Jtfztgx Gkuy: '2020-01 cdovl rnvmdo IPAAGED_DJSXSQB:YRWELNXFF: jcraeqpi=TATV#=43530331&XQHXFTA#=21322963&gtmvkzjlpq#=84307tvhhrg7gj69u2794712515p143s126y#iiqddugch={eo '2020-01-12 16:02:19'}#mcelstxuqwz={jk '2020-01-12 16:02:19'}#nlzulmfo=2#akzitpx=21322963#egdi=43530331#", "file": "gnoax/HABNBUQ-942-OKUUNUFCATG-XDBOSO-WLZP.thvy", "line": "841"}, "hostname": "iknvlttwccvjupfj.yts", "transactionId": "6269010683447222303"}}, {"resourceId": "/MVZBOMKGDXZGU/0P3EN9ML-6GX5-4O0N-T452-I032XB8OK133/ZMQCWBGLXYSQHI/QBJCASHITIXC901/DJGTFWADF/KOILUTWBY.QVGLJTT/IDXHCPLIDWPXOXHEEIO/PFDTDTUA901", "operationName": "FhaxrvkqmkxNihprwvYmyvsktz", "time": "2020-01-12D22:03:31.5543326D", "category": "UxearagfzgqRxauzfsLndkywitUzp", "properties": {"instanceId": "HvmgeovneqdIhickmzZwpq_QP_0", "clientIp": "35.185.81.91", "clientPort": "0", "requestUri": "/sglli-bh/xqjfgkvzcxhyh/lmhppgocd/nsxuspixi", "ruleSetType": "DGSIX", "ruleSetVersion": "3.0", "ruleId": "942440", "ruleGroup": "942-RHHQANSYMEZ-WCMQEP-MDNM", "message": "MZP Jxxohyn Yqkbwqhp Kckgswsa.", "action": "Xdxvszq", "site": "Djakrq", "details": {"message": "Gupyqio. Zhmmxhc fjguz \"(/\\\\*!?|\\\\*/|[';]--|--[\\\\z\\\\z\\\\a\\\\o\\\\w]|(?:--[^-]*?-)|([^\\\\-&])#.*?[\\\\j\\\\o\\\\e\\\\r\\\\y]|;?\\\\t00)\" ow YPCKYJY_ODZOEXN:ZGOCSPOGV ....", "data": "Jsufanj Armh: K#=43530331&XZKYFMX#=21322963&fxsoisqdja#=84307akzdpe7qz69r2794712515i143f126d#grulebbek={nx  jidvy hrwdze VVEHGEQ_AQGLLGX:JXMPTVODC: rbaxtfgj=VCRW#=43530331&TGDGNLR#=21322963&czkphyeskk#=84307mqjhol7xs69u2794712515j143n126r#yxhykkhyi={ho '2020-01-12 16:02:19'}#arixfzqbpoh={ke '2020-01-12 16:02:19'}#uyjtzlfk=2#htqqejf=21322963#ulkf=43530331#", "file": "mbnou/YUOZBNW-942-PCLYCOLIJYV-MFLLQP-NZMU.vxey", "line": "1053"}, "hostname": "xpzqvlzahtvgnxdg.yxx", "transactionId": "6269010683447222303"}}, {"resourceId": "/NVWAHVAGCLHVP/0H3MV9AO-6FE5-4T0M-Z452-F032RJ8ML133/DXEYYKVOVDFVAZ/DECUYBIKMVWI901/SJKQAVFHF/CDUCMIQIF.XHAKEEN/OWLTPRQJMYVCRXOFRBC/NUNMISER901", "operationName": "HygcoeralwvErchnhsNceirlqa", "time": "2020-01-12Z22:03:31.5543326L", "category": "KyvufemhxpqEmuicgcDfvlaldhJrz", "properties": {"instanceId": "MmsvppodxfiYiibhjsUwaw_QU_0", "clientIp": "35.185.81.91", "clientPort": "0", "requestUri": "/knfow-go/nodomgbytcxyx/ospwyycnm/iykwcxwcc", "ruleSetType": "BMIJN", "ruleSetVersion": "3.0", "ruleId": "0", "ruleGroup": "Smzwhpl", "message": "Sfgvyrrui cerj. Mlypvv kh lwvowbzw. Ftplcdv Stxancj Mxvkb Hnslclgq (Pboeh Udllh: 15)", "action": "Fbcnnxs", "site": "Kqevep", "details": {"message": "Lfzouf ztjfjl bfnj rhvp 403 (dpila 2). Atbeuxke IL pnkvtkj 5 eu XF:oztybbn_gvwhv.", "data": "", "file": "bdhhq/ZGZIZTW-949-HCZLZPWB-ZAVHZYJBBO.zagc", "line": "57"}, "hostname": "mzamawwmqhhqfzrq.nac", "transactionId": "6269010683447222303"}}, {"resourceId": "/PGKQULCLLLXBK/0U3GY9ZJ-6PU5-4Z0O-W452-Y032JH8OD133/IRNLSETKRNIHBV/NGNDTKUQTRCZ901/JVBFEMFHZ/BZHFIHMSP.DXZAWGE/MBIUCTKAPQKVLVQUIOT/NPVXJZUX901", "operationName": "GrsnviwybktAsonxwaCyomuvzv", "time": "2020-01-12W22:03:31.5543326L", "category": "ImxzzwoxxicBqcfakdAjoxlsmbFwa", "properties": {"instanceId": "HhjjbjgofisShewarbHmef_CX_0", "clientIp": "35.185.81.91", "clientPort": "0", "requestUri": "/nhtia-cx/bupnficmgmoev/xylzurngl/finqbxbcj", "ruleSetType": "DAUBV", "ruleSetVersion": "3.0", "ruleId": "0", "ruleGroup": "Qgmofig", "message": "Olixsuwxj oxhr. Kudayp kj zookmxfg. Crryoqw Poqpgpq Uuqzn Cldsyotf (Gactj Pqxqkzn Oqgiu: 15 - PAQG=15,HQA=0,ELF=0,XKR=0,DQU=0,XEAO=0,IGEV=0,CZUK=0): GCB Asjybqg Knlrqiww Eolhjnjb.", "action": "Eaxrilk", "site": "Qhhgkp", "details": {"message": "Fxwysrk. Gzfcdlwc JO rjfiwkq 5 dx WR:xpnejwe_odrvias_ymaic.", "data": "", "file": "hsewx/EWTCEYOT-980-IMLSLWVOLST.jpfh", "line": "73"}, "hostname": "jealvlybbgktmnnv.izf", "transactionId": "6269010683447222303"}}, {"resourceId": "/HGLHXHNMBCRPX/0J3BC9XB-6FH5-4P0W-L452-I032OJ8OQ133/LCCHYMFBLWJQBG/CEWGVYVXWIKG901/ULICQOHSC/ADWFYTVVD.XTCEVZH/PANAVIUHWGXUBYORVWE/USROVKSV901", "operationName": "NytxouhuaesNsvcdlqOvjcpvaw", "time": "2020-01-12G22:06:38.7801917D", "category": "UqswrapkrcfWyvthmnSqzthfgfRlu", "properties": {"instanceId": "BjsnkrfvbjrIoctqvrZeyw_VU_0", "clientIp": "149.202.211.239", "clientPort": "0", "requestUri": "/", "ruleSetType": "ZKQWX", "ruleSetVersion": "3.0", "ruleId": "920300", "ruleGroup": "920-ILXHXETQ-LCBTPGYURBI", "message": "Thrdrkn Kcddues lf Qfwjah Fpovql", "action": "Ntbhmhp", "site": "Jgllij", "details": {"message": "Zdkxeco. Iwrac mk \"xq RfmupDhwYac Lqsvjor\" giuybgj \"UXYVRMR_VHVRPNE:Cvlk-Bzqrl\" eflpoinu.", "data": "", "file": "grygg/MLWXBKC-920-EKWAXZDY-KBMDNHAZSXM.qlom", "line": "1247"}, "hostname": "tuuqkjvjdfbynsin.rtx", "transactionId": "8718968880736773284"}}, {"resourceId": "/LVQGOVDWJACUV/0J3BV9KU-6GH5-4K0V-W452-S032GN8UK133/ZFFDMWFFBTBCYJ/UXVTMYNUIEOP901/IPECNWTGT/BXHIIKJPD.UNAOAVT/WCLAJXKNMSLUQQUTYNX/APBLQZXE901", "operationName": "GbiifayijraVjdtidrBkmudphv", "time": "2020-01-12N22:06:45.0668434K", "category": "MfwvdthmpltJxizmjfHqlvdfgzUsj", "properties": {"instanceId": "ItgvtvfggzwYmmmkdkNpia_SP_0", "clientIp": "149.202.211.239", "clientPort": "0", "requestUri": "/jherhahh-zrhhiojdt/nwwqezb-clmbyek/gyvukvii-jpaovy-pind/", "ruleSetType": "BZXGF", "ruleSetVersion": "3.0", "ruleId": "920300", "ruleGroup": "920-ZHLHXTAB-PFBFUPZQKUL", "message": "Vgveucz Kdundfn jj Pkzbah Sortip", "action": "Wjjtiiw", "site": "Howprn", "details": {"message": "Htbjyuc. Xsuqc kb \"us XmftqEacLqn Pwwmkyu\" pvgvgoj \"UNZZVDP_VMRXBUH:Eeib-Ohqzf\" hicvtvgr.", "data": "", "file": "afjou/UUVCCFR-920-FTBVQZXA-NLGMEZPAVLQ.jswz", "line": "1247"}, "hostname": "ouukpzmiwhdvbbop.yjv", "transactionId": "8718968880736773285"}}, {"resourceId": "/YJCTZAAIBMJXV/0G3RX9WS-6TR5-4E0E-T452-Y032TF8PZ133/SQIYFJRMDZAEEO/NUEPQYACNSMI901/LEKIKGRSX/CBTKEHZKI.YXUTBKT/GWTHRRCKFIHYJOVTNSP/MVAOBTAK901", "operationName": "NvmcgxjxpboXojtgdiKgghpeqc", "time": "2020-01-12R22:06:45.4132132C", "category": "OstornvxzwkRceytgiJmnkpfuhYbb", "properties": {"instanceId": "VykiofoylaoDnamkyfXtww_TV_0", "clientIp": "149.202.211.239", "clientPort": "0", "requestUri": "/uvqasspki-zehiedshblo-iyr-frnmvz-iammgko/zblvecdv-ivbotq-derd", "ruleSetType": "ESIPA", "ruleSetVersion": "3.0", "ruleId": "920300", "ruleGroup": "920-WERGQRMP-OYGACPNKGBL", "message": "Xxeapgj Rrtvxse uh Ddkhcz Ahpqoo", "action": "Udcrvbr", "site": "Xwyzyj", "details": {"message": "Mtnqyjh. Xpnft zh \"jd UmdwzUmlYsd Ealgevh\" mnmwzbq \"PZNSRCX_IKJIKMI:Xhkx-Xepvu\" jgrhqjqx.", "data": "", "file": "kvdyt/XKNSHXD-920-YSKHFKXM-QVGEFUOQZJJ.hzln", "line": "1247"}, "hostname": "coslzysgwnshoicp.tzg", "transactionId": "13258606101219253706"}}, {"resourceId": "/VBVIKLTUHDFCY/0F3BH9YK-6YT5-4P0U-O452-U032EA8UG133/CWCKIIUJRZXLIM/LGIXYYMPXJWL901/CKUJOAKVY/BMYAHWMYW.CYPDTNS/CZRDFAFVXFBINRKZMZE/BPPXEFBI901", "operationName": "MqfgdqeyqjhNunfpcmLnhsbfrx", "time": "2020-01-12R22:06:45.6693996X", "category": "SksvbkufndjUnesmftRtztatcxYpj", "properties": {"instanceId": "YmgutanublbJjzrrlbIqoq_GV_0", "clientIp": "149.202.211.239", "clientPort": "0", "requestUri": "/zcuvjtnas-tcgotimkggz-fxm-iqsyjl-jmpeunh/izvndlnv-rcowjg-xrqk", "ruleSetType": "CMRDZ", "ruleSetVersion": "3.0", "ruleId": "920300", "ruleGroup": "920-AUFVHZKJ-QYUIUHZOLGN", "message": "Yqslafr Ceagpcj nu Xufzhx Bvdplt", "action": "Jchhzil", "site": "Wewxlj", "details": {"message": "Mluwpyw. Xviib px \"iu MvhjaPuuYch Qjomgmg\" phhfgcw \"JBJNMLI_VZYRWLL:Ycof-Jsjtp\" hcuomwuw.", "data": "", "file": "zkzyx/AIFHAZK-920-AYWJXOYS-FDTGEWQTNDX.qzjl", "line": "1247"}, "hostname": "hoxfaxqqwwaoijfa.uvp", "transactionId": "8718968880736773286"}}, {"resourceId": "/FQFCGVXMHLVWN/0W3SW9ZF-6SW5-4M0O-Q452-Z032EN8OW133/MLCKKAHWMJIECP/RXQOAJUMFTXM901/MSKQVUQEU/GURHXOELH.XZWDPIV/XXZINAQDKPCTTOQLPLB/NUQQDGWF901", "operationName": "PslfohezlqtDuqxznbHdffpbfh", "time": "2020-01-12U22:06:46.6820922N", "category": "YddzpvwvvzkZnwaexmPgiajlgzIsk", "properties": {"instanceId": "FxvhglnugauOsnkuomAibi_CU_0", "clientIp": "149.202.211.239", "clientPort": "0", "requestUri": "/tfnsvjzv-wfmczqzsv/vwbloqj-fcbuvby/ryhdhumo-ejoela-mnki/", "ruleSetType": "XISDS", "ruleSetVersion": "3.0", "ruleId": "920300", "ruleGroup": "920-EDHGIYJN-BAGKOPSDZYO", "message": "Byohhmy Fgqufql hb Wvlxcp Zrbtfi", "action": "Gxdoajr", "site": "Jtjzth", "details": {"message": "Mglroik. Ilfmi vb \"rh YsfewEuxRoq Qgrpfnz\" llfvkpa \"UZAEXTZ_YYGEVSC:Hvlo-Vmmwh\" ptnofbjf.", "data": "", "file": "lnfpl/NRLWGFF-920-LAIQVWXU-MSOXSPBJWDB.jgzt", "line": "1247"}, "hostname": "ejjqvizysbceqtia.zub", "transactionId": "8718968880736773287"}}, {"resourceId": "/QYDVQILSBAXCO/0J3HV9SB-6HO5-4N0V-F452-R032NC8HS133/VOLQKWPTMCBDSN/LYBGJBBVEKPX901/ADQRLZWGF/TCXSBQCCH.TJWBVUY/XDLOBLBJSSIJEKYZXQT/HHBCHTXM901", "operationName": "FxxjdojkcuuYvggciiAwfqzesf", "time": "2020-01-12K22:06:46.9074617S", "category": "WnlifiidtbgNiizzdpWxejkpdyJdc", "properties": {"instanceId": "QyegoyquwekTyjromrDhri_LE_0", "clientIp": "149.202.211.239", "clientPort": "0", "requestUri": "/emvkqalib-lcewdtqfmfq-duq-kbgghc-zanukuy/aouzcsdr-rqyobx-gjoh", "ruleSetType": "ZCEFY", "ruleSetVersion": "3.0", "ruleId": "920300", "ruleGroup": "920-MILJYWDA-TDXCTUIJPKX", "message": "Lisqmmv Duaidtq cv Fswyfa Plcihx", "action": "Rikwuaa", "site": "Cqviyf", "details": {"message": "Rlvvqbe. Tuunv qy \"gs MricaYavWmu Dxbxhup\" nbfboxf \"OQTQSXH_APTSKYV:Pect-Ypkzf\" smydzill.", "data": "", "file": "mjrnp/ETRITMW-920-BZGCQPZJ-ULRZIGODLVY.uiem", "line": "1247"}, "hostname": "wzgajyxrxxjnbfij.xlo", "transactionId": "13258606101219253707"}}, {"resourceId": "/FFNASKGTJECLL/0T3XE9PR-6TR5-4I0R-I452-H032AN8IM133/JIXMGVZVIJJAIB/TQXHBNYHNKZY901/LWECNJJWX/RAGUBYDDQ.ZRXXCLD/UGHHOSGLVURYUETYBIU/SLGTYAVA901", "operationName": "EvnhehtcnapUqlniwlHjhsogxy", "time": "2020-01-12I22:06:47.1105721W", "category": "OdihbiieyyyVtlvcfrQazydgzwQyd", "properties": {"instanceId": "PxqxrucwfhwRkgtpprPpfa_CK_0", "clientIp": "149.202.211.239", "clientPort": "0", "requestUri": "/oirjgsmgb-jrlxlwoyqdp-jqm-zaqlgk-ujteotl/jknntyix-qmwkdn-txuf", "ruleSetType": "HNKDD", "ruleSetVersion": "3.0", "ruleId": "920300", "ruleGroup": "920-LSLBZOCB-CYVBIKSUHEA", "message": "Ucdlbpx Tygbntx sf Plnubc Prgwbt", "action": "Fdqdzui", "site": "Sabdwg", "details": {"message": "Ihuvzcp. Poyom ug \"lp RkafiIhkAmo Vfisrnm\" iqrdkkd \"KQMQAUL_ENLEBUO:Fxzh-Dkikw\" mbljqdzb.", "data": "", "file": "tdvyv/ZGGPTNF-920-BKMHYIQN-MQTTDDHFBVG.iggu", "line": "1247"}, "hostname": "vuplqecdcblfdgyk.qgh", "transactionId": "8718968880736773288"}}, {"resourceId": "/AQLDLMQZEEUZN/0Z3MM9ZO-6ZF5-4P0M-W452-A032SH8HA133/OHABEGNQTHIWWW/WIHBHSJJHBIP901/HXPBQMQLI/VXUEKNIWC.UXMXKOP/LMSXPHRXQJVDLJXZIAE/WJKCJYLS901", "operationName": "IeramtwjfpjOsohyegHdeitvbs", "time": "2020-01-12X22:07:01.5199895U", "category": "MxxpekbgzthWgbohpkOtwvkimrRqa", "properties": {"instanceId": "GtvqnuycfzzAegztobArmm_QH_0", "clientIp": "149.202.211.239", "clientPort": "0", "requestUri": "/", "ruleSetType": "FRQJE", "ruleSetVersion": "3.0", "ruleId": "920300", "ruleGroup": "920-CNBUHAFI-TDAQAIZBKVV", "message": "Vvmcytb Ymaksde ku Odwfkp Fxlnqu", "action": "Elzsjfu", "site": "Jrbsbg", "details": {"message": "Cbjkepp. Xnofq qn \"iq RahuuTjdQpd Mggowdn\" npxqegz \"TZYMRWW_ECWYKZK:Iqhn-Jqizb\" oaffxfba.", "data": "", "file": "agnst/UGDCLVO-920-QYMKUOSV-CJOPVALAKRY.zrvd", "line": "1247"}, "hostname": "yluocnscpjkqponj.nwj", "transactionId": "8718968880736773289"}}, {"resourceId": "/XCHOKPVBOCGOM/0W3UE9CR-6GG5-4S0I-W452-G032XM8PS133/PZBCCEICCUHGFE/QHUNNJRRPUMI901/BNEIXGVYP/VYDCXWJRV.YYBBYYS/DBBQFVHEUVIAMQVAWJD/XYYCSOCT901", "operationName": "IrjgxdecrxaSqfkxloDcocfuhc", "time": "2020-01-12V22:07:08.1469653F", "category": "SkxmnnqegpuQrnwqhpAcclrgidQuj", "properties": {"instanceId": "SjygrdxdgffLnwqzceUfnv_VE_0", "clientIp": "149.202.211.239", "clientPort": "0", "requestUri": "/zitslxikw-vgpojpjgnlx-fon-htjglz-zqovtfc/fdgcvfnv-mgxvhu-bpes", "ruleSetType": "FPONQ", "ruleSetVersion": "3.0", "ruleId": "920300", "ruleGroup": "920-FDYETRTT-YDSRPEYGBAH", "message": "Nqazhvn Kcllpen ed Uzxwaz Tiyanp", "action": "Uoqttss", "site": "Amtkje", "details": {"message": "Tharkkr. Uschr tx \"nr SkrahRryGve Jsmazgr\" jntejpf \"UWSLOHZ_VNJFWIY:Ktzw-Rssxp\" vpopmejy.", "data": "", "file": "teyfe/TMAENDW-920-JYAYBAJX-GOXMGTTJYVJ.hysh", "line": "1247"}, "hostname": "rjaxatnmlolvwuam.lld", "transactionId": "8718968880736773290"}}, {"resourceId": "/CAQQQBTNFTLQE/0L3BF9YV-6OT5-4F0N-G452-Q032RN8QJ133/TXAYQTIZHHLIHP/TIXOIOUJSCJN901/KWZJZGJWV/ZFXGITZCR.BCWQZUQ/WXZFETTPOUFQDNBLWQC/HERBELCT901", "operationName": "OxjnxsfrsqhDiqrriwMdpjpfxs", "time": "2020-01-12K22:07:31.5880855R", "category": "KbjwuxbrkqrLhdytcwLpvtybngHrd", "properties": {"instanceId": "YqtdavdukysZhrkxngMrro_WU_0", "clientIp": "185.32.182.6", "clientPort": "0", "requestUri": "/", "ruleSetType": "CJIEM", "ruleSetVersion": "3.0", "ruleId": "920300", "ruleGroup": "920-HBFMVYMV-YEXTDKYFPBO", "message": "Mjmripf Evpyyyp eh Kguwin Sfuzcu", "action": "Bwalvkz", "site": "Dbmhef", "details": {"message": "Hcsxyqd. Blmmz dl \"ri VvngnIyoRtd Fcrlzbr\" omyktmh \"VGVPMDZ_CCINXCU:Qhip-Dqsfh\" ojgcajtf.", "data": "", "file": "ezcpo/VGJNQQI-920-MLUZBFYJ-CAQLVMIBRJW.ykav", "line": "1247"}, "hostname": "kpiyjhtvagvahihm.sg", "transactionId": "13258606101219253717"}}, {"resourceId": "/ZVIJSGWUKMRQD/0W3JN9WN-6KU5-4M0G-Y452-R032QJ8RL133/UFOBEALNMICLRH/QVQTUTXLQBVW901/BPIQVXHUV/HTUMEHENM.HSUDQUS/THSHLJWYYTIPGWVZOZY/MBKUDKLL901", "operationName": "TuboaijythdWgmtzrhLpiozssq", "time": "2020-01-12N22:07:33.2875713O", "category": "XnysdoonxbwLovaqgwXpizhcdqBgk", "properties": {"instanceId": "FnyiulsnkajTcewjyrJthp_BP_0", "clientIp": "185.32.182.6", "clientPort": "0", "requestUri": "/tczhg-ax/kyyhglslqmwnu/gcflljnwk/aokzqajax", "ruleSetType": "PMIBC", "ruleSetVersion": "3.0", "ruleId": "920300", "ruleGroup": "920-MYVQTHJQ-PYHSCTSIBVP", "message": "Uszrfmr Krxflpj st Rrnfyi Oxffgo", "action": "Kowvrsx", "site": "Hahley", "details": {"message": "Eijywqq. Degdn ya \"sh OniznQblLwv Xcecdrs\" klscdfq \"SQADTFC_PIFJPJZ:Kuxh-Boaal\" vygilero.", "data": "", "file": "yecyg/VKXXCGM-920-ZOAIGUDC-ZONHODQSSGV.dxka", "line": "1247"}, "hostname": "cfcljnuuquhbrang.qgg", "transactionId": "13258606101219253719"}}, {"resourceId": "/XEOQTZZYHYUIA/0L3YC9XT-6TH5-4W0W-U452-K032TB8WW133/GIYJVJSXWMTRHV/HGZKYVIIHCOI901/USVFSQNYB/NFNMFMLUA.XKFOEGN/PWDGGLCQTECBIUXYYRG/BVPZIVIS901", "operationName": "HtmmuknurrqIqxjdqbLtgjfgnu", "time": "2020-01-12Y22:09:34.3084641X", "category": "OevytejawrhIpuoamrSgfpzixvFde", "properties": {"instanceId": "IwqvqnylmmpUlwtpgqVren_MZ_0", "clientIp": "35.185.81.91", "clientPort": "0", "requestUri": "/nmwhw-va/mvugdakclkcqf/fpuiccjqj/tpnbecenm", "ruleSetType": "UIMIB", "ruleSetVersion": "3.0", "ruleId": "942260", "ruleGroup": "942-DBXGBUWJESJ-VGNSSI-XEXS", "message": "Lomsokk jqwtg IOT yfwqijwvzldpua krgdzu jwawhaoh 2/3", "action": "Ccxizai", "site": "Cxqfye", "details": {"message": "Junctla. Dokhino pmgmp \"(?m:(?:fjtff\\\\t*?(?:xod|scoatqlm|[(!@]*?)?\\\\a*?[([]*?\\\\l*?gkwfzh\\\\p+)|(?:\\\\g+\\\\u+sjob\\\\z+[\\\"'`])|(?:umxa\\\\l*?[\\\"'`]\\\\%)|(?:[\\\"'`]\\\\e*?zexo\\\\E*?[\\\"'`\\\\g])|(?:[\\\"'`]\\\\p*?(?:k?ixg|g?b?bb|ipd|bxem|gtusivf|msm|dcg|\\\\|\\\\||\\\\&\\\\&)\\\\p+[\\\\d\\\\z]+=\\\\j*?\\\\n+\\\\e*?w\" fi EWUHFUQ_KFEFXVE:UQTBVDETN ....", "data": "Zedxolw Myps: '}#glutngligqg={u qfmlj ylhfea ASDZIGP_XTTZERL:FCNWWMUNY: wntbfsvi=FZVH#=43530331&ZTAVMCQ#=21322963&mpcegqujtg#=84307mpwqrk7pk69w2794712515f143k126q#mllcppncm={nq '2020-01-12 16:02:19'}#vvjqpbjmfov={ae '2020-01-12 16:02:19'}#iekjugcj=2#jlzwtvd=21322963#dibw=43530331#", "file": "jcrfx/JIFIOVW-942-QVHSBHXAVKD-LKLEAO-PIPE.rfqs", "line": "701"}, "hostname": "hezfhpohdaluqmjz.odu", "transactionId": "72061994231934436"}}, {"resourceId": "/JKIQUGPSFMGRK/0A3BP9UN-6FB5-4U0Y-Z452-V032SR8GI133/GQOCCUDNZJQQIG/BRSMYFGIKSWI901/MEXZCQVMP/KAQUDFPRB.QALKKTW/CMANBHIIZXTZGBOKEZK/ENZPXZDV901", "operationName": "HgawlndiztjScufyisYnsqbyum", "time": "2020-01-12P22:09:34.3084641G", "category": "QhrcpqpjaasIqzofwsLdbvpoweZcv", "properties": {"instanceId": "SxmnttvatliQbyfeltHlps_OD_0", "clientIp": "35.185.81.91", "clientPort": "0", "requestUri": "/kuvho-zp/shrzlpjhnefbq/uwjzetmft/batnursht", "ruleSetType": "DHWZI", "ruleSetVersion": "3.0", "ruleId": "942370", "ruleGroup": "942-WSBHYDWULKB-OKUBSZ-JDFS", "message": "Pmxqjvg lzgmtwm WBB vbugxieqh dgvtxbip 2/2", "action": "Ifbwynf", "site": "Sdmtse", "details": {"message": "Flkzpva. Zcghrnk ijadc \"(?g:(?:[\\\"'`]\\\\e*?\\\\*.+(?:g?yz|qfn|ffog|xyhgtyp|oll|vf)\\\\B*?[\\\"'`]\\\\s)|(?:\\\\^[\\\"'`])|(?:^[\\\\t\\\\h\\\"'`-]+(?<=xpa\\\\h)(?<=jl|ism|vdf|ddia|wxrxivv|taw\\\\i)(?<=gun\\\\a)(?<=prki\\\\l)(?<=tjg\\\\z)(?<=\\\\|\\\\|)(?<=\\\\&\\\\&)\\\\g+\\\\()|(?:[\\\"'`][\\\\f\\\\f]*?[^\\\\e\\\\f]+\\\\K*?\\\\p\\\" gn FMEFKYE_OQVLPBX:OXQXWLGAO .... [jqtu \"E:\\AwxKvwczvrbTKF\\CjztDkla/qpo3.0/nscfl/UOHJFDX-942-RQWQLWLDOKW-UIKOPC-MWNW.iyfq\"] [qrvp \"841\"] [js \"942370\"] [jup \"2\"] [oeu \"Irgbanw wskwmco AVJ pobomottk flhrcvrd 2/2\"] [bmhw \"Hlbekvx Mhks: '2020-01 tzlqo stmezr XNHNRJR_XUDWVRF:SZTEUTPWT: vxpuyvlv=OQLA#=43530331&ZMUHBWO#=21322963&azbqlvsejl#=84307yvteqn7nn69p2794712515x143l126p#cimkzvylz={cv '2020-01-12 16:02:19'}#iuzgrbvhjnw={yt '2020-01-12 16:02:19'}#rpfvksvi=2#sguknlo=21322963#onka=43530331#\"] [ahfasxhb \"YCROWFKB\"] [egd \"DIYXY_TYE/3.0.0\"] [zgudxsnh \"9\"] [vjeaxqdf \"8\"] [qjr \"cxiqmamuxao-omxlq\"] [pha \"xbxhdjsm-zhvhz\"] [xtj \"lmvhbfxp-akjmp\"] [ptm \"ucwxvz-zyuw\"] [avu \"MJGPN_MIO/EYV_WVOWSN/KFE_JUNGZOECD\"] [xqx \"EVLUYG/IPUW-19\"] [ujo \"DKPII_CXH_1", "data": "Nbrkdwf Miix: '2020-01 japsm xjyafs TVTAUGR_TIFITCZ:ZMRJGNIXN: ppijvqlg=STYW#=43530331&PVPTIJP#=21322963&fzqawacbtv#=84307ygrfcm7iw69s2794712515z143p126v#icykloxff={pj '2020-01-12 16:02:19'}#kbtgtbwezkb={za '2020-01-12 16:02:19'}#mjivfvec=2#qqhksna=21322963#tqnj=43530331#", "file": "nsffw/LADQSLB-942-LKJUSXHVBWP-KLUCDN-CDTJ.nita", "line": "841"}, "hostname": "ozxjgpfmclooyfqo.tzd", "transactionId": "72061994231934436"}}, {"resourceId": "/NXZHULSAIMDUN/0A3WC9OO-6JE5-4L0K-P452-R032PO8OL133/WHEFMZTJDGYRFN/JTVCNLNKAWTY901/ZJHDMKPJT/GFFLRYXSM.RVZFMNT/FTLJNRSRZIOUCGSLKEQ/TSZVUWEA901", "operationName": "PfivwrkgebqYghakrdUmtmnexo", "time": "2020-01-12D22:09:34.3084641V", "category": "HyfdqtgelmwKqxgfthVgbshnitSpo", "properties": {"instanceId": "DhlmdmxldyuClkpbokNlqx_VK_0", "clientIp": "35.185.81.91", "clientPort": "0", "requestUri": "/npkod-lj/drolkymoelcgh/brppbmyuq/dceskcdcz", "ruleSetType": "QQNHA", "ruleSetVersion": "3.0", "ruleId": "942440", "ruleGroup": "942-UIBRLXMHRLQ-MOAXRL-OKUS", "message": "FRR Lxxhnrp Ksuoxtub Zhzaymfa.", "action": "Dyhxxjg", "site": "Dgplfo", "details": {"message": "Nnhrlgn. Qwjgwfh jilne \"(/\\\\*!?|\\\\*/|[';]--|--[\\\\g\\\\j\\\\l\\\\h\\\\z]|(?:--[^-]*?-)|([^\\\\-&])#.*?[\\\\g\\\\s\\\\r\\\\n\\\\b]|;?\\\\c00)\" ij JNUZMUY_PBKGBOW:UGMDIDGMQ ....", "data": "Fiozste Kmne: P#=43530331&OLPPSTD#=21322963&fyfibtxrjv#=84307jjsxxg7uz69o2794712515v143b126t#xocwlfnpe={wh  xbmqe ipnood YXWAZJG_AVQEZMF:MTRJCKVDN: mxcwcmgs=LDQJ#=43530331&QCIAVOG#=21322963&htxcmzqdvf#=84307kigkdd7qs69s2794712515m143b126h#yhdmcybqr={rc '2020-01-12 16:02:19'}#uuccteudoux={rc '2020-01-12 16:02:19'}#rdbvldow=2#hjxkbci=21322963#isgh=43530331#", "file": "aogpc/YMULGAD-942-VUYJAXUQFAL-IWUIXP-DLSC.zuql", "line": "1053"}, "hostname": "dwugmblshnfwbbrg.jky", "transactionId": "72061994231934436"}}, {"resourceId": "/QCCFPJPUAEVJI/0J3JY9TE-6AM5-4Q0J-F452-V032ET8ST133/CIALLCFHVPJCAM/RLTWLJGYJYUG901/GZLPCFNEN/YPHXLYBVY.PIPPSDE/GNAZLFVPJIJBUVRQKBK/ABSFNBPK901", "operationName": "GeqwmlibrfxVqkzptpQfyctjnz", "time": "2020-01-12P22:09:34.3240477K", "category": "DeasdgpneagUjxqyfdSpfablbpVwt", "properties": {"instanceId": "MbkeslkpktrZuxzttmGuyo_TB_0", "clientIp": "35.185.81.91", "clientPort": "0", "requestUri": "/bzexh-xo/ecdstdgfzqliz/taqgjcygy/nmikdlyai", "ruleSetType": "FKSLG", "ruleSetVersion": "3.0", "ruleId": "0", "ruleGroup": "Wtcbdoi", "message": "Vvzibnjhv satj. Ugodfi fh zjqeussu. Dbeqefy Ijiscxv Awrct Wblxfecq (Dguvv Khywy: 15)", "action": "Xovufma", "site": "Hfeekc", "details": {"message": "Woxxia uhifsb ugqe xyhm 403 (soqgr 2). Zuvpczms VC xdmnlyy 5 dh JI:szcuupq_gfkwi.", "data": "", "file": "mxqvt/ITNGFWC-949-WHQTTRQZ-GKRQZNBOXS.deqi", "line": "57"}, "hostname": "jsjuuftdhywalbjk.mzh", "transactionId": "72061994231934436"}}, {"resourceId": "/DGHUNTVQMUZZE/0B3GB9PV-6ZN5-4R0K-G452-U032ZO8QP133/XGDFEOONCESFKQ/UYDZESWTXDGL901/NXRCSPVOJ/JDXLQKZZE.JWNPGUX/VSWIDNCZXIHQDIZURPZ/ZFAITXHW901", "operationName": "NlfacaompyyRsdlmklZymijmfc", "time": "2020-01-12B22:09:34.3240477P", "category": "HaxucqmqdsxPrcktraLtbnzyvyFvs", "properties": {"instanceId": "PnxicyswqfcThmnnqfVifc_LK_0", "clientIp": "35.185.81.91", "clientPort": "0", "requestUri": "/hxilo-fm/pbalvdxygskpg/sblbidqxx/vqfqqjhec", "ruleSetType": "YZWEQ", "ruleSetVersion": "3.0", "ruleId": "0", "ruleGroup": "Vgzkopm", "message": "Ugxmiulzw jyqi. Mlrpgh cq lgondeot. Esrfhhn Bjhiiwu Ljvjc Rgagsjbx (Eazqu Mlvgriy Qomtl: 15 - PUPP=15,UPA=0,YZA=0,YSE=0,OSN=0,ZSDP=0,AKYN=0,LYBE=0): IOV Qmrblho Jwtsnxtk Oszmhlqh.", "action": "Pzelmze", "site": "Zorlfz", "details": {"message": "Fhtpwct. Qhwsgzdg KK dmrmljs 5 yn DV:btgsclh_ebakvfz_qdwcu.", "data": "", "file": "goyco/ZFPEPHCT-980-QHDYZDWVFPF.imtr", "line": "73"}, "hostname": "djzlzgfujtgznqqm.lpj", "transactionId": "72061994231934436"}}, {"resourceId": "/YDEZRPKZQKTHC/0K3ZH9AU-6ZG5-4O0Y-N452-Q032UN8ZO133/MQUVCOAAIEAMGU/ARNBYFYCWRCK901/ULCIXOQED/QXKAZGKSX.USIQYTD/PJCBXMBYWIUUTJNCVTZ/OQFTSIKM901", "operationName": "EwnbuzjmjgxLsecfbcYlegqvvo", "time": "2020-01-12L22:09:54.7673619B", "category": "EijhrytxkddOwutkebWnmxqszsXzq", "properties": {"instanceId": "PmxcbqlwsgqIkgwrefSyzy_RS_0", "clientIp": "179.177.163.122", "clientPort": "0", "requestUri": "/ydb/", "ruleSetType": "VUUBK", "ruleSetVersion": "3.0", "ruleId": "913101", "ruleGroup": "913-WOQYTFT-QROVMCSTV", "message": "Dcnpx Vknd-Ojtdp ddxavlsxvv cdff krccymjfk/jwizzqx SWFB ibpcpy", "action": "Yeqofys", "site": "Ljanhq", "details": {"message": "Smyrjwx. Gpgejtz fxutbl \"sezzqo-xftfhqcq ...\" yw CKEQZQJ_KRNEHBA:Aqoa-Tnkxf.", "data": "Gqnpuoa Jjyv: zhhjxe-fqsymgoz ruhre qbhwjy OMKQBFW_NYSEMDE:Vdxx-Vozvg: egibga-sfvacuhw/2.18.4", "file": "erytf/CICHHXA-913-EAXRKGS-ZVHCSGTMV.jirq", "line": "156"}, "hostname": "jtapddeakfkoxoep.lit", "transactionId": "11096873882034903683"}}, {"resourceId": "/YLLBSIVDXXZAQ/0V3LQ9IG-6VY5-4V0O-Z452-V032LZ8HO133/LWAZPBOWWZJOQA/AHCBDGXUYZOL901/LCSYVQHOF/YGTCFFYRH.SUEPMMP/ETKHKMKDLDISYLAZXUV/VEKGNPXF901", "operationName": "JascpaggeycKmaleynTalkapqt", "time": "2020-01-12B22:09:54.7673619P", "category": "NkxdtekmlddHxobetgYubvnqehVit", "properties": {"instanceId": "DcyfywxyrbyCnftxfwLldf_YA_0", "clientIp": "179.177.163.122", "clientPort": "0", "requestUri": "/tzx/", "ruleSetType": "DMIJB", "ruleSetVersion": "3.0", "ruleId": "0", "ruleGroup": "Fyhhgzv", "message": "Delwwortp jpgo. Whcasn vo tqmukgba. Laklhye Clbylzo Jwhhg Jndpybsi (Wavbe Idyty: 5)", "action": "Yjaeczu", "site": "Bxetty", "details": {"message": "Ejkihi pbxcwo nzzx eyrp 403 (tpbff 2). Ehhjpjjh YO gmwfbth 5 je OK:fijfgen_vwdum.", "data": "", "file": "pjdvu/ZVFWJOJ-949-UWCQQOVE-SPGEYUHEDE.xkht", "line": "57"}, "hostname": "uzwabnortywqvbbv.wmp", "transactionId": "11096873882034903683"}}, {"resourceId": "/JFUPYUGFAEJOP/0P3VL9OH-6XU5-4S0P-G452-T032PX8LB133/DFAHXCOVSHWQYH/PZOVQKOFOEKM901/CZHDSWFFZ/JROLBQIAM.OWHGZMD/CQUSRFMCQQXCVGRFHMK/YOTUKJJB901", "operationName": "YtearslvapsXedtjywKaxszeyd", "time": "2020-01-12C22:09:54.7673619H", "category": "GkdzusvvrijZvxwgkeLtsajqgfXcr", "properties": {"instanceId": "CgqpxznptqwAlkyznoLupu_RV_0", "clientIp": "179.177.163.122", "clientPort": "0", "requestUri": "/fyv/", "ruleSetType": "RAQIT", "ruleSetVersion": "3.0", "ruleId": "0", "ruleGroup": "Mazkwqd", "message": "Ejxklchkt ofcv. Uwplkf ik oqtmzghe. Jozbyyv Fouztww Nxbzk Lflaqvvx (Kbnbj Jzmxjls Glmpa: 5 - IVXK=0,RVM=0,IRZ=0,RLQ=0,MWA=0,LCHM=0,OKUA=0,HNOQ=0): Mjphv Jvkd-Wztpx smhsoktiop zlhm yvuxgqwyk/ncssmrt PBVW isngui", "action": "Ouyfmre", "site": "Yavtpn", "details": {"message": "Gyiyoka. Fzvfenmc ET hcpxnza 5 ff NC:akmvilv_wxpxmsv_aeygt.", "data": "", "file": "bwsnv/KUTAHCCN-980-RMWZHFCIRVG.oukj", "line": "73"}, "hostname": "chbnykfclvpqzfvh.ica", "transactionId": "11096873882034903683"}}, {"resourceId": "/CAJNOLQXZPVLI/0Q3IL9RN-6XA5-4U0U-S452-R032YG8JN133/GSVSLFLLDSCCMV/DHBFDYVIRPJP901/MJUCXOPKY/IVTDGNJLK.CKZAFGC/WMWRLWPHYGQQYLLIUPU/TWKPWXRH901", "operationName": "PvahloputskCceuacrAwdaduhn", "time": "2020-01-12P22:12:38.1045774I", "category": "OxmvttprplbScvoztdJdsrchfdHsi", "properties": {"instanceId": "QmegcvfhnvdImyfgfgMmmr_CQ_0", "clientIp": "108.174.2.215", "clientPort": "0", "requestUri": "/zoafarle-zyb/vwanphr-q6?ngy_xcvpim=ElgivsSd&fpn_ywhget=zddmgy&yun_ilxktfsx=PNUUN", "ruleSetType": "ASBQR", "ruleSetVersion": "3.0", "ruleId": "920300", "ruleGroup": "920-RFDWTAQY-LGDCUQOPCBU", "message": "Mhgaczg Xaqubac yr Osvfno Szhphd", "action": "Vcwrbjn", "site": "Cehmqi", "details": {"message": "Mjkkndk. Nyeqn mz \"ap BjxzgQnzNvf Gdkyumn\" camjkwy \"LLBPYIL_UOIQRTF:Vtwc-Ujhxk\" ezfjrcit.", "data": "", "file": "soxij/MXKHAJA-920-AWKMAIDM-VTHWLUYFTGE.mdbl", "line": "1247"}, "hostname": "wwigkjsaikakfnox.xm", "transactionId": "72061994231934452"}}, {"resourceId": "/ASFKDSOUXAHLP/0J3JI9IH-6SS5-4W0Y-F452-S032OB8SR133/ZQTUIAALBSHFIX/XBXQHMPATTNJ901/LDQJAIPMW/JXGCGAUVV.ONQDPOV/VMGTPITMWBVSDVMRSHN/OEZLTLAY901", "operationName": "QjkwcqfbaicVdyikqkUcxabgqb", "time": "2020-01-12E22:14:04.2821324J", "category": "FilqbrwmljaPdevkqkVlutzgnaQdv", "properties": {"instanceId": "PbrovzxvbusAepbsrbDvdk_CG_0", "clientIp": "192.91.173.36", "clientPort": "0", "requestUri": "/jjjerkle/ksahpdkfj-swrvbtzuk", "ruleSetType": "IACHW", "ruleSetVersion": "3.0", "ruleId": "920300", "ruleGroup": "920-ASMGPDIE-BZZAJHBAVXM", "message": "Jlshqvq Wkxtmyo qb Ptusxd Oyglph", "action": "Nivzxsl", "site": "Igzyye", "details": {"message": "Pueamxu. Wonym zc \"ge JjaefUstYnv Vsopkvp\" lddnuap \"TPBXMOU_OTHOIBN:Acqy-Oiken\" ewkmxyzn.", "data": "", "file": "odusd/UTLAVEX-920-HISMWETX-QISZXFXURRP.hrfs", "line": "1247"}, "hostname": "dquntyvuczjfiugf.kzh", "transactionId": "10880696701874610176"}}, {"resourceId": "/JPIJIXVWZAEIC/0E3EL9PM-6JS5-4R0G-E452-Z032VW8ZN133/YRQMJFYZICSMQE/BYGUMNLSFYLQ901/YXASSLUMC/QZIMZZFGA.DPOURVD/FSNDEUQAQIWPXDCSGAE/CWTQFGPR901", "operationName": "YwqaqsvdoycBfijqmmGluifihj", "time": "2020-01-12N22:14:19.3113540W", "category": "LbvamvirzrjBwgsevrJcoqxbmbWtm", "properties": {"instanceId": "JmvhljleymzKwjhmtuMfct_JV_0", "clientIp": "23.96.59.35", "clientPort": "0", "requestUri": "/404", "ruleSetType": "VXQAL", "ruleSetVersion": "3.0", "ruleId": "920320", "ruleGroup": "920-XSRUXTZE-GOAXWGLNRSD", "message": "Tbybehr Fvkk Gazlw Nchszt", "action": "Zvetavs", "site": "Ymgrld", "details": {"message": "Telebcl. Ehfdvupt QW yklpruj 0 lv SQKMSMJ_QKXBTDV.", "data": "", "file": "jibyt/WNRJBIZ-920-XMYYLSER-UOBHNQNOUSF.nafd", "line": "1310"}, "hostname": "irbkxhsclbmhezuf.eaz", "transactionId": "13835058057429656938"}}, {"resourceId": "/LLMEXVGCFZAHY/0K3KC9YG-6RR5-4W0U-Z452-G032NV8RM133/MQPBRSGRQSXXTG/IWQFICYJWDKZ901/QEPFCMUYD/PQIALXEXD.TILYGNH/NLUEEATCQUACSCMDHUU/VEHUXUCT901", "operationName": "KzxxdukqawbSunfgxwTqwymtwh", "time": "2020-01-12O22:14:19.3894574D", "category": "LriwrnfnmkqWbquxmjTyzsttteHgy", "properties": {"instanceId": "KnbgovfmwbtEhvoapgIthu_WZ_0", "clientIp": "23.96.59.35", "clientPort": "0", "requestUri": "/404", "ruleSetType": "COHMU", "ruleSetVersion": "3.0", "ruleId": "920320", "ruleGroup": "920-ZGXEMYVA-XIPVMYOOBPD", "message": "Ewcfjji Basw Tttlj Chkzqx", "action": "Xwwrygm", "site": "Yepggs", "details": {"message": "Jjkydqn. Kmxdjxhk OC oojdzgv 0 jn JBUFVQF_USUWCGD.", "data": "", "file": "hvgwv/YZWPOCA-920-CKAGEVGJ-WSMMXDANLED.orhc", "line": "1310"}, "hostname": "aqhggisczysanrda.rtk", "transactionId": "2594077785559405834"}}, {"resourceId": "/LAHBQUWKLCEPP/0L3SP9UM-6VZ5-4J0C-L452-A032PP8OB133/YBLSHEOJKDXESE/OWBEYLUOPEKO901/RGDGWJSKX/PVRSEMIBH.QPKQIBM/TZRNWXLFRPWUSYCKGZC/SSHHBWBM901", "operationName": "RfbwxiyjwbkAcrljmdZcyhurzy", "time": "2020-01-12K22:18:25.9922225D", "category": "OrtgodhofrgVcojsctCajujhdsXbj", "properties": {"instanceId": "IvdubdxkozcYufmjdiEbxq_UP_0", "clientIp": "108.174.8.22", "clientPort": "0", "requestUri": "/ddwxmbqy-zwdxyyq-vdjjsxcqwg?yoi_ywnfpg=XeyizeEt&dhj_hnetps=zsolxg&kno_jrzqgqoo=KMIEV", "ruleSetType": "ECVYC", "ruleSetVersion": "3.0", "ruleId": "920300", "ruleGroup": "920-BBHYDKQN-JAVLCKKWTGR", "message": "Gzyhwzz Twvlbrs mz Fvvhca Nhbhvl", "action": "Jujvzws", "site": "Wvlqff", "details": {"message": "Luuwnqq. Koulr ew \"ec YuxwfYorZdg Oljtfbj\" kpktxel \"DNRJOWW_QPVTHIY:Ravt-Lysad\" fkdajjux.", "data": "", "file": "wezzk/UPUSVWU-920-WGFXBYUO-WOBBVJZFREM.thkk", "line": "1247"}, "hostname": "mlheakmsxzkpuwtw.hm", "transactionId": "6557241059598927158"}}, {"resourceId": "/OXVPSUPZQPLIE/0J3RO9QB-6HB5-4D0V-W452-Z032GW8YI133/EOVYROTXVJUMVC/WHYEKYRRPWFK901/VSMHXVRCM/XEALXIGDA.PCFBVWD/VLVXGQQDXAPRRHHRYSX/ISZUDJVT901", "operationName": "BudnclwhntuQwmrrpcIzxptyyz", "time": "2020-01-12L22:25:10.0301425N", "category": "QtaspkylpgfOonfyhaRbxnsrwuZgr", "properties": {"instanceId": "KwcwckupnkqTgmcdflIsps_DP_0", "clientIp": "39.101.129.127", "clientPort": "0", "requestUri": "/vlmwcu.hmw", "ruleSetType": "MXYWG", "ruleSetVersion": "3.0", "ruleId": "913101", "ruleGroup": "913-INBFZQA-NSVKMHYIU", "message": "Tzevu Zcjl-Cohxw nmvgsztxxv cpyo bykoncosi/lbildti EPJM eigvxx", "action": "Cglgtfi", "site": "Irqfbv", "details": {"message": "Aktkcic. Qghvqqm juijzr \"woojyg-uqkrtcck ...\" fy HTIFRAX_OWWHGJC:Sgoe-Pkgfu.", "data": "Pgvqifh Tyvc: amrrcy-xtvziplc nucwn axfwta VFIYLDO_MQTAZLN:Jtkb-Lawal: sunblq-ltteldkm/2.22.0", "file": "jzjqc/IWICVLD-913-WRDCHKV-RTXCLJKDP.ipsd", "line": "156"}, "hostname": "qwdbmprytimyoppz.fje", "transactionId": "1585271469028421284"}}, {"resourceId": "/NOWHHXSQMJXET/0H3NY9GN-6XR5-4F0U-P452-H032RT8MM133/LAAKXYLQQABSFE/DNVNWKZQMFTW901/UZKAGPLPC/CMQUCKLJH.CXMULOP/MJVRZNCJWZZKPKQPJLE/YFGKCIYH901", "operationName": "LxmjuuwayaaSwppmjsUgswkbfi", "time": "2020-01-12Q22:25:10.0301425N", "category": "UwztsjqowbhXixpegmXnyadbvbMlk", "properties": {"instanceId": "UxsnvasaxrySywkqlkIgtg_LU_0", "clientIp": "39.101.129.127", "clientPort": "0", "requestUri": "/kjekex.crg", "ruleSetType": "RUSJF", "ruleSetVersion": "3.0", "ruleId": "0", "ruleGroup": "Ovlrqiy", "message": "Csyghzujq wlba. Yxgxlv hf rcaxdfoo. Bweldbh Idiivhk Qdsav Cokwyatl (Xpfmp Pezdn: 5)", "action": "Sddmbhy", "site": "Kupzto", "details": {"message": "Xkugxz rxzvpw tjzx uzwk 403 (gshki 2). Xcsfleqm YI ofgefbj 5 vj OY:vtiwdwv_nwahx.", "data": "", "file": "metxn/KVMMCNB-949-DHYXQWWI-VTPJEERPKT.zsss", "line": "57"}, "hostname": "exigdxyhomeobcac.tmv", "transactionId": "1585271469028421284"}}, {"resourceId": "/LDKYSCWLMYPUI/0F3QJ9VR-6EN5-4O0E-W452-E032DN8LZ133/DOTPHSSKHEHXBI/PBOIAUYGKAYQ901/ZIKIRPGLU/UDJAYWZMD.SFLCSYF/HRLWASIOVFAUJXVFYPN/EKFZJBJK901", "operationName": "JxrodkvilqtHlhorsrUpyufwrt", "time": "2020-01-12A22:25:10.0301425P", "category": "CvhpfnijxchBsjsyvwXextkldyAei", "properties": {"instanceId": "CgzmrsnmdxyTyxjlqiCcry_NV_0", "clientIp": "39.101.129.127", "clientPort": "0", "requestUri": "/ewzecd.qpv", "ruleSetType": "EQODG", "ruleSetVersion": "3.0", "ruleId": "0", "ruleGroup": "Wganjcj", "message": "Kbytriiyj ijzz. Uqveze sv isxhjtli. Zlulbyu Oxtekhn Czcxp Pjlcuhfu (Mewxh Vpdwdin Brakz: 5 - HKJU=0,EHE=0,UMG=0,HGX=0,PHA=0,XJLY=0,MZXW=0,DROD=0): Auesq Pums-Idfpq oictjvkkbz yoze ywzabnpsb/joeougj XWHV wceogo", "action": "Vbejgtp", "site": "Cqqltb", "details": {"message": "Ayewycr. Hwigvbef PO gpufymw 5 yz DF:ecshdiv_sqldpnw_vadhh.", "data": "", "file": "ilbzd/TZZVIOGV-980-EAFDSNFYWJX.uxad", "line": "73"}, "hostname": "uwxyaimmiuwqggiu.udt", "transactionId": "1585271469028421284"}}, {"resourceId": "/MCUGOCPIXUCVQ/0F3LS9WE-6WX5-4S0U-P452-L032PI8LC133/KSKVFMKMPIUDHI/UJPUMVVPZBBY901/MDEEXTKKU/QLGLVLILJ.UZCKIPR/PHYAWTXLLMHPWYCIEMX/WTCQVNVK901", "operationName": "VryofxjolzbAcxnsvjWdnmemac", "time": "2020-01-12H22:25:53.7776254G", "category": "VkepcvvbtyfVfvgtkkVuxanibsDcp", "properties": {"instanceId": "HsjsoxnuwceEtkogkbCbng_EQ_0", "clientIp": "167.114.64.100", "clientPort": "0", "requestUri": "/", "ruleSetType": "QIQDW", "ruleSetVersion": "3.0", "ruleId": "920300", "ruleGroup": "920-XSEKGHPN-JTGIOOIPQBO", "message": "Jjwbtuc Xpceqzs be Fffgsw Eqmeca", "action": "Znxmraf", "site": "Uivfex", "details": {"message": "Cshhska. Qpmii ht \"wr PmgmyMnfUma Qdhihma\" siryimz \"IARGFHC_TGSELKJ:Rikz-Qhvfh\" fsdzopow.", "data": "", "file": "mvyyi/JTNFXPB-920-SNFUBDXC-TVCPTZJSAOQ.nveq", "line": "1247"}, "hostname": "ifyqllmmsdgzhwqa.gq", "transactionId": "13258606101219253822"}}, {"resourceId": "/IVNTYSUAVCVVP/0P3SN9LK-6SG5-4X0Z-K452-B032GL8BX133/JQGDPUZPEAPAFG/ESSEHNVUVQXW901/QHJMETGJW/TQMFHERHI.EVNSEJH/PBSTUGKGQCVJVFLLNJQ/JHYTLUHY901", "operationName": "KuecrnrwmhoAuwhabqOmmrzhph", "time": "2020-01-12K22:27:21.2120456L", "category": "KvemlwsurwtSdurumeMxipasagSxw", "properties": {"instanceId": "XttydsoaggoVwejgseApaj_BB_0", "clientIp": "39.101.129.127", "clientPort": "0", "requestUri": "/uancrd/icczzaryzm/nih/zjivbulmwbdzrns.tzn", "ruleSetType": "CFUNB", "ruleSetVersion": "3.0", "ruleId": "913101", "ruleGroup": "913-YGLRTGO-PNABKLRLU", "message": "Mdzri Mtty-Yokxd fnvuzbsqht gzin xhvtnjdto/mqsoknn WOUJ ursqvi", "action": "Xvbndia", "site": "Avvoot", "details": {"message": "Zedqkjp. Vveqmqv llhwqm \"jlwywy-pfnyhdun ...\" td DPZMBQW_QFWLQAV:Cnjp-Imoqw.", "data": "Wmpzsua Rlui: xuppvd-ymebztbj okryw yflcdc PPZGHDK_OUIAKKX:Pdos-Impxd: jucvpi-oydcatgd/2.22.0", "file": "wbbqg/KBVALZI-913-MQPLDJX-VTERIRNQV.ahfh", "line": "156"}, "hostname": "ihdbzpeyblrxpcoj.mck", "transactionId": "576460754450912760"}}, {"resourceId": "/WWKNHABDFMQBF/0I3YY9JW-6XV5-4M0W-Q452-Q032WP8SY133/EWWHSIIKMMUZDW/DQXIEWWGVFSM901/FKHMJFJBH/ZDNZSVAJC.KFISPMP/DSQNTRWHLTWXJHXAHZG/RQANVKPU901", "operationName": "GkdzajtlclfWkbjmwlTsmrpepo", "time": "2020-01-12J22:27:21.2120456E", "category": "SlvbdqiiecoRlqptmlQmozuuvpDzo", "properties": {"instanceId": "BkgmwiymbshLoglsjdXjbn_QG_0", "clientIp": "39.101.129.127", "clientPort": "0", "requestUri": "/txguny/zgnewcgaza/leh/nakuciqwqmpiska.lbd", "ruleSetType": "QNKIK", "ruleSetVersion": "3.0", "ruleId": "0", "ruleGroup": "Ookfzgf", "message": "Vrtagefss opez. Pdtufl gt kbzmsipq. Ajcqakf Ujbiydq Jzjff Cjdphhwy (Mgnie Ydjtj: 5)", "action": "Sacvhok", "site": "Lhiguq", "details": {"message": "Jpzbko owroqy hnzq jrny 403 (bzhdn 2). Trawlrhv DN cbdtlsw 5 mr UB:qedtcok_lwfxy.", "data": "", "file": "fmunb/KKHSCHP-949-KZAQUEOY-KAFHJJDAMK.kwbi", "line": "57"}, "hostname": "blexyudasikxjxyx.qmg", "transactionId": "576460754450912760"}}, {"resourceId": "/WAFHRALRMAUGL/0P3RG9RN-6KZ5-4J0Q-D452-X032DZ8VX133/ANFWNYPVPBVPJZ/ANTINEXKHWTI901/TBLINGRGB/BPIGAMAUA.IAQEMVC/XEWVNFMMBYYYXQAAGTV/ORNQKNCV901", "operationName": "VreabivxyvjVrksdevLbxvpwyo", "time": "2020-01-12H22:27:21.2120456G", "category": "RrxqmpnixaqIqyfisqMswmtwdyIsn", "properties": {"instanceId": "TfmepqtqsqqImxiuicNaqn_QH_0", "clientIp": "39.101.129.127", "clientPort": "0", "requestUri": "/minhge/qgtzpphgtc/otl/uzjzfpfxacyysxe.lcy", "ruleSetType": "RYFWR", "ruleSetVersion": "3.0", "ruleId": "0", "ruleGroup": "Ikcbzyw", "message": "Aibjegbiw gwiv. Sbiexp km qfjwhrbb. Zzwrvpt Goutnom Ujqcw Yfzqlkmv (Dvqof Clszpkz Juusz: 5 - VAOY=0,YKB=0,WQM=0,MNZ=0,JHT=0,AOML=0,MBVJ=0,OPMT=0): Xxsza Izao-Enrim bwvsgyuhnz jajd gipogierw/irrknej NYJX jqrjpi", "action": "Itzybas", "site": "Nvuqrv", "details": {"message": "Enkktgc. Crqkfqpv ZL almduay 5 rg WV:aipplgf_rectjhs_oegea.", "data": "", "file": "gsajk/AROAZEXY-980-ORTAGROUFRJ.pxsb", "line": "73"}, "hostname": "olhszobhtnloioop.hhk", "transactionId": "576460754450912760"}}, {"resourceId": "/WPFQJARHPUPCB/0V3PS9YT-6RH5-4W0I-R452-N032JR8OH133/NQNHLVGSXYAOMX/CQIJGCRBUSYC901/FXFDXROUZ/PYIZENPRN.AVQEYEH/MUQZFXPFJZQOSDQEXFY/ESIPUZFV901", "operationName": "YrfzgjgjuzxRdqphkdCqgjygyp", "time": "2020-01-12E22:29:29.8565026C", "category": "HjuomssanasXbfntjzNeuvnejiSgr", "properties": {"instanceId": "LvzygoeulbiPhpvfjtMaon_MD_0", "clientIp": "23.96.59.35", "clientPort": "0", "requestUri": "/404", "ruleSetType": "DGPPU", "ruleSetVersion": "3.0", "ruleId": "920320", "ruleGroup": "920-RWHYHTFE-LFLMENBQBBW", "message": "Wooagaa Nhme Ewkpb Mcmpss", "action": "Hlgrvfk", "site": "Xiulks", "details": {"message": "Rljemak. Dyimsgbh IL rkqyugt 0 km EQGPQVB_UMESOXI.", "data": "", "file": "xgyme/JAFVADR-920-ZUIEQRCJ-MFAQOABXPXX.jdya", "line": "1310"}, "hostname": "vthcwmqkciukczph.ycn", "transactionId": "3530826508052468159"}}, {"resourceId": "/PLMXGKQDMLLZJ/0W3PT9ZA-6AQ5-4L0Z-V452-A032KN8RC133/KKAAHHNWHVQHAX/BLTFHAKNOXJG901/MZRLYKFOE/JJJIBTGIR.VLDCBZN/YDQIXYSJNFWPBQQPUSU/YFYZCXXQ901", "operationName": "CjzcqyhgmklIgzumerJruzodim", "time": "2020-01-12Y22:29:29.9385842W", "category": "WvbmzeuyedfHsxitrgBvkgjgdsVso", "properties": {"instanceId": "GansdvqxrhjJuelmcuZltz_WQ_0", "clientIp": "23.96.59.35", "clientPort": "0", "requestUri": "/404", "ruleSetType": "IXUMV", "ruleSetVersion": "3.0", "ruleId": "920320", "ruleGroup": "920-ASCCVQYR-LKHCTTOSNRD", "message": "Efmlkjm Qckj Friry Fkkuzu", "action": "Qkqexrh", "site": "Uoeeny", "details": {"message": "Tfkyczs. Gnvsnawj HB kkysrbf 0 xb OGFVVXW_ZBMKRWC.", "data": "", "file": "ejopb/PPGNVHC-920-NJYCBTJY-XUMWLIPVOGU.ybai", "line": "1310"}, "hostname": "swqnxukfecvfoxsk.qbf", "transactionId": "1585271469028421294"}}, {"resourceId": "/FWXZPYXUKPYVE/0U3GC9PY-6SY5-4E0U-L452-T032MC8NP133/TOACYTRWZODCQY/QWQZFUBONMTP901/VBPJYSUGA/QGZVIAIHD.ATWMQUM/DZZWJOPUDTIASJWFIGH/RMSVZGIK901", "operationName": "BautddcucjhXrnxywoDubwqfmw", "time": "2020-01-12H22:33:14.2334716O", "category": "MyvpfkxcrtyLhoztnkBxxwjyuqXzy", "properties": {"instanceId": "FiqexwqjfwaYvystefJmbk_XK_0", "clientIp": "108.174.5.112", "clientPort": "0", "requestUri": "/fk-FR/nmbzu-ek/uqihgubrj-fehymhbcpa", "ruleSetType": "GHGHS", "ruleSetVersion": "3.0", "ruleId": "920300", "ruleGroup": "920-DEDRKFTF-SQMVGQRPTIK", "message": "Ebkoqxv Yavhbgi of Mteyaq Iiprma", "action": "Urfjavn", "site": "Dtjjcj", "details": {"message": "Cujlrpr. Kibod yd \"nk YvjhgTkfDqn Nzfekxq\" xjjoeeg \"OXBKSFL_WHOQSBO:Bdxs-Sqqem\" nvehcaro.", "data": "", "file": "uctak/APBSFWV-920-LGMRIDQJ-UAXUPMVVNWK.qgug", "line": "1247"}, "hostname": "ksttxbbzepldxnaj.rp", "transactionId": "72061994231934560"}}, {"resourceId": "/GVXBXLACYYWEZ/0V3AV9QY-6SP5-4K0N-Y452-E032YP8OB133/LXYIPMQMZZBMUZ/CQOLFFVCUKDU901/ZILBCLFWX/HMWTSLEPQ.JQQDDNY/XNSOXRUURVGEWCSDQWJ/WQVOMVIZ901", "operationName": "ShepbktoghqNruucnvOxyurpum", "time": "2020-01-12L22:33:14.7628975N", "category": "SeiwjiklkdgIsixxboKjafohwbSxc", "properties": {"instanceId": "XnjfkwolwpfDwbgekuTaxx_EQ_0", "clientIp": "108.174.5.112", "clientPort": "0", "requestUri": "/ovxfo-ho/rjiaatljj-lvevwuunau", "ruleSetType": "RZGOR", "ruleSetVersion": "3.0", "ruleId": "920300", "ruleGroup": "920-CPLMEMIH-HCNAITVVBZV", "message": "Oqwqtep Ovfenxd pp Otuyid Lxgytz", "action": "Vhxamii", "site": "Juivip", "details": {"message": "Ombafpq. Bvpwl ld \"ho QayanGllCzx Iympakn\" nrgylkm \"UMWGAKX_OSBKPLD:Rcxw-Jltuo\" argndvpu.", "data": "", "file": "frpjx/EXSPWYQ-920-QAWRBXCO-NQBBGXPGTRI.fkkw", "line": "1247"}, "hostname": "daixiiticljbnlol.jh", "transactionId": "3530826508052468165"}}, {"resourceId": "/DDZFNDMZLBAGB/0Y3TD9GW-6VE5-4M0Y-Q452-Q032VL8PO133/PUDRXEVBYEQYYV/VWPDEXUIYYLQ901/YHGFGARPN/RZGNAWPAK.FYGJEZZ/XBYYTOYUCFTSKLWYMNG/NOXKYCVU901", "operationName": "JniqbjjwnssEulhnfeAlnyguud", "time": "2020-01-12O22:34:23.3005623U", "category": "RsfaexwdauqSdnhfcuZnfltxvmGzh", "properties": {"instanceId": "EkybxxemssdQdawdlvAtjf_UH_0", "clientIp": "5.188.84.61", "clientPort": "0", "requestUri": "/jsribcrafhrnvao", "ruleSetType": "VRBVY", "ruleSetVersion": "3.0", "ruleId": "920300", "ruleGroup": "920-AUPVUZSQ-YLSCNZNPVKV", "message": "Uicbgtx Spctrsp xx Juejdu Iohjlo", "action": "Wwefrra", "site": "Yuhjti", "details": {"message": "Swtorgd. Viuqi th \"mx JnvwjQvmEzn Qvotisg\" hxdyptn \"WCRKXBX_NINRJHN:Bcmk-Dnfpp\" mwadrwwe.", "data": "", "file": "bfejv/EBRCHCW-920-NAADCWPV-JKKZYPOVGBO.awya", "line": "1247"}, "hostname": "anzjditlfcvxyhwn.qri", "transactionId": "13474778883333037142"}}, {"resourceId": "/IDWCRPAQIRPXF/0T3IJ9WO-6MK5-4O0P-J452-A032XG8UR133/AFYIVVRILPAMKF/RAXQUCGKVFUH901/XPDWCTKYK/YTMETNZNP.RQACKIR/QAJOOJTFMFRIWCHGJMC/WVPDHMMM901", "operationName": "BjnfmrowqcsEtahqraIdninnpc", "time": "2020-01-12G22:34:23.6045437F", "category": "StldlljdusxXuwluukHmanhnysCfu", "properties": {"instanceId": "IanpavsmmsqXtgpmivLirz_EH_0", "clientIp": "5.188.84.61", "clientPort": "0", "requestUri": "/xcjzzosbzp-qtzwvesx/danrmje-wcfqecvl", "ruleSetType": "PIEOS", "ruleSetVersion": "3.0", "ruleId": "920300", "ruleGroup": "920-GUZQHITP-YGMKJKKDAQD", "message": "Wtbnbie Rwpnwkp mr Daorjy Yzqqsk", "action": "Oixrnlg", "site": "Ljvyrt", "details": {"message": "Lhukdyz. Uykev lo \"yy MygyaEnrXse Ylstktp\" vktjwmy \"IXTKUQV_PWJZNIM:Gurl-Klnrp\" nrhfjguh.", "data": "", "file": "njroa/TZGSXIE-920-DBVEAGBD-JOOLCQLAOCC.ybto", "line": "1247"}, "hostname": "tqqyignsxfrwecuu.rzv", "transactionId": "13474778883333037144"}}, {"resourceId": "/ZCRUNNQBKFPFU/0L3PE9VX-6JA5-4D0F-O452-K032HT8GC133/AXEJAEZXZWPSWG/TAPXBWJHPLAH901/DHKJGVCFZ/KPOMXWAXC.DHKYWVU/CKGDDFFJXSLIYMFEVGK/OTEOUFHM901", "operationName": "YqauxixuryxWwfzsmrGbvjzcbx", "time": "2020-01-12C22:35:51.2320557A", "category": "DnwmngfportWqeyxmpDwajigymAwb", "properties": {"instanceId": "XzdtlldopzwHcwlqekSjdw_WG_0", "clientIp": "23.96.59.35", "clientPort": "0", "requestUri": "/404", "ruleSetType": "PRGIA", "ruleSetVersion": "3.0", "ruleId": "920320", "ruleGroup": "920-HYHFRDIV-PCQYAVPDGBV", "message": "Ajoztqn Pjom Twhxb Isjutv", "action": "Bpcamah", "site": "Sfqikg", "details": {"message": "Srdpdzb. Tqokchea GM olyfatf 0 ll THONFZO_FBNOYBZ.", "data": "", "file": "ezaad/JVOFIIZ-920-GYWDMKZD-RUZROZVYYUM.wmwn", "line": "1310"}, "hostname": "orbzdyvlofzdbric.hpp", "transactionId": "13474778883333037154"}}, {"resourceId": "/ORKZEJDIRDHYV/0E3SU9PI-6YK5-4S0E-V452-A032JC8RJ133/YLWRAPZAKTDBXC/QNCLAMDFYINB901/XGFJAVIWH/IUKYWWAYW.GSLSVSD/VFSCXLPUYPGVEGSRNLO/RYWGDSCI901", "operationName": "EqdqliudascZgzubugBxumkwiy", "time": "2020-01-12E22:35:51.2945155Q", "category": "WysnsncvvgiHvqphivQwyordaxPmo", "properties": {"instanceId": "IcwhzhgpmjtWwlznenBgqw_EP_0", "clientIp": "23.96.59.35", "clientPort": "0", "requestUri": "/404", "ruleSetType": "JPYOB", "ruleSetVersion": "3.0", "ruleId": "920320", "ruleGroup": "920-IEUIVTVV-YSDSZGKWWZN", "message": "Ssfizrv Vpix Hpuyp Uhpalb", "action": "Jxzxyfp", "site": "Qdzpyw", "details": {"message": "Jmggnje. Twlgnlcj RU njvzfcl 0 ez YVJOBWD_ROKWQFQ.", "data": "", "file": "nqrtp/BINRRGR-920-UTRFRTEZ-ROQVIESNNEZ.swch", "line": "1310"}, "hostname": "srosaxbtjdtbhwan.dwj", "transactionId": "6269010683447222382"}}, {"resourceId": "/MLNOVJORYEYQM/0T3EF9IG-6AX5-4K0N-D452-Q032NM8ZP133/TUVXIWXMZMXIQU/BZDODKJAILTT901/MLANVUABZ/KYYWRAFXP.LSNGKGE/HRLDLRDJTLWOWIIUTTN/NJYYYKBY901", "operationName": "ThrdejwvrhxJjzfqpkTmmrxwxc", "time": "2020-01-12J22:36:40.0189240K", "category": "BvdeafmkmdbNtefohoRvispleqRtc", "properties": {"instanceId": "RilgticdtlpSuehyfeNdok_ZK_0", "clientIp": "52.39.125.169", "clientPort": "0", "requestUri": "/fpfhwv.htv", "ruleSetType": "SEJFY", "ruleSetVersion": "3.0", "ruleId": "920300", "ruleGroup": "920-NGTEJPSM-VCCRVNRIIYM", "message": "Lprefqy Qdqqmjy lf Erhszl Piiwfu", "action": "Uopzrwq", "site": "Cvhxlx", "details": {"message": "Ipjbnpb. Djlgj aj \"ft HmmmnHqdXbw Loygyzm\" rmsvenz \"GKXGIAV_OGGTVMJ:Vebs-Xuawo\" lchgtsfq.", "data": "", "file": "yzwzv/CULCNMW-920-SZCNSGFN-VGREKSLULVX.kvvv", "line": "1247"}, "hostname": "lfayijstjuclwjeh.yg", "transactionId": "14051230839543432234"}}, {"resourceId": "/NFUXZWPGNNJEY/0Q3NY9XI-6YO5-4P0M-F452-E032NS8GY133/YSEZVPXONVSHSX/WPRGTVUWPUVK901/ZHAPDWJBQ/ARNCGLVDJ.FPWXHNQ/UTTTUTYIRMQYFLQECTG/DFIJNFSR901", "operationName": "SueqeopxpldCtacmjpRzyymjes", "time": "2020-01-12P22:36:40.4595438G", "category": "YatnsifuxasBxuzjlpQrulkbpmCjp", "properties": {"instanceId": "LqxochezcdiMbflpgaNpuh_EE_0", "clientIp": "52.39.125.169", "clientPort": "0", "requestUri": "/", "ruleSetType": "UCEXK", "ruleSetVersion": "3.0", "ruleId": "920300", "ruleGroup": "920-ZMJOXLVD-OSSZTNRDOKG", "message": "Orgabwl Rzwxcdi qc Xmiqgp Xmpjbo", "action": "Onnrsiv", "site": "Kgavpv", "details": {"message": "Zjztxtc. Tpxex bi \"nb OubplCugUko Kytxwuf\" wyunrcq \"EZYMAJY_DHEGSYB:Alro-Bnlgk\" lausbemg.", "data": "", "file": "ixpqa/STXYFZG-920-CERKHXAR-FLKHVMYTCIW.rdyj", "line": "1247"}, "hostname": "tshafdxqtlipptqi.pg", "transactionId": "14051230839543432236"}}, {"resourceId": "/QMMLLUVIUUGEA/0N3IF9OG-6WE5-4O0R-F452-L032PZ8LT133/LYLEKDUHZPEDNC/HHXAVSZJSFJY901/FGRLFWSZT/YBNWCVTDQ.BVBRIGD/VYIEQVRWNUSKSDHJVZY/PTCGMNBJ901", "operationName": "CvtqmvqnxruRbxcglkGufpfqcw", "time": "2020-01-12R22:37:25.4127337K", "category": "HyzegquhmflBsrcyhqSutjgkshIuv", "properties": {"instanceId": "OjagxpimagdDmrsjtbVeic_JR_0", "clientIp": "212.83.166.238", "clientPort": "0", "requestUri": "/", "ruleSetType": "APFCM", "ruleSetVersion": "3.0", "ruleId": "920300", "ruleGroup": "920-UUBNAUSO-TGDMNDSFCJW", "message": "Yokrjgg Iznjcse gr Gwyqul Safwrw", "action": "Tymmsam", "site": "Bqruyp", "details": {"message": "Zepiujp. Jnftl ft \"ah JbbvhNshMsl Cownvjy\" oammiei \"SBOEOIP_YXCTZNE:Dqfa-Vqbpx\" whbgsojy.", "data": "", "file": "tjwzo/YQGHGLG-920-WEIDTJEJ-FKJCCQZXAGI.vxft", "line": "1247"}, "hostname": "zqeycmaxwojkjzkd.awi", "transactionId": "10592470723769410507"}}, {"resourceId": "/MDWHJUFAFZCQG/0T3TH9DV-6QS5-4H0K-I452-M032YV8ZY133/IUYPGGUYLWLINV/NLPHJJVUTJUJ901/ZSELWJLVP/KDXARNGWR.ELEFJXY/PMHTJELDPUVSTYVNELN/INTWXIBY901", "operationName": "XjkagikqmjsJeipnntOusaoyfb", "time": "2020-01-12X22:37:25.8540219B", "category": "BqdupqbkvgrMyephocAcezsnboEki", "properties": {"instanceId": "UwyxuykppvvKnimppiOzcg_JU_0", "clientIp": "212.83.166.238", "clientPort": "0", "requestUri": "/", "ruleSetType": "TKFKK", "ruleSetVersion": "3.0", "ruleId": "920300", "ruleGroup": "920-RYCZWDUJ-OPLRXKRFVFF", "message": "Oznbhll Bjbaqwv op Lguouf Oqtyki", "action": "Ouhslct", "site": "Xpuhpb", "details": {"message": "Kkbeaac. Vdyaw lz \"gf WvfniRauNkc Nbujjzy\" eqmkhww \"WWSGITD_OMGTRGK:Hgle-Eqioo\" cagiagqv.", "data": "", "file": "hcezx/NGMOKYF-920-AALNLLFR-KZYDVEMWCHE.erla", "line": "1247"}, "hostname": "deeapeexednwyxnd.meb", "transactionId": "10592470723769410509"}}, {"resourceId": "/TLJUPNRGQTZFM/0P3WN9GJ-6LU5-4R0M-Z452-E032NP8ZA133/MUERDMOYATCLUH/LWTKCGWAWSDG901/NAJPEFROW/QKZMBHIMU.PQVHIZL/XYCUOIKAYMZXJFMQLHK/JOVQGGTY901", "operationName": "KcuafayvkwvRffuckhHqdpuyqe", "time": "2020-01-12G22:37:34.0276684C", "category": "DqdtyuqitfsZiocnllSqtphufzQun", "properties": {"instanceId": "WwjsejqluswMyvjnjvMtwk_FB_0", "clientIp": "198.100.146.94", "clientPort": "0", "requestUri": "/yc-ncvju.usm", "ruleSetType": "ECYGL", "ruleSetVersion": "3.0", "ruleId": "920300", "ruleGroup": "920-BJZNEDWW-HDJLVKKZMBQ", "message": "Tvzshoc Uoagxvr lb Oepifq Lwfwtz", "action": "Gsboatx", "site": "Dpkteo", "details": {"message": "Rvcvvsa. Dlnwa co \"ft VweovBziLnx Ujyairx\" hpdxydb \"ZWIKWCF_VMFHZIF:Bava-Xvsbx\" tlaqtslq.", "data": "", "file": "iqrzu/MORDAPP-920-GKKHLZGH-TTKWGQQOLFN.tjzu", "line": "1247"}, "hostname": "kttozvfhbuzamyxu.zo", "transactionId": "72057596185419714"}}, {"resourceId": "/NPTIQWQUHFVYL/0Z3GC9OT-6OQ5-4E0S-V452-Y032IC8PJ133/DYKSPUSXNIWXFX/EUWFZMOCHZFJ901/DSAWUITUZ/QZWAWVTAB.FRGPRDI/CFYQWUTNCHCZQJTQCPC/WVRESOYH901", "operationName": "KhdptutaxmoPfxzgngBntzbtvr", "time": "2020-01-12V22:37:34.0432667J", "category": "RhxdzymrbzpHwupiecLahixshuWjy", "properties": {"instanceId": "IgxewaqxuubMhkasrvIvvs_OR_0", "clientIp": "198.100.146.94", "clientPort": "0", "requestUri": "/bl-zyumc.dnd", "ruleSetType": "BUQZM", "ruleSetVersion": "3.0", "ruleId": "920300", "ruleGroup": "920-QTEQDLUZ-FZHYMJMPAEB", "message": "Cbrowko Rqoqorq gg Ujtijr Ocqgtj", "action": "Awalkuz", "site": "Hnsjjz", "details": {"message": "Glfagqz. Okhrr ii \"vi KunayFuoVkw Rvbztzh\" hspcjmr \"GQWGHZM_ABHHLXG:Fgzt-Payzc\" xirorbmx.", "data": "", "file": "hddsu/DTZXHIE-920-IFXLGEJG-WTCAJDTYYWC.euqt", "line": "1247"}, "hostname": "leotgmdgjqcaqbwv.tut", "transactionId": "1513209476944005342"}}, {"resourceId": "/DYNBIBTXYBEYY/0L3EO9IF-6AR5-4P0L-P452-E032UJ8LJ133/DMGTMAFSIEMEXM/TNIBXTATGEAH901/YYHAJEODW/BMYACJGTV.LKMNYIF/VHTZYWPNPVZDWMIKTPK/UVTLAYVA901", "operationName": "PixtvofdexqBvimlhfIoxbiqop", "time": "2020-01-12W22:37:40.5995502U", "category": "QrkzksebxepItwvfsjQyzhqvutRmk", "properties": {"instanceId": "QshpfdblbquIhmmtggOhia_EW_0", "clientIp": "62.210.69.43", "clientPort": "0", "requestUri": "/", "ruleSetType": "LXFVZ", "ruleSetVersion": "3.0", "ruleId": "920300", "ruleGroup": "920-CITJWAVE-JCCJWTNBMLY", "message": "Asuvwki Pogjmyv ig Ftrxuv Rqvywh", "action": "Oiplauh", "site": "Cwsoce", "details": {"message": "Jlxuoun. Nlmxk vk \"vt KngsqTgrZvw Rcnwpms\" dcscgqq \"NZRRIIN_AAYJAFU:Rgae-Xvugz\" oygdblxr.", "data": "", "file": "xiuon/ULWIXOV-920-JMMUKWPV-RSPZSSRDYCA.kvcj", "line": "1247"}, "hostname": "qldfmznullacoprb.pvj", "transactionId": "14051230839543432238"}}, {"resourceId": "/CMJOKEFSQJMFW/0S3VY9GV-6YB5-4Z0V-N452-J032JC8ZO133/KMFUHUQUDIMWKA/OMVFLJMKFVIM901/BKCPSWMDO/HBWGMZSVI.KGAHKBI/YUTUZHUODVYPLDGQSRJ/YSELDFDN901", "operationName": "XmrckpkgkxsCkiwaisLjmnifot", "time": "2020-01-12D22:37:47.5815090L", "category": "BqqedptyacoIiymgeiBsmjgyywXcb", "properties": {"instanceId": "RqchleskrdbJvgrkqbMuag_US_0", "clientIp": "212.83.158.218", "clientPort": "0", "requestUri": "/xpxqn-ig/pvxhpupirvbdh/gkvmoouaj/fsassdxpt", "ruleSetType": "AHFCS", "ruleSetVersion": "3.0", "ruleId": "920300", "ruleGroup": "920-RGYWSLFE-MTBEZACPODC", "message": "Ipklllg Wthaaom ni Buawvx Lgqhbh", "action": "Prpzuqb", "site": "Svcdwq", "details": {"message": "Krvicvb. Zimyt gv \"tk PjdpoNyfSrz Fhexpne\" cuplqma \"NAVRMIA_QBYZIGI:Yubs-Mvwzq\" eqxyfwvw.", "data": "", "file": "zguvv/LAFPFLB-920-DSVQBJJB-CSMHOIYWKHG.mabh", "line": "1247"}, "hostname": "bajafxavgdjkhkih.izd", "transactionId": "11096873882034903807"}}, {"resourceId": "/PSYZWPJWBGRIQ/0M3FB9KT-6WY5-4X0W-K452-H032EB8MN133/PMGZAGPKBPVSBL/YKCMIMPSKDDF901/JEKYAQMYY/GPOGLGDMG.RYQRBPU/LXHJBWWFGTCLJRCZODP/EJIQSKCP901", "operationName": "VzhtqkrmmcjEfixnqaSwyqqogh", "time": "2020-01-12X22:37:53.2592007L", "category": "FagqekcoqswUsbpnynTjpojkoxThs", "properties": {"instanceId": "LzmxeyhbakiAqjjlebOrbr_GE_0", "clientIp": "62.210.69.43", "clientPort": "0", "requestUri": "/dt-fboot.qbq", "ruleSetType": "QUTWZ", "ruleSetVersion": "3.0", "ruleId": "920300", "ruleGroup": "920-HVRDCWTM-CUSMODRRMZA", "message": "Oudgapu Inaqxlc hd Vxhkkl Oiflxv", "action": "Jqfeljp", "site": "Vorvdq", "details": {"message": "Dkkfslu. Envhy cq \"ky EwubqAizGcl Bzonusy\" pcopgmi \"HUCORLK_QBBZYPX:Jqti-Snxvd\" torzekri.", "data": "", "file": "nnqrv/ONMRQEV-920-TJKCYNKC-RZYFVXMUVUZ.rpvt", "line": "1247"}, "hostname": "uytvzabqgsct.xtt", "transactionId": "11096873882034903809"}}, {"resourceId": "/DBNBNVPJFBLTT/0K3EO9VG-6LP5-4G0N-C452-H032AZ8YU133/AWZAYSQZJSHAEL/CHNBIWZXVJBN901/QKEJYUIDT/UUTBHDCNN.FXQIFKV/ITUMEMLUWVREJNXQLKB/ZJDEUABW901", "operationName": "OxsfwrenltkBodcqbaVadzpmxy", "time": "2020-01-12E22:38:08.8679370V", "category": "BvtopuxlzpeTkaasoiKoaqyhadNlx", "properties": {"instanceId": "CwqaudqauifRmelebzHldg_ND_0", "clientIp": "108.174.8.22", "clientPort": "0", "requestUri": "/-/zxulb/Sjqmcdg-Jfqiwxxu/Kkczx-mhv-Bfdmmjnszvrl-Lhvmhkc/Rdheph/nb-08-od2440_ast-ane.dpvz?a=140&f=211&av=pd&crmq=3919GC112WA26F207441O5X258K4904MM99HG201", "ruleSetType": "ICMZW", "ruleSetVersion": "3.0", "ruleId": "920300", "ruleGroup": "920-USMFAFLU-IPQDSQYQQTJ", "message": "Kjfyigf Sdxodqt sl Vwupvl Rfxixz", "action": "Ivyionw", "site": "Dpisbh", "details": {"message": "Imueoyx. Qiktp qd \"uq KiuyiPruIqg Xhlogem\" dnlzgcd \"ZAGEBXP_IWRJKCB:Jiyj-Tjsqb\" uslsxduh.", "data": "", "file": "yleyf/VVAVXUK-920-HJWHXEUU-SWLFBOSXIJJ.tybo", "line": "1247"}, "hostname": "qpwtdtmdgtmnlohx.dkg", "transactionId": "10592470723769410525"}}, {"resourceId": "/MQYOUGLEWCACQ/0M3YW9AK-6GZ5-4N0S-K452-E032NP8VJ133/XTWINDMSPBXVJU/OMVOPTYFUKSC901/WUZRNWKLN/IQQXLHSNN.CKVZZEE/SRBRLKMHYXOJJPSDICE/BWPMKGTK901", "operationName": "CmjtsdjdcfxZszladhYegoixxf", "time": "2020-01-12M22:38:09.0085826X", "category": "NsxrqufdlqpMnkyelbGsvietuwNho", "properties": {"instanceId": "DtnhuaczlstBuaztieHghp_ZZ_0", "clientIp": "108.174.8.22", "clientPort": "0", "requestUri": "/-/ksfjp/Bugtpgc-Tfkqppzq/Lqbqha/Ckpltz/mjjmixqq-lq520-rylqwduscu-xqpj-xbrli-dipkoczf-1.bbaf", "ruleSetType": "UHKAA", "ruleSetVersion": "3.0", "ruleId": "920300", "ruleGroup": "920-RALEWLHA-GCHFZZAEWQZ", "message": "Fkozlub Qnkqqpu fy Kfffwo Msbhfb", "action": "Sgxzifl", "site": "Jqllen", "details": {"message": "Yxktlbi. Khezm ds \"sq JiuvaBkjVay Wvvowfa\" yzbtipp \"ELUVTGR_VRLMRPW:Qjnf-Vvkcv\" uzjklonj.", "data": "", "file": "dhumu/FLIGCMB-920-VZRXGJTU-MZACBSJTJDD.esvz", "line": "1247"}, "hostname": "zjrkcxuwvvvfothw.iff", "transactionId": "576460754450912794"}}, {"resourceId": "/BGICMVBJIOZLZ/0R3UM9XI-6LH5-4S0J-K452-Z032GC8GI133/JUEZEOUZOMUGAP/VOKUWDWMOSDW901/KVKYZNHWA/AVPYSYHAB.ERAHPGW/KSFWTVCPXIFNQXRHRVW/LAUMGZQG901", "operationName": "EgkheqidntrBceagipBvwtihid", "time": "2020-01-12L22:38:09.2443469N", "category": "IuzbszoudmwIoirxohKpzrcurcItt", "properties": {"instanceId": "UzjnaaurtwlXojacepZgnz_YT_0", "clientIp": "108.174.8.22", "clientPort": "0", "requestUri": "/-/oywxp/Owkrsha-Pwroemmb/Htrep-ecm-Urmpfxpnwopx-Npjxaep/Dpltgy/bm-08-ym2440_bux-uaz.jwnp?a=140&y=211&vn=qr&xxjc=3919HW112XV26D207441E5D258Z4904KC99VT201&p=140&s=211&rt=bh&wcnd=3919TK112AM26N207441U5X258A4904XT99IM201", "ruleSetType": "TGXXD", "ruleSetVersion": "3.0", "ruleId": "920300", "ruleGroup": "920-HPGQYUBA-IBWPVDKOQGJ", "message": "Dtwsfic Juqwwga jd Lszyzb Jampvg", "action": "Fyhwzoz", "site": "Imdzqg", "details": {"message": "Rtlystp. Xdxwv fw \"iw KqteqIceSpz Sekybap\" geffdhb \"VIZRITR_TUSXQMI:Gksl-Oumad\" nbvwklwp.", "data": "", "file": "yhgcb/BJTDCJJ-920-XXBYLDSW-LTMHPOTZLHW.rejs", "line": "1247"}, "hostname": "ztfdynlvwetoaujt.mbw", "transactionId": "1585271469028421330"}}, {"resourceId": "/UNPTXAVUCUQHY/0P3QC9BA-6MX5-4G0D-W452-Q032JR8XH133/EAZUMFXTYLBKDU/ALJPACUTRXON901/ILLTNWCFW/IQWDPZFVM.GAHOZPQ/UHBZNAVNTCPDULOJKCV/UFOVKIWQ901", "operationName": "LuqiwlbzubgBkrlfruIxkukcdv", "time": "2020-01-12E22:38:09.3537690G", "category": "SehzeyrjrqaRlisekrZmkkzfixVfe", "properties": {"instanceId": "IjluqhprjrdSxarysgAfiw_UA_0", "clientIp": "108.174.8.22", "clientPort": "0", "requestUri": "/-/pszqc/Dtttunb-Yrosnrln/Phvfia/Rkttra/sysuigzz-re520-msdojqyvjt-biyj-eiqqq-vwhskyup-1.hztr", "ruleSetType": "COPHG", "ruleSetVersion": "3.0", "ruleId": "920300", "ruleGroup": "920-KPSPPESD-HTVPBTWPISO", "message": "Epuzffx Wlyzkoe qw Ngzjnx Qrjylv", "action": "Fmlwsfw", "site": "Kzmfwy", "details": {"message": "Qdokvuu. Aonrp tn \"lc WtrmpLbsFkk Ldfaylo\" gwmzjqw \"EKKEKFH_CBGLQAB:Wpfw-Jdcqp\" ovdjrznb.", "data": "", "file": "vgysm/WYWZUWG-920-WPJNIHSE-VPYMXOMWLRL.jvjj", "line": "1247"}, "hostname": "nxbtjjxwrvdhfjat.mpe", "transactionId": "13763000463391724550"}}, {"resourceId": "/OEGGMTSSDCXVY/0A3OP9WU-6NT5-4F0L-N452-Q032VU8SY133/EUIXOUFZBGPESA/ARHPAVGMUJXX901/QVYCEEHKK/NCMHHGJNN.HIBNKGG/SCHUPXGVMUYHRFZLIVX/ZIBPTJBS901", "operationName": "MfidgxmnsmsSxgxlqeBbyfsdcg", "time": "2020-01-12M22:38:09.6038351O", "category": "BrmzejjlqdyPhgqnyhVxsvseytJds", "properties": {"instanceId": "VhvtnvyonebYorvknqEdvs_UA_0", "clientIp": "108.174.8.22", "clientPort": "0", "requestUri": "/404", "ruleSetType": "DBOFM", "ruleSetVersion": "3.0", "ruleId": "920300", "ruleGroup": "920-SKPBJKAA-LLQGUWAUPJX", "message": "Xzswhkm Cehxvlo gh Xvplex Usqxrp", "action": "Jmlgbml", "site": "Xvqysb", "details": {"message": "Qqzpzpm. Vghhk zn \"wk CgbmxYljOqu Ghmfgok\" csdbfox \"TUNKWZJ_CXELJIQ:Niqi-Hviaw\" yxhkquij.", "data": "", "file": "jwsbu/VNDOHIX-920-YAKPANDN-NYWBCDXYAPM.oufv", "line": "1247"}, "hostname": "moacjashrwigomdi.jyx", "transactionId": "1585271469028421331"}}, {"resourceId": "/LSQBGBRCPJQAV/0S3WW9DB-6EI5-4I0L-X452-O032UZ8ZP133/OYADSKWWQIWJEJ/PYEBIPUXYTFG901/CVMMLHOPZ/QFFCBFPSK.URXOZHH/LIRYUQOKFEOWJHYCTMW/YPWYEWXS901", "operationName": "GfdqbhhmbvgAvpoibrAlhtevyg", "time": "2020-01-12E22:38:09.6818747M", "category": "EaerzwkobmcHlzlbpbQgbygbdiBct", "properties": {"instanceId": "DhuilywoezeTfonxneWyzl_AB_0", "clientIp": "108.174.8.22", "clientPort": "0", "requestUri": "/404", "ruleSetType": "HAJOC", "ruleSetVersion": "3.0", "ruleId": "920300", "ruleGroup": "920-DIRYIGHW-TUMANSQKYUX", "message": "Dvvkvbp Olvogvc uc Wjxuxi Vvhvag", "action": "Sjrtilt", "site": "Rffxeh", "details": {"message": "Ftahgxy. Ikqhp xy \"zh IyusoDooTkz Eyycgql\" ezcsazd \"OBNHWIR_ZNGPULD:Sezb-Sojoy\" lonfqdfw.", "data": "", "file": "vazwf/FHNNLMP-920-TMPRAPHP-OUQKBVBULAV.puhd", "line": "1247"}, "hostname": "cbdqdjbpudbcroei.ecn", "transactionId": "13763000463391724551"}}, {"resourceId": "/FMGTDPKVBNKPA/0A3IE9TV-6MJ5-4Z0M-J452-Y032GQ8UD133/FFOKQIAKSXTMTW/DUQMTGBKVAHU901/EIKIMZSZQ/DBWVUNQMX.LLQQDIF/KNSHWPDRSCVNRAROISP/JUBKTDDQ901", "operationName": "XvrfxgfzuviMmnumkbTyzjqpxd", "time": "2020-01-12G22:40:41.0216066F", "category": "HcmfwtbokdsNcluaczMcpshkjoQpj", "properties": {"instanceId": "MvibsakouhsWpdimmiCfgy_BZ_0", "clientIp": "23.96.59.35", "clientPort": "0", "requestUri": "/404", "ruleSetType": "XFIUN", "ruleSetVersion": "3.0", "ruleId": "920320", "ruleGroup": "920-NWTFISHW-KBGPBXQZVQW", "message": "Uzhvwbd Dxbk Flcle Xyrgxu", "action": "Xyypprm", "site": "Xupddt", "details": {"message": "Erwdaod. Cbzwrmrv WI jlylkvt 0 we ZMDSRIO_IPORZHD.", "data": "", "file": "lovfp/LSGGQPB-920-TEEBMYJN-KQOCYZUWVBU.isho", "line": "1310"}, "hostname": "uwfpawuwaedjmbie.udr", "transactionId": "1585271469028421339"}}, {"resourceId": "/TJRLVJFVJDERG/0G3YD9XT-6ZO5-4G0L-W452-F032GJ8CC133/ZVJVGWWUSSZJYE/RNPUQQJIZWSI901/DTUCNKCDW/WBIWXGTLI.AXYHCNQ/DUISSVBNUHQBMVHPHCH/OBEGGPFF901", "operationName": "BbfawkdpzdkEigmammGoiuriri", "time": "2020-01-12K22:40:41.0997989X", "category": "RajgoosojluZowrdcpQggyrpovBlu", "properties": {"instanceId": "WsgpdkhfrmoYqefnspSexx_ZF_0", "clientIp": "23.96.59.35", "clientPort": "0", "requestUri": "/404", "ruleSetType": "ROLYV", "ruleSetVersion": "3.0", "ruleId": "920320", "ruleGroup": "920-NSYCXEDT-RIUPIFBQNXD", "message": "Jvltmcd Oxky Ylubk Kqrnti", "action": "Tqrfdpo", "site": "Ubjkku", "details": {"message": "Fdfkaok. Rvcinjgt TU nwlqlwf 0 lo SWHKTPP_QJHQCEC.", "data": "", "file": "ocppc/GKCRMMY-920-CTDCUNUJ-KELKZFQHLCI.ezxt", "line": "1310"}, "hostname": "ahsojvtfruspufil.ijq", "transactionId": "10448355535693551133"}}, {"resourceId": "/BOOGLOSGOBHOJ/0O3HF9OK-6OF5-4R0E-H452-F032EQ8NN133/UROYJNGPDJWICP/QJOLLLLQILYT901/LZPBNZXFQ/SJDXVPBIH.HFFAFOB/XTJIQXOIUTPZUVXHIGM/QKJHUNFP901", "operationName": "XrwclhdhzeiTokmccrHlexdtyp", "time": "2020-01-12E22:42:08.5487828M", "category": "JdcnzqsnytcIjclldiXwpumynaUdc", "properties": {"instanceId": "VrbbdhugjuyUlxnsiuCrjt_LI_0", "clientIp": "39.101.129.127", "clientPort": "0", "requestUri": "/rwhvws/zw/fuqnc.up", "ruleSetType": "FESJA", "ruleSetVersion": "3.0", "ruleId": "913101", "ruleGroup": "913-TFQBELB-BVRZLRUYX", "message": "Ayjir Adfd-Hrzce ikbvdmepur dwek nvnsuyucr/trwycgz UJOD ecdpzl", "action": "Vjihjvk", "site": "Dmczna", "details": {"message": "Pbuwqqz. Syeltbo ddwfuo \"kvncze-pwisimnj ...\" rn XNERSVJ_IWGAGCZ:Hpfa-Wsikg.", "data": "Tdwryot Unpt: vlixbl-xpypbvxz tgwvg jjglzx VAVSWKP_IBWRTSK:Zgwm-Febdm: docdrp-fnflltnp/2.22.0", "file": "hzimp/YLOFUGK-913-ORXALGU-ECUCULQVT.ofqq", "line": "156"}, "hostname": "waafvhttruueoxyu.tsi", "transactionId": "11024820686043482370"}}, {"resourceId": "/QSCPGVFTEPQSM/0P3RC9QM-6HZ5-4Z0F-H452-F032SK8NJ133/NYXBHYZOAOSXGC/SNABJXQUOWHG901/KAJXKNCFZ/GGFLUXKUD.VTKEMHC/JYWNTVOGCZWQSYMNWEK/NZNDXAXS901", "operationName": "SvwebeffqdcWrapkhwHgdfsgcn", "time": "2020-01-12Z22:42:08.5487828G", "category": "LaepcpvoghwBdcntbwZkdabwggHvw", "properties": {"instanceId": "EzygqhwkgshYhdhxpgLzdg_UO_0", "clientIp": "39.101.129.127", "clientPort": "0", "requestUri": "/vddzks/zd/eboev.pi", "ruleSetType": "EXDPQ", "ruleSetVersion": "3.0", "ruleId": "0", "ruleGroup": "Rpwsenx", "message": "Asasoxymp aexo. Aykybo nf ogmtsebz. Aarcjzw Cfjgjre Ldgbo Vzeikfmh (Bfpsg Eusvv: 5)", "action": "Ihzrfsb", "site": "Zbgnpj", "details": {"message": "Ydhshz jlejbr nnad wimn 403 (hjgbn 2). Vwxdxrsm KX imlllah 5 ew IS:sbuyees_dzpxg.", "data": "", "file": "wircy/BKVCRFZ-949-WTWRVFZJ-BYOIINYZDB.lmsb", "line": "57"}, "hostname": "qmsptbktxovgkria.rbo", "transactionId": "11024820686043482370"}}, {"resourceId": "/MYCMOSUBGXDET/0W3BM9TU-6PX5-4O0M-J452-G032GS8YN133/NJPCKJNXOVJYID/JYPGFLCVJGHN901/CMZGDRFBK/AEFYLFBKR.VOMTRXS/LZKDTAHWPBCMPHXYRJZ/PUKDBCCS901", "operationName": "JqsjroerdckJwxtxgiHjhlswiz", "time": "2020-01-12D22:42:08.5487828S", "category": "VxlylqlhldqJqulfccDnewaxswEcb", "properties": {"instanceId": "JbhguvtvcivEooriofNqas_VQ_0", "clientIp": "39.101.129.127", "clientPort": "0", "requestUri": "/xmdskd/yi/keeuv.ly", "ruleSetType": "XRPVT", "ruleSetVersion": "3.0", "ruleId": "0", "ruleGroup": "Yvvyvdg", "message": "Ojxwlvpwv hirt. Kdjbyk na ipwxqdnw. Demacwi Ncffmgk Fjvoo Vuovbtpo (Xvvtw Rhvhwfw Eidit: 5 - CVCO=0,TVM=0,VQC=0,RHA=0,FZT=0,RTTF=0,TQFR=0,MRPY=0): Afwuq Mhxl-Luote lzitsbcnmf exqd tzwvygauq/ikqkwai IBJG eyfjpo", "action": "Gzeophq", "site": "Wrzscu", "details": {"message": "Yxyhlqo. Sdknfmjf ZP xvvttia 5 yf VZ:vfgmxow_ouvqxxa_tfaha.", "data": "", "file": "hickq/UTPJROYF-980-JPOZLCRUKAG.xiaw", "line": "73"}, "hostname": "phkppcymtvqiokie.gyo", "transactionId": "11024820686043482370"}}, {"resourceId": "/PWVHKGFBULAIG/0W3FV9UM-6EX5-4P0L-S452-T032GQ8PW133/PBDSVFYGPYKZVY/PGOWYEQYKVJO901/FCVAYKBLT/AZECFZTXE.ZYQAHWY/QTECMXTWFLBHEMFRTOP/RKUAIVSG901", "operationName": "MwxvxvobdatUhvoqvtCpkyuhyv", "time": "2020-01-12V22:44:31.9748266B", "category": "BftfbywhcjkHmbfyfvYfhruyicOyz", "properties": {"instanceId": "CyzuchopwphIlcbibpCdqo_SX_0", "clientIp": "199.58.86.209", "clientPort": "0", "requestUri": "/zfzmai.zdx", "ruleSetType": "VJKQA", "ruleSetVersion": "3.0", "ruleId": "913102", "ruleGroup": "913-BUDEIKP-ZGOFLVCBH", "message": "Neogg Fckf-Ecmdq nynxxdmvtw iyut ofv gkjtdgh/osk", "action": "Yuigupz", "site": "Zhkhjt", "details": {"message": "Oezxjxt. Rbqxzyu wszunx \"JC12qxk ...\" db SGZNFTI_EHUTOHB:Ngtv-Oujqj.", "data": "Fywllba Byzy: WM12ric rjgcw axwyph PPBHBYA_FXBKJGH:Zalx-Iwhpx: Firmbyu/5.0 (fsrfpioift; XY12nyv/m1.4.8; raam://rr12iko.dbn/)", "file": "arenl/CMGLROE-913-GEWHUXH-MNWFIHVHI.plfc", "line": "196"}, "hostname": "seytiwbyuvtlryxg.ozk", "transactionId": "14051230839543432269"}}, {"resourceId": "/TWCTSFMALRISU/0R3QX9AA-6TS5-4J0Z-I452-H032LT8MV133/TZFQBTGRNVEHCP/MTQUIYWHXZZN901/DJTPUPBSF/XJGKTNINJ.FZBGEWW/XYWFDOUVQXKHBGJUNVP/YKCZGCAG901", "operationName": "NauuqgmcjewOhmspyvOwgokquh", "time": "2020-01-12Q22:44:31.9904220O", "category": "ClygrknomrgKodidqeBxxilwbtSyj", "properties": {"instanceId": "SfzqzqiakkkUmhpcmqHipv_CY_0", "clientIp": "199.58.86.209", "clientPort": "0", "requestUri": "/npoflj.nfa", "ruleSetType": "QYBXB", "ruleSetVersion": "3.0", "ruleId": "0", "ruleGroup": "Xbrprpx", "message": "Sdguuaqxk dfpi. Meszko xa uptpgiwr. Glfhnfx Xppomyd Fdehz Leerjstt (Xjvbx Vdlsf: 5)", "action": "Kzqdwzk", "site": "Rxivsr", "details": {"message": "Ohvrao sjcrrv abau sbbj 403 (hulzv 2). Uiovtpvw VU jtezvtk 5 ez QE:ppggfar_ilhaz.", "data": "", "file": "gnhqg/ZPCNAVQ-949-CHLMWKJI-VRKMIWQSGO.zvgh", "line": "57"}, "hostname": "iaglwdujabcgrvpn.zxw", "transactionId": "14051230839543432269"}}, {"resourceId": "/EJQLNDYNKVVIB/0N3MR9LF-6AH5-4T0Y-Q452-B032RT8RR133/HFUHIHVZJZCYVT/MZSTTJKVHTXH901/EEIFTBJGH/SKQVFECIR.TMJRXSH/HWFBGNCHFAVVVMZTVHK/HYSFHTHU901", "operationName": "QwlcahxurfrRxdaufpStsnptmf", "time": "2020-01-12X22:44:31.9904220S", "category": "BmajstihmduEcnaegfMuiknmxjTad", "properties": {"instanceId": "UwasbrhctroWtqauehIrnf_LS_0", "clientIp": "199.58.86.209", "clientPort": "0", "requestUri": "/tkezjd.yqi", "ruleSetType": "FNJMZ", "ruleSetVersion": "3.0", "ruleId": "0", "ruleGroup": "Lqyxwnq", "message": "Qtftpulct zmpl. Avjifq pj wttgmyys. Sevjzen Fgprjul Dabuj Ttikhzku (Fyqpv Otqknxg Csmex: 5 - CGEQ=0,HUH=0,SWQ=0,DJP=0,OGK=0,RWQR=0,BGDZ=0,IRBH=0): Bjwcg Edsp-Kvkfo yulkpoffql inmr trd wtiqiam/fhh", "action": "Wbbsgmz", "site": "Kfgdus", "details": {"message": "Rbgzask. Eqgcivcb CG ygfsjoa 5 ov UB:dayrryh_dsurwew_tdzzf.", "data": "", "file": "xfcrf/LVHSIPAM-980-SYIWPCSMQCU.ublg", "line": "73"}, "hostname": "pmeqlatprmsmfrkl.wra", "transactionId": "14051230839543432269"}}, {"resourceId": "/PBFJSBOIMPZSL/0V3GY9KR-6WV5-4U0Q-G452-Y032TX8WX133/KVDBZOMKDWQICT/BUBFWCCPEQVP901/LXWMUGFEG/OBXVHFROY.UQVMMZQ/RKQBNUDMWXBAWGIQUHD/QXQOGLKH901", "operationName": "TbsmlgfouzcAwqoxbgCxiiqbgn", "time": "2020-01-12E22:44:45.1132565V", "category": "YjcaahykbywQbvziccLtviyrcfFcz", "properties": {"instanceId": "OuvhvtpikazAoeypjlPtyw_LV_0", "clientIp": "178.137.17.210", "clientPort": "0", "requestUri": "/-/kvuof/Xjehhwh-Iofcdewx/Xbuow-toa-Utigbgbjbj-Eksdjzt-Ivmphau/FXC/Esshi-Ncnre/", "ruleSetType": "QDFPU", "ruleSetVersion": "3.0", "ruleId": "920300", "ruleGroup": "920-HWVMTSIF-IRDQVXIJXSJ", "message": "Emwdync Hqgzood ux Frqszg Mjwhvi", "action": "Hpfinjy", "site": "Ujmtky", "details": {"message": "Dngjrtw. Ukzyn ra \"mb PfrgtNkqXly Vfbgtlq\" cbnxyqh \"FXYQBPB_XMVLQBT:Egxw-Nrrar\" omnlbtve.", "data": "", "file": "fqeky/VROGMMO-920-CXHQDKPZ-LFNWMQNPTZB.jkap", "line": "1247"}, "hostname": "jtjgvxlmvfnvzlwv.smg", "transactionId": "3530826508052468204"}}, {"resourceId": "/VMOQKSUZKVYTW/0Z3WO9NH-6QY5-4R0X-Z452-R032ZW8SK133/OWWMQTFRNIULSH/PLGDJCUSMYMG901/SFFQTWBWO/JDGTHOUVK.DIOGJFU/WLCHCMJCDFRRPHGXLCO/OMHOMFCN901", "operationName": "TsyamovvrqbQfyvokhYdvvycjc", "time": "2020-01-12R22:44:45.6542150R", "category": "SlegmjvryeiJnnngpkZfazpjfaYee", "properties": {"instanceId": "VhbrelrmxdhIujkajjGghl_VX_0", "clientIp": "178.137.17.210", "clientPort": "0", "requestUri": "/-/ajydn/Uphupop-Jrogpkvz/Uwtws-huv-Irsrwoxrfi-Ewovlbm-Wpepfzl/TKK/Cimkp-Csyry/", "ruleSetType": "BHEVI", "ruleSetVersion": "3.0", "ruleId": "920300", "ruleGroup": "920-UBREDOWY-BXHDOOVSLQE", "message": "Apknnve Usjnmbb ow Pxgsmk Djxxax", "action": "Jcdztfi", "site": "Rdthvc", "details": {"message": "Ukicefj. Pputk fz \"rv GgyumPfyQjn Jrsmask\" emjuspo \"OAKNATV_DRCOAPK:Nxpx-Jyozb\" xrmkkkot.", "data": "", "file": "nvika/HICWFXB-920-KDSCQVFS-QQQZDLBJWZC.gpyn", "line": "1247"}, "hostname": "aeydbfszxysuwixz.twc", "transactionId": "3530826508052468206"}}, {"resourceId": "/OZUFNYVUHZGIL/0I3NE9WP-6XI5-4H0K-Z452-N032RM8SJ133/SLASLZSUTCDBHC/VPXLZJNPOGSP901/YIBAARGOG/PUQEFWJHI.GSERAYG/TURCQYNEKIGCJKRKCLX/LHZKVLFR901", "operationName": "MadnrvvafsvVfkfuhwZxsjpppd", "time": "2020-01-12K22:44:46.1941660W", "category": "DdjvyivefcgIrapswoUbxcfmedOdd", "properties": {"instanceId": "YekmsnmbellWsazpmlWkfm_KJ_0", "clientIp": "178.137.17.210", "clientPort": "0", "requestUri": "/-/rkbyo/Oiwfwfz-Szcuxajg/Jjwpl-wwz-Farjaisltl-Acoandn-Qsbatpw/KAK/Ssoia-Mzlqy/", "ruleSetType": "IYTDW", "ruleSetVersion": "3.0", "ruleId": "920300", "ruleGroup": "920-KHZORDDA-KAMQEGWNNVK", "message": "Jgxokin Apzybry yv Rqtngr Olsxsy", "action": "Fmvalxv", "site": "Pysqei", "details": {"message": "Noliufu. Brcmm pt \"ni OqfdtOyfTsh Joykaoa\" wirqptx \"EBSMIHP_YGSQWBY:Ddmi-Wbglg\" tikaaibb.", "data": "", "file": "vwebg/HBLRQLU-920-JDLHGSJP-VEDWKJFXHWJ.tepw", "line": "1247"}, "hostname": "pbpzuakhzipakrdx.rvp", "transactionId": "3530826508052468208"}}, {"resourceId": "/KHPLVFETUEILW/0Y3LT9MB-6NI5-4N0X-Q452-B032SH8LY133/ZHZBZXDLSPYJFQ/JJVKAKGWHTOS901/UAETYPSOW/YTENVKWVU.WFJIQWB/JSNUTZEASHBBCIIYTAD/ZFDFVGTI901", "operationName": "JuvbsywzpwuNuqkoguSovyjizr", "time": "2020-01-12F22:45:10.1751788P", "category": "QqkuezyykiiSezakucKtefpluhCul", "properties": {"instanceId": "HeuefvccxrbNnwgmurArgn_FR_0", "clientIp": "178.137.19.29", "clientPort": "0", "requestUri": "/cj-UB/hoqwu-kifnuzlspr-yzpgxonwmmay/", "ruleSetType": "FNUTU", "ruleSetVersion": "3.0", "ruleId": "920300", "ruleGroup": "920-TYUUSSTO-IARCTHQRQAK", "message": "Abbatvp Sfcagxm px Bxzlwv Zncuup", "action": "Cogmrms", "site": "Cjhsyv", "details": {"message": "Rbjgzyh. Tgqnm qw \"iz KglhtYjjGfk Xcptxsh\" vjfeagw \"VZTIXKV_TVILNEY:Rkag-Mlklp\" hvyxsybf.", "data": "", "file": "ochoc/MZGSUQO-920-QFEKSIYY-LPBWFDWYCIA.zakk", "line": "1247"}, "hostname": "bicwtydhouttxgue.rb", "transactionId": "936748724640553936"}}, {"resourceId": "/HACJLNCQFLEAP/0E3FO9WL-6RK5-4T0I-E452-G032WV8NW133/MIKROTEGSYTXVN/MXOODVHAEBCZ901/IFCYWTYFA/YSTOKUBZX.LNYGQWL/CGSPBYYFWZKEVGVUQKF/RGZWVCUB901", "operationName": "LmvjvwuucucPneftfmHfxwxfge", "time": "2020-01-12R22:45:10.7790877U", "category": "IwmywljklkdXxyoumjIjdhkgupFgi", "properties": {"instanceId": "HjftvfdrfkcHhkkfmiGhwr_UP_0", "clientIp": "178.137.19.29", "clientPort": "0", "requestUri": "/xg-ZT/mqskj-qwsennkuat-lwapjyzsoeaj/", "ruleSetType": "XRJTC", "ruleSetVersion": "3.0", "ruleId": "920300", "ruleGroup": "920-KLFCREHI-HBLRFJZYSZZ", "message": "Yqcjvbz Qquluin si Wysxbq Oixqqa", "action": "Wqwxnxe", "site": "Dfzrnr", "details": {"message": "Kleavyj. Bhavv yc \"sq NrhbhJjuImw Vdvuldh\" ldxuvfj \"UMGJBFX_INDABOJ:Myow-Uylkg\" xsugcnza.", "data": "", "file": "tourn/CJFGQZP-920-KYGJZYBC-PRZTGOPNZFN.qzgw", "line": "1247"}, "hostname": "xvxveujwhqhduygl.lq", "transactionId": "12393914972764111322"}}, {"resourceId": "/HZIKOWMEZNIRY/0R3NW9RY-6PS5-4Q0M-G452-T032VW8UT133/LLUDIEGZWYFKTK/DNIJVJAJXLXC901/BLLLGALXD/ISRKDGICX.EVKTEFG/WSIEAIYGSROAQBHZFCJ/ZQBZGWYN901", "operationName": "XtdhtjsgjwuBkywftuMwafkero", "time": "2020-01-12N22:45:11.3865967I", "category": "ByigagmpwfyJtwaabdXymcnfidVwq", "properties": {"instanceId": "JqqtwwmfvdtOmwtikzGxwo_MU_0", "clientIp": "178.137.19.29", "clientPort": "0", "requestUri": "/mi-OC/rjrlp-ugsiklcoyy-imexlxzwacuq/", "ruleSetType": "MZNBK", "ruleSetVersion": "3.0", "ruleId": "920300", "ruleGroup": "920-CKMIHKFV-HUIWHZKFASZ", "message": "Bgorrvi Zywvsru fs Ptojbh Iufjwt", "action": "Isyrrhp", "site": "Pfewdf", "details": {"message": "Uozdwah. Guyuk tj \"xf XyfnyHcsPyp Javkeeh\" chtghqh \"UCIGYGI_YYVWTZT:Cwwl-Rwrgr\" buyjptql.", "data": "", "file": "snwpv/PTAOKYB-920-HTTZYNGS-ROLDDUFBTFG.jyxb", "line": "1247"}, "hostname": "zfhjhftlpawufitu.xb", "transactionId": "8574858090707425754"}}, {"resourceId": "/VAYIXIGYRDRYE/0E3HW9IP-6LP5-4Z0M-Z452-T032UI8SD133/TUXLSJMMPGHNCU/EFVMDOMMVSHT901/YMCXPBHXY/QCXURQWBV.VFKNXTO/MBLHAAFITEQUPRQJHQW/QUBALDGW901", "operationName": "IsarazeqxrwOoayeopHgauzfif", "time": "2020-01-12B22:46:22.0149215E", "category": "UdetysyetjtCwyacrjWwzhdfrnAzj", "properties": {"instanceId": "EgfusgemdvfMiuqlpbMetj_FI_0", "clientIp": "107.4.215.152", "clientPort": "0", "requestUri": "/nk/hfgprvz", "ruleSetType": "APCHU", "ruleSetVersion": "3.0", "ruleId": "920300", "ruleGroup": "920-JJEPSFIB-YCMDLEOFXKR", "message": "Ofjlafe Epetgzp sq Myqzzz Izvvhw", "action": "Cnqjlip", "site": "Pevuii", "details": {"message": "Tmsfapb. Gqoys gn \"hp PkjdqJavQyw Pckbsdx\" jqhlflq \"GZYNTGG_ENCBXYM:Wazv-Fahdb\" jmszkurg.", "data": "", "file": "pgpvd/FSOEIXD-920-ICXUAEQZ-NSGKYJGAYWZ.ixqs", "line": "1247"}, "hostname": "ahjcojgytyguxtfk.lfe", "transactionId": "6052842299379942396"}}, {"resourceId": "/TBRCXJDCWSVJQ/0Z3TL9VP-6LJ5-4A0O-J452-A032RP8KN133/EMQLKKQGTFKFBZ/HZYQAPEUQRHC901/KOWQUIVDP/PJDJSTYKY.GOLRYHE/RJWAYVYOZKYYXWSCOHC/WREMQFSG901", "operationName": "VwtrwppoqviHhwaqjfDsczethn", "time": "2020-01-12O22:53:13.9588420I", "category": "NqfsuzrptiqDkcirwlNpkmihueZaa", "properties": {"instanceId": "BahputmulihUgybdjrUaei_VK_0", "clientIp": "112.66.99.115", "clientPort": "0", "requestUri": "/", "ruleSetType": "CCYEF", "ruleSetVersion": "3.0", "ruleId": "913101", "ruleGroup": "913-QAVWPJW-QJMMNMCXO", "message": "Axgro Zwqv-Qduew uctzqoumcv embm kjdfmqbtk/xclpugn ZWPV eonown", "action": "Fbvxwzk", "site": "Zewiqw", "details": {"message": "Mlpkplm. Fdhffpr gtiiyf \"ywpmpb-wymdwfhm ...\" uz MJUPPXI_NHVEWCT:Xngx-Lsidq.", "data": "Ubrauik Zroe: hkzcib-gqmflike qqsjn nqpsgr AMAXCQZ_YOIGOMO:Xxsn-Kixbm: afatvr-vjzgjlep/2.9.1", "file": "nhgox/LIZRPCD-913-CATLTOL-ALDYLEUCF.jlxh", "line": "156"}, "hostname": "zleempkbulttwoev.azf", "transactionId": "16861485803115654753"}}, {"resourceId": "/AHGWXDQBLNJHZ/0Y3ML9XJ-6DG5-4P0O-N452-O032PL8TM133/GQVCILFHWUUYSK/LMRJDZIKYJOJ901/CNJKCHJFV/VAEOTVELO.GMDHBJI/EZENERLJYXPMSKAZCII/HIEUJDZM901", "operationName": "OwxhprgzbsqJoxzhdrVwfpbgwp", "time": "2020-01-12I22:53:13.9588420D", "category": "PiwvrrrkkeyHqprktsBafrzrorNqt", "properties": {"instanceId": "EztbvhvxsmuYidchdoIsql_GL_0", "clientIp": "112.66.99.115", "clientPort": "0", "requestUri": "/", "ruleSetType": "DYSWU", "ruleSetVersion": "3.0", "ruleId": "0", "ruleGroup": "Xujuahi", "message": "Pfslydape eevw. Aiehqi oq lzkghbyf. Ojuciol Styjchf Zwwuj Pqlzjhto (Qmisp Kolxq: 5)", "action": "Jmtphua", "site": "Ncheou", "details": {"message": "Domcnn jsroqa ecev niyy 403 (rrvjr 2). Fbtpygut QM cglxwij 5 fj FB:htqkwgv_eakdg.", "data": "", "file": "mvrtg/KMXNOVQ-949-UDTAUJWM-RFTYGVDVRU.iqii", "line": "57"}, "hostname": "rgoolaxevptoltqe.jud", "transactionId": "16861485803115654753"}}, {"resourceId": "/PPULEFPUKFRIH/0X3MS9OS-6AP5-4N0D-O452-Y032OB8KI133/ZKKZITDSOZHHZE/PSGMLAXUZJKH901/HITFSJXFM/JENSVMALC.DTGPBGB/PSSDNKUXDIQJPASMXDX/EEAFZJTS901", "operationName": "NweivvdvavcZdogzqqYklkuimh", "time": "2020-01-12D22:53:13.9588420V", "category": "FjnvkfmafjwHyignbsTllvexgtEbe", "properties": {"instanceId": "QzuhvjynsdcXkaifhmSkwp_YE_0", "clientIp": "112.66.99.115", "clientPort": "0", "requestUri": "/", "ruleSetType": "MOKKT", "ruleSetVersion": "3.0", "ruleId": "0", "ruleGroup": "Uunsbhh", "message": "Ufxocehnv ipmm. Irtaxh hu nlatudfa. Jtqjcsz Jswwpig Taywu Zbuffpfh (Nydhc Kzubzwl Fuhnu: 5 - DZZL=0,ZDU=0,PHC=0,YKB=0,USL=0,DNQT=0,MMHV=0,KTIY=0): Arwil Lvna-Rqmrl ntxjkcjmbe lgua flpqlfubz/kohsafq SXPT jruwoc", "action": "Ioyyikn", "site": "Zmsfhm", "details": {"message": "Udnocbl. Pksgmygz WV ndlsbrv 5 sa IA:atnfwbw_qzvuvxo_batmq.", "data": "", "file": "lvtoc/PQOSJZZF-980-MUYJBTNGCXZ.smbn", "line": "73"}, "hostname": "teonhvmlyyznokic.odk", "transactionId": "16861485803115654753"}}, {"resourceId": "/KBPIVVNRZTCPH/0H3WV9VA-6GJ5-4K0U-Y452-S032KV8YC133/SBOSXGTZVCZEJE/JTIWUTJTLWOB901/UKPKSYVNO/WUSEZDINB.YNFEZGY/BQJAGHBNKJQKYGYDSUF/JOOHZGIK901", "operationName": "RsyvdsmoqwuNvdlcflPkkoltht", "time": "2020-01-12C22:53:17.7343722P", "category": "IccytklhnaeLrbhyrkIkmrntbbTfm", "properties": {"instanceId": "SudusneettqLwkwrlbKsav_JO_0", "clientIp": "108.174.5.112", "clientPort": "0", "requestUri": "/aj-FL/lhplkbm/ktw-hlha-jsg-li/pnri-xyd-rpzgxu", "ruleSetType": "RSBDK", "ruleSetVersion": "3.0", "ruleId": "920300", "ruleGroup": "920-FOQRBJGE-JJCAXHVDQOX", "message": "Gmojqhx Czlbtqv rg Edfzqd Jksrjx", "action": "Iiysttn", "site": "Chvfiy", "details": {"message": "Mdkfssi. Beqzt uy \"lt PgipiYkzIri Momzzvi\" wklnpzz \"TUDNXFM_XYNVGTV:Eotj-Imqdj\" pgdwwkha.", "data": "", "file": "kiraf/XIEHVHZ-920-CTDHCYHG-XVWMUFZRWOY.imao", "line": "1247"}, "hostname": "ljwwweehpncplobh.yy", "transactionId": "16861485803115654755"}}, {"resourceId": "/YNRQHEBQLZSBZ/0A3WT9IP-6KN5-4A0L-F452-G032MW8DL133/LUDUBWNOBHIMUK/KHFVZSNHEFOY901/ISAIRWKAT/PQUGYNHSG.HMXGCOU/VBQBUHLQSCSDMRYZPTL/ZESGYBLQ901", "operationName": "NybmoifwjviSxdrcgqNqtlxvap", "time": "2020-01-12Z22:53:18.1466988T", "category": "VemueeteezwEodbnmkOrlyzkjhNia", "properties": {"instanceId": "VjjjwibmjluOkvypegYkob_UT_0", "clientIp": "108.174.5.112", "clientPort": "0", "requestUri": "/ysvhjuh/pik-hchx-qvm-mo/isbh-ypy-bqmfdc", "ruleSetType": "ECUWC", "ruleSetVersion": "3.0", "ruleId": "920300", "ruleGroup": "920-DNQDFSFM-TAUJUSUYXFQ", "message": "Bnervtw Hwzeokj mu Eyjwnp Wsdpxc", "action": "Gmanxru", "site": "Vfxlti", "details": {"message": "Oyxgsgq. Pepnx mg \"aj JnsopQpsWfr Ehrnsqf\" uwkutna \"VHHNNBH_FJHBIUG:Lgrl-Yxxbf\" ucwglzhg.", "data": "", "file": "jiayv/NAVCWQX-920-WHMISTRH-XGHLDRCFRJJ.rcja", "line": "1247"}, "hostname": "dxfmkwaawndbktiu.ft", "transactionId": "10232182753579764721"}}, {"resourceId": "/GICOYIDGLSVST/0S3ML9NE-6YM5-4N0M-I452-V032NQ8RA133/TVVQBYVYPFAARK/RLTCHQJAMJBO901/QLZBKPKFD/VVISZKVBH.VBAQPCU/IRIJWEKZTMDIXVCNNPX/QNDNCAKJ901", "operationName": "QblcvzufechBtlvgcuLkjzaghv", "time": "2020-01-12A22:55:39.8429845S", "category": "FtqspjxylgqCjxuxwpNzntbmpyRzc", "properties": {"instanceId": "PtactooinvyWhefogsMwiv_MQ_0", "clientIp": "108.174.8.22", "clientPort": "0", "requestUri": "/kg/rrwge-iw/btmkx-zxnspndae/blgmlusldr.", "ruleSetType": "TNNES", "ruleSetVersion": "3.0", "ruleId": "920300", "ruleGroup": "920-QGGQUQEN-RDWGKVNVGIL", "message": "Pksvzya Ucdvecj me Gnxjjl Wonvxe", "action": "Vxnrzzr", "site": "Nyemsu", "details": {"message": "Brbuaek. Sfdld ea \"zc XyrrfHxeItv Vercibp\" isxjhlr \"CWOLULV_BJCKTSX:Zbxb-Bsjkc\" yfekthnk.", "data": "", "file": "ujily/ONHKMIR-920-KETNGGUW-SHIRXEZXLEA.xmgc", "line": "1247"}, "hostname": "eldmbdyjfislcxuj.rro", "transactionId": "16861485803115654767"}}, {"resourceId": "/XHKYFDGGYKDLF/0P3OP9DO-6FR5-4P0J-S452-B032XW8WD133/ENOBHIZAEWTQVU/ZMPYOGWFWIMS901/UCPWSSQDZ/DFTAUGWUK.TYGHDHR/FJVHEZWLNJUEGWRAXZY/QITBQHRG901", "operationName": "BkgiczhizwvYtxtxxtRvjmtrtn", "time": "2020-01-12I22:55:40.2313494J", "category": "GwdbyqkpfapUllurgsBltryiicFtx", "properties": {"instanceId": "VhkfwnnqwlbNyecavtWhqi_ZZ_0", "clientIp": "108.174.8.22", "clientPort": "0", "requestUri": "/404?hktatdimumyne=/gr/cqtza-cn/itrsu-pggvqyfuj/etqcogxvbv.", "ruleSetType": "KGXUN", "ruleSetVersion": "3.0", "ruleId": "920300", "ruleGroup": "920-NUHDUVMZ-ISBAKJSWQIA", "message": "Eitafon Ontmciz ek Llwjbm Xcguso", "action": "Xdonsms", "site": "Lahcwa", "details": {"message": "Koivphb. Vmhsu vc \"ht OjcjmYyiOdd Kebxsuv\" lzymylc \"FFDIFGL_RGLTSOW:Jlhb-Csppr\" vkbsqhsz.", "data": "", "file": "todbt/ZRKRJQB-920-YLAKHZCG-ZQWQULQWBRZ.flgd", "line": "1247"}, "hostname": "tfvempnakccvamhq.odn", "transactionId": "936748724640553992"}}, {"resourceId": "/HHHIGWBHRAHXX/0I3XC9SN-6OE5-4D0V-X452-Z032HT8IP133/UQUYNHEBTBUCRE/BPGKNZLTGCXB901/BZKYJFJZH/SPAZGWPGJ.ERHOKDX/LLWGYJEARCVPBECSBCP/OTDZBIFH901", "operationName": "VkyrwfeatksEoejydnSdaczwgf", "time": "2020-01-12E22:57:17.5790492Q", "category": "MqsyznebzcpKvkxfvaVuclzddwQqe", "properties": {"instanceId": "IsiexvxnqriAuzrzjvXugc_WL_0", "clientIp": "110.89.6.130", "clientPort": "0", "requestUri": "/orfaj-ye/dsrxnzqlxtlvz/qdfofjozl/ensdvkxmw", "ruleSetType": "XJOUR", "ruleSetVersion": "3.0", "ruleId": "920300", "ruleGroup": "920-MVXVRMWJ-ZIILKFBIOAP", "message": "Ivzcykn Rdyapac bt Efthme Efeuwn", "action": "Udxnboy", "site": "Idbqth", "details": {"message": "Gcaoylh. Kwigz au \"nu ElgroIclSxy Ozvivet\" dbtavya \"ECWBACP_UOIRWXM:Ahjx-Ijvlx\" lnxkbxuf.", "data": "", "file": "cygau/GPLKZMU-920-FCFQETPV-KVIDFEYYRRR.ultn", "line": "1247"}, "hostname": "yfcplamljjwmjkeq.ggc", "transactionId": "13042433319105463046"}}, {"resourceId": "/ERHMWLBCETRXP/0L3TT9BT-6QF5-4P0T-Q452-E032XP8IW133/GNYXDEHWCZTHNO/QFKKYLNFNCKM901/HWZXSGABT/WJZFTCQAN.KMQFRZN/PAFHVUDFJBWKIYZARMV/DYVCIJIW901", "operationName": "QqisfaqxkseTxwgedjKvalzvaf", "time": "2020-01-12I22:57:49.3414231R", "category": "BzeasqvpbapXrzkjvgBpeynevmIcs", "properties": {"instanceId": "OqbmdnjnptrBvjzytwTpyw_PR_0", "clientIp": "72.83.147.20", "clientPort": "0", "requestUri": "/gqfwvdv?hwza=12781--Gqcjmu", "ruleSetType": "JBIZI", "ruleSetVersion": "3.0", "ruleId": "942100", "ruleGroup": "942-EAWQWPQEQIQ-MZQOHO-KMCO", "message": "PER Ufwjjvbbp Geagpw Rrpfxpmz exm acojlqqavyxk", "action": "Kqvgvpq", "site": "Qwcduq", "details": {"message": "Xfcvbfn. yiuaozqe MZQa syljc ompsamjgoxqb ralv swpsqztupqm '1e'", "data": "Rfkpcbm Lhci: 1q bsisi sjezex PCYM:hkyw: 12781--Yiibnt", "file": "kshsk/XWWATWA-942-SAVPAIDIKFC-DXYYYB-QYPA.iijn", "line": "66"}, "hostname": "afzpnqntzyqvqgki.xkt", "transactionId": "4611690418621395251"}}, {"resourceId": "/WGDKDXEYJPEII/0S3GO9LT-6RX5-4O0I-H452-O032JM8ZC133/ZIUUGEPZUSRSSJ/IUCJPRZLITKA901/XHIOMOIMO/PGQIUAWVR.RGRPMNG/MFYRKRMBFZRTSBKIRAP/CWCOAHBB901", "operationName": "YcxayvjamivEowxhxsBqfvtfxj", "time": "2020-01-12Q22:57:49.3469981U", "category": "IbxqvjlxwfkLwcnowwSnmvgqvrQdo", "properties": {"instanceId": "VeyyefviyzoYtdchruYevi_UA_0", "clientIp": "72.83.147.20", "clientPort": "0", "requestUri": "/esjllsv?qcpz=12781--Omigna", "ruleSetType": "KUDIQ", "ruleSetVersion": "3.0", "ruleId": "0", "ruleGroup": "Mcrpvyg", "message": "Jriirdfsn axvs. Aqlufc fb wrnulnkf. Tyghetk Jbpamjp Nipvs Ytezaaqa (Iwxgy Otfpm: 5)", "action": "Knrkyrt", "site": "Jgpibr", "details": {"message": "Mpaunz thewqo tmcj mpbb 403 (wdocp 2). Wuvzmaym JI iskfwiv 5 di LB:othaqms_hegim.", "data": "", "file": "ilsgh/MREBOIQ-949-QVDHHADH-WTNXLQWZDT.yvrm", "line": "57"}, "hostname": "etgpudmrhdgllpna.arb", "transactionId": "4611690418621395251"}}, {"resourceId": "/ZWNWVBXAKDSFE/0J3RQ9IX-6NY5-4D0X-F452-Q032UX8JP133/OJWGIFZFPCWIBF/VAGHYOPPWZDO901/CVZTKOTUU/IUKKEWHNY.QJOYQYV/FGAXNODACAQLBIOYPOU/OLDEIMPM901", "operationName": "OvmgjvhxtkwKbbibocLvgpqgbq", "time": "2020-01-12R22:57:49.3469981A", "category": "MzkrmkjoobeQyqxgprTjpfnbcpFzv", "properties": {"instanceId": "YmrqanlwmlcNpqcrgdMypc_ZV_0", "clientIp": "72.83.147.20", "clientPort": "0", "requestUri": "/hooawwj?mwyd=12781--Aljegn", "ruleSetType": "QEQNB", "ruleSetVersion": "3.0", "ruleId": "0", "ruleGroup": "Etxgnun", "message": "Omohfmhvz ogsu. Dkhpqi pt wvpcjroh. Djvkdlp Igxhnch Hppim Wvjkwnbu (Rrfdv Agzdpcr Vpdyq: 5 - JFBN=5,VHV=0,SNK=0,PWY=0,JXZ=0,LZCE=0,PVJG=0,DGAT=0): OUQ Uwsvfcmzj Yxaizv Ichlqpof ruv vgszgtylmfjk", "action": "Fpftftw", "site": "Rvqqvc", "details": {"message": "Rkiyrdr. Sqfetidg XV itwlmwr 5 rh GV:fpzzgww_rertsxr_ipcpx.", "data": "", "file": "meulf/NKEQYSBW-980-RDZTFILIVQI.pfqp", "line": "73"}, "hostname": "ussokxpthxdzzurh.ptz", "transactionId": "4611690418621395251"}}]}