{"logs": [{"resourceId": "/DASDXNVSAZPBJ/0J3SJ9GF-6ZY5-4A0D-J452-F032KY8KK133/UVYLJCWUSWHXZZ/UYQLXPPZOVTG901/TCUAAZYTI/BVDOXQLTF.CMBYMAW/ITIFONNABJVNSJACGQT/YJRLRGJE901", "operationName": "UexelvqggprEiipicoLwxvhgmi", "time": "2020-01-05N16:00:35.5768888T", "category": "InhcafqqqpyZdzvnkiVdphfleoVvn", "properties": {"instanceId": "KutaxdygdekUhnlyyfFjiv_WP_0", "clientIp": "23.96.59.35", "clientPort": "0", "requestUri": "/404", "ruleSetType": "TNEGU", "ruleSetVersion": "3.0", "ruleId": "920320", "ruleGroup": "920-NPAQZSIQ-IGYAUVZZRAH", "message": "Tmgowuv Jvwk Uwvld Opnlpy", "action": "Tecscxa", "site": "Ziforz", "details": {"message": "Fqfdgid. Ttthwabw MV zbfiljz 0 kk WZAYJXX_QIGIZYG.", "data": "", "file": "dkxlg/KCRDYJK-920-CZYWISJU-FSZTTSJPSHD.qdbh", "line": "1310"}, "hostname": "jkjpwwndvmwouqij.wcr", "transactionId": "15420325126264064025"}}, {"resourceId": "/XJIGDEXRJQZPW/0R3WJ9ME-6XZ5-4L0F-X452-P032AU8GB133/FKMJQKWJWAFSLX/LGYTFOFLRRHA901/VDHCRTPNF/ZZSUFDFGX.PXVLKDU/VTSGPQDVSMHKEHNCGVW/UVNOHFSF901", "operationName": "FxkunhuanmiTcfxuozKrfmgrfp", "time": "2020-01-05C16:00:35.6549957F", "category": "IwgcwrnovsbRmaaefjAolgucjwCvj", "properties": {"instanceId": "XkzqaoygoaqAvnozjiXcoq_XH_0", "clientIp": "23.96.59.35", "clientPort": "0", "requestUri": "/404", "ruleSetType": "HHUYK", "ruleSetVersion": "3.0", "ruleId": "920320", "ruleGroup": "920-HLDCKQWY-JFHZLZGAFBF", "message": "Qvmpgdz Dcob Psfkq Pafbrz", "action": "Anbqajz", "site": "Horldn", "details": {"message": "Qdjwbvo. Ywwgtitm RJ abwlllk 0 lh AMYJFVC_FMTPFXV.", "data": "", "file": "wytzc/PWHSYPY-920-TGZBTHSX-HKPXMOTHRAY.gzai", "line": "1310"}, "hostname": "hyhljiosjfacqcvc.osp", "transactionId": "16140909862736369870"}}, {"resourceId": "/OIXHIGRQCXVOM/0E3ZP9NS-6ML5-4O0L-J452-K032FB8JB133/GJMSWXYBQZHCKM/PFDNQSMXJUTB901/WSTNTGZIW/PUQEGAMRB.RTLMSHF/XZKXXZSQTIQSDPHQUWV/NGCTDGXK901", "operationName": "LdyhgwqnlqxKnzspizJekwigyi", "time": "2020-01-05Z16:01:33.8744249F", "category": "PdaioexmjhlOxortwfCluxnmxtCei", "properties": {"instanceId": "DsinaxhxkvlSurxiltOpdu_AJ_0", "clientIp": "129.146.158.17", "clientPort": "0", "requestUri": "/tguwne.rvg", "ruleSetType": "YGFZE", "ruleSetVersion": "3.0", "ruleId": "920300", "ruleGroup": "920-ZNQQFWSO-QCWXBJBCITE", "message": "Diiyvqh Jmlglwv rc Oiajme Foioaf", "action": "Fbaprix", "site": "Dephcj", "details": {"message": "Kootgll. Hqjvb zw \"ky DvgpmMwqXcm Vhxudmu\" ewvmreq \"MHKBGXQ_SGQPRPC:Oggm-Tsouo\" vtwmumjz.", "data": "", "file": "jvqbp/OOGGRQM-920-TUEEDKAQ-LTRPKIZFHQL.mlpi", "line": "1247"}, "hostname": "izyvoidwtfwmrlfy.nik", "transactionId": "9799832791305690459"}}, {"resourceId": "/JLUAHAQBWJGDG/0L3OH9QH-6XX5-4W0E-M452-O032ZA8QT133/NRWMSJOLVZRPYX/BYYQOYGQJBGJ901/RBAGJIYYD/KAFMEMVUP.DVOZHIO/CZLEEEYPDEWWQZLCPGB/QVAEEAJK901", "operationName": "CkqgypdquvpRhuyaxnDgzgcobq", "time": "2020-01-05G16:01:34.2650465E", "category": "CjuapzxxywsLshoegsStvcsuxrJjl", "properties": {"instanceId": "XddpplyugslBhuobmlWtxx_XW_0", "clientIp": "129.146.158.17", "clientPort": "0", "requestUri": "/cwkukd.iiz", "ruleSetType": "DNWYJ", "ruleSetVersion": "3.0", "ruleId": "920300", "ruleGroup": "920-QTEBXGDC-OQQMGRGTSHJ", "message": "Dsimlkm Twxpflp xt Tqgubq Jfwfkw", "action": "Cfktoln", "site": "Mzbexy", "details": {"message": "Kpmyrha. Puzhe vx \"zd WxkmbHfhQjn Htgobqg\" mrkqsha \"EAJMPNA_PWUGZMH:Qhnl-Jnugj\" xanbdcju.", "data": "", "file": "lvaxx/WZRORNV-920-UNRUJOTQ-PUQAWNAIFTL.lbcj", "line": "1247"}, "hostname": "jbqzjxjcllfkxaho.zbk", "transactionId": "288234776345709918"}}, {"resourceId": "/EBNQZASKOWPXE/0U3AH9AI-6TE5-4W0V-K452-N032EI8PB133/WHAUKTLPBESIUG/RLVBOKAJYIIK901/TSYOVOMEW/WDTGZBHCZ.ABYJGYO/RUWVVZJNCQFIXPTLPTY/SZKLFKAF901", "operationName": "LbjajeoidwjXbbohgsTayfcqyx", "time": "2020-01-05F16:01:34.4369021J", "category": "WxmgxwlkxfrIkrgonrLxbnofgzBvp", "properties": {"instanceId": "IkegqdgvnjuXeoltdzDrxo_EI_0", "clientIp": "129.146.158.17", "clientPort": "0", "requestUri": "/bujgfoifmq-wlqa", "ruleSetType": "JMKTD", "ruleSetVersion": "3.0", "ruleId": "920300", "ruleGroup": "920-BEXISMHU-KBGEHMGYXQC", "message": "Vssacpg Spaguco yg Imeggr Fzmxhg", "action": "Pcnesnk", "site": "Advquc", "details": {"message": "Rhmcxov. Usyri rj \"kn BbammBulHuf Myjypxz\" fmffxgy \"WXEOUTK_OVCMTJF:Oans-Yeaff\" lunpopyf.", "data": "", "file": "bwzuz/PKACFDA-920-CPCVHFTN-QAHGYPPHALM.iaqh", "line": "1247"}, "hostname": "venmyiqheandqnpa.viz", "transactionId": "9799832791305690460"}}, {"resourceId": "/JYNIXENBYBRGF/0P3UT9LW-6WV5-4Q0I-T452-E032WO8QO133/NBWSDHDMOSHOZB/UKUPHCNKLFUT901/RFSCYZFLO/XGJILDUHQ.GOLXTFV/NSEHNJSPLPUANVPGYDG/QMXMWNCA901", "operationName": "SwmoywnbosdBnwslvsOckkexiu", "time": "2020-01-05X16:01:34.7137762H", "category": "YrsfvzrlzjsHfubjllGaujxfoqBbu", "properties": {"instanceId": "IkcxgorhdzpZjftgfvJdei_WP_0", "clientIp": "129.146.158.17", "clientPort": "0", "requestUri": "/dtsch-nj/whjsvoxrrg-nqix", "ruleSetType": "WBVJA", "ruleSetVersion": "3.0", "ruleId": "920300", "ruleGroup": "920-BAVMJPLW-GUAHYMIVRJR", "message": "Slawofj Nmolrdz ii Isygsj Oamlrz", "action": "Qxizevf", "site": "Awqxhq", "details": {"message": "Qhabmaq. Pnnno gs \"dr HxubkXfjNan Rcxmxqn\" bsxeufr \"OGAYGFJ_AWXRVPO:Qnjm-Qyibm\" jstdcfhm.", "data": "", "file": "ugrjx/XQZLBYD-920-AYAFXPEI-IQDDPMIXYBY.qxbt", "line": "1247"}, "hostname": "mpsjzqntdjlvvtrb.zus", "transactionId": "9799832791305690461"}}, {"resourceId": "/BWJOVLTUHTTKD/0I3UJ9TI-6VQ5-4R0D-H452-I032XB8MB133/BYOCOWKAKAAVRE/DQGIOFDOTBFF901/ZMHANIRPK/IXRZQPXVX.ZNCIIBR/LMHIEHJCDBDWNKJJUUY/AMVANGTM901", "operationName": "BjqqoikrlcuXfryhmiHfaxxrim", "time": "2020-01-05Z16:01:34.9325491C", "category": "EgtictvplycJvbxmciQxtzdwniElw", "properties": {"instanceId": "VvvwrxhfoifAwyfxfhYrmc_LA_0", "clientIp": "129.146.158.17", "clientPort": "0", "requestUri": "/cnexd-lv/osfoqxpuvl-avlx", "ruleSetType": "GFQWR", "ruleSetVersion": "3.0", "ruleId": "920300", "ruleGroup": "920-RWMIBVKD-LITQWNFDNWQ", "message": "Kinwaak Dclejxe vo Pnsyfc Ntrajy", "action": "Pgxjjba", "site": "Sbvccf", "details": {"message": "Bukussa. Prvoy mx \"xa OydhcBoqRuv Qkizqpk\" pxcbeyy \"ASMNMPR_THQSQGU:Pvlv-Dxfsi\" ptccayor.", "data": "", "file": "heonv/HZGYSEM-920-MYLDISLN-HQVCLLIQSID.tmwh", "line": "1247"}, "hostname": "hyzzfjophimhbtgf.fhc", "transactionId": "288234776345709919"}}, {"resourceId": "/VLPMUVGHOQJOQ/0M3KI9BZ-6MH5-4P0D-Z452-T032AA8BT133/OSEFYMGPSPBBWY/EPXUZGIMIWGO901/QNGMRYFGL/KRWBWFCAR.GVJUCPV/GBCZGSEAVKSHSXLKSQH/DEWGTDWA901", "operationName": "YnfrsapzxvjUybvxtfTgvvirqs", "time": "2020-01-05O16:08:19.2694015W", "category": "HimueywlvkeCryyzbqSclshgetPvv", "properties": {"instanceId": "EgsbfjredkaAjuszxfZtvu_WI_0", "clientIp": "34.224.35.80", "clientPort": "0", "requestUri": "/bedxdjp/qryfhf/XbalugnKqqzoucysrvthyOOT.stgz?1578240499594", "ruleSetType": "SIFEZ", "ruleSetVersion": "3.0", "ruleId": "920300", "ruleGroup": "920-IGMJBDPV-GRSWOJAHYSL", "message": "Nxisjlm Isdkzzo vi Uopfgo Xsdwyj", "action": "Kwfxbjw", "site": "Xgdmhv", "details": {"message": "Oejuqgw. Gvzwb uq \"jn PhaynKwsPwx Nstwrqv\" trmeawa \"WIBMSFP_MKJPCUD:Harm-Emsrl\" wszqfctl.", "data": "", "file": "tjpob/JBZCZDI-920-BXJKFORD-BWTUTVHCNXH.tqix", "line": "1247"}, "hostname": "hohmxytxhvixcsjt.dw", "transactionId": "13330659297210663212"}}, {"resourceId": "/AONNMMKUMTUDB/0O3QL9CJ-6QQ5-4N0E-S452-P032DL8QM133/AHQFHWFILELQKX/WPNOVRZAJZTF901/RBHGNYAOF/YFMHVXVSU.VCVIHZM/CYBBKKKHLWQNPLSAOKE/HVAQKHER901", "operationName": "LzbgxvlnzctNvrtyhuSgssjtfu", "time": "2020-01-05W16:08:19.3503643L", "category": "XekhntcvxwtZljgdrlZgwzjcgiVar", "properties": {"instanceId": "UjhbtvdpylhDeymjmfWqdv_CU_0", "clientIp": "34.224.35.80", "clientPort": "0", "requestUri": "/dgcgfiq/hmlxwq/JzhueypLggsddszqigahwKYA.jvzb?1578240499594&1578240499594", "ruleSetType": "UOXAX", "ruleSetVersion": "3.0", "ruleId": "920300", "ruleGroup": "920-VCZJEILU-UOWRAIOASUZ", "message": "Vhmqyhu Yzaqxwk cr Hwkuxz Vtlacx", "action": "Ihklxhi", "site": "Cztwkp", "details": {"message": "Qlflxho. Gcjnj um \"ee CznfjNnlUrp Qsobwkt\" qkbftxo \"COEJNGW_QWYMJSO:Gwlp-Cufcl\" igbxsibj.", "data": "", "file": "axcjp/WYVVNOC-920-HKWLEADW-SOUDOWYNGEC.aywv", "line": "1247"}, "hostname": "hiqjifdphkuokrfh.qq", "transactionId": "4467570832499016077"}}, {"resourceId": "/AGWENBYVZFRWC/0V3QJ9CG-6TY5-4T0Z-G452-R032MB8KL133/SHCJZPESTLBBHH/QLXCZFMXMEPF901/QUWSNWRFJ/UGUTJTPLU.YKAAINI/HTXZDFCEZPGHMPXFVEM/UNRPZNJW901", "operationName": "IfembhcjcccJtvizeuIostclgo", "time": "2020-01-05E16:08:58.7497726P", "category": "OrumjtnooztDwvhkdmAbdngxwsEsk", "properties": {"instanceId": "YmbvckekyygScpyevsKvpc_DI_0", "clientIp": "23.96.59.35", "clientPort": "0", "requestUri": "/404", "ruleSetType": "AQMTY", "ruleSetVersion": "3.0", "ruleId": "920320", "ruleGroup": "920-FNQVBEZJ-HDSMWJAEKZW", "message": "Hefjerk Ewjj Mlfxa Nhmksv", "action": "Duiqlxl", "site": "Pgtjyr", "details": {"message": "Okpaejk. Zmnhhddl LT fsmoahu 0 hd OIXNLTR_TRXKZPD.", "data": "", "file": "zgbbj/IYFQZVP-920-NDZOJASN-CTQPIXLIZTR.izkh", "line": "1310"}, "hostname": "hjtvdymguhuynpuw.wgp", "transactionId": "9799832791305690545"}}, {"resourceId": "/GDVHYHXDIXJUC/0H3KU9VV-6QZ5-4N0C-N452-X032EC8UI133/NIOZCBOBNNCHST/PWJZNPPSJQTV901/YYRSEPSGC/CKQLIVYML.ZIZQQMO/SWBHOGFUTQRPTMFZFWE/TWSQVEGZ901", "operationName": "GshocxodapoWcdnnkcMfuhusqg", "time": "2020-01-05Y16:08:58.8278670U", "category": "HijoroqpjykBqryrseKnfnymtmTvc", "properties": {"instanceId": "GhgbtnoikuhRueullvHbby_KQ_0", "clientIp": "23.96.59.35", "clientPort": "0", "requestUri": "/404", "ruleSetType": "PKOIR", "ruleSetVersion": "3.0", "ruleId": "920320", "ruleGroup": "920-WCQLHXAI-VWMHWLHPIQB", "message": "Ezdwerx Rlaz Mozdm Ltgqje", "action": "Hkgyipx", "site": "Cicqhr", "details": {"message": "Bolhchc. Kjgpfkbx LV esjttob 0 xu WFXCMFP_NVGIFMD.", "data": "", "file": "uwjqx/MFUWUIW-920-FCDYVTMJ-VCUZDAGOJYW.wmim", "line": "1310"}, "hostname": "ltggigbcfqgxxmko.wuu", "transactionId": "10016009971465978229"}}, {"resourceId": "/WKNIUFJFRPTQG/0X3IB9CQ-6YR5-4K0R-U452-P032TV8RS133/LOZRGBXJKOUSZX/VGYJNRNPTMPV901/FZWMDEVEG/QWLHQISUJ.VHOYHVA/GRUWMILCGVHCCNWIWBV/HOOCKXQF901", "operationName": "GvnwmokkdadAuntgvjPxwguqdq", "time": "2020-01-05A16:09:20.3094381J", "category": "UmcjkfhvjidYpigolwQaogbbmeYia", "properties": {"instanceId": "MbhxvukxscvSixfeivBayj_QV_0", "clientIp": "52.73.132.79", "clientPort": "0", "requestUri": "/evdzrgm/cajvmw/ZdzzjcoLfwdxbbeeupskyDZC.uhih?1578240560629", "ruleSetType": "XBTYX", "ruleSetVersion": "3.0", "ruleId": "920300", "ruleGroup": "920-UNVCIFTE-ZJSMEMYDOHG", "message": "Wboffuz Bankvpe ff Vzaiav Rjdapg", "action": "Zwnidys", "site": "Dwdcpn", "details": {"message": "Aqzlgop. Pxiro jd \"ad GgsgvFgcAqy Hhpyxks\" dnscgkg \"MUEGHVQ_RWVHBVE:Pjll-Iyaib\" kfmdfscg.", "data": "", "file": "uzdlm/PYWDVDZ-920-BESEMTLM-BSZXCTUBFWB.pkug", "line": "1247"}, "hostname": "mfcsfllzojcyqkct.jo", "transactionId": "15420325126264064119"}}, {"resourceId": "/ULVCWTRUAVKVY/0Z3SD9TI-6GZ5-4N0E-N452-K032MR8IB133/CYHDPTWMOHWLMM/UYNWXGXXQJEK901/RUANJVBVH/DCABJEHNG.AAVZELF/NFTQMFBDVGEQYBSDEOO/WYIIBHFG901", "operationName": "FdkpfsgvxblXiwteifIfmwdefb", "time": "2020-01-05Q16:09:20.3749689S", "category": "QkfvvewgafxWyqulhpCzdbiwscZsv", "properties": {"instanceId": "EwmgpsmrycgMqbuboiFkyg_JK_0", "clientIp": "52.73.132.79", "clientPort": "0", "requestUri": "/xpwsfpb/ptlwyk/ZfdwctxUrgcpbsnzkxnpkHAJ.xmse?1578240560629&1578240560629", "ruleSetType": "TQDQR", "ruleSetVersion": "3.0", "ruleId": "920300", "ruleGroup": "920-FNMMMYVO-YRCKFEUPADL", "message": "Wlrazli Ignwmhn su Youori Zphazd", "action": "Wrpwxsu", "site": "Cucpss", "details": {"message": "Kinjclq. Jozhl dh \"eo KkbtpYbzZzh Huezmaa\" jldwpiu \"IOWMCDJ_AUCHPUF:Ofbh-Dphze\" aigzonle.", "data": "", "file": "szfix/BVUYNNX-920-FEIJQOQR-ZZLSOHVXIZC.emsc", "line": "1247"}, "hostname": "avtfmijqqofwgtwu.fc", "transactionId": "10448355535693545579"}}, {"resourceId": "/PVRMVIGLECVBJ/0S3IY9PB-6FF5-4J0M-T452-J032EW8OG133/GJOPHCYYLNFISW/BOAKZWDPOVXW901/XGTPSYZOB/GZZJFFBVA.BSXPQMM/LCCANLCWQZZYYOAABTQ/KAILXNIQ901", "operationName": "BnwqxgvdaccTubgderBjxjzugq", "time": "2020-01-05J16:09:26.3914425X", "category": "CkksmupwmyhKveynnsSonbjmbxUes", "properties": {"instanceId": "QwurriohssjMipqjgeAfnz_FU_0", "clientIp": "34.224.35.80", "clientPort": "0", "requestUri": "/xgtxzkf/xvlnig/TbikmwmMqozqwtefszmjfKLI.egzd?1578240565055", "ruleSetType": "YBFJH", "ruleSetVersion": "3.0", "ruleId": "920300", "ruleGroup": "920-LSXRTUVY-KPLYMIWJJOR", "message": "Djtzuhh Yapkssp xu Qephkj Wxcrln", "action": "Dswdxya", "site": "Kbcghf", "details": {"message": "Rrwfqls. Pffnt ys \"ha CerevCnyBta Wyyscbk\" bvbpwnk \"UTRIHYW_UJHPTZD:Duka-Fmmzv\" zqhczcfe.", "data": "", "file": "tluxa/BRWDVKX-920-LGQEVXEA-RVPJSLRQCJM.dagu", "line": "1247"}, "hostname": "abexaqczpbwqisee.kv", "transactionId": "13330659297210663213"}}, {"resourceId": "/EQVIEGAWMKWVO/0V3QO9OS-6YP5-4H0L-F452-B032YR8TB133/LHTTFGIRHSRDZE/EXWKBAUCZXWK901/ZAQWOKYAZ/FLQGSKALV.IPNCUYM/EXDEOWJCTEJHSLQYNTD/UGZWNJBO901", "operationName": "VxqrjfvbcvoHjdtoyhBgzomxzw", "time": "2020-01-05L16:09:26.4538962U", "category": "FjrgnqdjvvhQhgcutiCkhqllufChk", "properties": {"instanceId": "VmzwftifjpkAoulettYcjq_KO_0", "clientIp": "34.224.35.80", "clientPort": "0", "requestUri": "/xqosjmv/bvlnkq/DcnlqrnYzmokcdoqtbeiiSVG.ftcf?1578240565055&1578240565055", "ruleSetType": "KKFWA", "ruleSetVersion": "3.0", "ruleId": "920300", "ruleGroup": "920-XCYLSLGG-QKMSNWKIIBK", "message": "Wiovhta Eczjrzm yw Rtzslw Pboebx", "action": "Dnxypkm", "site": "Qphufr", "details": {"message": "Ogvtgie. Rdoat cj \"dk QisiiDrjLuw Jdnjsvh\" rrelphl \"PMNARPE_VVHBQZO:Mmvv-Tjyvg\" zggjobja.", "data": "", "file": "llrpw/WPCXBIY-920-ZEEGKYGD-FWORXJUZZLE.zmjs", "line": "1247"}, "hostname": "kvebvguvyyskqusd.hx", "transactionId": "4467570832499016078"}}, {"resourceId": "/JHXXKKOCJKIFD/0O3RQ9RA-6PR5-4T0E-V452-M032ZB8JL133/PIFXEMEPWIMLSD/VHVXDQCSQAIY901/MZFAATITE/VCMJPUTGV.SZRQGCX/QTBIPJRAACACCDPATWA/YYFUNFSX901", "operationName": "BqnimxumfxkMhesujbAlwkleuc", "time": "2020-01-05A16:09:49.8859494P", "category": "GynmtgmmadsCxkhhnhPcijkwfiAqc", "properties": {"instanceId": "IqecsejqczfKgxayewLahx_NI_0", "clientIp": "23.96.59.35", "clientPort": "0", "requestUri": "/404", "ruleSetType": "WPJYK", "ruleSetVersion": "3.0", "ruleId": "920320", "ruleGroup": "920-JXIZMREO-QEACUQUDLVM", "message": "Ixjcxjt Qkgw Mqzge Blvfam", "action": "Rkdpwpf", "site": "Xazppc", "details": {"message": "Psllrvn. Bcplgwia HR rczyevn 0 py KOYQXFB_XPBJHHG.", "data": "", "file": "hdsbl/UWADQDB-920-YZIEHFTV-TYNJFAOHPZL.xqqp", "line": "1310"}, "hostname": "rvkxbwkfluqknqqf.gx", "transactionId": "13763004861438232117"}}, {"resourceId": "/ARVVHWXRYUMRM/0P3RT9NM-6NE5-4Q0T-G452-O032TJ8WY133/EOIUJWZUSFTPMK/HKVMPDDYRMWN901/DAAYJTGML/YGEMCOJOH.LVZSXLT/MBAWAWIHWZGAQYQPGFX/UVWWCSDL901", "operationName": "WrcbfskblagUvrlzhoNeykfnvm", "time": "2020-01-05M16:09:49.9830039F", "category": "VtbtzlkwrwhYseulytZpihrjaoAsm", "properties": {"instanceId": "ImzheudjeaqJrlfxoqAbzc_BW_0", "clientIp": "23.96.59.35", "clientPort": "0", "requestUri": "/404", "ruleSetType": "ZSNLL", "ruleSetVersion": "3.0", "ruleId": "920320", "ruleGroup": "920-WGUIHZCW-HGHKHRVVQXX", "message": "Bfpjulx Eimh Texir Ingesg", "action": "Ktjlfpp", "site": "Jufmbt", "details": {"message": "Rkcikec. Xgvjdkco JZ syoybkj 0 ki GSRQIXA_OFYLHFJ.", "data": "", "file": "gnmpj/PZHVMII-920-RXZDFNKW-OVZMWUZOLDV.lsoz", "line": "1310"}, "hostname": "eqwnzeuiaziiivec.yk", "transactionId": "1008806318678475623"}}, {"resourceId": "/HWOCTCMBQOLGK/0J3YN9DB-6TT5-4A0Q-H452-M032SV8NC133/TWZYRMXOPIWDEI/KTDUVTPSXZKS901/EDJOAMTDA/CGPZVDBJJ.HTCIAFU/LHNQOWEHUGHPGJXHKDN/AJFHKICK901", "operationName": "CiuxllhgjcxVsfuzedIdvpeian", "time": "2020-01-05R16:10:38.6884018G", "category": "OdwopapnvqlOtdfidbNfpbmporGss", "properties": {"instanceId": "XzzrefbqvyhXdqrtupPyhy_QR_0", "clientIp": "54.86.37.102", "clientPort": "0", "requestUri": "/ddruyh.oug", "ruleSetType": "SSQNN", "ruleSetVersion": "3.0", "ruleId": "920300", "ruleGroup": "920-CDKQTLAW-QSOIXABWCQR", "message": "Zyalcjq Usfculk gv Ygzwzc Oxupsa", "action": "Cknjexi", "site": "Byfjyt", "details": {"message": "Mtzcqkt. Vxxnl ci \"hf RgcofTizDym Chrpmwx\" unjvptu \"ZBNPXYQ_CSDLJYN:Flgh-Cktjv\" mpcrppuh.", "data": "", "file": "cnjtu/NUEBZIU-920-DAULWTCF-JDPRYTXIAHK.ibyr", "line": "1247"}, "hostname": "rqoupdnfqolvqgyt.gf", "transactionId": "10088067565503906640"}}, {"resourceId": "/XRLNUTYBEEXAZ/0Y3QD9LO-6JW5-4U0E-D452-E032IH8OV133/BQCXJFVRKKHPJZ/DNYNIZUTXLXV901/TAXZYOQTV/FJZPXJJHB.QXYISYX/NHNFMMSNTVYBTVTGEAN/WWUYGASQ901", "operationName": "XwwsuqibaudIfmmherJycmzimx", "time": "2020-01-05E16:10:38.7509049T", "category": "QiarkzmgsaaDbxszphSomrfunqOhs", "properties": {"instanceId": "RswbdykwvlgDxkwnvrThqb_JT_0", "clientIp": "54.86.37.102", "clientPort": "0", "requestUri": "/mg-VY/gqaqwld", "ruleSetType": "TIOFJ", "ruleSetVersion": "3.0", "ruleId": "920300", "ruleGroup": "920-RCLXFKMQ-HIHINETTSQJ", "message": "Xoezkzo Obzcqak pr Rqticn Bjragd", "action": "Vgdmuaz", "site": "Tpvglg", "details": {"message": "Gmewbrj. Vyepu jx \"kn NmbojJhpNjh Dsqnumj\" qvjvlio \"AARKREK_FAIOXDZ:Yepj-Tncll\" hhsyuwbg.", "data": "", "file": "dwabn/ZOMDSGH-920-UWRWKLRV-KXXJITYFXVA.gbzs", "line": "1247"}, "hostname": "mvqjinmkrjrmbacv.qg", "transactionId": "10088067565503906641"}}, {"resourceId": "/BDRGFJMIHOYKK/0S3RU9SM-6LA5-4V0S-C452-W032TM8TS133/BGJJMGYQVBBPVH/UYZKITGOPVUL901/UZQTVTMFY/KUJIWWZBW.DMNLKVT/EKZVTOQMJKAUXPYHIVP/CGXIYXQL901", "operationName": "WfgguivakjwCtbklnzYggkmvnd", "time": "2020-01-05C16:10:46.6759223B", "category": "BgdanyubzslOhwfdmqGgcmhratUty", "properties": {"instanceId": "VacjbanpbvfYmxydhdMkah_VX_0", "clientIp": "23.96.59.35", "clientPort": "0", "requestUri": "/404", "ruleSetType": "TESWN", "ruleSetVersion": "3.0", "ruleId": "920320", "ruleGroup": "920-SKAZBZHF-ARKYWGIYVLC", "message": "Uqwayjl Dzvv Gxoym Tcnfvh", "action": "Pcnqeka", "site": "Yciinp", "details": {"message": "Fhyrjxb. Vntxvrra KM hkwuwpo 0 kd GPGOAIW_RLVAVBA.", "data": "", "file": "cfrcv/IFAYCBL-920-KBBVRSQO-QODDAZRPLVM.gykc", "line": "1310"}, "hostname": "qquztkaywhsipmim.gr", "transactionId": "13763004861438232118"}}, {"resourceId": "/AHIXDVGUEZBHC/0G3MU9TX-6KP5-4X0D-N452-U032EQ8MD133/PMEDGYONECTYUD/XGITIPVTWQIS901/ABKPRZNFT/JPYYXOEBJ.RQMHKCT/WZBAQNQOXLYVLWTUICP/RITBKWLB901", "operationName": "LsnxceqdwtvVnhhfuaXsbzbuuu", "time": "2020-01-05V16:10:46.7072865G", "category": "McjhcghbqiaRelgmhzInhojgmjVsd", "properties": {"instanceId": "QkadlrvflyzCmzquidHbxo_OV_0", "clientIp": "23.96.59.35", "clientPort": "0", "requestUri": "/404", "ruleSetType": "KUWCS", "ruleSetVersion": "3.0", "ruleId": "920320", "ruleGroup": "920-APEOIQTA-LCIKNQWARJN", "message": "Hydyjen Hton Oujzd Lxizlx", "action": "Hxifyol", "site": "Rmuzio", "details": {"message": "Zgzlmgo. Hwyduvla OF tryproj 0 pa WMCPJCP_RVTNUZW.", "data": "", "file": "kvytp/DVONYIN-920-RZIBWIYB-MLSYJTZIZCZ.dmug", "line": "1310"}, "hostname": "trzemnjsfywbezrg.rv", "transactionId": "1008806318678475624"}}, {"resourceId": "/MGRTJIYDZCPBD/0A3QG9QP-6XV5-4X0G-P452-F032QZ8CZ133/YWOAEZQHOBSSHH/ZLJJFSPASXKH901/MSIASVOEI/FFDPVAGZJ.GLQHXXP/ITMCSDFFMSVAQZRSWHN/NFQUFNDZ901", "operationName": "LematjgzngjKeejfvwIntcqevn", "time": "2020-01-05E16:14:02.3218556K", "category": "TnajwjgnpbzMjdnypvXcklqtvySdn", "properties": {"instanceId": "FywxfnvivvjEjekaskVvex_WC_0", "clientIp": "129.146.158.17", "clientPort": "0", "requestUri": "/ksqzbg.gcn", "ruleSetType": "KNPOG", "ruleSetVersion": "3.0", "ruleId": "920300", "ruleGroup": "920-TWSNEEAY-CPSRZQPVNSC", "message": "Dnrichz Vptieid uy Tygwxw Ufnnut", "action": "Tjamiwk", "site": "Lftcbn", "details": {"message": "Qncprxw. Nuanf rh \"hs EwmxzOkeUxp Msqkpku\" ktkliwo \"LLTBTBO_TPQKALN:Hptv-Kxuxq\" gikpfzyn.", "data": "", "file": "pwbaq/BXRBLOY-920-VKQJWGZD-KFVXSDRVHIW.oswi", "line": "1247"}, "hostname": "lsqbmmzhpxriijge.ggk", "transactionId": "10088067565503906651"}}, {"resourceId": "/JBGXXDSTIFQXH/0S3OM9MG-6NL5-4O0X-D452-F032IT8SL133/EGJZVIRSXBFRSO/JFVAPUGRPRJL901/JWPWSRFJF/GRYSLIHLC.TSDLLUM/WESEGPXGOKSRTYVHQZE/CECCVDZY901", "operationName": "PidfdoexzahSdgxhilUoezmjfm", "time": "2020-01-05V16:14:02.6343444S", "category": "IzcmoywvdcaWxhmgyjYlwaolezUml", "properties": {"instanceId": "HfzasnlpmjdOyhnhqmMauo_VX_0", "clientIp": "129.146.158.17", "clientPort": "0", "requestUri": "/dyihym.bai", "ruleSetType": "RHQPD", "ruleSetVersion": "3.0", "ruleId": "920300", "ruleGroup": "920-UAKPJWKY-QGXXWVHGPCW", "message": "Gvwogzw Gneggbe ba Bumgha Qjxojk", "action": "Guufoxh", "site": "Eiqdqu", "details": {"message": "Nnggfjc. Niftt ax \"ud KxtfoAyqEsi Vvklkgl\" tarsfeo \"WWSVXFW_TCDZXPJ:Fosf-Elczr\" jrcvrgwp.", "data": "", "file": "bwsjx/VXEQSXI-920-LZFLTNDM-ZYVRTYXIUTZ.vxkh", "line": "1247"}, "hostname": "lqyaxqymyfnjmfjc.ylj", "transactionId": "16573246630870914081"}}, {"resourceId": "/YCZDWUCXCBKJQ/0H3TX9DS-6LB5-4Y0G-N452-V032LQ8YK133/LFPCZVVYWZGNAA/UIENUJIYTMMU901/JDMZDQOIF/EXKNUFWZK.EYNFZKW/CHWOOFOKTIXXORTZWIG/PMHKMYLT901", "operationName": "WhlwfsxhlbkEbwtuqfNlhrchcd", "time": "2020-01-05B16:14:02.7281375K", "category": "ImuqvuokfuaNpztckfImvhylnaPlu", "properties": {"instanceId": "NhdxtnwmvfzZjztsiqVxan_VP_0", "clientIp": "129.146.158.17", "clientPort": "0", "requestUri": "/wcddi-vt/osseafmnf/giouu-gtf-ykqpgortqe/mgefdjs-vxngi", "ruleSetType": "HIVGZ", "ruleSetVersion": "3.0", "ruleId": "920300", "ruleGroup": "920-ZSXYMJPU-LVVVYSUHQEG", "message": "Gfeggal Gmclfyc cs Qyxjkr Prbfik", "action": "Tmmnzpq", "site": "Iamxqh", "details": {"message": "Ofuswpw. Zmyzd md \"cf NgrcjDzkGzj Fsoskns\" mvwapgh \"PGMMFVH_ZZQRCLH:Dqpw-Gnmxb\" hvehmgwu.", "data": "", "file": "wcscf/UZVLIBF-920-DOWJXDVV-PCLBZWIQACR.rkzl", "line": "1247"}, "hostname": "oaiafqpkqpgyysva.prv", "transactionId": "10088067565503906652"}}, {"resourceId": "/UXNXLLWSVLUXF/0W3EM9JF-6QZ5-4F0W-V452-X032OV8BR133/DINMZVEYSZBMXZ/BUPMUXUSKMTL901/ZGIQKALSV/PZSXSZGYK.YJATEIS/VFYMWZKATGZDRIXTCFW/LYKNIDAW901", "operationName": "NclnrglnjzbMdcphnzGuxcglod", "time": "2020-01-05V16:14:02.8687260T", "category": "QchejqywdliPkvpddrKydihqpqJzh", "properties": {"instanceId": "SyiictvezdbUsdrmtqJsdu_XR_0", "clientIp": "129.146.158.17", "clientPort": "0", "requestUri": "/sghhr-hm/ncdtjvhia/irkku-juv-lzfsjxyhjf/gnxmgep-eljql", "ruleSetType": "PCWFD", "ruleSetVersion": "3.0", "ruleId": "920300", "ruleGroup": "920-NBCZFEEV-FFTMZVGFFXP", "message": "Fwapmlx Ibyztsn ij Mfxpnr Qzhwyh", "action": "Gdeunlk", "site": "Hgzxrn", "details": {"message": "Avusvwm. Vokfu vj \"iy XtipqAaqVyc Ponfszb\" owxdukf \"PGIVOPB_BFEEQZV:Ylch-Kiuen\" nmljeump.", "data": "", "file": "yjjph/LBVHKLU-920-TSSVYKVR-XXDQMKVXJSA.tqzy", "line": "1247"}, "hostname": "xrvrwpceltpoemyf.iqi", "transactionId": "16573246630870914082"}}, {"resourceId": "/TJDNUNCDHDJRB/0Y3GH9WX-6UI5-4Z0M-G452-I032UA8LC133/LKNHHMEPDMFNXQ/NZAGMMBYZTXR901/LIWDNHJMW/HBEIIJXNU.VOHAEWT/FLCYYGNICRHQJLBPVRL/ELEKJKIO901", "operationName": "UvqueuuezqgEoffhthGgmnsqpj", "time": "2020-01-05W16:19:24.1820576B", "category": "CntjcdpjuwfKivvxskBcioqyugFfo", "properties": {"instanceId": "JmbjsyrwuycDkkklrsNhvz_YD_0", "clientIp": "34.220.78.86", "clientPort": "0", "requestUri": "/", "ruleSetType": "BPVLT", "ruleSetVersion": "3.0", "ruleId": "920300", "ruleGroup": "920-FWWMMFUH-ITQBUKAYMBH", "message": "Steecph Fedxmtn nz Cqhvjx Wwitko", "action": "Wmvgqgw", "site": "Mqwmnx", "details": {"message": "Xqlzvxl. Nwfyq ta \"ai DyuhoCxgSvz Kbkvqbi\" knlkobb \"ZJVIBAG_DHYFKLH:Cjvm-Hnbxv\" htgacavj.", "data": "", "file": "xqhpa/WRAKMHZ-920-IJSZIHCN-VHSYVOUBHVZ.uicd", "line": "1247"}, "hostname": "hkojlgwhdwicytje.ier", "transactionId": "4827858802688660662"}}, {"resourceId": "/VHWLKFPECELWT/0V3NT9TX-6XT5-4K0E-J452-I032DJ8TZ133/COLMMMLIVYMZVW/WZILVLEJDTIR901/HSELRGIYY/OAQOHKIMZ.GHDMPWA/YUINSOTJGBBBSZOEGDO/MSINGMUK901", "operationName": "WsavfkpyesjVtzjqtjCoikmwxh", "time": "2020-01-05M16:19:31.8147047O", "category": "GwezzwydozaLjgrlbiRnmboivoEmb", "properties": {"instanceId": "FsmeafhdbqeVfqtdysSfzt_OI_0", "clientIp": "108.174.8.22", "clientPort": "0", "requestUri": "/ul-VW/pecijin/ndz-hela-dph-yc/htma-afz-ptsvhb", "ruleSetType": "JLGFI", "ruleSetVersion": "3.0", "ruleId": "920300", "ruleGroup": "920-VDVXIGHV-YPLPWWPSFJQ", "message": "Ikejvmp Ygpovle yy Wvycwf Tqysuc", "action": "Sgnhcjq", "site": "Mzjzwz", "details": {"message": "Fexwvuq. Dscan fa \"yj TeuetQijYmd Dblcazs\" pdhfjoc \"SZUWNLB_AAMLTSA:Ohwu-Xbcqc\" oiiczfzm.", "data": "", "file": "ipaij/LBNWGAD-920-FWUHCUMV-XQJJARHVQWF.xxpl", "line": "1247"}, "hostname": "lvqoycngojjhxvzj.jm", "transactionId": "4827858802688660664"}}, {"resourceId": "/VYRWDOGDVFGQU/0U3EY9CH-6GN5-4H0X-J452-S032FR8LY133/HFOZXFQGOJVAZF/DOKWETRZPAEL901/EPGYRSHGY/IUZJEBIVA.POYHTDX/TVQFMYTJBWXZYHXCWJX/IYEJZNTI901", "operationName": "DsyrpubbduoHyzwoitGqebevvd", "time": "2020-01-05C16:19:32.4383460L", "category": "UxwolnoqkviQtdfevaNngkpbvvQmv", "properties": {"instanceId": "GyzwnkccebaVnkwskmBynr_VC_0", "clientIp": "108.174.8.22", "clientPort": "0", "requestUri": "/afxwybc/duv-cdkg-bbp-lv/jkuf-sje-ihhylh", "ruleSetType": "VDOYR", "ruleSetVersion": "3.0", "ruleId": "920300", "ruleGroup": "920-LKKITWLF-TLTHGTSQZBK", "message": "Zokxxfb Ujgnerc ok Elnujh Eftrwy", "action": "Hkxkfwr", "site": "Ypinfc", "details": {"message": "Ttcjsap. Qghmy et \"uk RlrrkFnqCsd Kvjwrst\" uxyfacf \"BLZHVOG_UZGVWWG:Gppn-Xcguw\" xkajrpgo.", "data": "", "file": "jmeio/OBFQMHO-920-RJANIVTM-BXREGDBXIHK.xypl", "line": "1247"}, "hostname": "qiwqhjcesheeekkf.ec", "transactionId": "10664523919760820206"}}, {"resourceId": "/LRKKOOSDYRDIG/0M3YB9JL-6ZA5-4Q0E-C452-S032RR8SX133/GSTYNLWTMMDPWJ/ZIGEHOZULBGB901/EGMXRQLXD/XAQJVMQMX.CCHRTDN/GZLTYITODKPBKYCEGEK/RVXDBHBI901", "operationName": "WdxbetpnxkgDiivgksXwioxrie", "time": "2020-01-05D16:22:46.9147999M", "category": "OqthctjauzvTuzotwkZrdwinirGak", "properties": {"instanceId": "NkziqwoxayiLemcgpbNegl_OW_0", "clientIp": "98.110.247.106", "clientPort": "0", "requestUri": "/nkyyerjfsogaxyo", "ruleSetType": "AMSXG", "ruleSetVersion": "3.0", "ruleId": "920300", "ruleGroup": "920-JSAGEKFV-LFAJKXYJJCX", "message": "Blzoobd Utmjdxh uk Cliarg Nzborb", "action": "Dkpoxuy", "site": "Rndplw", "details": {"message": "Fdecfri. Xqyjs sg \"ij PjiyiSlcLjq Lufbafs\" kjxrzzi \"CUSERGU_YQVJBAG:Mtvf-Utiyq\" fggvxtxz.", "data": "", "file": "taxvy/NPCMULY-920-WFYGAWXU-IZTWYSNRMHD.qzlp", "line": "1247"}, "hostname": "rhvrchkbakohuteg.wgt", "transactionId": "2305843011361181331"}}, {"resourceId": "/QWZXRNPAKBASZ/0E3FK9IP-6HK5-4I0N-P452-E032XN8NW133/BWLHNXGYSBELZO/OUOQWMVVNWKI901/KUQPWOZXG/VJMMHYXHL.JNBSEKM/JIVALYWFDGAJKRQNHSD/LSOIJOQS901", "operationName": "FzlbqigctbaYwfwhwiQmxotxjo", "time": "2020-01-05W16:22:47.0085340M", "category": "IszfsmckyifVpwsejoXlbpqxivGvd", "properties": {"instanceId": "NtrfdebfkxtRsoxbsuDeoz_CH_0", "clientIp": "98.110.247.106", "clientPort": "0", "requestUri": "/hmhwqcfnohuvvt/tqbzxkuvqe-tylqlsugdfl-tvfjkha-jjyroiqe", "ruleSetType": "WJLOF", "ruleSetVersion": "3.0", "ruleId": "920300", "ruleGroup": "920-WXDDZJMU-ZJHJBJROUTG", "message": "Brfhbzf Dkjxaoi li Kmdbxc Ottobp", "action": "Zlcidix", "site": "Cxpxin", "details": {"message": "Dbszkzd. Vierj wc \"cn HtlpbSviIqb Klycfpo\" weoawqz \"AYZVAWX_ARONFBW:Feza-Nxncm\" cuokdojs.", "data": "", "file": "odtpk/MSOXNYL-920-DXEYJRZH-LUJLYQBQZUO.rmxc", "line": "1247"}, "hostname": "lucckkvpqfaguybt.plz", "transactionId": "2305843011361181333"}}, {"resourceId": "/JWFUJXEXPMIRA/0P3KH9MT-6EQ5-4T0Y-N452-E032QG8DW133/KKFINNRAYYCRSG/LFUQPWELJBBF901/BNWWBLUJH/UJABIOLHH.SIFBZBW/IYVIPJBLRGIEWEJHXPD/BEWBLVDK901", "operationName": "JskblncaaztXbqbrfbGlswnlrb", "time": "2020-01-05U16:22:47.3991865H", "category": "HfiirwsbfjhBhxkcqiStbwyimuQtu", "properties": {"instanceId": "UjkgcvrbmqwNtqfmurEtnt_OW_0", "clientIp": "98.110.247.106", "clientPort": "0", "requestUri": "/ektuyfrstepedt/ybpvwuffxd-xamqciwmpcc-wnrxkje-enhnxlwu", "ruleSetType": "TBREQ", "ruleSetVersion": "3.0", "ruleId": "920300", "ruleGroup": "920-JSEHDKRO-WVYYUXRHXRG", "message": "Nzjkuji Yniczgs jh Vgkuxc Xjwshn", "action": "Uyiapty", "site": "Sqyggn", "details": {"message": "Anvkrzi. Quyxp za \"vy McbcfBuyBth Nwpojgb\" bjnujmi \"DBLGRNL_FHCAPHX:Vhwb-Humcp\" wzuwysry.", "data": "", "file": "bkzcb/WRZVHZJ-920-MSPWESHD-SDAFCVWOWWU.gxlb", "line": "1247"}, "hostname": "crhllhymkejngueq.wsy", "transactionId": "9799832791305690616"}}, {"resourceId": "/URMEFESMAEQXO/0E3XN9JE-6HW5-4N0O-S452-B032WW8AR133/LMUYLPXGRZQOWC/TANNQQNXZIMT901/IKZJGAQVV/KBNZFNGCK.FAINTGH/GJCOKVVHXUPEPVRQDUY/LHBZTGSO901", "operationName": "YxwskopmuhoEojupceBtzraprg", "time": "2020-01-05B16:25:48.6847522G", "category": "MwqytpigprlDhzyafgZqokcxruNbr", "properties": {"instanceId": "NedcottkeqrQvgmlfnZzcb_KD_0", "clientIp": "129.146.158.17", "clientPort": "0", "requestUri": "/lmlbck.crj", "ruleSetType": "UJSAA", "ruleSetVersion": "3.0", "ruleId": "920300", "ruleGroup": "920-XHHIRTEQ-TZCZCKNDXTK", "message": "Ayrcged Kviqorq mk Piqnkl Ycsnxm", "action": "Cnaijfh", "site": "Lpbgly", "details": {"message": "Egbdycz. Bmxkd la \"ur TulwfIbxAxg Pfknbfx\" xrvzxkd \"ENYHZWU_ONFIOZU:Ypoe-Vaatf\" snekxgsa.", "data": "", "file": "avwzk/TGHMMCX-920-SFBZYVEW-BCWCSIZTIJW.hgsq", "line": "1247"}, "hostname": "vmrloogktzhgnkfu.tyo", "transactionId": "8214565722471268932"}}, {"resourceId": "/DDCMOBTFWQTEV/0V3FC9PR-6RG5-4H0W-Z452-P032PH8HP133/DFUDQLLJIMMFVN/RUNHVVRBXHFC901/HEQJRAFZN/ZGIBGLQAV.DMKOPNN/FXFCDLRWGAHNTCBNFWN/NICMUVMB901", "operationName": "FlwmtyfkvplQchrystHfinfpsm", "time": "2020-01-05K16:25:49.0168563P", "category": "NjujyypkzqiDrjfiebGniqoyccTgk", "properties": {"instanceId": "KngxdwrcafcOfxjpoeYzpg_CR_0", "clientIp": "129.146.158.17", "clientPort": "0", "requestUri": "/aehcki.xzx", "ruleSetType": "RTXZJ", "ruleSetVersion": "3.0", "ruleId": "920300", "ruleGroup": "920-QSIYLTUF-WLALMESYMUL", "message": "Ycmvxuw Jtmjgdw kf Qxaqcg Juhnjb", "action": "Ouzlnga", "site": "Agenun", "details": {"message": "Dioqmfw. Ooquk ib \"ag McwsjLovBzf Wjxyczg\" grwcdal \"WGSNRAZ_ZNPKZLZ:Qxmu-Plujb\" mllosghs.", "data": "", "file": "yedmt/WRGRVGJ-920-GYYWYGTZ-PXDIGELFIIU.ugqh", "line": "1247"}, "hostname": "yrtzavnciedvxrzx.scq", "transactionId": "4755801208650727623"}}, {"resourceId": "/VDHVYBVUWLHGE/0N3NP9BM-6HF5-4R0L-J452-Y032GO8OX133/JJBLJMMOBCUKFJ/CWJZNLYILSUN901/YMAXYNSLP/UAKHFPKLJ.UGCYLLD/VHJDBOLOCYVCUBMOFCA/XYYWJMEP901", "operationName": "IwrndtxibhzNedkotlTvmrytfn", "time": "2020-01-05Y16:25:49.1418861F", "category": "QiuxjpfzoqjPrwamdiNtczgemjJlz", "properties": {"instanceId": "YrdxlvvxaqfLbjjjxwWssl_KY_0", "clientIp": "129.146.158.17", "clientPort": "0", "requestUri": "/pjmkgvqk/2019/10/10/bbwqbka-phvmdqtu-nu-icen-2019", "ruleSetType": "BQKFU", "ruleSetVersion": "3.0", "ruleId": "920300", "ruleGroup": "920-XGWZGJMO-OWSBSACDJXP", "message": "Zugxobj Iaikztl ot Inqceh Fuvrog", "action": "Vpbmpai", "site": "Ihjhwn", "details": {"message": "Arxqnjt. Dmuds tc \"bq LkcykYcrDjo Yiitqsx\" sinjuic \"LBVZFGA_OVSLFWY:Jcoz-Jpsrm\" krooovfl.", "data": "", "file": "oxhng/VILZWAX-920-EAIPHEGX-TIQMHAOOWQQ.zjru", "line": "1247"}, "hostname": "mstkxdehctkxwiax.rpw", "transactionId": "8214565722471268933"}}, {"resourceId": "/LODMWFAECQFTC/0E3FF9XI-6HL5-4X0Z-U452-J032XH8SN133/OOGZLIKLYIJBKO/SKZVPPYNIYDV901/VSHHTEUGM/VZMCAVLBP.YJUACMX/BHDTVNGYXZPSONJGOQD/JYCICJSF901", "operationName": "PadytkwroeeHdzlyniSyllzjog", "time": "2020-01-05K16:25:49.3026784Q", "category": "XtsczaoosrjHebiarwUljapfjzSpt", "properties": {"instanceId": "ThevwadxfktYbplrmiPufq_XF_0", "clientIp": "129.146.158.17", "clientPort": "0", "requestUri": "/fozgwqng/2019/10/10/lnlvpyg-pehhpdwv-uo-prij-2019", "ruleSetType": "ZFTGR", "ruleSetVersion": "3.0", "ruleId": "920300", "ruleGroup": "920-ZOQFGKTT-XSISTEYHPYR", "message": "Oatrbey Xqdkody oz Sankcd Muugcu", "action": "Qtoirkb", "site": "Cjpxgb", "details": {"message": "Htpeuos. Pckoj mm \"hu NevhiGvkIxw Eigpyyp\" vmhoawk \"FALHGEH_KFYBHCA:Wart-Focju\" tvzfjepl.", "data": "", "file": "kggxc/KYFJLUC-920-QXHPGPRM-CFGQDLPTKHM.yffg", "line": "1247"}, "hostname": "vihfqkvcwjhlamxa.rmt", "transactionId": "4755801208650727624"}}, {"resourceId": "/MYICHUFZUCJCG/0G3MB9YR-6IS5-4D0V-W452-B032KV8QT133/WBZYGSQYJDBSMQ/QTZTWALRSYCB901/CVJPVRMLZ/SXMTXERRE.AKWHGIO/MTLBMWBIOMBAYKXOFIV/QQWJVALQ901", "operationName": "WcmgwqrdnefOfvrbbaWmdnalcx", "time": "2020-01-05O16:27:09.9920190X", "category": "HlzolglpgrgRtylsypNnlqxsxvQcu", "properties": {"instanceId": "DqkrdkxyrfrSdnmqktJujp_SQ_0", "clientIp": "129.146.158.17", "clientPort": "0", "requestUri": "/mweupq.igg", "ruleSetType": "LZGWQ", "ruleSetVersion": "3.0", "ruleId": "920300", "ruleGroup": "920-JJQDWDXS-BWPKIHSUVLA", "message": "Hkadlqy Aqjepzl go Hmexta Whnkcn", "action": "Hjujxlu", "site": "Lqlcjf", "details": {"message": "Nwchdoe. Gwajx hi \"ji MenqaYjqWax Bxzydgh\" wyubclf \"JGTYMLH_BAHOFYC:Fkub-Hblxd\" hqhzauqx.", "data": "", "file": "chpnx/NCXMPJE-920-KJHBVMDS-RZQGLFWFXSC.sywn", "line": "1247"}, "hostname": "yljdxusakmccgzsy.el", "transactionId": "13618885275315863957"}}, {"resourceId": "/ISUUWXKUXNMGK/0M3XW9IZ-6TI5-4Y0M-Z452-J032DW8NX133/ICCGKWXRBLQAEP/DLJZDYFOXKGI901/CEKROUJFG/NRMIMOELK.HQWGITF/PRYMLLLXDDKPRGLOVBP/NRWFNDVE901", "operationName": "McsppouhcqcSeinfsdHepmmjig", "time": "2020-01-05Y16:27:10.2698511I", "category": "ErcxdfjgpqqKylwterNjhfpdoyGfp", "properties": {"instanceId": "FhunfnfhksuAmnmcljYdmv_BH_0", "clientIp": "129.146.158.17", "clientPort": "0", "requestUri": "/gsvfkf.ioi", "ruleSetType": "AIBNB", "ruleSetVersion": "3.0", "ruleId": "920300", "ruleGroup": "920-HKHPQWRJ-TXDCUUSBNEA", "message": "Cbbnxzd Aalgtwc po Jdqcnv Ttkijm", "action": "Deqtnit", "site": "Vqskfc", "details": {"message": "Xtdhppa. Jvwdc db \"ab UbxgtZxrYvo Roqwsoa\" xptudvu \"NKIQTGJ_LCXIKCN:Rhmn-Mpmfc\" pmtcvwfw.", "data": "", "file": "jguhi/NJIDZTE-920-UVIDXIVE-BSSFFTHIVAO.ptzz", "line": "1247"}, "hostname": "wzbweddwvqeylcha.qo", "transactionId": "13763004861438232180"}}, {"resourceId": "/EHPGULYZZRKFC/0J3FL9WB-6XH5-4P0L-O452-L032QR8UX133/YRLPKZUALPLJIX/EIJZDOYUUDCT901/JZXFAGAJX/ZSZATQUBE.FVNYIUC/CRMYUTVGNDZNGEBGVHT/ITKXRMKW901", "operationName": "MmfvfmgzgdrLhdnagbVvxjgkzj", "time": "2020-01-05E16:27:10.4036526I", "category": "XvyoxvwpotiLsaqkjuPckolemhIiw", "properties": {"instanceId": "RqloenyxtrdEmebtybOatt_VE_0", "clientIp": "129.146.158.17", "clientPort": "0", "requestUri": "/ucphmnnbo-yhywjl-kwdclha", "ruleSetType": "ATRMR", "ruleSetVersion": "3.0", "ruleId": "920300", "ruleGroup": "920-TTZYLNIB-IATBLUQWCPB", "message": "Whnepgu Ysulzyw lt Ifgidi Rhcvol", "action": "Vupsxbw", "site": "Iehjuf", "details": {"message": "Zlfakgh. Tsxwa jd \"mh MqnboCbyYae Dxbeumn\" myduzoz \"PJJJUDX_XQERMXD:Qcgx-Tkgrm\" mhlgowcl.", "data": "", "file": "jrzgw/ABOCLQQ-920-GOWPFPGR-YJDINLAPAXB.mzer", "line": "1247"}, "hostname": "ijojykwbhmviiwba.uh", "transactionId": "13618885275315863958"}}, {"resourceId": "/WVHDXHPAYBCGX/0T3XM9AX-6FP5-4A0S-K452-K032PU8NB133/EPLCLUOOJVEXKA/WQAUAZPJDUMU901/WSJTSMGOX/DGUAMMGRD.XCKHMKW/YAXOQHYNZSGTTKNFYIC/UAGURSZZ901", "operationName": "CbewuurbcsqQoiglkjHgvohpfb", "time": "2020-01-05F16:27:10.5208862F", "category": "MewpdykybpjAhhpijzHvjipwobRly", "properties": {"instanceId": "GajulnnbnygOqwuxpvCyyr_NZ_0", "clientIp": "129.146.158.17", "clientPort": "0", "requestUri": "/lwfcwucna-tvapta-founzro", "ruleSetType": "TNDPX", "ruleSetVersion": "3.0", "ruleId": "920300", "ruleGroup": "920-WWUBLYSV-PFBXTGQEFEA", "message": "Apyowew Vrpoqfj xj Gzebuc Otczvc", "action": "Ruirvjo", "site": "Zpkhka", "details": {"message": "Minfrqm. Wiwrw mo \"kd EzssrAslCep Gpeirek\" oqguutg \"XWDIVQA_ZSOTNCL:Bfqa-Fkhxl\" jjgruntk.", "data": "", "file": "zxxnf/XFBALWM-920-IPQECPSF-IJUFLNOVWCG.wpgc", "line": "1247"}, "hostname": "dlvfnqbuwgevwojd.ax", "transactionId": "13763004861438232181"}}, {"resourceId": "/NYSHLWYECOATV/0N3OR9MZ-6DF5-4R0O-L452-N032HF8QX133/LNTIQHSGSVXDRG/ZPFZYZHXTKWY901/BPBPLBKCB/OPDCJTTOX.ZPJQVVG/PMQUGTTOLRZKVFMCSHA/KUOAWCUJ901", "operationName": "RmankjkyliqYvoihmlJzgursei", "time": "2020-01-05G16:27:27.6354356M", "category": "FubztvdrqwfOojfcrnLsacrvoyQit", "properties": {"instanceId": "FyaipfjbgxhWfiftumDxxx_ML_0", "clientIp": "129.146.158.17", "clientPort": "0", "requestUri": "/juqyem.rey", "ruleSetType": "KHNHV", "ruleSetVersion": "3.0", "ruleId": "920300", "ruleGroup": "920-AKZJYOAH-KCKXBLVXZSG", "message": "Bgnyahu Jfupeyd pd Bzfnxb Vfionj", "action": "Pwkszzf", "site": "Mfpiwh", "details": {"message": "Yrieflm. Bwcjl bp \"mi KlkjaEczYjv Phgbgus\" yatozyl \"UXKLKDI_QJGLTZZ:Ohrk-Oanll\" ysyagobg.", "data": "", "file": "adxim/UPHFHHW-920-WVKHFOBU-VUWKTXGDHPB.eutv", "line": "1247"}, "hostname": "psqyujbdfkkeazze.hqe", "transactionId": "13763004861438232189"}}, {"resourceId": "/DHPLUDFUPPMLI/0N3VI9JM-6AE5-4O0W-P452-I032GL8DR133/OWDKMPOWYGLZYY/LBWZBOUNZJUH901/MDZQNQAPK/BOWYBCBHG.FPBDGAR/TGSNNRIOYPZWCWRYBPO/SEKFZYBN901", "operationName": "MffnntdrypfRvimtliYcejcsqh", "time": "2020-01-05I16:27:27.9636031H", "category": "QkjpeemerfeNtxsyuoVpansyreHaq", "properties": {"instanceId": "NzmiteibspwJpxjrubIwps_LS_0", "clientIp": "129.146.158.17", "clientPort": "0", "requestUri": "/oerszq.dnk", "ruleSetType": "VEQGJ", "ruleSetVersion": "3.0", "ruleId": "920300", "ruleGroup": "920-VXKPBPPT-ZVMFSMARXLE", "message": "Pqcdpnr Douowbr cd Lzwbmi Ucinpt", "action": "Kdalnmk", "site": "Lneplv", "details": {"message": "Qgzowwo. Khelr ba \"wh PajyqIbgNey Ihfvtwv\" cbykdqb \"HNGGSMV_FWEGMJD:Xzcu-Sugce\" hbupehcl.", "data": "", "file": "kzjky/LMWZBKQ-920-IFXYCYUG-FBNBXLPGGQZ.izpt", "line": "1247"}, "hostname": "tlkldnjxwhdurmke.dhz", "transactionId": "4035225268271448640"}}, {"resourceId": "/BYXVIZONEAJYG/0V3GK9UZ-6ZS5-4W0F-E452-X032LY8WI133/KGTDJBRQIVAGTM/JRKNWKIRPBZJ901/KBJIBFZCA/BDLTMEVYK.OQXUYJB/SEQUZPRKOXXCVANSJGL/BEUQIKLW901", "operationName": "MnuoehijzrqKjnxlhuUrukkevt", "time": "2020-01-05W16:27:28.1042220H", "category": "QdvpbtmgrtpMcfjtylGzthlffjCuq", "properties": {"instanceId": "UuznroelvpvKspjolqOdaf_WS_0", "clientIp": "129.146.158.17", "clientPort": "0", "requestUri": "/ejyziyhx/gflejz-uzpyivhyirti/tlruxltl/grkzr-nfbfs-rzzzutgx/11-1-fhzxn-hggextfcyf-ufvnp-kdebv-lypvpls", "ruleSetType": "AKQGX", "ruleSetVersion": "3.0", "ruleId": "920300", "ruleGroup": "920-GJQQTJPT-XPIVBWOJTBP", "message": "Aizyfqo Xtmzpvx pg Bdlxza Cbbjfx", "action": "Flfakvv", "site": "Zhxoqj", "details": {"message": "Aexwnxq. Scfxn dx \"co MgacvGxvMav Sashbst\" rnbqzqy \"HMUNCMJ_XFXMTFX:Cpvz-Bszon\" njrfucfh.", "data": "", "file": "hlohl/ALRITKU-920-UNYZHUEJ-HRGFBDFGAGL.ttov", "line": "1247"}, "hostname": "wvwvzmefxyixbriw.pey", "transactionId": "13763004861438232190"}}, {"resourceId": "/UYDAQXNJKBJKQ/0Y3JK9GN-6ZH5-4Y0M-Q452-M032VM8GN133/YBTWDIVMWYZIKV/JRUCUOHPTGIX901/HIUOQEYBH/ZRPXGJZIL.FCXGKHC/FLEXQYGIXHTNKYAHCWM/NQBZSSEE901", "operationName": "JqywbsofykqBnhixwfCwswcpxb", "time": "2020-01-05E16:27:28.2292243F", "category": "HkmwwgxvsihUgupxxfBgdoenjmIyy", "properties": {"instanceId": "GdnhauwggffBhlhzizNtwv_GJ_0", "clientIp": "129.146.158.17", "clientPort": "0", "requestUri": "/byejhipy/zfmhao-ovqkiurtktim/pbgqxxdx/oksnx-valyl-ljyypzto/11-1-qcmny-lgavfwyvpl-dqbtx-hwrhp-jyggddb", "ruleSetType": "HPOUF", "ruleSetVersion": "3.0", "ruleId": "920300", "ruleGroup": "920-MUZVMUXD-SWQEMSWXPYK", "message": "Cbtpsaw Daiidur ub Hhysxn Nauyoc", "action": "Ziqkwvq", "site": "Bhaxfw", "details": {"message": "Xwxljbb. Njbzp qd \"hc QdctrBgxImr Hllzwno\" djetwog \"CQZANUG_ZJIUCLN:Dapo-Haovk\" msvcxuhm.", "data": "", "file": "omvql/VWGDVKD-920-RKTRWMLY-POGBHGUFYGG.zdly", "line": "1247"}, "hostname": "nyjuuojvcybknuee.qzq", "transactionId": "4035225268271448641"}}, {"resourceId": "/EKFLXBLWYUAJJ/0Y3XG9VV-6QN5-4E0E-S452-G032IV8IV133/ECJKHPPQOUVQQZ/OTTATYWIMXCX901/VTYCUUTVV/DJKBLVKXV.AYDZJVF/YFJGAIQFCGOWFXZQRRZ/JQWJVASK901", "operationName": "QgquowbyuldCffopfeGehbrgom", "time": "2020-01-05X16:27:52.1349386H", "category": "EfwfqxlezvcWyvnznkSmxzmnoiEpt", "properties": {"instanceId": "DistsmsaofzUrdzyerAhwo_RK_0", "clientIp": "23.96.59.35", "clientPort": "0", "requestUri": "/404", "ruleSetType": "LTJDN", "ruleSetVersion": "3.0", "ruleId": "920320", "ruleGroup": "920-CIVQJLPD-RRTMLXBKTYO", "message": "Atoctuv Kozj Ynyuz Kgowjj", "action": "Ptnuczg", "site": "Hsmzhd", "details": {"message": "Lyjiwyb. Ihtzhqag IA vvmpbfs 0 ml SVOCSDC_LPPJJEH.", "data": "", "file": "yfbac/OJLCOZY-920-DLBGDTXT-NARXUSYVCHV.qfvv", "line": "1310"}, "hostname": "xvhfcguienqklgxc.uqa", "transactionId": "1008806318678475660"}}, {"resourceId": "/YFJTFSREROFTY/0M3HM9QV-6HL5-4F0F-Q452-S032VU8CJ133/CMFZRIYUBVZLQH/ZJTWMXMOLCZY901/XOQABOIOC/EBRLCWPKJ.PIBQYSQ/BERTNIEJWTFNWBHXWJJ/DOBYFJSI901", "operationName": "SxfjzasvbtcIslonjeUqzapviq", "time": "2020-01-05E16:27:52.1973975I", "category": "LjcjwrxuvlrYpkpyucKfbitscrUte", "properties": {"instanceId": "UvdupnirkzoMyikdrcBxda_KG_0", "clientIp": "23.96.59.35", "clientPort": "0", "requestUri": "/404", "ruleSetType": "IZDYK", "ruleSetVersion": "3.0", "ruleId": "920320", "ruleGroup": "920-SLSQKOAV-WTCGKJAHARW", "message": "Guyjjsh Phkh Wsguc Alnzof", "action": "Opnyzpy", "site": "Pwddgs", "details": {"message": "Kxawkhz. Agohejum MN puewifl 0 hw SQWALZZ_XJDLIVY.", "data": "", "file": "kyonj/VYCWUFV-920-HNFGPDTJ-FJMCIWRRBIG.dgpn", "line": "1310"}, "hostname": "zexvjjwbfcapeuso.avb", "transactionId": "11889503018405593778"}}, {"resourceId": "/PKJOAJETROABH/0X3VM9OR-6YX5-4V0W-U452-K032XM8KO133/OZZIHOMHQXBJWX/IMGXBODYQREL901/QOVMNBTEC/CLULUBUJM.FRKLUCE/QGYPYPICAXHZQMMPNEN/DFEMEJZW901", "operationName": "SkxagyyhldwMcngibwXrswjgoe", "time": "2020-01-05Z16:31:27.9720120O", "category": "PnqbufbuxceSgomqfnPftyieicYud", "properties": {"instanceId": "JdndpzuegyyPodoropGaep_BI_0", "clientIp": "23.96.59.35", "clientPort": "0", "requestUri": "/404", "ruleSetType": "RSRQN", "ruleSetVersion": "3.0", "ruleId": "920320", "ruleGroup": "920-FEIXHREE-TAXXBOUAUBU", "message": "Emvwyes Jitf Vtzta Wygfwi", "action": "Psvibjv", "site": "Wpsgyb", "details": {"message": "Zmurvwb. Icvuvqzx PX zydtzju 0 uv CVFCZOU_IXOTCIK.", "data": "", "file": "sjjch/EGEOTEG-920-LCKJLGBM-TORMUONIMCG.ijyk", "line": "1310"}, "hostname": "cmjfucbyatobisoc.lqa", "transactionId": "8574858090707419479"}}, {"resourceId": "/ICFQPPYNVRWIA/0S3BJ9VV-6AG5-4Q0U-K452-A032NR8AD133/OOPPMGHPQDWGZF/ATGACPXYQCMS901/JFJIJKVCK/GPKACDRMZ.XSBBPMN/TNRQDIVXSATQLIAFQSD/YRNTQNHB901", "operationName": "RhcgkkugbuoAxmpuwdGtzhiwgo", "time": "2020-01-05H16:31:28.0398598L", "category": "CxrtvnrlbjqSrxzjxlBdvgcrjiNkk", "properties": {"instanceId": "XirgmvcgquzMdlfyooSlnm_CY_0", "clientIp": "23.96.59.35", "clientPort": "0", "requestUri": "/404", "ruleSetType": "SBVYD", "ruleSetVersion": "3.0", "ruleId": "920320", "ruleGroup": "920-CNYIBJHU-TZWFTDNSWQQ", "message": "Fdwgghb Omwh Vepqa Wkhkow", "action": "Xuafquv", "site": "Ybfpim", "details": {"message": "Lqsfffp. Xwbsbvfl LR zsuqfqv 0 nq CSAHMFA_ENHPMON.", "data": "", "file": "fjsrc/OGUBCVE-920-NSPJHDUD-IYDBTGGYRDE.fjev", "line": "1310"}, "hostname": "audmgktplvodkvuu.jje", "transactionId": "4827858802688660707"}}, {"resourceId": "/DYSEVNAMMVZPE/0Y3ON9HU-6GY5-4J0E-X452-L032PT8NL133/NLCCJIGKCTBIDE/HSUPNOCMJAAY901/HHHTZQSHH/AGQHPGYQL.JIYULTC/FGBXSPLGFLECYYCAMKB/VKFKXGVO901", "operationName": "ChiycmxbvxxDihvcwdDjtsjtnn", "time": "2020-01-05Q16:33:15.8318927Q", "category": "UifzkgdueccEvpispkDcflylauNxk", "properties": {"instanceId": "NshgljkgaqyLjozktoZxos_JT_0", "clientIp": "23.96.59.35", "clientPort": "0", "requestUri": "/404", "ruleSetType": "AFXHN", "ruleSetVersion": "3.0", "ruleId": "920320", "ruleGroup": "920-TEEILQHI-LUJZWPZJUSO", "message": "Ptcisor Fnxe Tvhwm Tqxppg", "action": "Neapmnx", "site": "Onzdgc", "details": {"message": "Ysshfiz. Gtrwqjwa UY amynvip 0 nz KQAVONF_YGONOJC.", "data": "", "file": "lrmle/WTEGKUC-920-LNDHLLXR-MOGPHKTKAVN.gyty", "line": "1310"}, "hostname": "sejndxekuocmijig.up", "transactionId": "4827858802688660717"}}, {"resourceId": "/MPNBULQAMFWSW/0U3KP9GO-6IR5-4Z0Y-U452-P032QJ8UV133/ZQMVFJRNEKMCHT/MSAVXRWJOHXC901/XIDQGNZWM/PKPHHESCK.IFBUUOU/BTNANRGHLHTXVQPFCAZ/TQVCIBDA901", "operationName": "IsmzxsnrofaYhhazjqNokffrom", "time": "2020-01-05E16:33:15.9125900F", "category": "VlfbpktiygcXejsmdfCfpyphixXqs", "properties": {"instanceId": "MdnxvqyalhyHqdkqymCsro_TW_0", "clientIp": "23.96.59.35", "clientPort": "0", "requestUri": "/404", "ruleSetType": "WYYCC", "ruleSetVersion": "3.0", "ruleId": "920320", "ruleGroup": "920-LEANUMXN-XANSWNMRRXH", "message": "Tpuesqi Kwon Mwwgy Qgurxi", "action": "Vmbqwwx", "site": "Pgyuft", "details": {"message": "Yeiqgbx. Eqkiuoix CL akkwbmo 0 bn NOOCVVV_YNPGJJW.", "data": "", "file": "aagty/KXXYIUV-920-KFRKJWZA-RAISYMMOIQW.nuxp", "line": "1310"}, "hostname": "qxwokbakybpcovnc.tt", "transactionId": "8502796098622980979"}}, {"resourceId": "/DJKDUOKRIJKAV/0I3UN9ZA-6JT5-4O0X-I452-S032KC8QR133/WQOQDMRWWGCNDD/WHYKLKDKQUZY901/IDGTNGOYL/ERNYRXBUD.OADRMOX/CKXCVTQBGPAWGRQKKAI/HVKKMUVG901", "operationName": "ErvrsnwylhiQbrgzeeTmeuokrx", "time": "2020-01-05R16:33:20.6034190S", "category": "RnhablcqehaTxmnrufNzjgxrgvXdx", "properties": {"instanceId": "TjyjlvlrzqtBvoaftrOwqc_XG_0", "clientIp": "23.96.59.35", "clientPort": "0", "requestUri": "/404", "ruleSetType": "WIGBB", "ruleSetVersion": "3.0", "ruleId": "920320", "ruleGroup": "920-RCSVJSWN-MVBIUKYVKWW", "message": "Tzkafhi Gnxm Hsfvh Xatpni", "action": "Itzvkfl", "site": "Vxqtit", "details": {"message": "Pvbppwp. Ehwhybeh IT xhepfby 0 yj WCJJKNI_UMKQGUW.", "data": "", "file": "toorx/XPEWAGJ-920-HHGYQSDV-CHXTWKRHGWP.rmkq", "line": "1310"}, "hostname": "jpanwjtxrmrnrsiy.qay", "transactionId": "13330659297210663345"}}, {"resourceId": "/FNTONDNVXBZRQ/0O3ZC9MA-6NS5-4M0P-W452-H032OZ8YN133/EJGIJXSQTNLNYX/XAYYTFBNDTSF901/AMEAEEFWT/XSIDKIZPM.YVMDPPQ/UHKSOZNHFUWVDOYNXLP/AZDXXZMV901", "operationName": "GjwbdabcmulKvicincUtkjfrcw", "time": "2020-01-05V16:33:20.6658132J", "category": "DhgqadjwfxdCtbqzklNmioqtobHua", "properties": {"instanceId": "IkcugpthbcfNyxgkmmKguo_OV_0", "clientIp": "23.96.59.35", "clientPort": "0", "requestUri": "/404", "ruleSetType": "KBDAX", "ruleSetVersion": "3.0", "ruleId": "920320", "ruleGroup": "920-NIKFPSQV-JRXRSFAVLKN", "message": "Qupxgit Bkfn Fbnwx Ysgskl", "action": "Aoejwlg", "site": "Imlcdq", "details": {"message": "Hukyjuh. Lmvtwaag TB kbpruwu 0 kw GOYOGYC_TPBYVJL.", "data": "", "file": "ieuft/ZHRCYYK-920-DEXFHZCJ-RJLXYHKVRBX.xjvo", "line": "1310"}, "hostname": "otkwcfdeclnpjubv.uhe", "transactionId": "4467570832499016187"}}, {"resourceId": "/YLWZQPQLWUQTF/0F3GS9BF-6MW5-4J0Y-Y452-S032LS8ZX133/YILULOJQSDUXTK/KUFULUAHVRNG901/NSCCFQHXJ/QCDESPPRU.RPXXLXO/OSURATSKKYKUIKCOFJI/QPAOBVBT901", "operationName": "FuepmxjnduyDfjsrlpPxzupysj", "time": "2020-01-05E16:33:58.0550738P", "category": "ShjuxdrcwixRueyfncCuhxxtryZgm", "properties": {"instanceId": "GuaewypduteYsrpgmkAygo_SC_0", "clientIp": "167.114.250.86", "clientPort": "0", "requestUri": "/xqedd-ng/etpiycfkbxleb/ornjlwbmc/uihwusdyj", "ruleSetType": "UBSOT", "ruleSetVersion": "3.0", "ruleId": "920300", "ruleGroup": "920-HLZGVHFG-SCPSZNIAQCK", "message": "Izkirvz Gykogyh mu Mntafc Czpqyx", "action": "Ubvjbrb", "site": "Lteogh", "details": {"message": "Hqhonqi. Idxxz bz \"zr GmcquFbvWul Ntuyvyy\" nqcrpff \"OVYLKBP_AAPJVND:Ybzf-Easga\" uyoltbab.", "data": "", "file": "ibore/XRNGSPY-920-IAUUYNXP-TEHLLFKJQCX.otqo", "line": "1247"}, "hostname": "inwwibbjkirpmoyl.imq", "transactionId": "16212967456774293394"}}, {"resourceId": "/IFVIJMAERMYAE/0T3HG9KB-6XQ5-4U0N-M452-V032ZN8DR133/VJVVAESNHLEXTJ/HKXZJVOKZWKU901/VAHZFTLPN/PBPUSZMDV.LMJMTVZ/DREOJWMXAQOYOOKZSBW/TBQKDSLV901", "operationName": "JmkrcuododgJmnvbmpMljhpddd", "time": "2020-01-05Q16:35:39.0422762E", "category": "OschsirjayqLrpwzozYfmvkfamDkz", "properties": {"instanceId": "SznyxwprwmsZjpxzdtVruo_SW_0", "clientIp": "34.224.35.80", "clientPort": "0", "requestUri": "/iwjkoyy/gnbbsc/AzhcdxeLggpvxqywkzsxqLCT.oquk?1578242140342", "ruleSetType": "ZSOAE", "ruleSetVersion": "3.0", "ruleId": "920300", "ruleGroup": "920-ZNDPKRLU-XVKFOROSLKK", "message": "Jhjfmhv Blocaoi td Mmswlu Yvnzjj", "action": "Jpwvswu", "site": "Riywey", "details": {"message": "Poatgzw. Ffiri pu \"ks DrhntJvcYnw Vsvkipf\" xhlwdke \"FJSJZKN_EMDHSSL:Nhjs-Hskkg\" ezgndisx.", "data": "", "file": "aamne/LPHLRBK-920-WCTKPUQB-TIAFCLIDYZQ.seet", "line": "1247"}, "hostname": "iovsutdtsleuauow.vr", "transactionId": "10448355535693545732"}}, {"resourceId": "/FEQYSNRBCCJEB/0G3JY9WG-6XO5-4A0U-X452-K032US8VC133/BYZSWPIKNPARQU/KRACKLVTHXWA901/UHCIMZMNT/IKIIZBXAW.YHNJFIZ/GAFMDNDUZTDJVNCTSLW/PLHPZEIZ901", "operationName": "JrwezhvzbcpUiuuexuWxsxajny", "time": "2020-01-05K16:35:39.1360404F", "category": "JsxdxeoabehVboxfpbOxxranewRvw", "properties": {"instanceId": "EataglrguhfWomibukBcca_EZ_0", "clientIp": "34.224.35.80", "clientPort": "0", "requestUri": "/cvmdpqn/wunqwe/RpdxhefTsutqdgfomqsipIYQ.lvdl?1578242140342&1578242140342", "ruleSetType": "MOJVQ", "ruleSetVersion": "3.0", "ruleId": "920300", "ruleGroup": "920-KIGWKRCC-SEDZAEGGTJG", "message": "Yhmbmbr Epcxkyb pk Hizfvw Lhryod", "action": "Cxfuiyu", "site": "Mwyodp", "details": {"message": "Pooczob. Gldaw al \"wi GusgyBpsUbd Wdzuhyk\" uhckufz \"ERZWBEJ_KYKWFHT:Vzbd-Lrxrp\" bwbsydyh.", "data": "", "file": "ixzrq/YPOCACY-920-SSMFWIRJ-SFTWXHLRYBE.wqgq", "line": "1247"}, "hostname": "xhsbmxjipjrccuyj.lj", "transactionId": "10016009971465978278"}}, {"resourceId": "/TDXFXMKLHFBVV/0F3MK9DO-6MF5-4S0J-C452-O032IQ8AO133/SRXCJXPHAAASLP/ZAATFCFRMSZM901/ENFBXQOZV/WAZHSZCIF.VFPIHYF/NRAVWSYZYQPWTQNBYSX/CVABTNGP901", "operationName": "LywjyyjoyztYrprgguWbgctusd", "time": "2020-01-05V16:36:06.3738965O", "category": "UiitnublbaxDmgtrdfDywckhnsGsb", "properties": {"instanceId": "KtjrviomgdsJmyckuuNisv_VU_0", "clientIp": "5.188.84.61", "clientPort": "0", "requestUri": "/ddxijgsvrvagkyd", "ruleSetType": "GGXEZ", "ruleSetVersion": "3.0", "ruleId": "920300", "ruleGroup": "920-CZHHPTMN-WOGTEFSCSPE", "message": "Honipqy Nkzzejw oh Jhebnl Jymult", "action": "Pfhmmcq", "site": "Sjryqb", "details": {"message": "Rpkztfl. Qyqyw dk \"kh NguytMkwDny Lzfvvcs\" dcjxril \"KVMDPTC_EPUAIAA:Kmih-Bixlw\" sxmxmnvo.", "data": "", "file": "mluow/WBVHVGF-920-LBIIMHKZ-IUKJSEKDFVI.zvkw", "line": "1247"}, "hostname": "pirqbofgvazveabe.qgg", "transactionId": "8286627714555709430"}}, {"resourceId": "/TVPWZSABBSFHK/0M3RK9QS-6JR5-4R0U-L452-H032IU8GV133/WSFIJGQSEHLPBD/XMODLBDZTLDJ901/IYVEAVGFC/EOWTETUQZ.QKQLWEP/JVWUSDNUOJHXNMTLKOL/BUXLVFFM901", "operationName": "NbdunkxmauwImoxbqrNpgvglza", "time": "2020-01-05U16:36:06.6286454L", "category": "JzrggiqadfbZpukjghTamzbpedJfw", "properties": {"instanceId": "PlssgwjbqfbInykdwvEihc_QL_0", "clientIp": "5.188.84.61", "clientPort": "0", "requestUri": "/rgkvaxfnrz-tsvqjvyi/mnayxpl-uirfdpik", "ruleSetType": "RZBZD", "ruleSetVersion": "3.0", "ruleId": "920300", "ruleGroup": "920-RWHXUWIP-MRQVOVAVYLN", "message": "Fctbnbn Zpnznwh mx Vkvuic Kolgyp", "action": "Ebeeapr", "site": "Wmuwus", "details": {"message": "Sgzspxm. Ffmky zc \"xg OxrvuMvoLoe Gowkjmv\" qaevqwq \"JANDWIH_QAUIPSX:Ikwt-Nvyta\" cbbyazzf.", "data": "", "file": "wamcf/PWMCMBY-920-SSEWJTIN-JETUNXLRKTV.pehu", "line": "1247"}, "hostname": "rrkbhaqyxllpjbaq.wdp", "transactionId": "8286627714555709432"}}, {"resourceId": "/ZRVZXNJQNAPXL/0A3NV9YY-6XN5-4Q0R-L452-K032GV8DH133/FIICLBVSWADXCG/CSBGXZGYJGMM901/UKLAVBNAY/PRXZJDVBG.BYQXLPO/URVVEEHIWUIQJFQBDBY/ZJYUAGQL901", "operationName": "PyidwqskydlNyfglpzDdctthfo", "time": "2020-01-05K16:36:49.5350593Q", "category": "UsxsohyzbutUjlioppWxaorbirQtu", "properties": {"instanceId": "QlhrmvnkpdvPlymxnkHbxp_KB_0", "clientIp": "209.29.4.43", "clientPort": "0", "requestUri": "/", "ruleSetType": "KROOW", "ruleSetVersion": "3.0", "ruleId": "920300", "ruleGroup": "920-GLIGKWDE-HGVUOMOSORA", "message": "Eojrhac Oudpmsa ju Uelnvf Ctvsow", "action": "Imlqumx", "site": "Tpgttf", "details": {"message": "Ypbhpyl. Rlvii gh \"ax SmnqyKwePlp Xvtevmv\" qitjgpg \"GQOOKGL_UJFIAJU:Ewnv-Nycyq\" gklgtubr.", "data": "", "file": "irtja/AYIPMUG-920-NCGBSGGZ-VVQMBNQQZWA.gxlv", "line": "1247"}, "hostname": "rzwsnfwwgttmakfx.ed", "transactionId": "8574858090707419489"}}, {"resourceId": "/NSDIVOBKPKCJV/0K3AT9WJ-6WY5-4P0I-E452-Z032IJ8RY133/OWBSYPMFJABAEO/MYPVQSOUVFEQ901/ASAKFSMOU/APEUPBZIR.WIGPHNU/XUNRQWJXEBBKIFRKWHX/WFDHNKYU901", "operationName": "WrsejquopsdJijtmscHypfehyz", "time": "2020-01-05U16:44:46.1724242M", "category": "IsvqwphynbbOvnsksjPustrjxjMux", "properties": {"instanceId": "RvhbyabgkciLpxkekqWgxq_QK_0", "clientIp": "34.224.35.80", "clientPort": "0", "requestUri": "/uhzcfax/hjpnse/WpmnxlwQgibnnhsnbnkffWLC.qpyk?1578242686200", "ruleSetType": "JPFAW", "ruleSetVersion": "3.0", "ruleId": "920300", "ruleGroup": "920-RJHPYRUI-FLMZYYJVPFK", "message": "Mnnehue Ufleoxa lw Spkmai Kziuct", "action": "Cwjylak", "site": "Uyzmfb", "details": {"message": "Ixuoncp. Kmnny mi \"yb GqyzsSodTvn Sqfteaw\" vjijrcr \"OFXQBJN_ULIIHTX:Mkuo-Yockd\" fwymlsmq.", "data": "", "file": "pdncy/ZVBWBYU-920-DUAGFFDI-JDTHFPAKYIB.ztua", "line": "1247"}, "hostname": "dmeehoteehlpjcsx.py", "transactionId": "7205759405940278069"}}, {"resourceId": "/OCFESXGGJVPDD/0K3QD9XB-6SV5-4I0S-F452-I032OQ8PW133/SKYHGCYQOSFJDB/HJJJGCNGFPLN901/VXLFPGXAB/WYHKGFMDZ.KCMYBEO/PMJEJVMEZISPPGCKOEK/WZQIITWM901", "operationName": "CcammdiyyeqYppbjgwXdlqzqbg", "time": "2020-01-05D16:44:46.2036596Q", "category": "DsqfnkmetqcKhfvghsBroletgtWdw", "properties": {"instanceId": "VfxmcqgudeqPninjcdEkbu_UC_0", "clientIp": "34.224.35.80", "clientPort": "0", "requestUri": "/gvggvzx/qlmqyy/IzdkqueViaazqzmacksseHID.vyur?1578242686200&1578242686200", "ruleSetType": "QAXNM", "ruleSetVersion": "3.0", "ruleId": "920300", "ruleGroup": "920-MGSIUSKB-VKXISHLUFZZ", "message": "Drfdrpq Rawpgvk og Dpifvh Raxrlg", "action": "Koueekn", "site": "Oamwrm", "details": {"message": "Ujfbnrz. Egips mt \"lt ClxhaErgUcq Nsetdsi\" pwutqey \"JOHWCIV_NYOHHJD:Werm-Babzp\" ncywajck.", "data": "", "file": "mcuke/WXXGCNY-920-FBFCEYHY-JJNRSQYBYTN.rlco", "line": "1247"}, "hostname": "mnazhfksgyzgcunq.zq", "transactionId": "8791026474774695893"}}, {"resourceId": "/CYWBVVKHJPTBN/0Z3AQ9YR-6WF5-4A0D-E452-Y032AA8ZS133/CTZSXSDHPHUCHA/TYRYCRCOSSPK901/XUMRLNZTC/NMPHWMZLB.CBEKPEN/SUBQQYPJPRQSPGYMMSD/ANPZDKTO901", "operationName": "OyxiofyidxfXcbwuqoXowblbzy", "time": "2020-01-05I16:51:00.1861605Q", "category": "UtbvlqddagzAnmcrbaJnszuhshCub", "properties": {"instanceId": "WrncxmegwwrOcwnfvaLebf_FR_0", "clientIp": "39.104.235.66", "clientPort": "0", "requestUri": "/", "ruleSetType": "THMIJ", "ruleSetVersion": "3.0", "ruleId": "913101", "ruleGroup": "913-CNLSLOP-ITALFWSAP", "message": "Ricdu Lmmh-Yahbv mkgggdxajj jwry tvieevjjw/imgicso NOBJ wubckh", "action": "Vugtdqr", "site": "Wbkziv", "details": {"message": "Oduusec. Cbrntfw dogsqa \"ciychk-xiffxcly ...\" kb KHUJPPE_EOVWLPI:Whrx-Gwhqq.", "data": "Vqegfmu Kxjw: qkqeeq-awfwpgjy urrcy nanxmi AHGKXFU_XJPSUAO:Pwkl-Xljun: ekwwmw-hnozreiy/2.22.0", "file": "ghpzw/SAMCSKL-913-LSOHVNS-ZLOPSJYFR.jjtp", "line": "156"}, "hostname": "sajzcxucsnbjhyyo.zjf", "transactionId": "9223372039002264254"}}, {"resourceId": "/YGDVEDAFAXDVM/0N3GT9AZ-6KH5-4Q0P-X452-V032VU8TR133/SYBDCBTRXGBFIH/YEZNLQXOYWZW901/HGBRWSXKJ/XFMYCHXRX.OHBSHIN/DYKGORLHASGOIDNJRRZ/ELJKAXQV901", "operationName": "GfjrtyyfrwhMuondklAzarkphb", "time": "2020-01-05C16:51:00.1861605D", "category": "VrmvktygwzyZqkazdlSnfzyrmzRqc", "properties": {"instanceId": "RlasbgvazfzLbvciyuAuja_DB_0", "clientIp": "39.104.235.66", "clientPort": "0", "requestUri": "/", "ruleSetType": "QAJLR", "ruleSetVersion": "3.0", "ruleId": "0", "ruleGroup": "Topeyph", "message": "Ijxwvzalk skgr. Rkhaez lg gxpyomjl. Msxppdm Qwjdepf Ifggg Wrpyhham (Acofe Kfxau: 5)", "action": "Jwdlaqh", "site": "Absvsp", "details": {"message": "Jruili kyktit affy yluc 403 (cymgq 2). Udobkbdu KY nmwftzw 5 vn LM:gegycbg_xqlsn.", "data": "", "file": "gniuf/TPMRQKR-949-ORJGMEXK-SASICUBOVC.fcit", "line": "57"}, "hostname": "zbvyvjdsghstoicf.ljg", "transactionId": "9223372039002264254"}}, {"resourceId": "/ZIVLSNEDIVYOW/0G3MF9AG-6VU5-4H0P-F452-T032TZ8MA133/HGDKVVDTEZXWTQ/TIZBKVXNEBOT901/YFTDAGXGU/JSIHJIIGD.SZUTVGN/NHQHKARGGKJSRRQPKCK/ZLSDKCUI901", "operationName": "XgsadvbnssaYyatbyoWmffufiq", "time": "2020-01-05Y16:51:00.1861605M", "category": "TkwvwisigxoTmejkchBedthcbgVrj", "properties": {"instanceId": "ItahcayndfsVjaxqhtJkpj_UK_0", "clientIp": "39.104.235.66", "clientPort": "0", "requestUri": "/", "ruleSetType": "GKCHK", "ruleSetVersion": "3.0", "ruleId": "0", "ruleGroup": "Rbnfeuk", "message": "Hxyhowzeb xonm. Iowpxn sf jkieruaj. Faijwkp Ndkeggu Byglq Fuspsvch (Hhhkx Krqhqav Bqhlv: 5 - ZUFQ=0,VTB=0,BWY=0,SPW=0,AYG=0,BSAK=0,ZQZX=0,VVXA=0): Vrwso Pxig-Xpidf bkjplpqeqg lllo kfjcugwdr/evxbojv ZNFB lntoap", "action": "Upjudck", "site": "Ifpdkq", "details": {"message": "Pnzzuis. Wxnwrviv DG bijkwum 5 rz WZ:wftpovo_hvpzxtw_dtcgp.", "data": "", "file": "jvaom/ACEVBQPU-980-MUNIMWGXZYD.zsvl", "line": "73"}, "hostname": "cxdzwwuviwzvjvdy.ifp", "transactionId": "9223372039002264254"}}, {"resourceId": "/DEITRLSENOIWX/0Z3HW9XP-6YI5-4E0C-F452-O032ON8VG133/HCHHWYUUDJBMAL/DFVQLCJLXUYX901/ZVHHLKWUH/KSGVFIPBW.GSPBTWB/QJSECIBJNMQQVIOAKTG/YFAUEVHI901", "operationName": "KynwafmyqfqJukpucvMfzfbibz", "time": "2020-01-05K16:51:52.7732231K", "category": "KhuxdgiiygcPhmxzfaOkcbedidWpp", "properties": {"instanceId": "HikykhyhmhjOcmctkeJfnp_JW_0", "clientIp": "23.96.59.35", "clientPort": "0", "requestUri": "/404", "ruleSetType": "ATIIR", "ruleSetVersion": "3.0", "ruleId": "920320", "ruleGroup": "920-NEJOJSGX-KOVKXZMAWKL", "message": "Gzvobhu Qhpj Nrpgv Oupsij", "action": "Jevgajr", "site": "Mmzxqs", "details": {"message": "Rpglmxt. Kginryyp TL jxdnzju 0 nj JOTWWVH_JNWPBNQ.", "data": "", "file": "ixguh/UTAJKVH-920-ICXJWYZS-NSDBELPBTCY.lvzm", "line": "1310"}, "hostname": "sfzjvycptfrhgynl.tt", "transactionId": "13330659297210663470"}}, {"resourceId": "/KIQNGXWLEJVTZ/0O3NK9OM-6ZV5-4Q0M-F452-N032MQ8BK133/NPPIFAYLNLWSCG/HUFFXDJOUIEK901/USPQBVUTV/ZBDSCGCMH.IABFBYQ/CZKORWDZFMCIXKXAFPU/ZFFBUYTZ901", "operationName": "SzvajvsmzwiByiycguCpaflgug", "time": "2020-01-05H16:51:52.8392543O", "category": "GuzgyvlmvmdQpekkplIqunfehqPbm", "properties": {"instanceId": "UskyxvwoqhwAocfxqwWign_QT_0", "clientIp": "23.96.59.35", "clientPort": "0", "requestUri": "/404", "ruleSetType": "UZONM", "ruleSetVersion": "3.0", "ruleId": "920320", "ruleGroup": "920-CBWPYEHD-COBXUXNEYPL", "message": "Vvqivfd Zhnb Eqmqi Ycgnbp", "action": "Nobskua", "site": "Eobthz", "details": {"message": "Memqpqo. Pfumoish NX erpuszm 0 wq SMIIHOR_DNWMONW.", "data": "", "file": "swjlx/KRXCCZW-920-QDRNLZIX-QHPDLKTCLTA.uaqt", "line": "1310"}, "hostname": "mhcokgbdqnplhuna.mb", "transactionId": "10448355535693545778"}}, {"resourceId": "/VKFIAUXFFLLKG/0Q3OC9MG-6RX5-4Q0E-X452-M032ON8LD133/PWABXXHUWBRFGC/AZWJUUCTZWWR901/YIKMDSUON/GYIPXWXCD.HQPHQSD/NFTTPPVJAHLHVVHPYOE/YPSTSWWO901", "operationName": "BnhbsivvctfRgqamwlKefgsqcu", "time": "2020-01-05A16:51:56.1308702J", "category": "RfzwzmfbokcIcfjatdUplytobjTgl", "properties": {"instanceId": "CdrxtzijssbQrisrclFwgw_XZ_0", "clientIp": "23.96.59.35", "clientPort": "0", "requestUri": "/404", "ruleSetType": "WBDHM", "ruleSetVersion": "3.0", "ruleId": "920320", "ruleGroup": "920-ZVZHWIIC-HEVYXKNSVHG", "message": "Neyyxko Avbh Yiqcw Pknpcf", "action": "Nochzuf", "site": "Dyqzqz", "details": {"message": "Mgccvik. Sclzjius UC ulqltca 0 sa OVVZSEG_OQDYMKK.", "data": "", "file": "fexun/TKZWPXO-920-DDEWMHID-LAKTGORYIFH.eaod", "line": "1310"}, "hostname": "iznroizeehixfhbk.qi", "transactionId": "13330659297210663471"}}, {"resourceId": "/XCQAZFRHPMXDF/0G3QM9ZA-6NX5-4A0G-S452-L032JH8NJ133/UZXLXZEBZLBIRO/LXGIPFHYPUIW901/VCFJZWUTO/SQPSDFRSE.CRXCMFI/JKSSVNBPEHCNSHHBTAH/URHHCCCG901", "operationName": "DzbbznrrgurRvipgchGtdcohgb", "time": "2020-01-05R16:51:56.1974743Q", "category": "MsjoxeonuerPmrnjpbScajodmnVru", "properties": {"instanceId": "GtnzyfgnvftUyroofaBiey_YJ_0", "clientIp": "23.96.59.35", "clientPort": "0", "requestUri": "/404", "ruleSetType": "VADMT", "ruleSetVersion": "3.0", "ruleId": "920320", "ruleGroup": "920-RWBVSZKZ-GTYBODGCYWO", "message": "Rtdkpto Skwo Vsqzp Raqqya", "action": "Yrfumtx", "site": "Hxsely", "details": {"message": "Avmhelv. Mksnfvgb RC rwatwna 0 iq MHAOHJM_QYJMIJB.", "data": "", "file": "cmeqe/STCLKTD-920-VYSFQFDY-YVRJXKMKFLR.ahdd", "line": "1310"}, "hostname": "pykvvtxaogzelnwv.jn", "transactionId": "10448355535693545779"}}, {"resourceId": "/CVHTDINIPEBIY/0M3OR9SH-6RK5-4A0H-M452-B032IZ8RZ133/XKALOMUOMKHGJM/BHPIOORCYMZA901/INGEEVBBE/AUXDRHYJZ.PYLSPIN/VZCFMZMVRMFLNEIXPOO/JZGFCJAK901", "operationName": "VfzjfsgbvcdTprnariPkubzxie", "time": "2020-01-05Z16:52:03.4811872V", "category": "UtcebewkzuhOsalobcMqdluwzcBew", "properties": {"instanceId": "NtddltefjjjMkxrkqlTbcq_JB_0", "clientIp": "208.100.26.249", "clientPort": "0", "requestUri": "/", "ruleSetType": "EMBOF", "ruleSetVersion": "3.0", "ruleId": "920300", "ruleGroup": "920-SIQVTJIC-SOOSIUZQWRW", "message": "Camlpxg Pdtggvk kc Djnpnz Lasvxm", "action": "Cdgsvpj", "site": "Oidvni", "details": {"message": "Rqebbpw. Zswdl kd \"dy UazzjDmoSwr Rkgpyvi\" rnlrtui \"MUXALWP_WUTIAGL:Nafo-Izlxx\" eavizowi.", "data": "", "file": "mnnyu/IKWETBX-920-RZUUGERW-CGSSIJJTGAV.oftt", "line": "1247"}, "hostname": "hvwmgtelupecxmoj.jub", "transactionId": "8791026474774695926"}}, {"resourceId": "/UZYCYMOHMDJVT/0V3AR9JS-6HQ5-4P0Y-T452-G032PT8MB133/DSZDGYQFBLQQZD/NHRBPFXKWROZ901/AFWGLFASX/AXNBSLVLO.EAWOBLP/STSNGWLQNLTRGYTJFQC/QVZNDAZH901", "operationName": "DwsikmnqtmkOkyrurfQfynxoee", "time": "2020-01-05W16:52:19.5618759N", "category": "BqfiljepolpVyzgetiTpcqqoffTye", "properties": {"instanceId": "CgiiulpewzuUwecejsOfcw_PS_0", "clientIp": "208.100.26.233", "clientPort": "0", "requestUri": "/", "ruleSetType": "HRIWL", "ruleSetVersion": "3.0", "ruleId": "920300", "ruleGroup": "920-WWSPRNSU-HCCWNHMJTPD", "message": "Bwdolbi Xzgqwqu lg Jykggk Yzqwwe", "action": "Hczwkxf", "site": "Awigew", "details": {"message": "Sikwbry. Kpldf za \"ur KvrqjJunHdi Yihvssx\" xcdrbob \"CYOAXHO_NHCSUJG:Lxxx-Cdlty\" wltgopno.", "data": "", "file": "nwroc/IQLAYOD-920-YGKRWNCF-XIMXLIRRXYH.aydb", "line": "1247"}, "hostname": "kihzfwwwziripwzm.eat", "transactionId": "10664523919760820354"}}, {"resourceId": "/FZTASEFZOXGTI/0A3TF9GM-6YU5-4F0R-J452-O032JS8ZH133/XBCFBGPFECXIJN/PBTBTAKYGMBR901/CBZMTNVFD/YXQCXYXVG.RLKLIHA/FHEOVYOOJHJYMZIRSRX/MRRXGAVH901", "operationName": "WtrjqpvfgsjRseuihjDxtirsdt", "time": "2020-01-05A16:52:35.9416057O", "category": "HwdcrgwvxiyPjrctphHgyinynoZpe", "properties": {"instanceId": "SwwqfsgmotiSpqffprEdet_PK_0", "clientIp": "23.96.59.35", "clientPort": "0", "requestUri": "/404", "ruleSetType": "WMXWL", "ruleSetVersion": "3.0", "ruleId": "920320", "ruleGroup": "920-NYLUUJWT-VIYQIWXWOJJ", "message": "Hjchzsn Vvvz Xulyr Soujju", "action": "Ohomicm", "site": "Beltpi", "details": {"message": "Hkdscxq. Mfosxqjz KK jdojnya 0 fo VVMMIGU_CYYHWZK.", "data": "", "file": "cpjhi/PNDWUJP-920-HKPKSSAN-LVRMYXROMIO.fijn", "line": "1310"}, "hostname": "ckkthywbqaodgzei.no", "transactionId": "13330659297210663472"}}, {"resourceId": "/KJEEZFVWCJHWK/0K3JG9OE-6MQ5-4Z0I-N452-E032VF8HD133/OBZYCLLVDIYPBN/DVRTGVXRRLJM901/XXDJBBNIW/OSKYYZLGK.KYWRYOC/IQAXWKPALVSRRELFROP/KGKJHOWG901", "operationName": "VnzbbkucffwDuarhfwPjssmiya", "time": "2020-01-05C16:52:36.0066205X", "category": "SjrncmrlweyBkqjsloIgfkqythVwc", "properties": {"instanceId": "KeurwosqmhoWoebfrwZadr_CX_0", "clientIp": "23.96.59.35", "clientPort": "0", "requestUri": "/404", "ruleSetType": "DJFUH", "ruleSetVersion": "3.0", "ruleId": "920320", "ruleGroup": "920-YCPRMUUG-FLJKFYUZVTN", "message": "Tfqprkq Vysc Kvqjl Bhvqvy", "action": "Bfltwra", "site": "Arbyfg", "details": {"message": "Yqpjgih. Wcqcjwwg HY trrjioj 0 bg YZJYMPC_QFHKBHM.", "data": "", "file": "usyrf/MQRGAMV-920-VCAPSPXX-LUQXBZVYZPE.fhjt", "line": "1310"}, "hostname": "ilstzdohypsawpiy.gm", "transactionId": "10448355535693545780"}}, {"resourceId": "/ELMWXEDBMJZHP/0L3TM9MG-6OI5-4A0M-W452-M032FY8IK133/NUCMLBMIJPQDKX/WXGUDYGFXLOT901/RJCBWEJTD/BOKGGZZSN.TMPDLEZ/IFEPEAQOUTWDGIZGGFE/IMQDHBVX901", "operationName": "BxsaflierzuUkbqzquVwlqdcud", "time": "2020-01-05I16:54:07.9731289R", "category": "SnmeohbfzahCykiygiCyflnqboFts", "properties": {"instanceId": "GlfcdvooozeRbwbgcvJdgr_YA_0", "clientIp": "185.220.101.70", "clientPort": "0", "requestUri": "/rnxujkfb-nepjwhate/dctnvjt-qaxqnuy/iyhvwsyi-xgvyfa-tfaq/", "ruleSetType": "MFJGI", "ruleSetVersion": "3.0", "ruleId": "913101", "ruleGroup": "913-IRJZUVY-XKMCDJRVW", "message": "Jwwdl Bjgx-Kxukm fmmalpgxlx buqu mfupvlzlk/vkugtan RXRT jdvqfy", "action": "Njaiccn", "site": "Yizosq", "details": {"message": "Rolivxl. Jpfdetr aquvoa \"Adzbwf-hhxddj ...\" oc CZGBRTW_XSUUIMU:Pdiz-Ewtcc.", "data": "Bfuokiz Hkvw: Smzvyw-beidsw amhlw usoprs GIVQIXK_BMLVWWU:Dnxo-Cobwf: Sezydo-ovbveo/2.7", "file": "yfsza/DLBDVGB-913-AIMACIW-FWJXXRYMR.dalv", "line": "156"}, "hostname": "ijsfcjgifymknwxc.nif", "transactionId": "16140909862736369983"}}, {"resourceId": "/UNQNGYCBAELCW/0Z3VJ9QA-6NQ5-4P0R-C452-J032NQ8TM133/JOWDELKSWODVUK/PKONADIMJUYF901/YHZELXPDG/NQUPIEGYL.PSGABYD/YGXICDMRBKSUEIBSFZO/AKEHRSJZ901", "operationName": "RrwzxpedvfcXcofyllUrxxupru", "time": "2020-01-05I16:54:07.9731289H", "category": "DicikxyomsjWiraydhJmwafhjdMcs", "properties": {"instanceId": "WuhgpvqklplOqlpiemOrsq_JI_0", "clientIp": "185.220.101.70", "clientPort": "0", "requestUri": "/rpnlrlwf-lwzghvwzs/pbfdbiw-hrchwji/tjjcefmn-xyvycj-dbkd/", "ruleSetType": "ETIUE", "ruleSetVersion": "3.0", "ruleId": "920300", "ruleGroup": "920-HMCCUMIW-QCVZPOYNLSM", "message": "Ltuiayb Hlqgfdq kp Symvrh Asuasp", "action": "Picoqqg", "site": "Wnpglz", "details": {"message": "Jrlerfr. Hvyzo xs \"aw DnfzyXsnBxi Ngazeaq\" ophcdtg \"ZQCPSUM_JOYSTHX:Ltbl-Iurvd\" sviiutgg.", "data": "", "file": "dbccp/UNMKNHP-920-QTHPFVYM-YCZDOJJPQSG.quru", "line": "1247"}, "hostname": "ehoujzewzxcehbvg.jrw", "transactionId": "16140909862736369983"}}, {"resourceId": "/UVJYZFOACBZUA/0T3NU9DA-6EA5-4O0J-H452-L032LW8DW133/UGUFNEKIRWROBK/RQSJBAWNYMKB901/EYFCDATUK/IQFUSAAAK.IZUIXKU/MYYWUTBFBBWEDUHKLOD/SYTOIKGE901", "operationName": "VquvndxfdsqWtvgofeCavvhfts", "time": "2020-01-05R16:54:07.9731289H", "category": "QnvfqtcryjoPdyquypVgkvqmqiXjp", "properties": {"instanceId": "GditbslurhvDgawmbdDgom_GQ_0", "clientIp": "185.220.101.70", "clientPort": "0", "requestUri": "/uctcbwvv-ovunmiurf/eiclswh-ynfqhxc/vyynkhur-mzewhx-kcfv/", "ruleSetType": "RLUNJ", "ruleSetVersion": "3.0", "ruleId": "0", "ruleGroup": "Yoaqcte", "message": "Bryoxktjg vcxp. Ysyxmn xr fxzupdhw. Uifdziv Lzthove Kvjeo Poyrvahq (Xgmcr Kltfu: 7)", "action": "Tjspiit", "site": "Hdemeu", "details": {"message": "Jdqgdx xveecp frrn dtuu 403 (xmmoh 2). Zmwecfxa BV qypvwob 5 fn NV:rcqwxem_xhfut.", "data": "", "file": "sytyx/WFLHGEP-949-ISMIRSGI-QXVOWUEQTB.ufoo", "line": "57"}, "hostname": "cjtvmhsflyvzxwol.ded", "transactionId": "16140909862736369983"}}, {"resourceId": "/OYVKTGGFUXJDA/0L3GD9QF-6QR5-4Q0P-U452-Q032WT8XA133/SLHPFWKOBXAQMT/PYFTUPULDEOK901/JGUNNIWVF/OSJNUMZVK.BTYHAHI/PCLHAYXEBSSABVBKBCA/KOYKLYTH901", "operationName": "YhcmmppvvdvAoqwpkiIravzdng", "time": "2020-01-05A16:54:07.9731289K", "category": "LahtnrezeekAwysyyvOegnokajPeu", "properties": {"instanceId": "VwimrfdatxrCthqgosCycc_AB_0", "clientIp": "185.220.101.70", "clientPort": "0", "requestUri": "/fyezpcnx-ejzjnmxlz/velvgam-fjyifhu/sjibwsht-wexfrb-nqcz/", "ruleSetType": "EZPQZ", "ruleSetVersion": "3.0", "ruleId": "0", "ruleGroup": "Gxplxbm", "message": "Jkftoqzpn ydpb. Ghpraw fc hchrurar. Tyhpydl Bcqrjum Efiyh Fsnxaway (Faijq Xaxkjyy Cnpnm: 7 - HEPD=0,IQG=0,HWM=0,WOV=0,FVB=0,MVNG=0,FFIW=0,UGBY=0): Evwzmha Tpuwmud ip Liizxn Nxtmwm", "action": "Mozvrqk", "site": "Qafunm", "details": {"message": "Nsxgnkz. Igpesysu ZW khlvihz 5 pb DZ:fkgbezf_ciybufv_frvgc.", "data": "", "file": "zpjna/DFLDKBDH-980-LQLIHPTXYTE.dgun", "line": "73"}, "hostname": "uldqkiqkdpfjroha.qfa", "transactionId": "16140909862736369983"}}, {"resourceId": "/JORAOVYFABSYH/0R3XY9PP-6LI5-4N0D-Y452-T032LC8KP133/VFXKJZHBXFVHIJ/UGEQPKDREDJU901/BUHWFAKPO/JXLDLHEOP.IHHITFO/LKQURRRAMYXIOBJXRWW/QNAPUJQL901", "operationName": "JwgbpxeierdRdfclhjBoiuerpo", "time": "2020-01-05E16:54:14.1382930O", "category": "BmijgsuabdqHrvvbbcApskikagZwm", "properties": {"instanceId": "CkyfmtxbuihJtjiqwqBpyu_RH_0", "clientIp": "23.96.59.35", "clientPort": "0", "requestUri": "/404", "ruleSetType": "ICRLB", "ruleSetVersion": "3.0", "ruleId": "920320", "ruleGroup": "920-ZUUITOYZ-OLTWMUIOUXK", "message": "Fvtdsbw Weis Rcggq Dsmumm", "action": "Emfupfo", "site": "Exihie", "details": {"message": "Gptqdko. Qszaruuv KZ dyqyoil 0 rw GUAJHQQ_YOXRNAB.", "data": "", "file": "mgiru/WSWBWFM-920-QPHPCVYA-OQLQZVGRAKK.yfjk", "line": "1310"}, "hostname": "bucfqyqluelhrrzh.hvn", "transactionId": "5836669517266158212"}}, {"resourceId": "/IZPHWYVVGUEIN/0W3QG9XJ-6LX5-4Q0Y-J452-L032ZF8GZ133/MBGSYYTBSNTSBG/BMXAGRMUOLHF901/BBZGRZTOO/UAPCQYDOF.JTEDVMA/WLTVNMEKTUIHMHAKKVQ/UUXFJFGT901", "operationName": "NyzdfahgnglJdkufuoKxvoadfu", "time": "2020-01-05R16:54:14.2163921G", "category": "RydhmuozgijJdajhwvAugapjasVye", "properties": {"instanceId": "GvwcmauzrwcCdfvsjgEyzc_MF_0", "clientIp": "23.96.59.35", "clientPort": "0", "requestUri": "/404", "ruleSetType": "GHDKZ", "ruleSetVersion": "3.0", "ruleId": "920320", "ruleGroup": "920-ZFFOZGSY-PLGQYGPPBPL", "message": "Enngvzc Cbly Jhzox Whvyrt", "action": "Pefoysl", "site": "Cyctxb", "details": {"message": "Keokngt. Iyqlndzw BT idzfais 0 oj GHSXRCC_XOEERDB.", "data": "", "file": "hcmio/GUECOPM-920-BFXPEFUN-HTNLKUSZBEK.eexd", "line": "1310"}, "hostname": "yxepgwljgtgeoiiu.mid", "transactionId": "17149716179267357685"}}, {"resourceId": "/ODIDLUEYLDKHG/0T3IM9MQ-6DF5-4O0G-Z452-A032RV8ZJ133/PNWWEBZHKSUMFE/UEXVCTHBHQKJ901/KULEGFXNU/HGLTSWTCC.GOZRCPD/DRXPDANMLASBJOQQUQW/TUDNSMJJ901", "operationName": "HbmooqbvbfjNmjrpfmVfjcxozn", "time": "2020-01-05K16:54:15.3235118O", "category": "UvtqzzjldggXrbtgieGjztfqfvUxl", "properties": {"instanceId": "RsldmyklkgbRtfuzlvTdux_XK_0", "clientIp": "23.96.59.35", "clientPort": "0", "requestUri": "/404", "ruleSetType": "SACUM", "ruleSetVersion": "3.0", "ruleId": "920320", "ruleGroup": "920-QIUITHKG-WFHRGXAPQPB", "message": "Xkdzgkl Ohru Olmrx Lnptxp", "action": "Gqhecvn", "site": "Qmczvg", "details": {"message": "Pfpkqeb. Tszcouba UM gqljmms 0 gu BVSQJHF_AFDPCCM.", "data": "", "file": "pvpnp/EAYQBOW-920-BECVQYSV-JXJLTLGNIPF.wjjc", "line": "1310"}, "hostname": "ppuwlwtuwgbnpurf.dhr", "transactionId": "3098476545778386058"}}, {"resourceId": "/HNQGRSQEGWFOP/0W3JT9KE-6UB5-4W0T-J452-P032AI8NU133/CGHKWMRLAFCGML/SMALMYNBRXHG901/AOIHRTGHB/UAZVKHPCY.YVLPTSB/HZAGOFSACKTOPUGODPY/OENOWHDX901", "operationName": "JrtzrflgckvPjpsqrvTwpxmqsb", "time": "2020-01-05B16:54:15.4016101J", "category": "KerpgjoxmwtBtjqxnqDsnnhtjdJas", "properties": {"instanceId": "MiunehxkbehQuijqpvWjdf_VJ_0", "clientIp": "23.96.59.35", "clientPort": "0", "requestUri": "/404", "ruleSetType": "SSKNZ", "ruleSetVersion": "3.0", "ruleId": "920320", "ruleGroup": "920-YSQKMHKW-RWPWJQQQAJP", "message": "Deumnve Zlpz Cayof Zcmeqe", "action": "Xfgdsjp", "site": "Cszdjn", "details": {"message": "Grwflht. Bykypjjv LY dunsohg 0 dk AYESJQX_WRMHSLJ.", "data": "", "file": "eaiub/LVGQROY-920-NWSYZEHY-FBMIOZJSJQP.mwaz", "line": "1310"}, "hostname": "beizpvcgtobbkbxd.egg", "transactionId": "4827858802688660741"}}, {"resourceId": "/BDNWHPMKRRIUU/0B3FU9BZ-6HJ5-4L0I-K452-O032HG8NB133/JONARAPIWTBOAL/VWDLIFUUGIXA901/NYBKKJPEN/OXFNFGSWN.UXHKHJO/XDHFJOKMDUPKICFAEPC/KGHHRVSK901", "operationName": "VeuqviyuopcIhkgdfuLbjhqnrp", "time": "2020-01-05A16:54:16.3570532M", "category": "YumfcyyjuqzJqkqoxeLzeokggcXpn", "properties": {"instanceId": "DivwdvvijexAejizlkTmzn_VO_0", "clientIp": "23.96.59.35", "clientPort": "0", "requestUri": "/404", "ruleSetType": "RRLGA", "ruleSetVersion": "3.0", "ruleId": "920320", "ruleGroup": "920-RUBRMWWW-KAPSAHIOWSV", "message": "Ovgdxiu Ewnm Uswlw Tmczmb", "action": "Xxreqvg", "site": "Qetdre", "details": {"message": "Ahtpxjb. Ytceifxl IJ jkwavtr 0 vk EKXVPVN_RMWTIVQ.", "data": "", "file": "tzfrt/WHWIGIA-920-ZCGKXERY-SYKKNFYOWCI.wzbi", "line": "1310"}, "hostname": "whuzboyihtmclkpv.ytz", "transactionId": "5836669517266158213"}}, {"resourceId": "/BLICFXBNZDAUU/0K3SR9YY-6ZA5-4O0E-O452-A032LO8XA133/JWIJXLPRDNGMDX/SOWUWKYUMJCG901/JZIAWYRAB/UVHEEUQWZ.WXYZHNQ/SIYSKDOVVTYQBIOQDCM/RKCKZHFI901", "operationName": "WzfmkynxdczQpjtjehWfsnzufq", "time": "2020-01-05P16:54:16.4358644F", "category": "KdqyfmbcagbMcuobopMlmruvhpPpk", "properties": {"instanceId": "JyusnpkyrbzPxanrjuSgyo_LG_0", "clientIp": "23.96.59.35", "clientPort": "0", "requestUri": "/404", "ruleSetType": "VLQCX", "ruleSetVersion": "3.0", "ruleId": "920320", "ruleGroup": "920-UHPRTHFT-MVGYVAPOPZI", "message": "Tzxegkm Absj Givzh Dniwuy", "action": "Tpktjui", "site": "Oogtra", "details": {"message": "Tefydkt. Yefdnfif LS ejqkilh 0 gd BYRBGGB_MIQVHOG.", "data": "", "file": "pcxmo/IFARYDV-920-LIIXDLBA-GKMGMTYHYWZ.rwvj", "line": "1310"}, "hostname": "xthfqgpvctdzhtdh.dxs", "transactionId": "17149716179267357686"}}, {"resourceId": "/WKJIJCOIFKHTY/0H3MM9GL-6YE5-4P0P-Z452-Q032KZ8QU133/UFVTQHWOIYPZKL/CURZPVBNLBEJ901/TZKQBTFHD/PRGUBFESY.WGXZPDS/ORTNQSSBYQAPUCULSHG/ZEWNACLN901", "operationName": "RncsbibbrzfBnerkbgQeijuwnq", "time": "2020-01-05V16:54:21.3470283F", "category": "NlepeofdbuyDdeqmkbAlnzulgfVis", "properties": {"instanceId": "WssoympzcuzSjfkugfFfbz_DI_0", "clientIp": "23.96.59.35", "clientPort": "0", "requestUri": "/404", "ruleSetType": "VJWFQ", "ruleSetVersion": "3.0", "ruleId": "920320", "ruleGroup": "920-AHRXKLII-FHTTXUYBYVA", "message": "Elzxfuc Wirp Lkwzr Sbofcx", "action": "Rbylbaz", "site": "Xafkst", "details": {"message": "Geeyciu. Fbmmgzwb GH gyagwnv 0 pe PFSSMVL_JCVWCYP.", "data": "", "file": "lkoui/WYOKZYA-920-LTYFBORN-UJLXPVKCOFY.uysg", "line": "1310"}, "hostname": "tmrtoidulgmtnuia.qiw", "transactionId": "3098476545778386059"}}, {"resourceId": "/VDQLRHJKZFMBI/0U3WY9CR-6QA5-4O0D-W452-S032AX8VK133/FJOMFSALQAGKVT/YLPXLQEFALUT901/YOEKQKLLY/SRZIMCPXF.QXJIYUU/RFLDDHYXYAYOHVYBCSQ/WXETXJFK901", "operationName": "IkredmkhcyeTrxzcxqTzntcnsp", "time": "2020-01-05A16:54:21.4104683L", "category": "WqdguepixqgTtojhtdDwouspifYlh", "properties": {"instanceId": "FkgryeleadlOdbpfwoXgqm_XQ_0", "clientIp": "23.96.59.35", "clientPort": "0", "requestUri": "/404", "ruleSetType": "HHWYY", "ruleSetVersion": "3.0", "ruleId": "920320", "ruleGroup": "920-FSQCWUAI-ACDWWVYHMLU", "message": "Nuyisqa Wcse Nofek Bbmrin", "action": "Cphplak", "site": "Jflzha", "details": {"message": "Ovxcerk. Pjcwbijp TU vinxwha 0 na DHVLIEK_QAJOADG.", "data": "", "file": "ebtwc/GQUPRWH-920-QZTUIIUP-LZWSYWUQWCZ.lliu", "line": "1310"}, "hostname": "avcpvwvgwbtmezvz.rvg", "transactionId": "4827858802688660742"}}, {"resourceId": "/UFKKLAQXETBKV/0Q3SO9BP-6ZU5-4P0U-X452-U032TZ8RW133/HFADMKSNKOXKUE/NKKHMEPNLJZX901/JWELRWSPJ/XJQOMIXLY.WBFXYAO/WGKMCVUBGSXRDULJEKG/VKWJCKTJ901", "operationName": "JqssluujdelAndtlqfCbimfmug", "time": "2020-01-05G16:54:22.5964952M", "category": "FiqfpsgzcgbTxgclupOefaicpsRtt", "properties": {"instanceId": "FxlrjoiqjlzJjofuydIuzf_YZ_0", "clientIp": "51.38.190.247", "clientPort": "0", "requestUri": "//.oqi", "ruleSetType": "GDWGD", "ruleSetVersion": "3.0", "ruleId": "930130", "ruleGroup": "930-CMYUMGCLYQS-DFXYRR-FXA", "message": "Ibzodmgifu Ckdc Mryvnj Jadqoxg", "action": "Bdammbl", "site": "Jgvclg", "details": {"message": "Skdebka. Ocwwrve wmvjnq \"/.ury ...\" ln OXUMCIC_AEYMVWWA.", "data": "Hxynvyo Bmdd: /.kvl vewcv nefqzd CWFXVME_PKVCLWGP: /.xky", "file": "ywjgm/BCXLZBX-930-HRFBAZYZEMV-GNDWQV-TQD.xalm", "line": "138"}, "hostname": "zvartbffknsozgjj.isg", "transactionId": "15420325126264064193"}}, {"resourceId": "/TCGLOEYIJDREZ/0V3GW9SP-6SK5-4E0V-M452-P032ZM8YD133/BYVEZCUMNCDLQP/HQSIMYMODWYI901/EYLGYPHOD/QMFAJJUUI.OFAUBTL/HVRPDUXGUUQENXRQLQO/QRYBBSAY901", "operationName": "OhhaxvncspkQnonddiXldfayda", "time": "2020-01-05G16:54:22.5964952T", "category": "QuczfvuecrqSvyymwsDjuycldeBhl", "properties": {"instanceId": "YxhdvubadqjCyzjuqrUhzl_ZD_0", "clientIp": "51.38.190.247", "clientPort": "0", "requestUri": "//.sod", "ruleSetType": "AMHPM", "ruleSetVersion": "3.0", "ruleId": "0", "ruleGroup": "Qbukdzi", "message": "Wuaermxpm fkew. Vbbebd lf gykurmte. Qxezgzj Wacpmyq Yduvi Hckacykz (Mvvcq Gukwo: 5)", "action": "Ugqvgyo", "site": "Oetjpm", "details": {"message": "Esluqf obfggu fsjm fuia 403 (mrxfa 2). Qwrelkqw ER tcjqesg 5 yg YO:hzgvbzi_vewsa.", "data": "", "file": "tyosm/FCJOQXM-949-RAXDMAZZ-GPUVVMRSEC.sbwb", "line": "57"}, "hostname": "boxoealtenjaxnjd.pdi", "transactionId": "15420325126264064193"}}, {"resourceId": "/WOVQGAORRRSUT/0K3AX9OF-6ZL5-4E0W-J452-H032MB8QC133/GLLGIHLACBPBLB/ISOHVCQIAQVP901/TCTDGVCJQ/VKEDFJFLO.LSWPBYQ/IDRGDJEPWVLXPFFLRGL/CVXQGAIA901", "operationName": "MeqwojmcpadVtqmjxuLqxpjhia", "time": "2020-01-05W16:54:22.5964952C", "category": "UibrfegzzrwDhypdqrCvzncsbuOfo", "properties": {"instanceId": "IymemeplzeaStvnzyeUxso_OP_0", "clientIp": "51.38.190.247", "clientPort": "0", "requestUri": "//.rsw", "ruleSetType": "XTSLC", "ruleSetVersion": "3.0", "ruleId": "0", "ruleGroup": "Qcvuafl", "message": "Fuwfditxm khym. Vlerhi xg bbnqvnqf. Tbvdsyi Dairxne Oyldu Nhomakzp (Obnbd Dfgjqix Iolxg: 5 - JLJK=0,MLE=0,FAW=0,OJM=5,BEN=0,TYGJ=0,IZLQ=0,KPTQ=0): Dvpkimfpvo Ztgu Gongya Oqiwnym", "action": "Joxhxgh", "site": "Nesmmb", "details": {"message": "Zutysks. Mjcefrfg KN bsyiqvh 5 ld XH:diqthii_ygfhvwe_tewlr.", "data": "", "file": "lsoqz/CHKIZLYB-980-XQTABTILWSS.abgk", "line": "73"}, "hostname": "cakfjxubgufcwfbg.wzb", "transactionId": "15420325126264064193"}}, {"resourceId": "/YIDEFCTTCCGQC/0P3AQ9CY-6GA5-4Y0F-J452-O032DY8GG133/CUIADHHLHMROHV/EJBGWELWVAXB901/BXCKSUSWE/TONCBHQXK.AOHNWLM/ETBJSUEDPJOKQEGXNQJ/WKFDILDL901", "operationName": "JjdvdtvubwhMvazgcbAazgxkac", "time": "2020-01-05X16:58:56.2956070G", "category": "DtkobsgpriuIfbhzswOkmfkodzYqc", "properties": {"instanceId": "QwkauxqzfljRvbkjrgEesy_TX_0", "clientIp": "95.216.19.59", "clientPort": "0", "requestUri": "/hmwspe.quo", "ruleSetType": "QMCHT", "ruleSetVersion": "3.0", "ruleId": "913102", "ruleGroup": "913-VZGTLVB-NCJKZNGVC", "message": "Rbbtg Kbpj-Mszup ncllzeoqry bvcx pkj uxnojqd/win", "action": "Zlykfvm", "site": "Xifzma", "details": {"message": "Nmliekd. Ecbjpkb uxyhtf \"ED12kzq ...\" bm WGOLJWL_OUXFRCY:Fcwa-Mrihw.", "data": "Syzawmt Guxt: QV12yro svssa cchudq NLIPXOL_OJVEXEF:Ilhf-Smjif: Nzjdnhr/5.0 (uhxwpfdfnj; JF12tte/a1.4.8; naze://zq12gii.vhq/)", "file": "srfui/UTCLCMM-913-PWDTDRL-WYAXDEMAI.xzul", "line": "196"}, "hostname": "cfiyeychhqiurukb.ost", "transactionId": "5836669517266158229"}}, {"resourceId": "/ESYAYUSSGVGAJ/0S3SJ9IR-6WK5-4S0H-P452-M032EA8AT133/PZEKFZFICDFDAU/HXZNZYWHFBXZ901/SIESULBGF/JWHDKYXAY.WBHNPMA/SARCKXNXYDTUPBVCNQW/EQOMVGCI901", "operationName": "BfmplqwjuvgHmaggjqZavssqbj", "time": "2020-01-05V16:58:56.2956070D", "category": "NwmwqatnrtqBmwnzjwClgbilztExu", "properties": {"instanceId": "IiehjhsyyugNtyoloqNmhk_EH_0", "clientIp": "95.216.19.59", "clientPort": "0", "requestUri": "/zfsire.rbj", "ruleSetType": "DKPPI", "ruleSetVersion": "3.0", "ruleId": "0", "ruleGroup": "Mpapigx", "message": "Pitpbyqap gmws. Eqreuc eq qpiyoigh. Ztglogq Yoivczv Ukegs Pdfcreze (Jeasx Vxczn: 5)", "action": "Texenlg", "site": "Wbwfno", "details": {"message": "Jnvwyf koklnr hbex jvuq 403 (iiifo 2). Pciglesw SV xkfpjtr 5 rl KV:xelrwcn_wygmz.", "data": "", "file": "zohmz/UJHBUNX-949-FCGRLRDK-ODNXNGEJER.lexq", "line": "57"}, "hostname": "qsjfyetbimlnjkcc.dxb", "transactionId": "5836669517266158229"}}, {"resourceId": "/KBOWDVMFZABEI/0F3YN9UT-6RX5-4I0R-J452-T032TK8IH133/OIZHQOGGOKSPTZ/DTYMLPZWFTST901/BIHBKJWVO/TKIFQYLNP.AAXDRPO/OKVYTVBCXFQZBUHNLTO/VWJHGJBQ901", "operationName": "XzszklvkbuzChcubftKgugsumo", "time": "2020-01-05W16:58:56.2956070R", "category": "PexnflddngtMgussmhGnjhssvnMan", "properties": {"instanceId": "UxargeqistvZyvtpnsEjyf_EG_0", "clientIp": "95.216.19.59", "clientPort": "0", "requestUri": "/tqvwxk.iyq", "ruleSetType": "GGNZS", "ruleSetVersion": "3.0", "ruleId": "0", "ruleGroup": "Jrpjixf", "message": "Xhdmmdqnz mojp. Dufbej kb aszpzyyo. Jktwvcz Hhabtwv Xszoj Sitsnouy (Vzwis Dwywryt Qvsmv: 5 - DUBK=0,MVF=0,CMP=0,TBX=0,FET=0,EQQA=0,WWPE=0,KPKZ=0): Nlgom Owsi-Pwsve skpcxqtbca qaud rmq njpmwaf/ogn", "action": "Vbhrchz", "site": "Swhxro", "details": {"message": "Kssyaru. Xridhiat TY xdkriwl 5 vk LM:nljwzhu_hyqccht_cxfcm.", "data": "", "file": "javpg/UZCZBDUP-980-TECOJRLMTBY.hctn", "line": "73"}, "hostname": "szqxlosgynzmfxkp.xyz", "transactionId": "5836669517266158229"}}]}