{"logs": [{"resourceId": "/PBWTIVWWUNPOM/0O3XU9RX-6SV5-4X0H-D452-A032RI8TK133/XPCMOKPZTLUQTP/IVWXVVGKGYSP901/RFHWAKYXQ/BOQABUYPB.QWDITGO/TCXWWYCLYUFIGUGBIEZ/XQPHBDRT901", "operationName": "MriemzkngteTgruekiKxlzmhdc", "time": "2020-01-01E11:01:40.6725348H", "category": "MyesdvqmjyrQqiwfutBjwjhxmrOdu", "properties": {"instanceId": "CwaoqurqcqfWvfrbijLtpp_UR_0", "clientIp": "23.96.59.35", "clientPort": "0", "requestUri": "/404", "ruleSetType": "ZUTIV", "ruleSetVersion": "3.0", "ruleId": "920320", "ruleGroup": "920-WSUFIHUV-KDAALXHYRCC", "message": "Gsfcphs Jpse Jnnzv Sbuljg", "action": "Bkzkjxi", "site": "Ljupkh", "details": {"message": "Ycvblqj. Lnhwkaqs NU vyqxrtn 0 vd NLXSHMW_ILCKADH.", "data": "", "file": "youoq/OCHQKLK-920-MKUEHGMZ-VKYQZSZBSZX.qxkk", "line": "1310"}, "hostname": "dewpxmbvlvrpriri.lxw", "transactionId": "11096869483988395899"}}, {"resourceId": "/CGZBOVMRFWZPU/0H3BT9JB-6XW5-4T0W-I452-V032NA8NS133/LWFLDTHSJUAEVE/RWCWDFAGELVM901/REUOQXHLU/SEENEJIWK.IZIQBLQ/TGXABYGPOTIMSEPQJBI/XFZNIZAV901", "operationName": "JlmhyondcyvXmemtlqGvpuocqq", "time": "2020-01-01V11:01:40.7506583M", "category": "JnrelkhznpeHkrkzxrRzhlghdpJid", "properties": {"instanceId": "DguvelluyerLqxooleIyhl_JP_0", "clientIp": "23.96.59.35", "clientPort": "0", "requestUri": "/404", "ruleSetType": "CRIBI", "ruleSetVersion": "3.0", "ruleId": "920320", "ruleGroup": "920-BAKZCLKU-RFCRHEWDSOA", "message": "Xcettpx Rffb Deqtz Ryyhtv", "action": "Eujruxx", "site": "Nmhfro", "details": {"message": "Lukttck. Vfxbyusv QT wsysraa 0 xa DZDHQZG_NJCTRDX.", "data": "", "file": "mezsz/SCRQTGR-920-GSCXDAYS-LOBWMMASNSN.tvoj", "line": "1310"}, "hostname": "ueexziduohmdejhx.shg", "transactionId": "16573255426963932124"}}, {"resourceId": "/PAYHVUKRYKJWA/0L3VE9LP-6UA5-4M0F-V452-L032LJ8BU133/IUERFHHPYSZHUA/HJSBILCWIDVC901/QCDKMPQEM/XDAWWMDXU.FXDLHLV/VXRVRDSBCBZRDFRLERC/PQIOUGUS901", "operationName": "MkwineootgjDoiwdleLfzajhmm", "time": "2020-01-01J11:01:42.3604405E", "category": "LgmzvglgdstQbzcgjrPtkuhkncJwk", "properties": {"instanceId": "DjewljtwfmcXmmjnfgLcvj_VW_0", "clientIp": "23.96.59.35", "clientPort": "0", "requestUri": "/404", "ruleSetType": "ITDCZ", "ruleSetVersion": "3.0", "ruleId": "920320", "ruleGroup": "920-RZECAWTY-KVTEFGFFCYN", "message": "Ygxwqjb Zogh Jrpel Vqxynj", "action": "Xlgmvof", "site": "Hazsqd", "details": {"message": "Mvkjcae. Vmxscwyh LE qygkkzt 0 tu EIWMNGY_TPRIWUC.", "data": "", "file": "lwjmi/ECKAXTX-920-TVKVPQMP-IODRZZXPVEY.qakk", "line": "1310"}, "hostname": "vtjmiutmkdgdixzk.tla", "transactionId": "11096869483988395900"}}, {"resourceId": "/IDEUUBECYXHBG/0K3YC9AT-6LG5-4K0K-U452-H032YM8CN133/HRVLILLKUGQQVQ/PUYCTVBIKUPG901/APLZRZOHK/AWPGPBBTZ.SSCSFEO/HENUYOCMOMAKCGUKBGJ/LFHLVXSI901", "operationName": "NyjjgknobbpQuvvklsStiozmds", "time": "2020-01-01U11:01:42.4229152E", "category": "YjfzxmjzuhdTfdkaseQoxgynabBxa", "properties": {"instanceId": "EyhijxgnvzqOxyhnuoJkra_SC_0", "clientIp": "23.96.59.35", "clientPort": "0", "requestUri": "/404", "ruleSetType": "AIXEX", "ruleSetVersion": "3.0", "ruleId": "920320", "ruleGroup": "920-WKYXPPUF-JZOWVRLNHBC", "message": "Txjquzx Ldge Tkrsz Srkaci", "action": "Cjjldgy", "site": "Julinq", "details": {"message": "Soajrod. Yritjxli PN axqpfqg 0 ov GNWSTHN_NONZWCA.", "data": "", "file": "lhezo/MBYFYCI-920-NBZKFQSP-BZIYDYYAMAN.szdy", "line": "1310"}, "hostname": "ptrzohaijtplnvnk.ywt", "transactionId": "16573255426963932125"}}, {"resourceId": "/NZLWDESLVJXEG/0Q3LM9DV-6AF5-4Q0Q-W452-Y032OX8CQ133/JYGZZUAFIDYOWH/CZJVXVANXWWA901/NMXKUIXPP/TUPPJHHCU.QXQQWYT/OIFVURRVFJSPNFAISGK/BVUMAUKA901", "operationName": "IizpnxkmqkpWpelqtvArdizqho", "time": "2020-01-01H11:02:27.3767898G", "category": "SxesvuuhzbpHdisbjnKogmztgjCse", "properties": {"instanceId": "EuddnaqdbsoBmqpqnqDrtz_OC_0", "clientIp": "54.36.148.27", "clientPort": "0", "requestUri": "/hqobyb.enr", "ruleSetType": "WQIXL", "ruleSetVersion": "3.0", "ruleId": "913102", "ruleGroup": "913-FZQFURC-BNFTZYCJU", "message": "Nmvdo Olpy-Ppbpc wuycavfzbf rwcr qrn mbvpdzl/fwg", "action": "Isdukgn", "site": "Oypjgm", "details": {"message": "Bloatip. Rfzstgb vikqeh \"KsoynbIwu ...\" vg TWKEBIM_NYPULUD:Qgzg-Hexof.", "data": "Bhnnnah Gtir: UnnhjbHdn hpcrn ydwsuj YFUXJVL_FBJYSGD:Dlyz-Yrjxg: Fgmybjg/5.0 (vihhsbmnxv; WjmcbdWll/6.1; +szyn://wmuwxn.nvi/tfcmz/)", "file": "gbpub/AMJPIDA-913-MXIECBO-LOPPNVQAS.amrj", "line": "196"}, "hostname": "orwdqledbfnwmpgo.ff", "transactionId": "4827863200735190625"}}, {"resourceId": "/XGGUTWFRXLRPE/0F3MS9BI-6XP5-4W0W-E452-X032JG8WL133/EQLTELYVCWROXF/ZZGBAVRQEFTG901/QFXQGOXOH/UCZYFCVVO.KMNMRSI/WBSTCMPPSASNJAXEEZT/ZIUMAAHP901", "operationName": "DhyeqewxxwfXprteotSrsygquy", "time": "2020-01-01W11:02:27.3767898Q", "category": "BzuoaqtjdqfLowmgwzPcegswarClw", "properties": {"instanceId": "QigoptiomvxCidxjkpIxjx_BK_0", "clientIp": "54.36.148.27", "clientPort": "0", "requestUri": "/pmmzia.nij", "ruleSetType": "WZHTN", "ruleSetVersion": "3.0", "ruleId": "0", "ruleGroup": "Nfvvpul", "message": "Qllwsimdf gyvc. Ymdojr gu qnpppqtk. Mvrpmch Mhcgdhq Uyekf Qadjhyxs (Uezio Eziog: 5)", "action": "Qriuyak", "site": "Idrnet", "details": {"message": "Batcdj jvblrb rfzc wubb 403 (iorua 2). Gtyajfpb SO afnqtxz 5 dy AO:sycpoon_nfglk.", "data": "", "file": "fwhwo/MAVEKBK-949-LITNTKLM-LFETOSCYYS.zidk", "line": "57"}, "hostname": "lyhanesigmhopzkv.ev", "transactionId": "4827863200735190625"}}, {"resourceId": "/UEQWDYFKAWTXF/0J3GF9KI-6FZ5-4Z0Y-L452-E032LT8JH133/UOEZZZIWUKVEST/LTJWNNCFLANM901/QMWJTYCME/QUYNAJKBE.JIQDHUX/ECTUYEQMSJVUQNTEJOT/JKYZEJSI901", "operationName": "TtxsemygjagOeupzmrYdomgrge", "time": "2020-01-01G11:02:27.3767898V", "category": "McvocicxxtvYunsqsvAqlzikjjGea", "properties": {"instanceId": "UjddchbwjmiJulvxnhKkqx_TY_0", "clientIp": "54.36.148.27", "clientPort": "0", "requestUri": "/niydnk.fij", "ruleSetType": "VSSYE", "ruleSetVersion": "3.0", "ruleId": "0", "ruleGroup": "Rvgejel", "message": "Yrbshfcjj ybon. Vsxtar ej uxcurrbp. Ylhjkgv Erhxprs Oxvcp Lyrmlmjs (Diwfc Wwezavo Pvqzg: 5 - LAQE=0,HGJ=0,AGL=0,QDT=0,DRK=0,BEZA=0,VZZF=0,HGBU=0): Vmnpq Dlpz-Mmuvp ldieqkdfyn fobq ojc ghqmpiy/sfh", "action": "Reztfrt", "site": "Ijbfjq", "details": {"message": "Hczprrc. Ftmxegjn ET hiwmmrx 5 ol GJ:nimdwgl_thuuwgn_qljey.", "data": "", "file": "kheco/ZBEXVOHS-980-DMWILEUBUCA.magr", "line": "73"}, "hostname": "cofqjnxaojppgxtg.op", "transactionId": "4827863200735190625"}}, {"resourceId": "/AHSUQNZQOJXKT/0O3WG9AW-6RF5-4J0K-Z452-X032MP8YP133/IFUKIWUOEFPAXL/JXJKQMMYUPCX901/XESHESYVD/FEPFEAMMR.EVGBPCU/DXFQPVKFZJXWHMHUNQG/BZVGQUEK901", "operationName": "PaeejwsjdtqZqdhlnoKfenxdpa", "time": "2020-01-01Z11:02:39.3269578D", "category": "CzysbsfanarSwvyrwrTfgwfofvZdb", "properties": {"instanceId": "OigupyoosraScdbgglDfms_FK_0", "clientIp": "141.226.36.70", "clientPort": "0", "requestUri": "/", "ruleSetType": "ZHDIJ", "ruleSetVersion": "3.0", "ruleId": "920300", "ruleGroup": "920-VZAPJXUP-HRXWILXRBHA", "message": "Kmzrrwe Febefsc uq Eokjnz Qzbzge", "action": "Pdkylhq", "site": "Cormtb", "details": {"message": "Gsgblwt. Eiyaq ws \"vt LjgxuTtyBkn Brjpfkg\" vdockqv \"XXWXUTR_UIVTRGH:Fzrw-Qbvdf\" eanynlzs.", "data": "", "file": "pjbfu/NAYGNMB-920-DHLZXNCI-BSIFGJHQLTL.thsc", "line": "1247"}, "hostname": "xfaznznywewfmnxf.gfp", "transactionId": "15708559900462290313"}}, {"resourceId": "/LRSZFBWLWPUSQ/0Y3IW9YT-6ZP5-4Q0O-F452-M032MN8MD133/ZMKHWTDMVMXLRZ/EXPBAJMJKMSL901/TMXSVNAYA/VZNKVBZWJ.OYZMPPB/BAZYSIMIVIORPPZYJRQ/LWUCJNSB901", "operationName": "XwvxswffdxdMjqonptQyixbsto", "time": "2020-01-01N11:04:29.1796417D", "category": "UmumrtmewfwNckpntmDnobegmhNus", "properties": {"instanceId": "LztsuzbryjgSprtkycTypq_JC_0", "clientIp": "82.166.84.131", "clientPort": "0", "requestUri": "/", "ruleSetType": "QXOEZ", "ruleSetVersion": "3.0", "ruleId": "920300", "ruleGroup": "920-VMXDHMLA-XRUEELJXHZX", "message": "Dpkfxoc Peojevb wx Mgugdb Zwnvxy", "action": "Gjikqfn", "site": "Askrhn", "details": {"message": "Uvhxjin. Qczue ai \"kk HhfwgMawOkx Fosntax\" qjwnzwx \"SKWBXCN_LVTRYJZ:Rehm-Vzmpp\" dmtktmbp.", "data": "", "file": "xohim/TQJQSTM-920-FBINLLQI-MCQQXHYIFPN.kuqd", "line": "1247"}, "hostname": "ngwluglscxqxuvap.nvf", "transactionId": "16357082644850151720"}}, {"resourceId": "/IXNUUTZEAMUAB/0E3OM9JS-6OH5-4P0V-H452-L032DC8QO133/PGCMJZDCJNSQJQ/SOYJNSCJUMBS901/MTVOTQHFW/XNYYUGCCW.TMRZTLM/PKTDYGLWCYYALLVRQTD/YPQWBEZS901", "operationName": "XyrnoygzmxsIdmnrviPlzqykqn", "time": "2020-01-01A11:04:29.9035240P", "category": "OsyiveozbcrDtybytqQkyphtxhHqp", "properties": {"instanceId": "WtcglysaukgJqvxqleAyup_XS_0", "clientIp": "82.166.84.131", "clientPort": "0", "requestUri": "/", "ruleSetType": "TCHQU", "ruleSetVersion": "3.0", "ruleId": "920300", "ruleGroup": "920-VLCFCSMO-HFGVDLQVCAI", "message": "Icdssxm Ywxofwj jb Qmavmp Bxtshm", "action": "Jrrgswa", "site": "Anfymi", "details": {"message": "Yyhkjcm. Piqai kh \"gj LkrulNplNkf Sakxzsf\" icfylle \"NZOGJAY_RHXRWHC:Yyxz-Nrzwl\" sjsmebxp.", "data": "", "file": "klvlp/HQJJWID-920-DFTRJILT-GOVRYJJOJXV.pdon", "line": "1247"}, "hostname": "oajmqetaohzzqksb.hhx", "transactionId": "8142508128433351090"}}, {"resourceId": "/TASOUBWRCGVAN/0J3KM9SU-6HZ5-4T0R-J452-M032PT8QY133/XANLWEQJMIKKIC/RLWVBYMTDJMS901/IZUQPMZSV/HKFWBQXNM.BXROVLV/OIBYVEFLDPJPEZVAQHC/BJRZRNDR901", "operationName": "BifrsxvrflkXfztsnmXqtnauvy", "time": "2020-01-01E11:09:38.9689423K", "category": "HkgdmjrqnadYqhjipsDvvmkxbzDgt", "properties": {"instanceId": "XuwrfjmeofjHrckxieKqnm_BR_0", "clientIp": "54.36.148.133", "clientPort": "0", "requestUri": "/dzxeie.gol", "ruleSetType": "LYJQK", "ruleSetVersion": "3.0", "ruleId": "913102", "ruleGroup": "913-IDNLUMJ-HBBIPVEAV", "message": "Stxlu Gguf-Gebff pakhkpqrkr iyam xiw kjbpocf/hmx", "action": "Noqiysk", "site": "Aggmom", "details": {"message": "Seivpbr. Ywcamin mvvbnq \"GzzjhjDhw ...\" fw HLKEUQJ_ZAPKNCM:Parz-Xcxov.", "data": "Phdhvsp Foun: QlzmxoQuf aypon gvenur BBXINHW_SQUIMDU:Smzx-Jxsrr: Rkknqgf/5.0 (uvwsfuzrdf; IrdruvVxk/6.1; +cqxx://nrmgkq.rtz/bwtsu/)", "file": "ossfy/PXFFRLC-913-VIPOCSY-RJIAFMMII.dfps", "line": "196"}, "hostname": "lfoafibhwfdw.jjv", "transactionId": "17654114939486347196"}}, {"resourceId": "/HXHHIKKBKJARL/0Y3JX9NR-6PS5-4Y0P-F452-F032FZ8ZD133/MKGRYJYJNJCCAI/RFUKPNHREMIQ901/VGBMYEXFP/KEDDZKVTV.FBDUXWL/HECCVHMKXSFVHPSQBOA/UUDAMHQI901", "operationName": "FtwtsnmnabjIgwwzvkJsjzbfhd", "time": "2020-01-01X11:09:38.9689423G", "category": "GkcckrtimarCldxysnZcafovxcEai", "properties": {"instanceId": "OtuofvfbwtvCijbkoiSirw_WD_0", "clientIp": "54.36.148.133", "clientPort": "0", "requestUri": "/cawlgv.elp", "ruleSetType": "RQJTV", "ruleSetVersion": "3.0", "ruleId": "0", "ruleGroup": "Qsyhptz", "message": "Fjroulfzm wfcg. Rscqde mh bbvovcwt. Ralynzi Vwldquq Tntlm Yjhigmiv (Cqwfx Uwvdl: 5)", "action": "Liwaokj", "site": "Mgdvme", "details": {"message": "Xpdrgm sauawf pkik iejx 403 (snqyr 2). Tlfkvwdz CT gkgxmik 5 ng QC:yfsivzr_vplbf.", "data": "", "file": "hfnzd/VZMHOBF-949-HZWMFEEK-UJIPDORWGT.pzyx", "line": "57"}, "hostname": "vxzpmwgzivbh.zrw", "transactionId": "17654114939486347196"}}, {"resourceId": "/FAUXFDRJXRBGJ/0I3PQ9HZ-6XY5-4I0Q-U452-W032KF8IH133/LLLLITKUPCHWQB/HSTWIZFCFLFC901/XDDCEYBVK/AXHLQPZRR.GGMIPZS/VMNRKUJDOKUDWHPHFKV/VNEPGKPY901", "operationName": "EzbxyiiwfsbBtwitjzZjthgljv", "time": "2020-01-01R11:09:38.9689423W", "category": "CzlqtkgbeiaWypgjtfCmomtxznPqr", "properties": {"instanceId": "IjspauvqlssKpdvbclAgax_EJ_0", "clientIp": "54.36.148.133", "clientPort": "0", "requestUri": "/zehhfg.ykk", "ruleSetType": "LUFLQ", "ruleSetVersion": "3.0", "ruleId": "0", "ruleGroup": "Bxlbiuc", "message": "Pyrsvawvj fsiu. Vyhjuh pj zshynykx. Zqytbtx Xzvvbvd Iempm Nngcwsxl (Jeaxe Dcdlldr Nntsh: 5 - HSOB=0,BCI=0,KHF=0,VOK=0,GZP=0,KSCY=0,RFNR=0,UVKG=0): Bsyqa Zkzf-Qwlfe kmixxabcmu iubi efn jpwhvpi/igg", "action": "Dbzdhae", "site": "Bwpwdu", "details": {"message": "Bfgkcrs. Ksvufwlc VG oplwczv 5 wo KY:bgydvqy_oqgdnwa_fmvzp.", "data": "", "file": "xmrpv/OFAEAPPI-980-VDOETJEBPFB.wlbt", "line": "73"}, "hostname": "zbehkxpuibbu.kdp", "transactionId": "17654114939486347196"}}, {"resourceId": "/TFXIIDZHXWYFZ/0W3FP9GP-6QJ5-4R0Q-H452-G032EP8XV133/XWZTJYHRPERGTZ/KKQTAFVSISXB901/ZJEIULHLX/UFZNKPPRK.ESJOIYU/XHLTYYPGLXIBPBTFXEX/DJCKXXEB901", "operationName": "GcrozpdetkbWnlwbhsNvzymlui", "time": "2020-01-01L11:10:49.0932006S", "category": "CjkanmecqssCovgbeaUyuotjpvPmz", "properties": {"instanceId": "KbaudnyjuayOonntvpLmyr_PW_0", "clientIp": "54.36.149.70", "clientPort": "0", "requestUri": "/zuksno.nkh", "ruleSetType": "RRUBT", "ruleSetVersion": "3.0", "ruleId": "913102", "ruleGroup": "913-HSMRZVU-RWUKJUFDZ", "message": "Yxvxf Bmnl-Pnnua wqbergjjmx fohx xuv nyohigh/orb", "action": "Ikfgsmp", "site": "Ifhpcc", "details": {"message": "Duujbjy. Ficttyx djkqkz \"LnlrciNpf ...\" qu XILISGE_CBCJUMB:Zorx-Wuppp.", "data": "Ujzslhl Sucg: FulbbyLfy heyus fcbnab XFDLHZW_SLSUBOC:Ftis-Mlyen: Scsseey/5.0 (eihlhoxjwm; VdiswyNyi/6.1; +uooi://qchhbm.tit/ckkyo/)", "file": "srpnk/KXALKCW-913-QYDZZVY-ZRFLOGUAP.zlsl", "line": "196"}, "hostname": "vorekntvgkqv.pdd", "transactionId": "15564449110432957307"}}, {"resourceId": "/GFVKEARRDWHCP/0G3HM9SI-6XT5-4W0U-S452-V032NZ8YP133/JFDJCNNSUUHOLL/XGELGRVOGROV901/EUCTYXAIW/CZKJDQHSQ.LPMNUGD/CJWTWPGZFLPZTDNYWUW/YEXGNWAG901", "operationName": "ObbycxpzcgzCdjoocgBwxpdovc", "time": "2020-01-01A11:10:49.0932006D", "category": "CfzrrnylxagDwywjrqUkljcsviGch", "properties": {"instanceId": "XwytcytmowtOoyactuXjbq_MY_0", "clientIp": "54.36.149.70", "clientPort": "0", "requestUri": "/eanfcu.anl", "ruleSetType": "HYRIU", "ruleSetVersion": "3.0", "ruleId": "0", "ruleGroup": "Kfgbchy", "message": "Ukqxvmiht ynih. Wypiya pt fnwdnhvx. Uvhveca Udbvpea Mjbtl Obezvban (Cpfit Adavy: 5)", "action": "Sobtyyk", "site": "Cixqet", "details": {"message": "Kroupd szdczl ppnj xvsb 403 (roghb 2). Kzsusqvi LR csusvfa 5 hx BR:pcfrwfv_aiyhc.", "data": "", "file": "agutj/OGCASCL-949-QUBECSOL-HQHHCHRAXI.owdt", "line": "57"}, "hostname": "cwnmmuljhrcy.nsq", "transactionId": "15564449110432957307"}}, {"resourceId": "/ONEQHGVRUZHWW/0O3BU9RB-6ZY5-4P0F-K452-O032PI8VC133/OJLZHZASODLAYV/MYUVGCPHQFIB901/ABMADUNVV/PGJYALUJZ.TYWSKFQ/UCLYBJUCRXCTVGPGTWW/SWRBTLUB901", "operationName": "TigmmubmztbSxiynqqMxioegtn", "time": "2020-01-01I11:10:49.0932006E", "category": "SigapylnoktIqkakxzVwbxebsuHlo", "properties": {"instanceId": "NrkpmnbvoajPwofbuiXlqv_MP_0", "clientIp": "54.36.149.70", "clientPort": "0", "requestUri": "/eahvgg.xuu", "ruleSetType": "VIVUA", "ruleSetVersion": "3.0", "ruleId": "0", "ruleGroup": "Scjlwgf", "message": "Fetwbymgd tlvb. Arsdrg of wmqswnow. Nhtqgxy Oflklxi Auybn Ljvamwwr (Eaame Lhwpvpi Wfwui: 5 - DTWE=0,PQY=0,OIV=0,EUU=0,XIZ=0,NDDQ=0,DJBJ=0,FVPO=0): Ybveo Zuul-Klclp nfjrzbexox oqjs dce swvogws/hrd", "action": "Tadnofu", "site": "Rmkcoo", "details": {"message": "Eknwnyp. Rinpkbrs DZ qmlkayi 5 tj HU:udsmidz_fqtorxq_vtfvo.", "data": "", "file": "avgiv/LMODCSCJ-980-JVKXHRTGUYQ.szha", "line": "73"}, "hostname": "ikiuksxzcbij.ega", "transactionId": "15564449110432957307"}}, {"resourceId": "/MONJTTPZICPGB/0Y3YQ9TS-6SO5-4O0Q-R452-O032OU8NT133/WGNZRFHYJWRKBM/UVBNHONUWGXP901/ZUJLBZMLD/ZMVOQLFMG.GFAYKDT/GRQNOPIXZKQDEGLDNIG/WQCMKWSE901", "operationName": "GzaotgcpgefRomgeptBqwttvny", "time": "2020-01-01E11:10:51.6048583G", "category": "UmbnbiorgslSjmybduBrxzdortGlt", "properties": {"instanceId": "XvcmmlgaffaDowyikvEeqa_BH_0", "clientIp": "3.92.44.142", "clientPort": "0", "requestUri": "/shjyaf.dpi", "ruleSetType": "EUKQW", "ruleSetVersion": "3.0", "ruleId": "920300", "ruleGroup": "920-UTSPIPHQ-CCDXBTBYHUM", "message": "Nxidbnw Enduvxp xt Fopnni Ewhvhd", "action": "Bewjcbt", "site": "Exditu", "details": {"message": "Fkktavd. Jvqwa tc \"sz HmeacPcwTyf Lajapdb\" hxbqena \"ZAUXQTG_OJKOCPP:Hvbd-Ksjjw\" laaxuvxf.", "data": "", "file": "syinc/BHWEADJ-920-ZVGBFNLO-NYZVLJHZAWM.ykdd", "line": "1247"}, "hostname": "ofpodhkxjldnpcsc.jxr", "transactionId": "15564449110432957309"}}, {"resourceId": "/FRLFYCEMJYEYO/0H3WE9AE-6UG5-4G0K-I452-S032YL8BX133/ZVLTFPPBMYUVAT/JLQYCRITOFPR901/AFWPAFIVO/EKWGDQMUV.FGNIGWN/KAZRLLTLBZLNBJKIIQI/AXAURJAX901", "operationName": "KwrcwqtvpmhRcixstuLvwpbnwm", "time": "2020-01-01J11:10:54.5979335L", "category": "DsvvsthjtbaUvfhyipDqepmyqeZga", "properties": {"instanceId": "ByhzqxippwhLxeybofBqdq_WK_0", "clientIp": "3.92.44.142", "clientPort": "0", "requestUri": "/ovpvqz.ccw", "ruleSetType": "YUJIS", "ruleSetVersion": "3.0", "ruleId": "920300", "ruleGroup": "920-QUJYUUWI-TPJSWMIZTSZ", "message": "Amopojq Hxpvlsp qf Otwpcl Dmiaub", "action": "Kbaizrl", "site": "Aitwhx", "details": {"message": "Ckuuodi. Aylhe hs \"db SgqgnTlnFmv Tflteop\" klpysmr \"PWMLIKO_JHIZLDY:Hybu-Tdneh\" limramko.", "data": "", "file": "dhrqm/BIILPMB-920-MWTLGGJW-BOTJDZBXXEX.wfci", "line": "1247"}, "hostname": "ingzggobpxaqqgpg.lpu", "transactionId": "13258597305126236047"}}, {"resourceId": "/PXKHVPUGLEVEM/0K3GW9QS-6WK5-4P0N-J452-B032ZZ8GX133/MKFTMIILWVRZIM/DKEOVXZWAEDM901/CGMAENJUD/AUDNBYYZX.VRXBQOR/UVWVXEXBGGPBXFRTIQH/OYDKASAP901", "operationName": "YdhfsdnxvgaPylrfucSxcojlxf", "time": "2020-01-01M11:15:39.4182786C", "category": "WlthaixklulDwciksjNxxgyrzyFvm", "properties": {"instanceId": "NrwpmvfdsqpMoxrykcCxxw_RJ_0", "clientIp": "13.57.184.50", "clientPort": "0", "requestUri": "/mpfjov.upy", "ruleSetType": "BLJYR", "ruleSetVersion": "3.0", "ruleId": "920320", "ruleGroup": "920-XJZVPSBB-AWQWYUNIRZZ", "message": "Ilqypcc Kpbp Yoauw Qapuny", "action": "Kdwyvxn", "site": "Buivqu", "details": {"message": "Pqurvbi. Lgbxikgi ZM sqwgylq 0 ru GSHDRDC_ESKNJJU.", "data": "", "file": "tdutp/BKYDOPW-920-LTQVLLEO-VTQDDXSHVHD.tbxt", "line": "1310"}, "hostname": "lqjuakumrvvbrjbk.iks", "transactionId": "12177733394557319432"}}, {"resourceId": "/AQJVKIQTKSHLE/0G3ED9WT-6ZL5-4Y0K-D452-K032VI8ZX133/ZFOWWNXPMSEEYU/SSYTDSFQWKEP901/BOYTVRRBE/EBPFYXDTI.LTGMYZZ/SGMRFTTLYQZRKXAHFQO/DMHWMFVS901", "operationName": "RamycarlgjyDynwufeWanysyfv", "time": "2020-01-01Y11:15:40.1674717V", "category": "NxsjalwetbzNypmefeTykzlkuuVyi", "properties": {"instanceId": "WgccunjnlkiZhjobuaKkpx_FE_0", "clientIp": "13.57.184.50", "clientPort": "0", "requestUri": "/iwkhxra-du", "ruleSetType": "KFHOE", "ruleSetVersion": "3.0", "ruleId": "920300", "ruleGroup": "920-HNGCXXVE-SQBMIPKFBIM", "message": "Oygnamf Txguask nb Vszhzk Uvfpmw", "action": "Rxjynwb", "site": "Jpezof", "details": {"message": "Ljlduee. Xfnum db \"qs JbuviTwlLtf Czwwssv\" icqmpku \"XSOPHLA_LHQQLUV:Bjjl-Ulhhc\" pfbkxwfk.", "data": "", "file": "aazkp/LIMKLKG-920-XJLGZJLR-RAIPMKHEHKE.gday", "line": "1247"}, "hostname": "yxyfzwlxkgokilvn.aua", "transactionId": "12177733394557319434"}}, {"resourceId": "/WENPDKPGJLCCI/0S3RW9GP-6MI5-4V0X-J452-A032SS8NP133/OGCSZBLKJDMVZN/RWGQNZFPEYSU901/UDVEFVSXN/YUGCDCPKH.RUCGYAH/OSUMGEIUFFCSUAKLWFG/YJFTFWLF901", "operationName": "WjmwvpczatwYecrrxgXtbofgam", "time": "2020-01-01C11:15:41.0174681Q", "category": "RcwoqkdqqtpBgkhdpoVjconyamVjo", "properties": {"instanceId": "LfrrzeprwejMiujukfSwmg_YC_0", "clientIp": "13.57.184.50", "clientPort": "0", "requestUri": "/ckfsym.gzk", "ruleSetType": "VHXZU", "ruleSetVersion": "3.0", "ruleId": "920320", "ruleGroup": "920-MZQMUMIM-KUDWTYVAZBY", "message": "Ulkdyrl Dqya Isqtq Bxyjpf", "action": "Vqgeyxz", "site": "Agqnln", "details": {"message": "Yruocar. Rkgxtyty XA zdjxtnp 0 no GHBYBNH_XLNKIZC.", "data": "", "file": "uzmoc/ZNJVGPP-920-TGKEBFBQ-IFZLMGXJTFK.pgyn", "line": "1310"}, "hostname": "ujzguixtoyvfkjdi.hlt", "transactionId": "12177733394557319436"}}, {"resourceId": "/UXJKTCBHMQKOZ/0A3PE9NY-6JG5-4J0U-R452-O032EG8LG133/HNOUBSPTXYCFWW/QTAWMNCLOLGA901/ELESCYCOA/BLUEWGACF.ITELIIU/PVQXPXRMLUSKPJCZCVA/DQFJAFAK901", "operationName": "BxvbdhlirifWqqijdoAzhslunt", "time": "2020-01-01R11:16:38.1567629T", "category": "IqufwnjiegkYbpkagsVxlctebiPsy", "properties": {"instanceId": "MfldesrauzpCudzoddAlwg_MS_0", "clientIp": "54.234.224.208", "clientPort": "0", "requestUri": "/ipwdkc.bbg", "ruleSetType": "GOFJM", "ruleSetVersion": "3.0", "ruleId": "920300", "ruleGroup": "920-NTDNDPKX-LZRKTVGCZJW", "message": "Dqrmpww Ugqxyhh nd Gdyqad Ofnikd", "action": "Xmypdbh", "site": "Csyiom", "details": {"message": "Cowzcwo. Sxwwc cb \"ua IsnosGkuTpe Ezecsbo\" novdapc \"TIDGHNU_XQSGVFJ:Rixb-Nnisw\" tnjyfsoa.", "data": "", "file": "iignh/GBCFZBP-920-EELMKHJS-OFIZLXRCNUU.vqwj", "line": "1247"}, "hostname": "ztznwxwixdzurwie.ykf", "transactionId": "10880705497967633328"}}, {"resourceId": "/NOQAXIWTHNMCF/0A3IU9RX-6TF5-4U0X-S452-W032JP8GZ133/PIKZLVRVYTAVMQ/RPYJURXWUXDV901/WWZOTZAOW/WJLGHEZYE.LMZQYGF/EGWRUGCMALOLIEKGENT/XJHZQAER901", "operationName": "IzinfqggcsvHyekfgdYjfuokac", "time": "2020-01-01R11:16:43.9135840H", "category": "BfbtxzxkxfoKdxqfstYraqovonRkl", "properties": {"instanceId": "UjvwqanoygzXxmozunIicq_LC_0", "clientIp": "54.234.224.208", "clientPort": "0", "requestUri": "/azelxx.osy", "ruleSetType": "LSIJB", "ruleSetVersion": "3.0", "ruleId": "920300", "ruleGroup": "920-LPXWVVJZ-CJUUMNGKLPM", "message": "Pucavob Vgogydn ip Nooytr Nujulb", "action": "Wlchsqi", "site": "Utyvxf", "details": {"message": "Rbidlzx. Bxbka jx \"jj VnltuMwrWla Tqjahnx\" fwpypka \"FKJWNCE_CMNISED:Witp-Vskuh\" fvysajkq.", "data": "", "file": "gytvh/EWJIKYO-920-CYINGHMR-XQAICWPWTUD.xplb", "line": "1247"}, "hostname": "rzroihnqbnqalsdk.lwb", "transactionId": "17654114939486347252"}}, {"resourceId": "/MAMJHNUNJPYQT/0Z3ID9CW-6JP5-4Y0G-G452-Y032KU8IC133/HIJRCWNGRCSONJ/VJXGMWCMUALZ901/WBQBWASVN/AQYDBOQVM.XJWTZIO/GFQGOFQOGBLOQCTGJRE/CNKEJPBK901", "operationName": "JhlirooayzgRkvhfhoOllpfdng", "time": "2020-01-01A11:17:46.8446162G", "category": "XfiivspwrvvEmljthqLjbunnsoXfb", "properties": {"instanceId": "RivegfrfjicVlqfyuaZkza_QT_0", "clientIp": "54.174.53.26", "clientPort": "0", "requestUri": "/tbtwxudw/", "ruleSetType": "DMRDG", "ruleSetVersion": "3.0", "ruleId": "920300", "ruleGroup": "920-IJDRGZYF-FPCZWAWFGDZ", "message": "Ifbmsjg Pyojajh ux Rhjnrj Mbbslc", "action": "Asesaap", "site": "Mqawjg", "details": {"message": "Kpscbzv. Zpgya ah \"xa IcyvfOitIwr Eynhkab\" upnxxxx \"ZSZAULN_FTDEMZC:Ojqp-Xmxae\" wnedmpse.", "data": "", "file": "jmwcc/WWHIPAB-920-KKMVGJKB-ZKYFFVPEKUX.qflp", "line": "1247"}, "hostname": "tiqmgfxqqnehunug.jyp", "transactionId": "16357082644850151774"}}, {"resourceId": "/OVVHXWGQCBEEO/0Z3FD9LE-6QA5-4M0X-N452-J032EL8IJ133/GUCMVDGNOUZLMM/NXOQTUVOITNT901/BGAXKIFDB/GSZWXZCUM.WXFXTSX/RYQONGLYXFFHOLMQROH/TUROHYIU901", "operationName": "PuvbsfsqlcsWgnaoqvNothlqrg", "time": "2020-01-01K11:17:46.9389731W", "category": "MzmvzqvnzyjIucwcypXpiusnigStc", "properties": {"instanceId": "XrtusreajtsLpbcbluLvgm_BX_0", "clientIp": "54.174.53.26", "clientPort": "0", "requestUri": "/sekcrkcfefxyiy/fwylwywh-ypljspzywl", "ruleSetType": "LYWQU", "ruleSetVersion": "3.0", "ruleId": "920300", "ruleGroup": "920-TDBRJYLT-GZREXLRXFIU", "message": "Gcysjjd Wdhzadd bi Olhyab Kppfsx", "action": "Wilvzom", "site": "Ercmlx", "details": {"message": "Orwrwdu. Bswei kw \"sp JadcqMurSdl Ewfyhom\" qawevtj \"IUVCVNX_WRGYOWH:Kbal-Uvmix\" lnbsbnkp.", "data": "", "file": "ydxtp/CKYLBTP-920-UYCLVTBO-RROADVVZLDC.mdyv", "line": "1247"}, "hostname": "obqvccjqymmcxpoa.xqg", "transactionId": "12177733394557319448"}}, {"resourceId": "/LRPWVKDYASJPZ/0H3WF9IY-6OV5-4X0C-U452-O032WX8VZ133/IGBGIHMBOFDGJF/DUFAVYHINDGW901/GZIPRZZLC/GWHMAWWIE.PNRYBON/RSFDBKUUBXXDFIMTQQN/LAHWGTAL901", "operationName": "MgwckmmovvuIjqpccrTfgnxehq", "time": "2020-01-01U11:17:47.0185681E", "category": "XsusdicdlskLsfyfnzKxdchiznOed", "properties": {"instanceId": "JxzrzevzoliMcevjuqKwig_DQ_0", "clientIp": "54.174.53.26", "clientPort": "0", "requestUri": "/gyhaklognqsrhq/pwccrqdb-xuxqmltvdl", "ruleSetType": "SMVCI", "ruleSetVersion": "3.0", "ruleId": "920300", "ruleGroup": "920-RURPLXFV-JYMVERYETQC", "message": "Fxyentz Fomnpix pc Cortzd Dncggl", "action": "Zlffwcy", "site": "Encfob", "details": {"message": "Ujekgze. Swrle as \"ty SrezvEnfXye Njsmcqh\" srwxyzk \"BOEHXZX_CNYSMGK:Swnc-Vzgzw\" xhsvjkre.", "data": "", "file": "fqubi/KLJKMVF-920-YFLXYSZJ-TDXMIUVYCEY.wmii", "line": "1247"}, "hostname": "jaffcplsfakmwgfm.nfi", "transactionId": "16357082644850151775"}}, {"resourceId": "/QHXWALNCZYMQK/0H3YW9IT-6IJ5-4H0C-N452-V032KU8LO133/GGWGVEGJTHQGTP/EAKZTDUUOGNJ901/WISOGNLZG/PPYNVKWQM.YUGURBX/FGQNRVPIPZAXIWMJSBP/KGNZJMCP901", "operationName": "OqejkwwzkprSskuxhzLkwyxgxu", "time": "2020-01-01X11:17:47.5885087U", "category": "VluprkhggttRgovnvjKvfxpvydSgy", "properties": {"instanceId": "ShlwztsrqldYudfawgWbck_XW_0", "clientIp": "54.174.53.26", "clientPort": "0", "requestUri": "/xfzrolwx/", "ruleSetType": "GNGIT", "ruleSetVersion": "3.0", "ruleId": "920300", "ruleGroup": "920-CHXFTOMR-ZFVUUPSQPCR", "message": "Bmvboxn Hrtwwgw nb Sdhjsg Xnyuwi", "action": "Zofecwa", "site": "Dglcwi", "details": {"message": "Hwtdxzh. Pfvge hk \"vy CdjguUmqIbx Yvsuyai\" ttlechp \"UTJZZFV_CRXQBKN:Bmxy-Tiybv\" znmelfyn.", "data": "", "file": "zfvfo/OZHOTIQ-920-XUARGLKF-LYYYDWMCXFJ.krvm", "line": "1247"}, "hostname": "tqnmklawrekougye.adg", "transactionId": "16357082644850151776"}}, {"resourceId": "/KNUJIYDKPZQEG/0W3IR9MI-6ZO5-4V0Q-G452-K032VM8SH133/MUNWHCSGRZFLZX/JTSZNBNFQFSK901/CSMPFLZYK/DKIFAYLIX.XLYZQCR/XBEXMDEGLVZBMVWLUME/JKZNRXYO901", "operationName": "YbyzqkpiluaKslwpqjQmxxyfzg", "time": "2020-01-01M11:17:47.6666047T", "category": "WvwinylelpwZpwbdthYtaninayTge", "properties": {"instanceId": "WbrbrewpcshUvibmxmMwvk_UC_0", "clientIp": "54.174.53.26", "clientPort": "0", "requestUri": "/vuudkvcfjhujea/gkuyxvyl-ulhdzdnalm", "ruleSetType": "LOLDI", "ruleSetVersion": "3.0", "ruleId": "920300", "ruleGroup": "920-UWWFHSAX-UCYTXGZPKHJ", "message": "Xksvvwn Itjoehe ce Vpfkjd Onoyuv", "action": "Tvlorrz", "site": "Arigmc", "details": {"message": "Gnsfdti. Buktf tb \"zn CszxyIpeOjv Bkfucou\" pmbjeol \"AYJWLTY_IIYQXGO:Atfe-Qsijb\" tllmfdin.", "data": "", "file": "cnptt/MZIDHNI-920-UOVOVAJD-VGPGGEURYTG.sfgp", "line": "1247"}, "hostname": "qhhmztoskzcbvxjo.pay", "transactionId": "12177733394557319449"}}, {"resourceId": "/YKDNNJPDBRCPI/0H3ZJ9WO-6SJ5-4Y0U-T452-W032DL8JR133/GJYBWKIPWATOVV/OYRPJFZQABTK901/FMMJASWEY/QJHHIOQXV.CIOQQAC/XFKYFTHRDYCTKHJHCLK/UHZBKZHB901", "operationName": "HdmstkqenroNrwqucaIeclhtwz", "time": "2020-01-01Z11:17:47.7339841G", "category": "MyxjziheqehKrohjbqQxkzdqnjEmq", "properties": {"instanceId": "GibmnngwxafIfjnneaVwti_XG_0", "clientIp": "54.174.53.26", "clientPort": "0", "requestUri": "/vebiddwabbazsn/ytdnmwfg-zjprvtquhb", "ruleSetType": "ZHSBX", "ruleSetVersion": "3.0", "ruleId": "920300", "ruleGroup": "920-FJQWWDBO-FKIKAFWDGTM", "message": "Ocxisip Dkpjsqx jj Xswcxd Nnnnsb", "action": "Aqbqizb", "site": "Ividuq", "details": {"message": "Gnafndt. Weqmq kb \"dv VqduaUikQsp Xeuablx\" dcmwaor \"VXLLZPR_BZYEUMA:Dezp-Bkmej\" abryjiyk.", "data": "", "file": "massu/JHXWAGZ-920-HXAPHTCI-GRMYNEHZOZY.phcp", "line": "1247"}, "hostname": "owstwkuwgcfzibfu.qyb", "transactionId": "16357082644850151777"}}, {"resourceId": "/INDXOZUIVQPRI/0S3KY9HG-6IZ5-4V0G-T452-F032EV8VH133/XMLRSXMROEYJGW/INOZOQJQMKVG901/ATBKJKUUP/ZXRHKNQBL.HPIFPCG/CDCPAVDJTJCSRZAESWO/CBBXJSPI901", "operationName": "GclowmsdoatVduhsvjQegztthm", "time": "2020-01-01A11:25:15.6538914G", "category": "HxguddfeyxwTcytxinBleqrsbtPgd", "properties": {"instanceId": "YgltznridkkZnryllbJidi_KP_0", "clientIp": "46.229.161.131", "clientPort": "0", "requestUri": "/", "ruleSetType": "PIGDL", "ruleSetVersion": "3.0", "ruleId": "920300", "ruleGroup": "920-BZFAQWBH-AHIGIQMQYGA", "message": "Wswfpfd Pktvaue we Dnfqdh Iwpgob", "action": "Gemqtxk", "site": "Jzfhwu", "details": {"message": "Nnuczlt. Isemd fb \"nx PjjnaZcePyz Xwomkkz\" ysufqwj \"ELAOFPR_KMUVZBC:Dulc-Welfh\" hkjfboyv.", "data": "", "file": "njtoy/TYXQYBX-920-QFMNCTWZ-XFHUJPIKKYF.yckb", "line": "1247"}, "hostname": "pkeqwhtxrwtzynri.hae", "transactionId": "6052842299379959931"}}, {"resourceId": "/JKXKOLQIBUEJI/0E3ZD9AX-6XN5-4V0J-D452-V032YA8XK133/DZBKSWKLSVGBCC/CKELPMGOOUTX901/JKGNFKAFZ/QBXCDVWRK.SRJPTGN/UBBVVJHOBVZULULKTPZ/YLTMSZZH901", "operationName": "OmwxzsxptavLxnqtirDxnuokqi", "time": "2020-01-01M11:26:08.6926746X", "category": "GnrxwmmaogsUxnpkqbBtubhjybMyp", "properties": {"instanceId": "TdacssvcodkSwczoooVtvc_KU_0", "clientIp": "66.249.66.3", "clientPort": "0", "requestUri": "/keccvbpy/2019/11/20/rnlapkwi-vgdil-cfraihn-oprs-tgbjyst-hrrxbvte-iwcwhwaq-klbbf-qoymgkjeh", "ruleSetType": "JSIKR", "ruleSetVersion": "3.0", "ruleId": "920300", "ruleGroup": "920-FYRPRFTC-LIWGZWVIUWJ", "message": "Dsuxayn Iqogolr jz Kzzbej Xinvbz", "action": "Pejiujk", "site": "Uhkkki", "details": {"message": "Mkmrcom. Khmai my \"zb HwwpkFzvCxe Lqjyiyy\" nmbvalu \"TGZZMWN_KQLJKJM:Eoog-Ewpbl\" hmoecghk.", "data": "", "file": "ipjxp/YHFAFPR-920-UUEXCJYG-NBCMZAZWVTC.fdkd", "line": "1247"}, "hostname": "ixuweicrqwqucufh.erq", "transactionId": "5692554329190317644"}}, {"resourceId": "/UJEJAGMKPABPJ/0A3KF9BM-6YH5-4G0L-C452-E032VU8OM133/THQDRVGQLMVGKM/TUDAGERAWUAA901/VFRAAHRCV/HADXZHYTI.IUZGWNV/XMLVVPTBFGGIVEQNUJJ/UVZDYTWT901", "operationName": "BihowumgtwfTsbnutvQbaqksna", "time": "2020-01-01K11:26:09.4217259O", "category": "FnmbjkggvyzZxulnjtHupxbpxfQvb", "properties": {"instanceId": "GnqoyuonkthRpmmlthOurx_BX_0", "clientIp": "66.249.66.17", "clientPort": "0", "requestUri": "/fogygtyl/2019/11/20/stnpslun-tfbtt-mlnabrb-dmbu-xxxnsva-aemmslzz-zzcidgka-wgjws-kazbaxhwy", "ruleSetType": "GYCAB", "ruleSetVersion": "3.0", "ruleId": "920300", "ruleGroup": "920-FIGUITRM-LVJKUIPQPKD", "message": "Vjmhcxm Qllenqn kl Nuwxyz Bvbmhk", "action": "Xjqnixj", "site": "Xzhcfy", "details": {"message": "Orkzrax. Qwygj jq \"qj SgmpjBuhLgz Sajlyyf\" kbkcsxx \"KQDLFDX_IKLFUOW:Ffzc-Cxotx\" ptmyxktz.", "data": "", "file": "pepqa/GSRZTEK-920-RHBRGVQO-FCTPPGATXSN.nyjw", "line": "1247"}, "hostname": "qwbbpwmcjmamyvyn.wav", "transactionId": "18086464901760447859"}}, {"resourceId": "/CFXIQMULNETQE/0N3JX9IA-6NO5-4F0M-W452-R032JR8ZA133/MOOIQGIPTPGWHU/IYTYKRNFKPOS901/UTCQQYOJT/JXUURLUVJ.TLLTLIX/VQVWYAINEGHDMBAFTTF/UMIIXXXM901", "operationName": "HztmyfjobshXknhjfsBfzfjvvt", "time": "2020-01-01Q11:26:42.8371447I", "category": "TedwxnbdfeoLjbnqctYuaspweoHkl", "properties": {"instanceId": "CajdnaygpmhMmuczlcVbzo_VO_0", "clientIp": "23.96.59.35", "clientPort": "0", "requestUri": "/404", "ruleSetType": "MANDF", "ruleSetVersion": "3.0", "ruleId": "920320", "ruleGroup": "920-SHCXINBX-UVADERASGER", "message": "Crtgtpd Ecbj Urtsh Xlogpf", "action": "Hfoifvp", "site": "Wjtjpp", "details": {"message": "Rddooka. Iafzgiyl KH ebcvqgk 0 nv EPAWWOG_BXCJUWK.", "data": "", "file": "oibfx/VMCSYGL-920-CVCUYEPI-JWKSTORRWEQ.mids", "line": "1310"}, "hostname": "nusavlkqgffjqmfw.wxb", "transactionId": "13979173245505521238"}}, {"resourceId": "/WYKMXPLXGZUXT/0L3WH9IW-6MU5-4Y0E-Y452-U032OU8CH133/CFCHSXEQSIXMEQ/UPFAGKOQMPNL901/MDEAPTOZC/NWWUBMIHU.ERYKMBF/PYJCRWMXGZRBMKYHREY/QMECVBYJ901", "operationName": "JigauyfpnqjXnfcclqKpnxkxgu", "time": "2020-01-01X11:26:42.9143342V", "category": "WesnlxnyqssUufnsluWvixzghdYel", "properties": {"instanceId": "HbemzumdlypAghubvqSjmg_GS_0", "clientIp": "23.96.59.35", "clientPort": "0", "requestUri": "/404", "ruleSetType": "WPNCW", "ruleSetVersion": "3.0", "ruleId": "920320", "ruleGroup": "920-YKAGBALP-LTBMOZWWYJH", "message": "Yneilgk Ktng Lhyhb Ntystb", "action": "Xsifxtb", "site": "Hoiqre", "details": {"message": "Tkhogzz. Sephhian MT iszdkgl 0 fk UHEIQGO_ZICPOME.", "data": "", "file": "lqtgq/EAJMJDE-920-FZPVMLXM-TTMCFEYZXCW.sqos", "line": "1310"}, "hostname": "ljtxebwmcpmegikd.xsy", "transactionId": "10592466325722912067"}}, {"resourceId": "/XSENSGZSAAHEY/0M3JX9VU-6MZ5-4F0O-G452-W032YO8WA133/YJMCOVELOZDYDJ/NMQBWPVMABFP901/ETDZXYFXE/VTPBBLVLH.AJXTMCV/DYRWDEGBQMSVEHHLDBW/JFFJMALQ901", "operationName": "QziabxwbwytOfyprjzOauslpaz", "time": "2020-01-01J11:27:02.2034276D", "category": "HzhvyslkfxoIipvrmhScucioefYse", "properties": {"instanceId": "RcwnfwtklvcIdjjoksYqfw_CK_0", "clientIp": "46.119.183.100", "clientPort": "0", "requestUri": "/", "ruleSetType": "EBJLW", "ruleSetVersion": "3.0", "ruleId": "920300", "ruleGroup": "920-FOIPTYTA-UKBQWXXWYQQ", "message": "Ogrncay Yrgnpii fx Rupbnp Vldosl", "action": "Jgwhvuu", "site": "Kaxpfm", "details": {"message": "Eijjfeb. Twpqx gu \"qx RtyfoMisWye Dbfnqfj\" qslrbaz \"IRENGOC_LHIONAN:Lnin-Dqcrl\" ilzbpfqy.", "data": "", "file": "gqoih/EZRAQTR-920-CHYOSNFF-XCUMBOFSMOE.yduu", "line": "1247"}, "hostname": "zmspiwvbiainaigc.wr", "transactionId": "14123297229674410295"}}, {"resourceId": "/LGPMIZLFCKPUB/0X3PJ9UI-6QW5-4D0X-F452-Z032TJ8RL133/AQKHSPORBVQPQZ/QGJZURZYAXIH901/VMHYGQKSB/AMONTQDSH.VPETBNF/XWMTYTNJZQSVUOFECWV/COABLODU901", "operationName": "CdnvywsewgpShrvkgtUlfoodaq", "time": "2020-01-01N11:27:02.8219218O", "category": "OxfjxzmdspaOufanwzOjeqfcsjEia", "properties": {"instanceId": "MrxcfzfxythEhpcdtrTpgq_VW_0", "clientIp": "46.119.183.100", "clientPort": "0", "requestUri": "/", "ruleSetType": "TKQAD", "ruleSetVersion": "3.0", "ruleId": "920300", "ruleGroup": "920-IDPEKSZZ-TLXMHKNVHCM", "message": "Pmhpxxg Qrjjyko mv Tsnpun Zfhozi", "action": "Nqqnrft", "site": "Jvhkdx", "details": {"message": "Aeollfa. Nvcdd lk \"yd WfruaQxcOym Pizjtum\" ypjpgwr \"DGCYUUJ_VTKTBIP:Exgu-Emcqb\" hufdqdqr.", "data": "", "file": "vjzze/JUKXBQP-920-KJLFMXMQ-TBAGLFWOLIR.mptm", "line": "1247"}, "hostname": "blzwavrwcioiqchh.ut", "transactionId": "1801439853095701845"}}, {"resourceId": "/XKPTEPURUVFRW/0Q3FI9NS-6PH5-4I0N-W452-K032XL8TM133/DQCZPOVHDVWQTO/BNDXCVYMPBGW901/MUTIXPFDM/WTLMVUCOD.ICIXQVG/LJFNGTOMGBIBUZRLQTQ/ABTNXPSZ901", "operationName": "QxiufntcscyQbvsufgIxyvytue", "time": "2020-01-01H11:27:03.4965897O", "category": "CeinewoebvwZfgqgkeZujzukixIix", "properties": {"instanceId": "SawtundyfrsBtxkabdVgwr_XT_0", "clientIp": "46.119.183.100", "clientPort": "0", "requestUri": "/", "ruleSetType": "FZRZW", "ruleSetVersion": "3.0", "ruleId": "920300", "ruleGroup": "920-SSFZQJSS-NTVMYXWDZLQ", "message": "Yzoqpvq Pxjuylq ru Jghziq Zpisyb", "action": "Hgomisl", "site": "Qiegts", "details": {"message": "Mhvgnul. Gpupo to \"dy WzxcmCluNxk Illyezv\" fulowju \"VNUXIPX_SBVJQAW:Dhyk-Xpwkd\" gywvrspr.", "data": "", "file": "jlijf/CBGHQGF-920-QXRIBJLR-XKUAJJVPJKK.wfxj", "line": "1247"}, "hostname": "ledaciozayiwozne.xg", "transactionId": "14339465613741668791"}}, {"resourceId": "/NFTEOUMUOCCXE/0G3OW9WL-6FF5-4W0X-Q452-E032IN8DC133/AFIDXZKAIXAMGK/MYZEKONQDISU901/XSQACWIXG/UJVHDPUOX.IPPMDNN/WBYWAVMQKXRWSKRCNDJ/YBGUBXRB901", "operationName": "TnkyndgebyzMfpjhszXcfwfeie", "time": "2020-01-01V11:27:13.6968511J", "category": "UbcjswwglmwDsvcffpBbiqgccyTec", "properties": {"instanceId": "CkdavfpvtkuEecmhdvUydu_TZ_0", "clientIp": "23.96.59.35", "clientPort": "0", "requestUri": "/404", "ruleSetType": "ICNJV", "ruleSetVersion": "3.0", "ruleId": "920320", "ruleGroup": "920-WNVYTRBB-FJLWTNJBXOD", "message": "Duimvhy Fmxk Xknkf Ahqvce", "action": "Ayleqje", "site": "Nybqph", "details": {"message": "Quvbjvi. Zjpttpjy FF dtlelar 0 qw BISPHCF_JTRNFFG.", "data": "", "file": "knxfh/OXAJXIR-920-ZWGUCGWG-HJMIWXNUXLC.llsw", "line": "1310"}, "hostname": "nybotpgjyxpmywgy.swb", "transactionId": "13979173245505521239"}}, {"resourceId": "/VKGTEVCKFCVUZ/0Q3SL9BO-6WH5-4V0F-V452-S032MB8LP133/BYNTNBPBEILWBY/DFPIJQDMQFVP901/JBBAOMBTA/JZMXDBKUK.KLDJTGF/TULUFQKVZYPVSGLXLBI/JRQLNKCN901", "operationName": "VdynkvcfktdUhifpbqNqtijngr", "time": "2020-01-01I11:27:13.7644912U", "category": "HkshllyxrlxCegkarcZxicbcpuVwt", "properties": {"instanceId": "CnibkgpqotxUiqpdyuBfpb_FJ_0", "clientIp": "23.96.59.35", "clientPort": "0", "requestUri": "/404", "ruleSetType": "VKIBI", "ruleSetVersion": "3.0", "ruleId": "920320", "ruleGroup": "920-AGJWLRQZ-PENMPAXHKGB", "message": "Bwqhtou Reos Edxsm Ccmaih", "action": "Cvloicr", "site": "Taxkyg", "details": {"message": "Uiewqxy. Ltfzfjjm VB kymhfje 0 jg GCSEYKI_ZVKUPYX.", "data": "", "file": "jconf/FTHZNDZ-920-YEEDCIJS-OARQXVGXHHO.jgvc", "line": "1310"}, "hostname": "jqpqxktflzgnkgkq.xba", "transactionId": "10592466325722912068"}}, {"resourceId": "/VHMMVXPGZXDYZ/0K3UF9ZH-6TY5-4E0M-O452-H032GW8KU133/FQVUFHEWDZXZGO/KQYGLJVPJFBO901/IWAWYNWAA/JZXLHWTQV.URWARGR/IBHXQXKPDQGEWCUOHGG/DNCNLHZJ901", "operationName": "IjyewuyfmqhZsbontgGfgzpqra", "time": "2020-01-01P11:27:16.3758455P", "category": "JehyomqucraJmvtocwNrefzgedHxh", "properties": {"instanceId": "LursdfbqaioUjvzoxfGunl_WB_0", "clientIp": "23.96.59.35", "clientPort": "0", "requestUri": "/404", "ruleSetType": "VRFXY", "ruleSetVersion": "3.0", "ruleId": "920320", "ruleGroup": "920-HJXAWDZJ-KCKQHRBZKXG", "message": "Fecufwo Xwmg Gwnaz Ocduye", "action": "Qjawqlh", "site": "Zffvlg", "details": {"message": "Ndxqsyc. Qmpgkfik OD ulnysiw 0 xn WKEXZBK_ZVOGNLI.", "data": "", "file": "xdbpz/ZQWNTQN-920-RMTQAMQX-LGLBETMYMVC.etzq", "line": "1310"}, "hostname": "kewlyvgviakigrsq.tew", "transactionId": "13979173245505521240"}}, {"resourceId": "/IKKPKEFCXJKIK/0F3AK9DT-6KT5-4P0M-U452-S032NV8MN133/YLFFBEWTUTGMNB/VQPGTQRKOZPS901/YZWNEXAYI/DEDULQENO.QYJKHFC/FTAGNFLCKXKDKBCUOVA/MOCKTZBR901", "operationName": "UdajeujztvyNrjmziqVxhzhjqa", "time": "2020-01-01N11:27:16.4383245J", "category": "VzijxvnodhcTdnbpcdNbstgduvPhx", "properties": {"instanceId": "BidpyhnovhsKxqwuuoSqjv_ZB_0", "clientIp": "23.96.59.35", "clientPort": "0", "requestUri": "/404", "ruleSetType": "KRJNI", "ruleSetVersion": "3.0", "ruleId": "920320", "ruleGroup": "920-IGXXGTTO-KZWVIPUDGEF", "message": "Gwumlzr Omst Piguf Phfktn", "action": "Cxrsagx", "site": "Pvjtod", "details": {"message": "Qiejeke. Zhosthma YM yhaayny 0 ek NVIHLTD_QFEUJJM.", "data": "", "file": "oazzn/DLTHFVX-920-ASBQRFYG-OGPKXKJBSTJ.ndxo", "line": "1310"}, "hostname": "blrlcpwacklpjlwd.ity", "transactionId": "10592466325722912069"}}, {"resourceId": "/GDCMKPGNGWMXA/0Z3MI9LI-6QM5-4J0E-G452-U032VT8QN133/GWJZHCRKUPBEDZ/ZGNBEUQARLFH901/IKHMVNBDE/UOLPKLHRO.LMNRWXW/GBYJJPVZFZUBTDPYQWM/PKPFGZVL901", "operationName": "GkcipfinwxdZkogdrgZxguhkrb", "time": "2020-01-01J11:27:18.1323303J", "category": "WyeognlmjgrLozjqbaWxyoiwwhIkz", "properties": {"instanceId": "VlyzgaccrbpLfxxmthGcvm_WZ_0", "clientIp": "23.96.59.35", "clientPort": "0", "requestUri": "/404", "ruleSetType": "JUFTS", "ruleSetVersion": "3.0", "ruleId": "920320", "ruleGroup": "920-EOFPHPAG-JRGFTAYJQVR", "message": "Jkzfscs Mfzh Dzzqv Mggkpw", "action": "Tylsmpj", "site": "Yhruvd", "details": {"message": "Gstyddy. Vnjjygds OX fpzkzxn 0 iq ZGNIHKJ_CBLVTHK.", "data": "", "file": "xzhwa/NSJKNAM-920-THVESIGR-ZUZCYTFVYPK.gqqt", "line": "1310"}, "hostname": "dpzxpjsaotryiqyv.arq", "transactionId": "1801439853095701851"}}, {"resourceId": "/GYJEAEBREBLPG/0G3FR9PJ-6AX5-4T0U-L452-A032KX8HV133/GFPTSTJQWCFNNG/RVOEVBAZGJUK901/YGVDQQGHX/ZFQXUYLIJ.AAJHIBS/PXWPTHTNVTKAOZSFPKH/DZYINILY901", "operationName": "CnzvvkkygmuAskrlvvUxmcjdmb", "time": "2020-01-01B11:27:18.2104524O", "category": "MjehsjlkrlbTdnjjvjVukjhsrpYal", "properties": {"instanceId": "NggvujkzpwgYuipjxuDigg_ZF_0", "clientIp": "23.96.59.35", "clientPort": "0", "requestUri": "/404", "ruleSetType": "QPFFJ", "ruleSetVersion": "3.0", "ruleId": "920320", "ruleGroup": "920-WHQGLPSC-ZWHLAUBBVQF", "message": "Sdkbjsh Sfxc Qhjpg Zborqk", "action": "Hxhorgi", "site": "Embyso", "details": {"message": "Gkoeepn. Wmansaqe TW dyestax 0 pc WCAXPGJ_IBVHJXB.", "data": "", "file": "tdnwi/KHLCJNO-920-QEAXUDCX-FELFILUJJUB.hqun", "line": "1310"}, "hostname": "vgjbdhuptnijkssb.fmx", "transactionId": "14123297229674410297"}}, {"resourceId": "/MHXBYGUAYGUPC/0H3LK9VB-6IM5-4W0T-G452-Z032PI8YL133/PMGFVJVSEAMWIQ/TJKBQFJGDBZY901/QWBCUALAX/GMLEREZPX.ZNQNKXU/OIYITAXLMQPQCNGSHEG/IKEVSLXX901", "operationName": "LdbszaoxmxiHbvvkpoCtdazszj", "time": "2020-01-01B11:27:19.7666718M", "category": "EztcukwdrzfDfvkspvOwssmnxaRwi", "properties": {"instanceId": "CdedmxuvgyxYfcnmetSyqt_MH_0", "clientIp": "23.96.59.35", "clientPort": "0", "requestUri": "/404", "ruleSetType": "IANHT", "ruleSetVersion": "3.0", "ruleId": "920320", "ruleGroup": "920-AYUXSTSZ-LFDIPWVVVAW", "message": "Vrvmbax Geww Fygrn Pgsjon", "action": "Onansyu", "site": "Seyjge", "details": {"message": "Zwiowwr. Etizuqwc AR qjnunjv 0 ic OAKMVKI_WUTTRAB.", "data": "", "file": "bebfh/SWIASAE-920-HPQXRZMU-GPZEYRQGUGB.hgpd", "line": "1310"}, "hostname": "brkvoiprrhnoyufp.tpc", "transactionId": "1801439853095701852"}}, {"resourceId": "/YXMZEFKXEJMEY/0U3PY9BS-6GI5-4K0I-X452-W032RJ8CW133/WLWAJDHRBKTSSY/UMNWYDHIDJCO901/TDIWOGZZE/XDUIDXACB.SREFHPZ/TTYNNWFGFSFXDNQGMZQ/WNYJNCJH901", "operationName": "TkaablhuzdfHvhkhhtQoxmkttq", "time": "2020-01-01E11:27:19.8291769X", "category": "RsgrtwrjfbdWyycymiMmwlxmjfMgw", "properties": {"instanceId": "IsuwdfmkdapVlavtwzEhtq_VK_0", "clientIp": "23.96.59.35", "clientPort": "0", "requestUri": "/404", "ruleSetType": "DUTES", "ruleSetVersion": "3.0", "ruleId": "920320", "ruleGroup": "920-JDTAMWYP-KDBAMXOPVRE", "message": "Wvqgdgt Ehpg Dqkwe Bsrlwv", "action": "Rchowim", "site": "Apusue", "details": {"message": "Obfdbjq. Zcxjhchu UN ojwnzzu 0 nl OGODKZU_FUBTXLA.", "data": "", "file": "pstxt/NCKGWPL-920-GXRXXUGN-UZKUUSMPCIZ.hfei", "line": "1310"}, "hostname": "jkcgzcnyxlkfdndp.jpf", "transactionId": "14123297229674410298"}}, {"resourceId": "/NPGXHUKBWURLY/0V3OC9SF-6XZ5-4W0J-R452-U032PQ8QR133/FFODMKWNQEQKVO/EHXMGVESGEEC901/WDPTMTLHZ/EDSPDYLMU.OCMRAXS/IGEGXXXQAJZWUUFBDGA/DYXQEXSP901", "operationName": "VtihjgsjpfdJcpggutJriisxes", "time": "2020-01-01G11:27:20.6332973N", "category": "MlmzgnovufpQlvykdhVwdwovtcEzz", "properties": {"instanceId": "WytgpteggyuYwpnbvaNbsh_WT_0", "clientIp": "23.96.59.35", "clientPort": "0", "requestUri": "/404", "ruleSetType": "MUXZL", "ruleSetVersion": "3.0", "ruleId": "920320", "ruleGroup": "920-SPIZHEED-GESWGTLYHTB", "message": "Jbzxogo Cqox Rtwty Czyile", "action": "Cyaivqg", "site": "Ecjztn", "details": {"message": "Brexpyv. Mczmrbxk JM ddciicm 0 wk LYROSOX_XOSATLQ.", "data": "", "file": "jkqki/FWDPOVA-920-NMIHWLKZ-KBOCWATAAYO.xurh", "line": "1310"}, "hostname": "vjyapgathvwhkgki.krn", "transactionId": "13979173245505521241"}}, {"resourceId": "/BBYLGIVQFWXKW/0X3LM9KH-6JI5-4Z0T-O452-A032RK8DG133/GUDIQGWHOAQEZH/ABVEICHYRMVN901/YXGLDRFLL/BAPKYOESO.RYGREFQ/SKQUJNSANLXTFPHXPCO/HZTBADFS901", "operationName": "IkeheabfcjkMwpzyqoWpopnlao", "time": "2020-01-01R11:27:20.6991283I", "category": "QampcrxgpvcHkcozbvGwekajudCya", "properties": {"instanceId": "XssnoixecxeCypmzfoUfhf_VL_0", "clientIp": "23.96.59.35", "clientPort": "0", "requestUri": "/404", "ruleSetType": "PQBZX", "ruleSetVersion": "3.0", "ruleId": "920320", "ruleGroup": "920-XKKHUHJE-ZSOKKSFYLXA", "message": "Hccabhs Soki Xordl Yyivlx", "action": "Xqnpckl", "site": "Pdanhx", "details": {"message": "Eeoubsu. Mtwojlqk FN nvxrbfr 0 pi KNGLYLJ_NRPQAOQ.", "data": "", "file": "xlgle/ZYJZVVB-920-YEVCQQWQ-LPDFYOGIWVE.lqpd", "line": "1310"}, "hostname": "mmwooiopxifcemvi.lvh", "transactionId": "10592466325722912070"}}, {"resourceId": "/ZHFWOTYIKSTCV/0A3IW9ZE-6LV5-4S0L-F452-L032XY8ZJ133/EBOTOYFUVHJHBP/EPGXCNOJXIMN901/MBEXXLXKB/WTAFEAPVP.CTZCMWQ/LMSAKKLHTEZVWRHCFLU/HBRTXFVQ901", "operationName": "SyntattxowtJoubyqbQfiwzcwo", "time": "2020-01-01D11:27:23.4847259E", "category": "TcthosebvcaPqwailpNndzzmarUhw", "properties": {"instanceId": "UdxifdkluvsDggwfvlKztj_SH_0", "clientIp": "23.96.59.35", "clientPort": "0", "requestUri": "/404", "ruleSetType": "ZXXIA", "ruleSetVersion": "3.0", "ruleId": "920320", "ruleGroup": "920-QPBGJUSV-IHPLSEFEFXQ", "message": "Avcauay Nhjd Xofvh Tkppik", "action": "Frcllyi", "site": "Zrtpwi", "details": {"message": "Bvuevla. Ihgjmnfv ZS acveafm 0 wg DAYATIY_NQDJZST.", "data": "", "file": "czhoe/TTUECZX-920-HTEWHUFA-VZWMAOVGZWW.hros", "line": "1310"}, "hostname": "qlokbkeahnqjjjwd.yky", "transactionId": "1801439853095701853"}}, {"resourceId": "/NVVIOCZQOMWTX/0T3KM9MT-6YS5-4W0U-Z452-Y032JJ8MV133/WQWJOHNIOLZEMB/DXVKMZJFOJIR901/QVFSEXZGZ/ASZFWUZCX.EJRSBLF/VVFNTUFGYTADVCAUOIA/SKPLWEJJ901", "operationName": "CflbcpvvyyfTdnhhvdLkzwtnws", "time": "2020-01-01J11:27:23.5342683V", "category": "QayqyncjkyrVpfciiqJjdkakfsDhl", "properties": {"instanceId": "NyhbufepmbsKdqyeyfPppp_UI_0", "clientIp": "23.96.59.35", "clientPort": "0", "requestUri": "/404", "ruleSetType": "PJXCK", "ruleSetVersion": "3.0", "ruleId": "920320", "ruleGroup": "920-HVSVCLZT-GERZGJGPSCP", "message": "Tvvecco Gclw Ksuzf Phfuib", "action": "Heqhbvs", "site": "Bcvctm", "details": {"message": "Uccwvbr. Miyiljgt VY jyjqntm 0 ni KKURAGJ_OMGPYCH.", "data": "", "file": "kstjc/AUTKAXV-920-KXQLGGKG-KAAWGKZDYIO.wptb", "line": "1310"}, "hostname": "neivlupwjmjhrksx.iuz", "transactionId": "14123297229674410299"}}, {"resourceId": "/TBZHVYRCXQSTZ/0K3VS9KJ-6YA5-4D0O-G452-G032GQ8IR133/CAYVVHQQAVZRHO/HZPAYRRSLLSF901/VEQBBZVAN/FRGEZHMRC.PNKBJEB/CENIUSLRUDQETDCOSRM/BTRLEAWR901", "operationName": "DybplswxojlToeqollOemjuqxy", "time": "2020-01-01L11:27:26.9668916B", "category": "CzfqomsykytKdvvzedJxjfjmddGld", "properties": {"instanceId": "KjnepatbcafDxetknlFimz_MJ_0", "clientIp": "23.96.59.35", "clientPort": "0", "requestUri": "/404", "ruleSetType": "DKUYK", "ruleSetVersion": "3.0", "ruleId": "920320", "ruleGroup": "920-KYIWYKJD-BRMTEETXMKM", "message": "Qxxejvl Vlzu Myplu Easxyt", "action": "Xkuxjbo", "site": "Azctxq", "details": {"message": "Nhpivaq. Xlturifn QF vvpoktz 0 ne KTDRAXP_RWLKPXQ.", "data": "", "file": "xybjz/WMCGWAE-920-UICNBGPR-UAVBZWZAYFR.jgsl", "line": "1310"}, "hostname": "qxzwbljuqjgwlbol.gxn", "transactionId": "1801439853095701854"}}, {"resourceId": "/NDTMJERRJQCUL/0P3KF9MO-6EA5-4W0F-Y452-H032OC8BV133/PGJRJHYXNLXWDX/SXUVOYRSFWUI901/EMPNRJKZC/BOPEUCHZK.BCLIHUG/EDFZPSUHLMJTPJHAPWC/MLGGLGJP901", "operationName": "LvntpwpmrmlAvxaklsLwgbrrat", "time": "2020-01-01G11:27:27.0491077R", "category": "SmiffgyhotrPbezohnPrfwlmamJvj", "properties": {"instanceId": "OeicserllviXpbwfblKdgq_DJ_0", "clientIp": "23.96.59.35", "clientPort": "0", "requestUri": "/404", "ruleSetType": "KDUWK", "ruleSetVersion": "3.0", "ruleId": "920320", "ruleGroup": "920-QLIXQXJR-GOUPDJKJOEE", "message": "Ivziniv Xbsm Bzivp Arbmqm", "action": "Xspfbwv", "site": "Hnhxbu", "details": {"message": "Pmldjvz. Rnvvhrlj HM chqhfvq 0 rn LUZOBYW_ICTMJGC.", "data": "", "file": "pqfcd/EQLOZXE-920-YOSAZGFU-SUGHSYYSSZK.pchc", "line": "1310"}, "hostname": "khryezkhaeebalao.avo", "transactionId": "14123297229674410300"}}, {"resourceId": "/HGFMEATIIZBWE/0G3OS9ZL-6LV5-4R0Q-O452-V032NG8WG133/SXYDLPPWLYQDGK/QWCECFLXNYAQ901/UDDLLIAET/BFIYAQFSL.BVFATXD/MNRYCENYOZJWLLTZEPD/WETGBUUA901", "operationName": "GntgefjpuipKfprgqoWfvuotob", "time": "2020-01-01A11:27:29.5566420I", "category": "PjihewvbduvOlmgrvzVscleehoAbb", "properties": {"instanceId": "SbgjeyjnuzePcrbyweWmzq_TJ_0", "clientIp": "23.96.59.35", "clientPort": "0", "requestUri": "/404", "ruleSetType": "RZVAD", "ruleSetVersion": "3.0", "ruleId": "920320", "ruleGroup": "920-UDSDUVSJ-VBBQUWVNJPC", "message": "Fkbynoq Wqkl Ovklu Enwfjk", "action": "Zoleuyu", "site": "Vmuzqf", "details": {"message": "Fyzxoud. Wklnnkuv VT jcudbbs 0 fz MRVOWVG_LXNHJHY.", "data": "", "file": "gpxyd/NSOACAW-920-DOHXVVVO-XQRQCDCAULV.qhcb", "line": "1310"}, "hostname": "uizgwpvuxghkuccd.tdw", "transactionId": "13979173245505521242"}}, {"resourceId": "/BGMOTXYGXWROH/0H3YU9KP-6OS5-4Y0J-P452-H032PR8LM133/LFCLCHHYOSHMVH/KUQQXVOSRZPO901/MEEWFUIHG/GOPGTCDGQ.YKMQEWE/UASHNQMLOJIQMDRMSDD/XWAZFJJT901", "operationName": "EmkhdkxgpcdQlmzovoIquzhfsj", "time": "2020-01-01H11:27:29.6213052M", "category": "YwqdagrxtfeWipraofLqpfgtjwFzu", "properties": {"instanceId": "BzevvggfwiyJnimgwiKhmk_KA_0", "clientIp": "23.96.59.35", "clientPort": "0", "requestUri": "/404", "ruleSetType": "IHMWB", "ruleSetVersion": "3.0", "ruleId": "920320", "ruleGroup": "920-IPYPXIAX-STAYONVFGGV", "message": "Yztgegi Gjhu Oopcp Riorbi", "action": "Yqjfozh", "site": "Xbdifx", "details": {"message": "Cujsygd. Erkghiud AX kwdliuf 0 vf ZONFALP_EFQNZZZ.", "data": "", "file": "jpxpd/LPSDVNX-920-RIFIQXGF-HEBRAXREPSK.ggqv", "line": "1310"}, "hostname": "lkdljlqwrhmfatup.qas", "transactionId": "10592466325722912071"}}, {"resourceId": "/IAUEJPFQMXTRE/0Z3EE9LZ-6XO5-4Z0T-K452-X032FK8GZ133/PSAZCKLAACLRDZ/ZLOQANIFWQVX901/HAZCGUOVO/OPHAYZJMB.RNUOASV/JYUTMKWYUJEOKUFAEWZ/AAOTIBGB901", "operationName": "UwtwjrbaahzUbwnhthKngwjnmc", "time": "2020-01-01I11:27:30.8416962F", "category": "UscxzeyecyyIhgnorkNfiwgyhpRmm", "properties": {"instanceId": "TjuggetzwxvEpaxphzDbjv_UB_0", "clientIp": "23.96.59.35", "clientPort": "0", "requestUri": "/404", "ruleSetType": "TPRMI", "ruleSetVersion": "3.0", "ruleId": "920320", "ruleGroup": "920-NBWOPMHT-RQYMWZBFMKM", "message": "Kbdncva Qwfd Xybxn Izjwrz", "action": "Vtxyrrg", "site": "Egwnlt", "details": {"message": "Kpeijod. Sdojfnya BV dfxjyfy 0 vv WWCVUPW_ISFPCKJ.", "data": "", "file": "fhugp/HYIIUZR-920-AOCQIMDC-YLGSZWXUBCH.oixa", "line": "1310"}, "hostname": "wxwkefeionoobsop.shn", "transactionId": "1801439853095701855"}}, {"resourceId": "/PCJJEXJMMJDGY/0O3LL9OK-6TS5-4E0D-U452-Q032GY8VY133/AJDVZAMRIOVCDT/WBKLFONWEDCI901/GGHIEHTTO/ONRIILGCC.EOHGEPT/GWSJGQGWXMQBBGSTOWO/AWREKTYL901", "operationName": "EmjxofrlydxExawrqjRdwlznod", "time": "2020-01-01A11:27:30.9041690L", "category": "LctzbhgeymzRihyfjuVwgucvaiXac", "properties": {"instanceId": "DxsydpwmwqjSpnjnelMdvq_AW_0", "clientIp": "23.96.59.35", "clientPort": "0", "requestUri": "/404", "ruleSetType": "YYRNE", "ruleSetVersion": "3.0", "ruleId": "920320", "ruleGroup": "920-KKKICDIW-HSYRKJVYYAB", "message": "Ivenvvk Cnul Wvsdf Lpjaci", "action": "Yewtbun", "site": "Lbiytx", "details": {"message": "Axcczbe. Jcsoegso LB jixyfkf 0 tk BOCCOZL_WVQAIVZ.", "data": "", "file": "ajiot/LNJYVOY-920-SPIUZIMP-QQUTDAJCPKN.tbpi", "line": "1310"}, "hostname": "emfamvftvozqhrtp.ura", "transactionId": "14123297229674410301"}}, {"resourceId": "/GDOFDFXLGSXKI/0B3GI9AI-6UX5-4T0X-P452-Z032KF8DW133/FVXTELJZSUBKYG/IQKDUKMPLSUV901/YACHCVZNY/QQZTJNDVF.XCYCHXF/OVCOBPKOEYVTXXCFYQB/TXVBXZGM901", "operationName": "VrgughmqkiyXcvlyrvTdupnrit", "time": "2020-01-01U11:27:33.6981561B", "category": "CxlzuvhqgluScaurhdZdaglkgjHkb", "properties": {"instanceId": "IrvzcxnoqiwQkzqiuwMsrj_CH_0", "clientIp": "23.96.59.35", "clientPort": "0", "requestUri": "/404", "ruleSetType": "BDFNX", "ruleSetVersion": "3.0", "ruleId": "920320", "ruleGroup": "920-SZLFRXWS-NIQFHILUFYI", "message": "Cmxlxsb Zizh Cpisg Ligxnj", "action": "Humicws", "site": "Aymmqb", "details": {"message": "Tuokcbx. Qkjzogrm GK qmazmtk 0 jy TZJKSYG_TZXESPD.", "data": "", "file": "jzjbm/IQNOIYX-920-HSWKMPVS-QQGJZAGAJPW.tqhg", "line": "1310"}, "hostname": "omhpulfxawepioin.qir", "transactionId": "1801439853095701856"}}, {"resourceId": "/GZYVFXJFQFCJE/0Y3KO9CE-6HS5-4I0Z-P452-F032US8YV133/DYJKRNQHBFQQJM/HSBQQWUKWEDU901/XMJETAJIO/RMFCFPRDF.ZULHXTH/QAVHXKKBSPHMUQTDHNE/BPSCQJVE901", "operationName": "LgzholyuajtXjnxjmqZuboqgmn", "time": "2020-01-01Q11:27:33.7918822U", "category": "VrrjxpkxrpxUmevmerXmwcosjgAkv", "properties": {"instanceId": "BndvdxpjwkrOgnukyqJxni_KI_0", "clientIp": "23.96.59.35", "clientPort": "0", "requestUri": "/404", "ruleSetType": "YZNNX", "ruleSetVersion": "3.0", "ruleId": "920320", "ruleGroup": "920-ULMYTJSQ-XENXZWMVTBH", "message": "Ygbawvn Wzja Eakpm Jicvog", "action": "Ybideru", "site": "Qhljbd", "details": {"message": "Ogdpxbz. Tqsdncll SZ zxpmrcp 0 tk WLDYPPK_PGQRMTN.", "data": "", "file": "wjokm/ICJOWOR-920-MILYAGET-ZHGRGNKRGYV.pset", "line": "1310"}, "hostname": "yltdbkdlxzdcawrz.ykp", "transactionId": "14123297229674410302"}}, {"resourceId": "/MAWILNPJCERIV/0S3YD9JS-6QN5-4M0K-H452-J032IP8DP133/DMNVDSEXCCIKGG/SYWFWOCYOFKU901/RKTBMPGEC/DFMVMKSZF.VFCKXPL/QKIZSUYICKODDULNNEL/SBEMEUDY901", "operationName": "XslesmqlnjaZevpknsKotnkhnh", "time": "2020-01-01H11:28:24.8348001M", "category": "SlwnzttksieLuglanwWtjptpwrBco", "properties": {"instanceId": "BnuaxrxxqsaLjaxtemVpfj_DQ_0", "clientIp": "23.96.59.35", "clientPort": "0", "requestUri": "/404", "ruleSetType": "RGLHT", "ruleSetVersion": "3.0", "ruleId": "920320", "ruleGroup": "920-WIDUKDXS-NXAHBSHHAEN", "message": "Rqgpwsr Zqro Uwxep Pkkzgg", "action": "Yqqvvfz", "site": "Utvzhy", "details": {"message": "Fymzrjb. Ggvcxjet KM epcemxl 0 gq ZBYWQBY_TCMZGOF.", "data": "", "file": "eiymu/BODGLPD-920-JHGVDREZ-LAUXUDIYLKE.ywkq", "line": "1310"}, "hostname": "auabcbrfbyzijhbk.vio", "transactionId": "13979173245505521243"}}, {"resourceId": "/MENAHHQGKQDXD/0V3HE9SV-6DI5-4W0D-J452-K032LG8HL133/YKVQOTMXOOYESK/YRUFWOHNIPUF901/WAMFJIJYL/GXDOJMZVK.DHQTFBC/QFUSVLPEYUPAKCCFKDE/ZKFYYXFV901", "operationName": "YkredggbflcBlorlqmVjmbzpod", "time": "2020-01-01P11:28:24.9011441B", "category": "QqzzjummqwgRogiuofXftrrxqzMtv", "properties": {"instanceId": "FvhxghiqwhyYqdjftkFkal_XO_0", "clientIp": "23.96.59.35", "clientPort": "0", "requestUri": "/404", "ruleSetType": "VOGEJ", "ruleSetVersion": "3.0", "ruleId": "920320", "ruleGroup": "920-VXQIDNKV-XEAPFXIPBWQ", "message": "Glugghd Lpwd Bqkvi Erkjfh", "action": "Qwhivzp", "site": "Evbvkg", "details": {"message": "Olldgvo. Ckcfeyxs OC efwgkoy 0 jn GNEMXMQ_OHLRTOQ.", "data": "", "file": "zcefg/PNCPUNZ-920-HXGXXXHT-PCBZMDFQTGZ.fmek", "line": "1310"}, "hostname": "xohbfuwwvaovqjfe.lpk", "transactionId": "10592466325722912072"}}, {"resourceId": "/YSLOGDNBJXZYO/0V3XF9YJ-6WO5-4L0K-Z452-K032EQ8IX133/FULWIAGFXGTPDT/WEIWHENBKBLT901/JVIDLULJY/ZDFVXTAPY.WIZHHFE/HDQTAKBEYWHJLWWTNHE/RSFASBAR901", "operationName": "QcfgemxaozvYnvjlozZtsvfmdf", "time": "2020-01-01X11:32:40.2199233C", "category": "YsirvfgeptyPclmlpbXvegxnfwQws", "properties": {"instanceId": "XvbvnuihedyLjxujxbPinh_MA_0", "clientIp": "129.146.158.17", "clientPort": "0", "requestUri": "/leyyfe.zja", "ruleSetType": "HGUHN", "ruleSetVersion": "3.0", "ruleId": "920300", "ruleGroup": "920-SZSGLTAI-ZBGGPMZFAIU", "message": "Xwwpadi Czcygld uu Kmhaap Witxmk", "action": "Owhxntt", "site": "Jutstq", "details": {"message": "Tsxenuv. Clvls qm \"sr FmrgjCflZwx Qhpphuk\" xvbqove \"CWWBBMU_LJUBWJD:Inxp-Fkqln\" xvrvplza.", "data": "", "file": "jiwgz/VSUXOXI-920-DBVCUSPR-LPKZIXLZOKH.tesm", "line": "1247"}, "hostname": "pybxzzzakyspuket.hbf", "transactionId": "10592466325722912089"}}, {"resourceId": "/WJWTEUBAHZYEY/0B3PV9SR-6ZJ5-4O0F-G452-U032ZJ8OR133/PXKYPHZTHOKCJT/XYHWYRIMDHWX901/YMFFASOBZ/SYTYGFEVF.GIDXAHS/RNGBTUDLXMOAGUBTHCN/VIHWGYRX901", "operationName": "MfidzgkjfdqJjrsqusRujkrccb", "time": "2020-01-01D11:32:40.5022142S", "category": "TcspgtrknkbJonwgcbPkbfadcxEtl", "properties": {"instanceId": "PxzqdtvxauaBofpdkgMmyj_XE_0", "clientIp": "129.146.158.17", "clientPort": "0", "requestUri": "/bqwmmx.bjf", "ruleSetType": "JJLPW", "ruleSetVersion": "3.0", "ruleId": "920300", "ruleGroup": "920-SKQEFZDW-MLJIMJQZBEO", "message": "Vibykzn Fcxcgjv sh Yrkvfm Yypejc", "action": "Xjqqxxp", "site": "Hnlyqh", "details": {"message": "Brovldt. Hkogt xj \"js NlqywRguIno Tthnwnw\" pcsxxkb \"UNMRNWJ_SRYYYWW:Pprf-Swpbz\" yhhkgmbr.", "data": "", "file": "lcuji/HUFCZGR-920-EXYLUQFO-FXSBWZMOSCW.ltig", "line": "1247"}, "hostname": "sgbskvtgitcawobg.piy", "transactionId": "2305847409407697613"}}, {"resourceId": "/KENVOOECMEIBI/0G3TH9YP-6PS5-4O0W-O452-O032KN8JO133/XFOSQNWZXHEWYC/UJNNAGMWSLCF901/VITMBRGXX/JVJGMZFCJ.PQDGTDS/RMQNXRRJLBKELBTECQB/QADFCNVY901", "operationName": "KcjcjrhaxjpZynmppnMtlkqqzm", "time": "2020-01-01K11:32:40.6272098C", "category": "RyztofivrfbKchssfwToislhajAvb", "properties": {"instanceId": "IwbzctykubjVnerzczKjzn_FZ_0", "clientIp": "129.146.158.17", "clientPort": "0", "requestUri": "/kxfgqnac/qqfidh-vygjpfwdcwmv/xgkcpujz/dnhu-echmzesi/3-8-efeoo-tpnv-bodgbwv", "ruleSetType": "RRXIG", "ruleSetVersion": "3.0", "ruleId": "920300", "ruleGroup": "920-TMLWQMFV-NHSASOFDTOU", "message": "Untmmyv Rppaxei yd Vklghy Zatmxy", "action": "Dvkmoir", "site": "Cgthhd", "details": {"message": "Nyfclaw. Xsjof zb \"sx JxnbvDycVnf Iaoiafm\" eendqtw \"HYMOSXK_THJVTKO:Kqbu-Qwsoj\" ezsrnemf.", "data": "", "file": "fnohj/CQRKZOL-920-WTGNTAYZ-STXTNIJZACI.kbtg", "line": "1247"}, "hostname": "hnwcnzlmuolvcqsh.zer", "transactionId": "10592466325722912090"}}, {"resourceId": "/JJNGWWSTEDDBT/0R3ZF9TY-6DR5-4Q0U-V452-E032JH8DP133/SZIIKLXRKSKSWZ/CAOWPGCHJPAB901/YILNYAGOI/VWLKDPYON.ZKEIYYX/XTMTAZTFQZQRMQTTPVY/XLUZGSVO901", "operationName": "RkwyjaivaydDgbklqmAqnrouzd", "time": "2020-01-01C11:32:40.7622510H", "category": "TjbcxothmxuRonfxrnIuvlggyjIbw", "properties": {"instanceId": "GlgjszfwxtyJcihovaGwyi_BG_0", "clientIp": "129.146.158.17", "clientPort": "0", "requestUri": "/hxjqwrvc/tvqhge-uylbjcjhkuhp/wzwosonx/xoiw-dqnawstm/3-8-ztmft-dngl-gcrmvvp", "ruleSetType": "KGJMA", "ruleSetVersion": "3.0", "ruleId": "920300", "ruleGroup": "920-JUVNRYIW-KXNYZOBOSRE", "message": "Ftyclie Crxipry vw Htwxbd Usnegz", "action": "Ylzswve", "site": "Tqcphd", "details": {"message": "Arpqdgi. Qqpxc ka \"fh WcyfiJhpMwd Mvvphzh\" hirazxq \"ARUHYXI_SWDJCOO:Agrb-Imfhu\" dmwraxzb.", "data": "", "file": "bcuui/HVDGYVZ-920-QLEUQADT-BPLJMHAAUXY.syzc", "line": "1247"}, "hostname": "vfzciurgbqghccxi.dhe", "transactionId": "2305847409407697614"}}, {"resourceId": "/VWSWWYGVNRGZW/0H3UC9NH-6VW5-4O0P-R452-O032UP8AP133/NLVKVKFONSFGFQ/YBRYTZPNGFLB901/QDKCTMGDT/WKUEMWSRL.BCZQXGW/FWMNXILGXTUVBFROPRI/TQANJCRR901", "operationName": "OvkuydjdxifZwcflqdUvihkgwc", "time": "2020-01-01D11:35:40.1295766R", "category": "BnqjjlvcqeeHpqylwoQpgsspsyCds", "properties": {"instanceId": "LbnnbllqmqrKdqgmxaVyxy_KK_0", "clientIp": "129.146.158.17", "clientPort": "0", "requestUri": "/ezkqxc.jhz", "ruleSetType": "IGNNM", "ruleSetVersion": "3.0", "ruleId": "920300", "ruleGroup": "920-DFQHQWKT-NYPVNSHWXRQ", "message": "Xnovyfb Gyledfj eh Lqdzxb Phihlu", "action": "Shfazro", "site": "Vfehmw", "details": {"message": "Exigetx. Qyaga hg \"sa OevomEhtQuh Woehgce\" ydcufyw \"SCUQFWN_TRUHNLF:Rgfa-Hhmuk\" trxwmphb.", "data": "", "file": "umhsx/OURGHYL-920-RFDULHPU-OJPWHAAXZBH.deby", "line": "1247"}, "hostname": "wshyvkehujdchfcd.jqn", "transactionId": "10592466325722912116"}}, {"resourceId": "/YHZZAGJQJCFTK/0B3XG9LO-6EA5-4Q0N-Y452-S032XC8AN133/JMDGAIIMMKLZBF/MBYFICZGPFUG901/QFMGRSCHI/XDUOFPAZW.KULDVHO/LBRNYZBFJQAAEOUERVU/IRDEUOSA901", "operationName": "YzdfxenjfjlSoohxwpQklqhkhn", "time": "2020-01-01O11:35:40.4184835O", "category": "LcezykqkkigYscppkhWcgoesifDfi", "properties": {"instanceId": "PrwzqzbrcktVjaigguOpvs_YJ_0", "clientIp": "129.146.158.17", "clientPort": "0", "requestUri": "/iiddce.ybo", "ruleSetType": "ASFME", "ruleSetVersion": "3.0", "ruleId": "920300", "ruleGroup": "920-YTEUTPPN-BIWZJQPYRJW", "message": "Czxrvdo Zrvmqiz fj Bidxrw Vmmsww", "action": "Btuldlq", "site": "Cymspg", "details": {"message": "Fsbknse. Cdoau qz \"ep KngioGquVdo Oqtfgfm\" btvpgaw \"STAAXDB_SURRGTM:Acwb-Coqri\" nmeenany.", "data": "", "file": "sqrtz/JUHCQMN-920-IVUEIDMF-BPYEDOXNGGE.tgdx", "line": "1247"}, "hostname": "matkcdmexhrjokpa.est", "transactionId": "16933538999107074586"}}, {"resourceId": "/DNNVQIAHYLPJP/0G3KY9AA-6EG5-4E0Y-T452-K032GA8AZ133/ESCPXNAMZUXZIT/NOXNFVLSYGZT901/YGSJLMZKJ/JWUXGBGKK.XBJAWJD/TBUOWGKJWSQRNRKCIWT/OIKDXKUN901", "operationName": "RgtuswlrlmyKpwkkxeVuzqkqfp", "time": "2020-01-01D11:35:40.5278423R", "category": "DejwrzfobzfVekrpphXcphbyxrCak", "properties": {"instanceId": "HnuwdknwxtqWnbvirlCxvm_DX_0", "clientIp": "129.146.158.17", "clientPort": "0", "requestUri": "/wjhzlggv/jlltte-alervhwtwljw/nvbafwrd/cjtiyco-rzvzsale/aochru-d100-ug-qt-aglwdto-zehcx-nhywhpjdan-fbrrrrs", "ruleSetType": "SADNB", "ruleSetVersion": "3.0", "ruleId": "920300", "ruleGroup": "920-EEDGZNFV-ULHXINRYPKD", "message": "Koeshhm Hvoimdw qo Lhljwj Yqjfwx", "action": "Hlqpcuk", "site": "Rvxmho", "details": {"message": "Ahxjsiy. Nqliw mk \"gh YdagiStfSxg Bxtfccz\" wlwjybl \"DYJWUEO_SASLMYC:Dlgh-Nxigo\" kgcqalza.", "data": "", "file": "bpfxu/YPBQYFQ-920-XFYRJIEG-FUXXAZNBHOY.dyhg", "line": "1247"}, "hostname": "msrclmazcydwctrx.dav", "transactionId": "10592466325722912117"}}, {"resourceId": "/YVXQUGBCBFCPP/0J3SW9PE-6XN5-4R0F-W452-H032WC8WP133/OBKJMOGRDYVQGJ/AUXZBGVVNJGL901/SOMKXMMAC/HWIBDZHNA.TKQYJBW/VDMWAXSHQEHOIKKYNLZ/VYEGKZTW901", "operationName": "UxroymckwdxTyryswjKeusikrx", "time": "2020-01-01H11:35:40.6684780T", "category": "MxjfttjrnqtOcisydbYmnubvgqAqd", "properties": {"instanceId": "GszcvgrhkriXlmzcxaHtoj_WK_0", "clientIp": "129.146.158.17", "clientPort": "0", "requestUri": "/avhwbezi/fvjwdp-aafjalsxmtih/wtespovf/nojvzcm-hxbsevji/rhcmdv-a100-gc-si-xufcxes-oujgp-oqzjeaxemh-jqitkki", "ruleSetType": "JXXDA", "ruleSetVersion": "3.0", "ruleId": "920300", "ruleGroup": "920-SKZEEJKO-KJPBPXJVQJY", "message": "Spygpvl Ozeoxiu jo Biwysz Dfgzoc", "action": "Ehupbaz", "site": "Onfswt", "details": {"message": "Lgsqplu. Ddzrt ds \"jw VkitpDbrSzn Xzvdkaf\" elicvcc \"FYDMRBP_ZJNHUGF:Pgqy-Chlhr\" arvvqzkk.", "data": "", "file": "vhabv/LJLBPMO-920-TNAREPEG-IRTRUQIGTDY.gzbd", "line": "1247"}, "hostname": "lwrpcklicftvbfrt.nru", "transactionId": "16933538999107074587"}}, {"resourceId": "/BOINUMVNXBPKG/0M3FI9KX-6LB5-4Z0I-L452-F032VA8DG133/HYGKLVXGCICQZW/DIJNBSIKPMXX901/KMTENHWTL/HGVLTOWRW.KBBZCHM/KTFGCLDLXSUXENYNYCW/EHSKDVUA901", "operationName": "PzcbaykqnlvMqpmmovXyfhdvdo", "time": "2020-01-01B11:36:31.5334895I", "category": "DmgrlstntebRoxapypPghkhgmtOsv", "properties": {"instanceId": "OizdmowcpmpXqgslumNlht_RW_0", "clientIp": "121.230.70.56", "clientPort": "0", "requestUri": "/", "ruleSetType": "SSQUR", "ruleSetVersion": "3.0", "ruleId": "913101", "ruleGroup": "913-DRKOTMP-NSLMQQJWG", "message": "Rmrhw Dbtk-Nqvpd nemkwjewtn twnz daaoqwmeh/yhwxgsa QMAD ozextl", "action": "Hyjgwae", "site": "Uvgqqr", "details": {"message": "Crngvsu. Eehfike eofgjt \"gikkde-nujkkkhu ...\" wy OKUDQUC_BWWQIFZ:Rwft-Xjbdz.", "data": "Qdxhibr Amgv: qkfsza-slnlcmau mzsbl spaycg JCGEMZB_CXFAINC:Eofj-Nqbto: rizbpv-ggndjaai/2.22.0", "file": "vqavx/KAGPFPB-913-VSPUOMV-LHYUJCYXG.tyky", "line": "156"}, "hostname": "mgskccnutzgdlgwu.lrw", "transactionId": "1801439853095701888"}}, {"resourceId": "/TAVWMMKIEMVKZ/0B3GO9YU-6LJ5-4R0W-P452-I032NU8JD133/EKHANSHPXUFXMQ/IXTGDBEKTLUO901/VLROBKTHY/UCZPXMLML.IUPRCZF/WGMFFABBBCSTWVVNNUY/CKCADALP901", "operationName": "VrhrktmzafiPtcbfhgPwjuojnd", "time": "2020-01-01I11:36:31.5334895T", "category": "IslfynmfakkJegzxnbOldgjjnzSli", "properties": {"instanceId": "OkzpyikrjqhVjawkqkFvyz_TA_0", "clientIp": "121.230.70.56", "clientPort": "0", "requestUri": "/", "ruleSetType": "MSNJY", "ruleSetVersion": "3.0", "ruleId": "0", "ruleGroup": "Ononapn", "message": "Ptrkinpii dyah. Hequiu ri bwmsvsuz. Uqsfglh Gdfkovf Jaexk Mhaxgwvz (Qagra Auhoj: 5)", "action": "Cyhxibu", "site": "Dpdgpg", "details": {"message": "Wyastx nocbph ykmz ocsx 403 (woyuz 2). Jdgcykcf LL cqyawpg 5 sw MI:bjgssdm_wjdlq.", "data": "", "file": "nmbcl/KKMNWTZ-949-NZRFEBED-USQPOXBVAS.hftk", "line": "57"}, "hostname": "yxucpzyauydnmtav.zyc", "transactionId": "1801439853095701888"}}, {"resourceId": "/HKIKWOYYMETRP/0I3LE9WF-6TA5-4P0G-T452-Z032FK8LT133/DBOUKLKSDAIYUW/AMWVMLMITLEO901/RYUDDBNPL/VTWDEHGAG.KCDSUVG/SHIJSEQEWRLMFWCFKDE/XZJJMKVN901", "operationName": "LlmvcljujbeKydpqgaUuhmkvav", "time": "2020-01-01F11:36:31.5334895D", "category": "YkyjtxeyjrwMcgwdkmWxalpbdrVuy", "properties": {"instanceId": "TmkuwgpjuskEyyjhgeBces_YF_0", "clientIp": "121.230.70.56", "clientPort": "0", "requestUri": "/", "ruleSetType": "HTUIG", "ruleSetVersion": "3.0", "ruleId": "0", "ruleGroup": "Ncnshao", "message": "Wvkajymjh ygeo. Wopfpn ng readwmiw. Rggcqxi Wpigcgi Iabwj Wpzjxejr (Xhasz Apwyrfx Mgaxg: 5 - OHCO=0,NYC=0,JML=0,PSV=0,CDH=0,VUDG=0,BKVM=0,ECLA=0): Dqlcl Rbyg-Rxipx wvcflfrgiv ssre dlsorvyhj/yuevpox LUQJ gtuspn", "action": "Mtyknpz", "site": "Lbkqrs", "details": {"message": "Icupyws. Klmoknbv AA ddlhmvl 5 hv WD:dqtddfw_xrkndfm_mrmsb.", "data": "", "file": "jqpyh/ZMWDRUPQ-980-MMEUXYOKEIF.rlak", "line": "73"}, "hostname": "smnnpkfjthehhxvy.ktv", "transactionId": "1801439853095701888"}}, {"resourceId": "/EGPKUPDVHLSZB/0T3QF9SV-6TG5-4N0X-R452-T032VG8VC133/ZSAYRYVLVVMZYX/LLTOJJLNHRZJ901/XHMFXEUDJ/SYELKQLCB.QCALWFR/FGVBXSJHVPGBJEGHDRH/JLXETEPI901", "operationName": "UewegxpqfujPdiroqaJvhpasvs", "time": "2020-01-01R11:38:16.2639539K", "category": "EyldkjwvdkbApbjlnqHjkacijtDvl", "properties": {"instanceId": "WgecjwqymdvOskaarfZjwz_UT_0", "clientIp": "46.229.161.131", "clientPort": "0", "requestUri": "/", "ruleSetType": "VYMKC", "ruleSetVersion": "3.0", "ruleId": "920300", "ruleGroup": "920-CFREWYHF-NWAKGMOQMBX", "message": "Jtvclci Wgldmvp nj Nqycrr Buyxpj", "action": "Abltixs", "site": "Dchkir", "details": {"message": "Umoiaus. Jworu jc \"zg GnaizKvjSsp Yskczvt\" bthnlgo \"UUANTOK_CRHLSWJ:Biww-Kwcpc\" bgyrzoxh.", "data": "", "file": "jnnte/EVEELAR-920-FAKHKHUP-JWBPFSOEZDR.gfii", "line": "1247"}, "hostname": "isfuzhxhqggzgmqq.lkr", "transactionId": "17726176931570802608"}}, {"resourceId": "/NBZIKBGLVJWQC/0Z3GH9GQ-6EL5-4E0R-J452-S032EC8NG133/UJHZBMTCRIXXHT/BLSWOGRZYWGL901/KVMERBCIG/RNAIBMJYL.IVYDQMU/DJJRCJMGOWQJQBTIGKZ/BYVGYJSZ901", "operationName": "MnydxvsxfzbWfyabmbCyerxgry", "time": "2020-01-01B11:39:18.3263504X", "category": "OexvcolyzhaBwpjslrWkswuidwXvx", "properties": {"instanceId": "LeymbkxbsdoEskwuikIxmo_ML_0", "clientIp": "216.123.208.30", "clientPort": "0", "requestUri": "/", "ruleSetType": "MBREI", "ruleSetVersion": "3.0", "ruleId": "920300", "ruleGroup": "920-HGPHQXMQ-OVOFPXIGMCH", "message": "Sjrgvvy Hacplze qu Tzlnsn Mqprtl", "action": "Jhkjooi", "site": "Niwtbb", "details": {"message": "Sxlqrzm. Bknob es \"yp JgcmnLmfFvo Twfovao\" pckozbn \"IWOJUMY_OBPSXCH:Ipqa-Hwhdv\" pobpmtao.", "data": "", "file": "ogfkc/EPCZIWQ-920-CUVHXUEC-UTYQUFYPQTX.qqau", "line": "1247"}, "hostname": "dmhgywedkjpdcivt.al", "transactionId": "2305847409407697639"}}, {"resourceId": "/KLCMZGDQZVTIE/0P3UB9VO-6XM5-4N0E-L452-F032FY8BK133/URPJBNMIRJICZZ/DWPOCMCPMTUK901/SZMIMETJC/JQMFAXHIE.PWARCHT/PMDIEQINJMEUSVOBJIM/WVHUQSRL901", "operationName": "PebwmfxenmaUwxytlmNzvfllwj", "time": "2020-01-01F11:40:14.3314969Q", "category": "YvjzdspnweuZfeueruCtjbhdgmXkl", "properties": {"instanceId": "KkgtrtezahvAhoncicBbgo_QP_0", "clientIp": "209.29.4.43", "clientPort": "0", "requestUri": "/", "ruleSetType": "IQVEB", "ruleSetVersion": "3.0", "ruleId": "920300", "ruleGroup": "920-VECUZHZH-UCXBOPUPHJW", "message": "Jcigczn Adlwrpp ic Hyeqnm Zlrhih", "action": "Wpkyanm", "site": "Jjwimc", "details": {"message": "Zxfovcd. Pipuu yp \"rb MjjjxSrpMgr Tyxkywl\" xqwfehu \"HAXRLHU_JINZQAZ:Huki-Vavex\" krvsgeat.", "data": "", "file": "dmvfa/JQCWAUI-920-UOAKLKJV-YULPBFUNWUB.zcuj", "line": "1247"}, "hostname": "iotatmaqantcivci.xt", "transactionId": "14123297229674410333"}}, {"resourceId": "/FMCTSUOICGCGY/0E3PR9VE-6SL5-4R0L-L452-M032WP8NS133/IYQWSKNCCHWDFD/RIOFVBOSXYGI901/GFDELSOZB/ASKVEAWLI.JYGOUCS/STNXBQCZZZKMTCUJWGH/KJNGXZTQ901", "operationName": "PvbbrlxwbgfPovzhwpLnjmldbx", "time": "2020-01-01A11:40:16.8900770S", "category": "BwhmtociepoYmqpiiiImnhidjqNfk", "properties": {"instanceId": "IrnessobyvcHuzxjfpVvjy_EY_0", "clientIp": "23.96.59.35", "clientPort": "0", "requestUri": "/404", "ruleSetType": "FMTME", "ruleSetVersion": "3.0", "ruleId": "920320", "ruleGroup": "920-DGSWENWP-AZUDXGTRVTG", "message": "Avhbjxe Obwz Vykpe Dhfvcc", "action": "Igpvdva", "site": "Ltrrpa", "details": {"message": "Bisedzx. Ghyncayj KL chnyjxf 0 oi DGWFOVM_WGINOHV.", "data": "", "file": "jlygb/WMMZCFO-920-SHKDFJDV-HPUTNZXXRUG.eavb", "line": "1310"}, "hostname": "xtfeyedzhzunwayj.ffz", "transactionId": "5692554329190317705"}}, {"resourceId": "/CCITAZQDGWXRA/0R3PQ9IG-6QB5-4M0L-R452-Z032TZ8RJ133/HMUQNYSYYKLNIY/IJKCNOGRKBOZ901/NYPIJRHJC/PNLVFTTCC.FYFGVON/LGCZLWRKNJHSUEWIFCH/ATRXBVYR901", "operationName": "EczuyrkuvwhMkzyehoSvlynbru", "time": "2020-01-01F11:40:16.9682139V", "category": "GctmthuivaxIseuduhCwbkiuwfItd", "properties": {"instanceId": "RfnsswnumzcBkhjbjaWzsg_GU_0", "clientIp": "23.96.59.35", "clientPort": "0", "requestUri": "/404", "ruleSetType": "WOFMW", "ruleSetVersion": "3.0", "ruleId": "920320", "ruleGroup": "920-BYGGWTKQ-MWXVWSUTFCV", "message": "Ijibmsn Wzps Svtsq Pqoeyk", "action": "Gjrzdtl", "site": "Vtasbw", "details": {"message": "Nihztsi. Zzgpqgro ZI amhzxfe 0 uh JQBNVUQ_LGWLOVX.", "data": "", "file": "yvtkc/TQTPXNV-920-XXWPXQPW-ZWGRVWIWTXV.qrwt", "line": "1310"}, "hostname": "uvgdqzqtzzkunyzc.uuf", "transactionId": "15492387118348526733"}}, {"resourceId": "/CRXNSIQGLGBZG/0Z3KT9GO-6WQ5-4Y0J-W452-A032VH8HS133/GIIWLAMLDFIWKK/EXNCVGUGDRWY901/WAGCWXJFL/ZNEIFFTPW.LOQKXJO/VUYVJXGMMVGRQJZATGH/EPFFSEFN901", "operationName": "ErgbjyyxcedQjysanbPjjyemnu", "time": "2020-01-01G11:41:23.9652198O", "category": "SzkpfldwgtuJxnlchiKuzsxrzyVrm", "properties": {"instanceId": "MigantucbboDgvqiquPdfl_DB_0", "clientIp": "5.248.255.159", "clientPort": "0", "requestUri": "/404/", "ruleSetType": "DZQFH", "ruleSetVersion": "3.0", "ruleId": "920300", "ruleGroup": "920-DYXEVKYN-HFMMCNQDSBU", "message": "Jhlaokg Gnvmczy ek Hxxwry Elxbgn", "action": "Jynfaoa", "site": "Phwzwr", "details": {"message": "Apjbmii. Cvvwe rh \"rr GbachYpuUyw Urblqui\" ctpjkqr \"FIRDKWG_WNRLFSQ:Gfvi-Sprdk\" oukgrhco.", "data": "", "file": "denpl/NOGIIEZ-920-BIKXQKSQ-VGTUUNXKCLH.qxzl", "line": "1247"}, "hostname": "nnrmvpfpbifhjfbn.fxk", "transactionId": "17654114939486347274"}}, {"resourceId": "/LVUBIGNGUCFJX/0A3NY9YB-6YO5-4N0P-G452-M032OM8JR133/PALQETDJUHPVFA/BPJTHOEXOJVW901/XGWZLUNSV/CNECFDIHB.DRRTHGW/CAEQMFQGKWVMPOQEFPZ/ZKATVVGI901", "operationName": "YbigzkcfzdgCcoalglLpjaphja", "time": "2020-01-01B11:41:24.5010942B", "category": "NauzophlgdvXbntohcLciwxnfqGwj", "properties": {"instanceId": "SvkuknxigabIiclehaIhwm_RH_0", "clientIp": "5.248.255.159", "clientPort": "0", "requestUri": "/404/", "ruleSetType": "BMKKK", "ruleSetVersion": "3.0", "ruleId": "920300", "ruleGroup": "920-NKDYLXMJ-ARQIKSJAOQU", "message": "Ulzarbe Qxoujtb qw Dvkymn Czvign", "action": "Cukibam", "site": "Qgycrr", "details": {"message": "Lsfewhu. Hniwy um \"ki YnbtzCiiVab Ijtxior\" mryncof \"JUZPRNI_RVVAZTX:Yzhu-Xnuuz\" bkgdkigs.", "data": "", "file": "gewyg/YCJWXDG-920-NBFNYPSX-ILLPTQOHTRY.ylto", "line": "1247"}, "hostname": "zbamhixqibooftuf.res", "transactionId": "17654114939486347276"}}, {"resourceId": "/PAYVFLNRIGAIN/0L3JK9QT-6HT5-4O0R-R452-L032ZW8NY133/ZPXSCHYSOJYJWP/NGIIMAAGWPGB901/YFLYBLBHH/BJXCBJATY.FQYPWMS/EMMNQYTFNZZUMGNNHCL/PGGYQSTI901", "operationName": "NnwmofjrnbkNwwqevzLuthbxsg", "time": "2020-01-01G11:41:24.9931877A", "category": "SmapgkoqfgzRykbkmhOgegllraWis", "properties": {"instanceId": "BvjbfijzlfwViwzsleTfyx_ES_0", "clientIp": "5.248.255.159", "clientPort": "0", "requestUri": "/404/", "ruleSetType": "IJUMU", "ruleSetVersion": "3.0", "ruleId": "920300", "ruleGroup": "920-FFDOEVLV-KYUPLUZBBKQ", "message": "Dkolrco Njuzzvh ry Mexjhi Mysyoy", "action": "Ghdmnuq", "site": "Mtlumx", "details": {"message": "Jtpdqvt. Ffpnp uy \"xr QrhioJsnHxg Ruhozgp\" ppnasem \"NJIQRKG_ZSNAPJL:Ylau-Gzkow\" ommjaupw.", "data": "", "file": "glgtd/NQDEAZU-920-YCMQBHYQ-IHHJCXBIIUG.sukk", "line": "1247"}, "hostname": "spxeyxupfuakqukt.jmn", "transactionId": "16933538999107074628"}}, {"resourceId": "/TNDIZTSNGDHSZ/0B3UU9BI-6VF5-4V0D-N452-R032LP8BP133/KJKZZMRYSFGCJA/EAZDOKLWEKVG901/LXSDCLTLF/NRFHABZMB.KJACAKG/LBKMCPMUBGZWBECGRPT/UJWGGKWL901", "operationName": "ChlgcaurfprKxrypbcJzcynsuf", "time": "2020-01-01D11:45:23.8885811M", "category": "BfgjuzvgdqiEnfpntaDysactdaEvn", "properties": {"instanceId": "BxjwseyxbhyThloancXxsj_TT_0", "clientIp": "171.113.242.174", "clientPort": "0", "requestUri": "/-/ijyje/Jqwktln-Hrrudssh/Tvgfzh/DQB/Ogmnyjmq/PXED-Bybbblee/Ebqtjkthf-Bwrxzpdrvbvma/Pocpztst-Kxuf/8000-001.gns", "ruleSetType": "GCWAK", "ruleSetVersion": "3.0", "ruleId": "920210", "ruleGroup": "920-LDZGTWRB-STIQUZCCKLK", "message": "Tahwngzw/Khpwnleyuij Npqkwifnzx Crwjzk Vtci Blnsq.", "action": "Vqeunlb", "site": "Rviziw", "details": {"message": "Ybitkoc. Tgjymwl xljzn \"\\\\d(aguf-jyoqi|ratoo),\\\\y?(gxfr-vtbzi|urann)\\\\i\" yb LYSBFGZ_ANWBTJN:Aldhuizqap ....", "data": "itvqc, lyvwr", "file": "fefjh/DFFQCOQ-920-VZZPJHRN-JURFILHUIYP.vmgl", "line": "378"}, "hostname": "pjjointfsebbfvah.xmr", "transactionId": "6052842299379960003"}}, {"resourceId": "/BDCMMFNRLNQGG/0F3JU9XZ-6VM5-4Q0V-X452-P032JA8PY133/SRQFBPZFZBPKZU/DHQBGYDAJZYR901/AJYNWUZTG/JJZCBJXRQ.LPRRPSW/MHWNONIHORPWKPQZSSJ/MZBKRSHF901", "operationName": "GcswukhnadkCphohgzLeihahaf", "time": "2020-01-01O11:45:23.8885811S", "category": "RjbypysdppdKtdizjqXvdfkuznWai", "properties": {"instanceId": "SmzjufxpvysKpovellJhpk_YQ_0", "clientIp": "171.113.242.174", "clientPort": "0", "requestUri": "/-/zqodb/Atxrxon-Biylglyf/Ydoulj/AHK/Ifugcxnf/TVQH-Youlhsqj/Kbxvhwvcp-Vxrjspyjlantl/Aduxhrns-Khyx/8000-001.jsz", "ruleSetType": "LCGCE", "ruleSetVersion": "3.0", "ruleId": "920300", "ruleGroup": "920-SBMVDFAY-AXIVIMVHNYF", "message": "Kywvnye Wkfglzx pi Gxradk Trcfna", "action": "Zdmqnar", "site": "Ihedra", "details": {"message": "Khtsfqu. Kokjc hx \"zz FbsxiCawEem Jvrjalj\" hnecpjk \"XJXOOZY_KQMWAGB:Nfjk-Khrcn\" chivevjo.", "data": "", "file": "dqauq/DIZPWEG-920-USFIPXEV-WXXSTVKBXHF.gsdi", "line": "1247"}, "hostname": "ctsjodccijstkrpd.xpj", "transactionId": "6052842299379960003"}}, {"resourceId": "/HGMQSAOSOOMWE/0N3EK9ST-6GS5-4S0V-I452-N032OK8MA133/BTHHKLRGDVSVET/ZBEKTYRYUEAW901/RAAXWKGCK/TSPOKPKUM.ISWUYWF/EZGYDOKWULVWEKNCEUO/LPXUGVMU901", "operationName": "EesybzuzngzTwxubjtKpnapvyn", "time": "2020-01-01B11:45:23.8885811P", "category": "KrkhrnvhmfoIunkdpbSzpyfqxgZsk", "properties": {"instanceId": "NrxrmtonjugVpeqrlrDyhh_TL_0", "clientIp": "171.113.242.174", "clientPort": "0", "requestUri": "/-/hmvxj/Xlwhsqr-Rgdfwzhg/Gglkku/ZOX/Yzfmlogf/TPKD-Duxxkqzz/Dtnwgzyoq-Utnbqmcorxcik/Enfmgkof-Gfem/8000-001.afb", "ruleSetType": "ANBHI", "ruleSetVersion": "3.0", "ruleId": "0", "ruleGroup": "Nxatgrq", "message": "Nyqpvmzkv waxv. Tsulcd pi leednraa. Rhzgjgw Lcwkltr Qwcvs Mqqjmrwo (Hbhpm Ahbmw: 5)", "action": "Sciknhl", "site": "Jofquf", "details": {"message": "Maijou pmaxuf tpgn shmb 403 (ijuou 2). Thtbckag RG wwghmwb 5 cz NO:bdpwjow_mkbta.", "data": "", "file": "vqhht/PUNKXMB-949-EODLPDGC-VNBQRTGQKK.mrsw", "line": "57"}, "hostname": "dybvfefgunizioot.hit", "transactionId": "6052842299379960003"}}, {"resourceId": "/YBPQNEGNELZRH/0Y3TG9OX-6IS5-4N0V-H452-I032WO8TU133/ENHGWEMQXXFNHT/NZYDTYCYELYX901/ZLIKCLCIH/KAKLREUHX.AGJIYPU/WKKJSDDGMSYKHJVYRDF/YRNKGAKK901", "operationName": "BfgdpaeoucoJuzyefuMkemngxc", "time": "2020-01-01Q11:45:23.8885811G", "category": "WuasyoxolecNwhvellPlgxytinBby", "properties": {"instanceId": "KjruwkbyutlDgcnflfFapx_SJ_0", "clientIp": "171.113.242.174", "clientPort": "0", "requestUri": "/-/otjfq/Dthzurx-Imycjrrx/Eypwyn/QIM/Oevtecwg/AANU-Ubqulswj/Pxopuprhb-Zilldwuxvrtls/Nuoazeyw-Vogr/8000-001.tqy", "ruleSetType": "ULFTL", "ruleSetVersion": "3.0", "ruleId": "0", "ruleGroup": "Eprikjv", "message": "Frquwwtma ugzq. Kspxlo oy egvccgpm. Qiyyvbw Hxsfmtq Updsn Cfeafets (Hylcs Zvjigkg Btjoc: 5 - UXTG=0,EPU=0,BOK=0,UKG=0,KQV=0,DFTS=0,IWID=0,MAKB=0): Xuhrxju Pxjwpkp uf Odqzah Wxyjbz", "action": "Dbaaijv", "site": "Hbworo", "details": {"message": "Botztpk. Ghmgrfwi UI btyexnt 5 tm HK:fcjjfki_mbywpfh_yzjbb.", "data": "", "file": "ynosy/VSWQCBDZ-980-MBPGRQDXXXA.scru", "line": "73"}, "hostname": "wgkxhzyvlugofsqf.uth", "transactionId": "6052842299379960003"}}, {"resourceId": "/VBDEQKTSZLGFG/0I3HL9GR-6OT5-4R0K-F452-V032KX8PV133/SQHCCYTMDIAIBE/IRDDIJAOLVNL901/HGCAVTISQ/EQMUTAZZA.XXHSSIQ/WLFWEHUJUESEGCBGLQK/YWNNCDRS901", "operationName": "WwhdvejreszColjmdvHlkfdnxj", "time": "2020-01-01F11:48:15.5001402G", "category": "WlwzenwwethRdahpyhJeamijsuBzw", "properties": {"instanceId": "VjcudonbkfiDnehcrvSbut_XR_0", "clientIp": "46.229.161.131", "clientPort": "0", "requestUri": "/jsbxwe", "ruleSetType": "XMUJA", "ruleSetVersion": "3.0", "ruleId": "920300", "ruleGroup": "920-CMPQMDRT-OAOMVJPCIUR", "message": "Dnarvyn Zozzfvo er Mqugjg Txvykk", "action": "Rrqnkyy", "site": "Axvdqn", "details": {"message": "Sbsfppl. Kjbzq tt \"bd LgvqkRttYck Mllwdgo\" gphufyq \"ZBXPAIV_BIQNSNB:Ihzd-Yujlk\" uatgxobr.", "data": "", "file": "xdbjd/XZTAWTI-920-LBFCMOEG-CTKQFXZUHBF.ifzb", "line": "1247"}, "hostname": "jrglqhvzgqvxklab.xaj", "transactionId": "17726176931570802648"}}, {"resourceId": "/ALHFMWOWKSWXW/0U3VC9MZ-6ZI5-4J0F-F452-Y032PQ8MH133/NBHLRVVCBOLSXG/NTKCKAIKFVPL901/KMJWFIRYJ/EBVDPNAHG.IQYZISN/MTDUTHIWUGXWQUYATIY/KTPXLHLK901", "operationName": "GhjpfgrisdrSjfadggXjfazfvy", "time": "2020-01-01I11:48:15.5782211H", "category": "IlxnuoheykfCpukmbgBmujnfdjMph", "properties": {"instanceId": "CqdputpqxqyBwbhgjpVupl_UT_0", "clientIp": "46.229.161.131", "clientPort": "0", "requestUri": "/kiztjz-lxmlehvwvrgy", "ruleSetType": "UZNBZ", "ruleSetVersion": "3.0", "ruleId": "920300", "ruleGroup": "920-FNJQZZAW-VYTDNVVVQLW", "message": "Iqhgjur Nrhcgzx rt Epjida Jmeomp", "action": "Rphebsy", "site": "Hoitpz", "details": {"message": "Bvprjld. Owfhz dd \"uu YkxejStmSqr Uipbdti\" jroeeja \"UQBJCLY_STJJGPG:Pcny-Kisqr\" acghgkqu.", "data": "", "file": "omipk/CAWYCGO-920-EEKWMDDH-XLKMOVNQHPH.plgz", "line": "1247"}, "hostname": "zleppgowqgovcqpa.ebs", "transactionId": "17726176931570802650"}}, {"resourceId": "/YSCLLLTDLBGTI/0P3OK9UW-6AW5-4H0R-M452-A032YW8LD133/DOPTBZJBACHMWW/CZTOERKQJWJQ901/MVMGYJGZW/NNLUEIQQL.BFGRAPY/BTVFAYVGTKIQDAALYZX/IUYOKEBM901", "operationName": "MciobxxybrxSjgoskrCnwubocg", "time": "2020-01-01Y11:48:15.6563900S", "category": "GmmzwovbvsxBvhbkumVdjmguctQkc", "properties": {"instanceId": "YagaxycmofzPfjtlpzXxtv_MK_0", "clientIp": "46.229.161.131", "clientPort": "0", "requestUri": "/nnrzyt-plsmxeryzjnu", "ruleSetType": "PNYNM", "ruleSetVersion": "3.0", "ruleId": "920300", "ruleGroup": "920-TCIMFNYW-NUPBXLPTNBX", "message": "Fqypxhb Qlgukve uk Epfawm Pbposi", "action": "Sqbktwv", "site": "Lxpclv", "details": {"message": "Uozzsip. Jypns da \"id CtfufZmiQje Mdejtqf\" yyxpwgm \"DTBBLTP_JQCTSSY:Lvmj-Wtsif\" zbndscnr.", "data": "", "file": "jmcag/BTFVXTK-920-VTFKQPKZ-MKIMYMSSPRY.jpsc", "line": "1247"}, "hostname": "mivnaoodtidbwsih.klk", "transactionId": "17726176931570802652"}}, {"resourceId": "/FDSPPCFIDJDHQ/0T3ES9SU-6VX5-4Y0G-D452-O032VC8JC133/VCQDIYTBIGVNTB/OWAUFPPOQVEB901/LEZZKHPJX/FJIXWFJGB.XMQDIXS/HQFOOAGLOUKSFFGTTSX/JTWUTVBQ901", "operationName": "HwruegcvebgHfhzuyjPkdqtsvx", "time": "2020-01-01N11:48:17.4893626J", "category": "PavxqanpcwsAdwschwOqpzimxaAfy", "properties": {"instanceId": "UyhpnvilmwbDvobhpnWxfl_BZ_0", "clientIp": "171.113.242.174", "clientPort": "0", "requestUri": "/-/tymtf/Xcqgoxt-Ywruvopt/E4LUI-Kyxfbuqrjcgn/Verckgk-Vfutitscxacl/XHB/iribu-stpuxkf-vwoluoij.khfi?hu=ol&qxls=JN4G271A52F0P636S99ZG9IU2U676G333W437032", "ruleSetType": "AMUZG", "ruleSetVersion": "3.0", "ruleId": "920210", "ruleGroup": "920-AIYXEIZP-SXBZILBEWGP", "message": "Hwrbjdeu/Olcuhmiaqwm Oegkaadjsi Eqezmt Lfmi Lirbo.", "action": "Yllgwsp", "site": "Vrtrsc", "details": {"message": "Shshegh. Zefouay bxqiu \"\\\\t(vppc-cunnx|ibuyy),\\\\d?(ubky-neefs|lqtil)\\\\j\" mj WIUPIZW_DCPXJVX:Pizbyvdecu ....", "data": "umrly, imdwa", "file": "oxbwf/ZTICVTM-920-HXKUZGEW-BVATOOCPPZR.usho", "line": "378"}, "hostname": "azgeztzkzgspgkev.xzu", "transactionId": "17726176931570802654"}}, {"resourceId": "/HAGKXYFZWEEPA/0O3XS9OU-6LT5-4G0C-L452-G032EV8HH133/INHESJEAKBTFHP/HMWQCEILEZSR901/NBRMVIJNQ/WCTZUOGTL.HJNNKLV/MCVDGOONQLTHNVOTJCT/ZRVQGZIK901", "operationName": "EyusjqsoxvlBdvrdsfAuugygyv", "time": "2020-01-01H11:48:17.4893626D", "category": "RumevhmedhuZmlbuwmSfpnpscaNca", "properties": {"instanceId": "VgqsygrarlhPldchvdXdpt_YH_0", "clientIp": "171.113.242.174", "clientPort": "0", "requestUri": "/-/xzosy/Hcvycje-Sbvhtajz/I4EUC-Awailcttlavi/Mxtunon-Badftzwwbxzz/FBP/hlsok-jhozxch-uxkycgty.vmxc?zg=br&wyxi=QE4O271Q52G0I636X99ND9HQ2O676V333Q437032", "ruleSetType": "URDUN", "ruleSetVersion": "3.0", "ruleId": "920300", "ruleGroup": "920-DPKVKTHI-BVZFTZSBIUG", "message": "Frxsccv Seylbeo uq Taznzw Wjtxas", "action": "Ehfvafy", "site": "Comdle", "details": {"message": "Ovdzzwb. Gxdys zo \"rc PnjwfIjrEof Rpedwzo\" udkvxiw \"KRLKQQK_YWKSTCP:Ence-Csqhd\" xcovebao.", "data": "", "file": "nkvtq/PKFNNAB-920-HCUDXNMH-WQPUUTVYSVZ.duub", "line": "1247"}, "hostname": "hleoujyxdvvpzmfm.glp", "transactionId": "17726176931570802654"}}, {"resourceId": "/PMUHGPLAENAEU/0L3BQ9XW-6GO5-4U0I-P452-W032JR8NW133/FPMPOZRTMKQNNG/DWEWBMAJFGXM901/IMKIBABJF/TJYJRGVLE.OGREXSR/LFYSPMQYNJOEMPQYHLC/MXAPLVYB901", "operationName": "KvydlsblvmfSeosoimMqhfhpxc", "time": "2020-01-01D11:48:17.4893626T", "category": "YempfgjhspfOcbjmjsTleqptsgRck", "properties": {"instanceId": "HjvrymwulzoZjxtdrzIpfq_OG_0", "clientIp": "171.113.242.174", "clientPort": "0", "requestUri": "/-/xkbjl/Sqfzzqq-Yodrfflp/L4OZC-Jkgzsagakqyz/Kogjvsu-Ioztgytvqetd/VUM/oymsi-gdlxrfz-otnwxkju.qqlv?jp=cg&lhef=SN4F271O52A0H636Q99CW9TY2Q676O333K437032", "ruleSetType": "WBMPC", "ruleSetVersion": "3.0", "ruleId": "0", "ruleGroup": "Smrdlmh", "message": "Ynizspfgf okuz. Tciiyc kt uzfeqqvs. Nieuals Rdqiepn Dfxkp Skwnuffm (Wukij Bxkek: 5)", "action": "Zjlarsr", "site": "Vrtomz", "details": {"message": "Yazsmp xlsuji hekj umoc 403 (uiwkv 2). Fjmhpuas XZ eivisfa 5 lz FN:qzsfnir_vwfvk.", "data": "", "file": "ljogx/JABBSEV-949-QNLIOXSE-LFNPYEHYBF.iepy", "line": "57"}, "hostname": "douwnhffrvqpogid.vqu", "transactionId": "17726176931570802654"}}, {"resourceId": "/OYNFEDLULFXGE/0J3ZG9RI-6AF5-4G0D-K452-T032UZ8YI133/EUOIOXHCZZWCGB/LSKNFODFYFKS901/WYURLIHFK/SPGYFTGKZ.GNHLXDE/UDMDGXSEVROWTMCDVLW/AUYFQYTM901", "operationName": "OcmvjmkmcerLyhxiikAdzkohmt", "time": "2020-01-01Y11:48:17.4893626E", "category": "DjsxaiqmgkgRcfyauwTemfldcuFal", "properties": {"instanceId": "ErazpvukmswZuujptuUkon_MY_0", "clientIp": "171.113.242.174", "clientPort": "0", "requestUri": "/-/ohhsy/Xcuswwa-Vlsxqefc/M4GBP-Jyfdjuwxpzma/Qvlnbss-Yivtocgkhjqy/QBB/vgvgc-fvljzud-twnlyzua.vppj?qb=lh&xefv=YE4O271B52X0G636H99QJ9KN2W676N333Q437032", "ruleSetType": "UJBNZ", "ruleSetVersion": "3.0", "ruleId": "0", "ruleGroup": "Hmqqpjx", "message": "Erbybgppz ozxn. Iygtsi iu qfwwniom. Fjfgika Mkhfmwq Dzepg Sboivolv (Wameg Qljczhu Xtehx: 5 - ZJJG=0,JTG=0,AOY=0,VTQ=0,MXG=0,IKZJ=0,YHKR=0,TXVF=0): Hhjyvvb Gbadtgt st Bhjwyo Ithftz", "action": "Wbjdufb", "site": "Axdxrv", "details": {"message": "Iwmkjlp. Gmqzbplb DH pnhxpmv 5 uy FL:qhopcrm_ccbpgxj_ialni.", "data": "", "file": "pzekx/FAWULHWG-980-KBEMGPNVSAZ.qqqc", "line": "73"}, "hostname": "dscoeuohrjrmwpjm.uen", "transactionId": "17726176931570802654"}}, {"resourceId": "/WSVLRAYJACTIM/0O3ES9ZB-6NY5-4U0H-X452-V032LT8OW133/MZTWGMMOIVJEFC/WEVAPUETXBUI901/BDIPNVQPC/DFQDQVVBQ.CSRAXZP/LBYMXYUJXGYRMAXPRUZ/CKPMXJDP901", "operationName": "TixfcjeuxieKhikppeVlnfhsta", "time": "2020-01-01F11:49:07.6635993M", "category": "SvbvjiyimshAqdcokcXrnuspjqMcj", "properties": {"instanceId": "OwecoirpkpbCfnvpjgGpva_BJ_0", "clientIp": "104.131.15.13", "clientPort": "0", "requestUri": "/zkhyflm/", "ruleSetType": "MCSDS", "ruleSetVersion": "3.0", "ruleId": "920320", "ruleGroup": "920-UFGUYJBU-OPIICEJACGQ", "message": "Akctyhp Khqd Vmaqe Xrnsgk", "action": "Smwyjwq", "site": "Hoqdsm", "details": {"message": "Lrgijkz. Iwqzvcji ZF rpahblx 0 uj HFFMTYH_FIDFOHN.", "data": "", "file": "jnmhz/VTKASGY-920-WXJXJOEI-WHBZEJIQWTJ.lpwh", "line": "1310"}, "hostname": "yvdwxlrztbkezsin.nbb", "transactionId": "13258597305126236137"}}, {"resourceId": "/VGQMISMVFKAAW/0K3PT9KH-6SL5-4Z0D-Y452-B032PS8GU133/BZYZVWQHYUSQBX/BQHHMYLGAMAL901/CCRPCPOPI/PFWTWHTLN.FFFQVZS/KATQOHKGYHKHYVPHNPD/HSDQHYTR901", "operationName": "IsugeatigdpQmlxautAsyrzpxf", "time": "2020-01-01P11:50:10.5954915Q", "category": "NvtefrmlbetTcoabszXqizceazJpp", "properties": {"instanceId": "OxkxaobuuwlMkvrxpkExmn_LL_0", "clientIp": "23.96.59.35", "clientPort": "0", "requestUri": "/404", "ruleSetType": "HXYYZ", "ruleSetVersion": "3.0", "ruleId": "920320", "ruleGroup": "920-XPIVDICV-JQUDNFHVCVX", "message": "Prieytc Hynz Nlwkx Fnwygd", "action": "Yxwytxo", "site": "Oqkzth", "details": {"message": "Gxagyst. Uiyjiuse FO inenyqs 0 mg PVDYOVV_WLJTBIY.", "data": "", "file": "bgvmq/DYTKROM-920-BIXQZJWB-MYNKSRUAJLW.ykkz", "line": "1310"}, "hostname": "qpdmjncelvflykum.fwu", "transactionId": "5692554329190317737"}}, {"resourceId": "/GRKPFZLKBKIIH/0I3YE9WN-6MM5-4X0H-X452-R032PN8CR133/DZBXBWYREOTYTZ/ZQPOTGYXPCNS901/ETESVJKFF/PBPBSUMBA.VICNTPB/JUSRKRIIBFOPEWJRMCX/ZVUEAKDH901", "operationName": "VbkgsrlbcqjCyvfbduHajlpitc", "time": "2020-01-01H11:50:10.6736155D", "category": "OhewmsehdbfKkplrjtOengnkddXkt", "properties": {"instanceId": "XefbmdmqngzNxpoaczByxl_ZV_0", "clientIp": "23.96.59.35", "clientPort": "0", "requestUri": "/404", "ruleSetType": "AHDOF", "ruleSetVersion": "3.0", "ruleId": "920320", "ruleGroup": "920-NNWPXRJU-BUCELYHNWWV", "message": "Wqutpsx Octn Klkbq Birulx", "action": "Jefvdck", "site": "Oqzjbq", "details": {"message": "Fvecaxt. Hdlapauc AR gteskkt 0 em HFKQLZO_VWWBNTD.", "data": "", "file": "xjfut/LJERLNW-920-DLUDFDYQ-VJKCZPRRYWC.zsst", "line": "1310"}, "hostname": "aakzjdqhqqhxdihk.gsh", "transactionId": "1513209476943979248"}}, {"resourceId": "/JMRCDDKNCUMCC/0W3WV9HP-6TY5-4U0P-E452-K032OX8BY133/OHGYZIIYSDIMWN/WXSHTWXBUXJG901/EXVSFSCVU/FXGPHMBKD.BNOZMOF/RXGUWJWKGATYQLTTSBD/WIXHNETM901", "operationName": "SnhmyklijphQtgkyunPwzurygc", "time": "2020-01-01F11:51:44.8627660I", "category": "UmqvjsxmgtdQqziirdQbthbsfbGmw", "properties": {"instanceId": "WkhsfkvcugvVektbrwHqya_MG_0", "clientIp": "171.113.242.174", "clientPort": "0", "requestUri": "/-/siutx/Trqwjim-Zeilxoei/Jkfrix/YPH/Pzfbyodh/Koycqqxmjvvd-hvl-Bgqemed/Hivjkk-Zkddvvssjfrj-jtz-Apepxwhdb-Vpydxypc.cooe?jj=wt&letj=8O560122354508HP982161S7H48176J8LBI3772O", "ruleSetType": "CEIAU", "ruleSetVersion": "3.0", "ruleId": "920210", "ruleGroup": "920-LVXDBMSZ-VIKVVRKAVRA", "message": "Yiecexhh/Eqjngjfgtrl Hsytsgcdig Kggjfn Uyar Dersa.", "action": "Xrqeeko", "site": "Esirnu", "details": {"message": "Qxbvtwh. Ydvdssp qbmxk \"\\\\q(xyry-qfogi|sblyg),\\\\p?(iwjh-fbnfi|wqxfc)\\\\k\" ed STISGHH_CSXOFAY:Smubzfqpyx ....", "data": "zqkbh, sepzz", "file": "syewu/BWEFTIW-920-DKSLZICC-SISGKOFVPBI.eaza", "line": "378"}, "hostname": "efuyovndiduaflvk.yih", "transactionId": "14483576403771025214"}}, {"resourceId": "/JONXFOCFLPKSG/0P3TM9JL-6NT5-4K0Z-S452-F032JG8ZY133/FUZQXYVYHLGQIE/ZYKVPDAYIUMG901/BITHFLWON/PKVHHMWYA.TGQHXIB/PQBJGVBLCSSBNHPJVGT/YERGIHQY901", "operationName": "WidbqtmhticSfigkdrQygvxcud", "time": "2020-01-01A11:51:44.8627660V", "category": "DjviappebywOrzfxdoQgcqnxuvXmy", "properties": {"instanceId": "OnyyorbmqfxZqeqjwjHwqz_LG_0", "clientIp": "171.113.242.174", "clientPort": "0", "requestUri": "/-/xhewy/Jxevmlt-Mmdskyei/Ygkgqd/RPB/Yraqvkfb/Xhhvwqghwmgh-mky-Bnxkwsd/Gnbxak-Zcyvqadtxamt-dyk-Wufyzqhxf-Pyiysjyk.hdld?yi=ve&zdho=8L560122354508XE982161V7K48176W8BMW3772V", "ruleSetType": "WUPVV", "ruleSetVersion": "3.0", "ruleId": "920300", "ruleGroup": "920-INCVGDBS-TPMPHHIKQLX", "message": "Cneahqc Qwjoqkb sh Bdjkxe Csmprn", "action": "Dhbdqsj", "site": "Oqmelt", "details": {"message": "Abzsnee. Cljou rk \"fn CyddnTogOrd Dvepafa\" bplegdu \"ITUMSYP_MMYFSTH:Zuoa-Nnuhm\" zccxloqq.", "data": "", "file": "lgjxy/CCTOFHF-920-VTLUYVWX-BAGLSZLZVVK.jxit", "line": "1247"}, "hostname": "yhythxsbbveilawv.juo", "transactionId": "14483576403771025214"}}, {"resourceId": "/BWZESGBNRVSHW/0R3KD9KZ-6QS5-4D0J-H452-W032JR8WX133/CQXZZOVYAHDBJZ/BNRVWXCKVYDT901/HPSNMZZSE/FRGPZIBPB.RNMKGKU/CIRCEUODKPPZWRAFNAZ/EYFOBFSG901", "operationName": "WsiccrdexbvAdrpbupLmdfbqte", "time": "2020-01-01U11:51:44.8627660S", "category": "FyjgrhlzgylTcgvepfDtuqlexxWgk", "properties": {"instanceId": "JwmguokmthqNszyefgHxgc_PE_0", "clientIp": "171.113.242.174", "clientPort": "0", "requestUri": "/-/pnjji/Nbauyju-Zhjdtqsa/Bdhwjv/LYK/Ixzwopdq/Bhaqmrcvgusp-wou-Isfgjtj/Dqchdd-Bknmfzwoelqp-wfs-Eputgaubi-Abukdayn.dkxb?et=wq&yolv=8R560122354508OB982161N7I48176H8AJK3772A", "ruleSetType": "ZDTCT", "ruleSetVersion": "3.0", "ruleId": "0", "ruleGroup": "Ojdjxgd", "message": "Jfpaqgzts aqyh. Zexzvk tl mefbrnhr. Nwtiasj Soijsew Isbch Pghsvkof (Uqcqc Olexk: 5)", "action": "Lhkyhll", "site": "Vofjbd", "details": {"message": "Kznpul ozkqwy dowk tzha 403 (wvrtk 2). Iusncwzc XA anjxjbs 5 kk HT:ggkjpgf_tubim.", "data": "", "file": "nfyzn/DUGOSKB-949-XJQUCNIN-PNEBQDHSZD.sspd", "line": "57"}, "hostname": "lxjwveavcmrdxtfh.hjp", "transactionId": "14483576403771025214"}}, {"resourceId": "/FWWNLYUEWSZLU/0B3LD9JE-6LM5-4W0N-S452-E032HL8MV133/ZOIZHEKYCDEWMP/LAWZXWNIQCNQ901/AKHQRBVAM/PZJNRDIBK.VIZQEGS/TAYUEJNMEACUKRHFBDX/SFQIKOSA901", "operationName": "BviqkogdytqNvjprmqVybqhxrz", "time": "2020-01-01E11:51:44.8627660H", "category": "NfdtdipjnxkRlpojcfTlevqjojAdd", "properties": {"instanceId": "JuxpruypajoNpgwjmiHwbg_WB_0", "clientIp": "171.113.242.174", "clientPort": "0", "requestUri": "/-/xbkpp/Smaosvs-Evvwfqha/Mwonhz/MYU/Dxkttsyl/Mjxopnerjqap-qyp-Hwpedcd/Mjyjiv-Kzgytftegbey-nrp-Evswazeis-Cakjfhxj.xlyy?oe=hz&vtov=8G560122354508YC982161Z7B48176J8MQW3772S", "ruleSetType": "KOPYX", "ruleSetVersion": "3.0", "ruleId": "0", "ruleGroup": "Qfvijyg", "message": "Rgbpxmgle lqtw. Xyllhd mi alpulpbj. Wtlfyob Rzqcxea Kxmkt Hfrgrsfa (Owers Wwlxoft Fpvvq: 5 - MSSL=0,LWO=0,LPG=0,DDY=0,MMW=0,RKFW=0,OLOF=0,COYD=0): Ckoyjia Bchbfax lu Rnotzp Vjehjw", "action": "Uvldlnq", "site": "Ewciot", "details": {"message": "Dbjyjfa. Bggcikrh PU zjdgyjw 5 xd FG:avmwyhm_raiggsz_xvlit.", "data": "", "file": "jpawy/MRPQYOTY-980-HHSMABHQREG.zlls", "line": "73"}, "hostname": "ieqlcpsxzfkmxkpu.dkg", "transactionId": "14483576403771025214"}}, {"resourceId": "/ZJZJUWFGGRSCC/0E3WY9JZ-6YR5-4F0X-U452-Z032KC8QG133/NUTAQHYNWMYRAY/BAOBKWNBZHWY901/YSHCENUHK/DCAEBQACI.ZVKHSYA/IIQDTKTVQHRBEWGUPJN/QWQOKGCU901", "operationName": "HmjbnvjytayBrgsyuaLguxpwqq", "time": "2020-01-01K11:52:21.3008543Q", "category": "BwqdfkfzpxkCounxghCfmsxoufZjo", "properties": {"instanceId": "WzasrloxtzoJigtxhnUxnk_AB_0", "clientIp": "54.36.108.120", "clientPort": "0", "requestUri": "/", "ruleSetType": "HOVPB", "ruleSetVersion": "3.0", "ruleId": "913101", "ruleGroup": "913-CNCLDWM-EHGCPPJGQ", "message": "Wkzjx Bvbm-Kyhxq djyjrabdhw jtkd ezjkwkuxy/ykyklto WYAJ ehasha", "action": "Rcbgccy", "site": "Colxxy", "details": {"message": "Lkoqlvr. Kdjxdfu kiepgh \"zwhfco-bhclxmdc ...\" be YWGNIMI_YMIJXYZ:Gqpb-Qulub.", "data": "Yifdzpp Xeyp: kdnsvw-lkaqwmzl wzyrj ftcnnr EIRYCCK_WINOCUA:Wdgz-Bqfqz: iubmya-cvjwbtvq/2.22.0", "file": "aaxhg/AFSCLKA-913-XXSBFKU-KUJQKGPSI.pykl", "line": "156"}, "hostname": "kvqdzkaihtmwdkta.rfx", "transactionId": "11096869483988395993"}}, {"resourceId": "/YKRLEZLWFUZGQ/0I3JQ9NS-6FR5-4P0U-F452-I032YG8IS133/OPYGDOGTPILSIQ/IQUKCPOWYVVY901/QEYGPEKSD/ETYJDPJAD.LTDLVKL/BUZJXNMXBWZZDLRKDSV/EGPXHKDH901", "operationName": "VyfasjnwpvgRqdkztmTbupjuqh", "time": "2020-01-01R11:52:21.3022636R", "category": "FntsdomqtswPrkzipjSlchdwrfQvb", "properties": {"instanceId": "IcqbkwbnyhkCwbxxrbUqzi_OK_0", "clientIp": "54.36.108.120", "clientPort": "0", "requestUri": "/", "ruleSetType": "HRPOY", "ruleSetVersion": "3.0", "ruleId": "0", "ruleGroup": "Bobsqwh", "message": "Ypcfvdlwj jdaj. Iwyhmq fl tyetzeyt. Sdszjtz Odygejv Qjfzf Ndybhmzh (Htbvr Ifkfr: 5)", "action": "Midtzfs", "site": "Kedori", "details": {"message": "Huiqxa qgstqp hqmu eqgw 403 (ckjva 2). Yvcpydtk EQ scpmcig 5 cv JQ:oxbicbg_ysufh.", "data": "", "file": "ybcau/PBDXWCY-949-UZLOSCRX-NLTSGCIMAC.muhb", "line": "57"}, "hostname": "ntjvqmbflzgzwapy.qbu", "transactionId": "11096869483988395993"}}, {"resourceId": "/OGPNUFNCYOMPG/0X3LJ9AL-6GJ5-4Y0P-H452-X032HC8IO133/XAFFBYSNDMWDRI/WKRVIMHAVEFF901/NIPDAZFWQ/RFEIYTGSE.EJBIPYF/THCNJQYVRRWEOXMUXMV/LTNVINZA901", "operationName": "QwivuhshxggHjxlueaIrnpdqxf", "time": "2020-01-01V11:52:21.3022636I", "category": "QrtpmskvmwvJlfxynlMfltiybjNei", "properties": {"instanceId": "EmhnaudfyevCtdrjysSgma_NS_0", "clientIp": "54.36.108.120", "clientPort": "0", "requestUri": "/", "ruleSetType": "QFGGX", "ruleSetVersion": "3.0", "ruleId": "0", "ruleGroup": "Kybcitv", "message": "Jsjisdlnt aqhk. Rjsfjd vv yyuxsghs. Jcwsvie Wypsnww Iydmb Ozgsprgz (Yjobq Utceqbx Tocps: 5 - TJZC=0,TGO=0,DWD=0,IRY=0,HOJ=0,DPMT=0,YXRM=0,GNXT=0): Crfes Kemn-Iautn wparplxmqo gaas zolgkmzsn/trfwlcs VFAH zpfmsm", "action": "Mhairfh", "site": "Vwysbr", "details": {"message": "Gvezxcx. Wjqluytv QB uhigpbb 5 si BL:epcwhws_isfhpyf_ynglg.", "data": "", "file": "mpaym/FFXSFFYO-980-TTXKITXZZMR.defd", "line": "73"}, "hostname": "etgtifnvaduilckk.wih", "transactionId": "11096869483988395993"}}, {"resourceId": "/NQIVKXPNHJIBD/0I3NY9SJ-6OS5-4D0P-U452-U032ZU8AS133/BQJVRYLLNHFONO/TVICOSXTIWSL901/KPEPBWGVK/KFWXZIKWZ.HRLYVYF/QDGPMOBRJJJMHLKAEZN/ZSKKAAYK901", "operationName": "DsvzeawacxgLndanfqVdltpqxf", "time": "2020-01-01P11:57:30.9998808D", "category": "IbixjfhupxbUlznrbcLwotdmwaZak", "properties": {"instanceId": "JdjmyeklpvpJmmrcemHzxv_QX_0", "clientIp": "162.210.196.98", "clientPort": "0", "requestUri": "/xvhpxd.mmo", "ruleSetType": "UUWDV", "ruleSetVersion": "3.0", "ruleId": "913102", "ruleGroup": "913-GSGVCUX-IACQIZOQL", "message": "Jajxh Akii-Yxlkh ddmmngnrxl avhm bnd lwvftne/huy", "action": "Qkkffor", "site": "Darmps", "details": {"message": "Nlgiosd. Rsfzqjl upltos \"KN12cvq ...\" pl VFZFPHG_AGETJCT:Nncc-Nagtr.", "data": "Zvndskb Tqgv: UU12ivf yhftj aqerpe OYMKGJJ_FGKORDM:Vjta-Qhvzq: Oxjpnup/5.0 (pskxxksrfp; CS12lha/a1.4.8; ycww://at12grb.dio/)", "file": "bwqpj/WHTHAVQ-913-OOEEGKX-ICBSNYZVV.hkpb", "line": "196"}, "hostname": "qkanwjxwjbjhfycy.lmd", "transactionId": "7061644217864451343"}}, {"resourceId": "/UPIHIOCUVKPLC/0U3WG9TN-6GS5-4J0Q-S452-H032LO8HS133/OFWAMCYQHPWVEW/RGRFYVZZWMHB901/DVFCZUQIE/SFHFROYYF.EVJKASR/FRMXYYMOXMRVKIVKNHV/ORQHWAVP901", "operationName": "NkvijreixxjJoosybzYflznrhu", "time": "2020-01-01H11:57:30.9998808W", "category": "XnqgkprpulyNnvnjscKtzqcnuyEqu", "properties": {"instanceId": "VxxnwmxawyiIoykoceCcgb_SU_0", "clientIp": "162.210.196.98", "clientPort": "0", "requestUri": "/ziwiqf.jhf", "ruleSetType": "JJNWV", "ruleSetVersion": "3.0", "ruleId": "0", "ruleGroup": "Prrwopn", "message": "Otxeowzpc gmay. Fvjumi rq fdagfpmi. Uteuxiy Miwctbt Uuqtz Iteqfimr (Qaqlh Lksns: 5)", "action": "Wdyrrxe", "site": "Edbfxw", "details": {"message": "Bmlojy uwpvwi lvff ktfv 403 (ipdlx 2). Akyycefv XK smjoccs 5 mp MB:fjrvira_qzglo.", "data": "", "file": "optvv/KLFKQJO-949-ZWHNMWPH-RHDDCSYUSA.rtgc", "line": "57"}, "hostname": "zsdzwgeifhvzwtxl.uxr", "transactionId": "7061644217864451343"}}, {"resourceId": "/XVHJNFUYKSITZ/0Z3NF9ZK-6GG5-4G0O-R452-Q032EM8TC133/ZUMPYLIKPTBLLN/YSTJJVNIYGFI901/YLFOPHYGX/EZLVTGFIY.GLFMYYX/GCTCJNPKWQCCIHNZFTT/VUVJKTDB901", "operationName": "MylyexmfppgOpgpzlqOpstrkcv", "time": "2020-01-01A11:57:30.9998808C", "category": "IaraknvuoujTfizoidMyykfxghYto", "properties": {"instanceId": "NfzvfftuwsdQujbifkKxbg_LS_0", "clientIp": "162.210.196.98", "clientPort": "0", "requestUri": "/ckjwny.msu", "ruleSetType": "QNHEX", "ruleSetVersion": "3.0", "ruleId": "0", "ruleGroup": "Wjtndar", "message": "Htshhxbii jhoh. Fwsoxq ug hxjioibt. Ydcccqw Bhmpqwd Gomai Ngwtouuy (Mvdma Oyewckz Vujbu: 5 - BUQL=0,MGZ=0,AQY=0,GTW=0,FYZ=0,SJNY=0,AEOG=0,WGLE=0): Rxntg Cdky-Gbkug nbohpbbiyo xbam cco keinplb/ske", "action": "Djhvnve", "site": "Hedtxe", "details": {"message": "Kxartcn. Prssmxee DS osjubye 5 ie FS:gwolptp_cglamuw_ymvmp.", "data": "", "file": "thalt/ZATCUHXM-980-UEVBFHFZBQJ.zzwo", "line": "73"}, "hostname": "cntuuwptqjbuqbnt.qmo", "transactionId": "7061644217864451343"}}]}