{"logs": [{"resourceId": "/KMGBSSLWJYYEV/0B3UP9XV-6TQ5-4G0L-U452-Q032JZ8MJ133/HLZEWUIREYSGTU/WOIGLVDSUVDV901/HPGQEGSOQ/IKQTGHCUR.VVXRJTR/QUTRQHDFXEYLFDTZRMO/PMWYWYHJ901", "operationName": "QakboteijkhJjqiyxzYckkfppm", "time": "2020-01-02Q02:03:24.7327970V", "category": "CbzhgnjujtfQiokzmsYwmoohvaGfc", "properties": {"instanceId": "LblnlkskawfErfxeqfJjsh_DG_0", "clientIp": "129.146.158.17", "clientPort": "0", "requestUri": "/xytemw.ljd", "ruleSetType": "INVBR", "ruleSetVersion": "3.0", "ruleId": "920300", "ruleGroup": "920-GXIXXDQY-ZEPTSTPZYJR", "message": "Effizag Ocfgevh ls Jjjbeh Ixqvab", "action": "Cwkviux", "site": "Ruxdyo", "details": {"message": "Yhjofoi. Wqisp up \"ho UsypbFwmSum Dgqluwq\" dajrkbo \"HPCEIMZ_OHLWSYL:Inkx-Jaqwh\" plwvjmoy.", "data": "", "file": "bzhgo/IFKEWDW-920-FBHYGZDC-IERLSKVQAPM.dfad", "line": "1247"}, "hostname": "qqhzybkhpduxmacn.tmx", "transactionId": "15492382720302009037"}}, {"resourceId": "/DEDNSVFRQPCEV/0A3TL9UE-6DI5-4Z0S-O452-K032FB8NP133/FIKJYCXPOXMDZC/KYHKIOZQSHVL901/SUVJDKNOW/PKJWZKDDM.KVQRWYL/XGITSTNUGRIICIQIXSF/AFBBEPGV901", "operationName": "FhhbpstzliwPtkvntgIzbpslpf", "time": "2020-01-02Z02:03:25.0403361O", "category": "RyctnppucetNlrwpguVzcfkrfoWgm", "properties": {"instanceId": "DlubgityoqoVqmckhbSiws_AD_0", "clientIp": "129.146.158.17", "clientPort": "0", "requestUri": "/gtlkjo.hmw", "ruleSetType": "BZMMR", "ruleSetVersion": "3.0", "ruleId": "920300", "ruleGroup": "920-VNHJJFJY-CERDMTWVADW", "message": "Vcgnjfr Jgztysd wr Rhaqfk Kgfawb", "action": "Swzwjfa", "site": "Zsczmu", "details": {"message": "Ovphuoi. Pkjjz js \"jh VrqfuCieXbj Woouqry\" juqtlkh \"MSCRMDR_QJWPALM:Kdpb-Bwodl\" fhyajyqu.", "data": "", "file": "zqtht/KVRAXUG-920-LUUHFOIJ-BRQRTLRSBPM.amvb", "line": "1247"}, "hostname": "dwbahkqieddcpanw.kid", "transactionId": "4395513238461110071"}}, {"resourceId": "/NXTCJZFUPEZOV/0Q3BD9CJ-6EV5-4I0P-F452-J032LW8JW133/XYEPMVRLXPZKZW/DYAPPRPPEHSV901/JGTZPSKCA/TXHURVHLN.OFDMCPE/USGTKLWBVHSLNBBMEHY/XPQBIKCF901", "operationName": "FuntnjsvyjpNgbbmipKuillbmx", "time": "2020-01-02R02:03:25.1755941E", "category": "BivijkcmbjxQunnsipBkofafwtMbw", "properties": {"instanceId": "LitratdrtvjHvmyijuGieg_GZ_0", "clientIp": "129.146.158.17", "clientPort": "0", "requestUri": "/bxqad-vo/pbmolufrzv-jsyo/uhfwr-zvesofufw", "ruleSetType": "VGLHW", "ruleSetVersion": "3.0", "ruleId": "920300", "ruleGroup": "920-KNKBUKIB-XHKDJNRCYRJ", "message": "Djjihtk Usjwwdx yk Tpmwix Tueyaw", "action": "Pffisus", "site": "Uvjxds", "details": {"message": "Uwkggfm. Twxkt ik \"mi KsijuGrgPfp Lxfjcbe\" woffpze \"KNIELBP_XPDRYHW:Qasp-Retzl\" hasmeibe.", "data": "", "file": "omgkn/AZUBSKE-920-CHAVHJLD-VXQXPAUEBGE.giew", "line": "1247"}, "hostname": "hlaqmcrubejuiruk.pab", "transactionId": "15492382720302009038"}}, {"resourceId": "/IETQPLKCBDKWJ/0B3GU9TJ-6PM5-4L0Z-J452-U032XM8KN133/TWJDGIKJOZYBSZ/VABBNLHCXDKX901/KHSPNSSVE/ELGZPBCJN.ZPFMMTD/XVHXRXSIEYUKTNMKQDX/XFUFHUFO901", "operationName": "RuxybrvrtivUbzlbctSdjsuftu", "time": "2020-01-02A02:03:25.3137305R", "category": "QiatconpnfjOfabufhJghlzfbvEyx", "properties": {"instanceId": "LevqpqomoisMliobqeKcda_XO_0", "clientIp": "129.146.158.17", "clientPort": "0", "requestUri": "/dftwr-gp/gzkpnmbioy-ehvs/hjwfr-swpfdbpth", "ruleSetType": "FANYR", "ruleSetVersion": "3.0", "ruleId": "920300", "ruleGroup": "920-EYQPGSTY-SALABWGUKUD", "message": "Ukhdmoa Ycvfwsa uv Pijbia Dxlzsc", "action": "Rpddqmw", "site": "Zydejq", "details": {"message": "Hqkqrhh. Aoiss dv \"zo KhhmaIzdNvd Dfgfjlj\" vdinclq \"YFLKSDY_AZCICIW:Vfmw-Bsfpm\" nvhablya.", "data": "", "file": "fpjjk/ARLRRMB-920-IEPGGUDM-UHKXTXVEPZP.xkbm", "line": "1247"}, "hostname": "ugqvugqxgjhodwye.eez", "transactionId": "4395513238461110072"}}, {"resourceId": "/GNZNHOUZCTKKU/0I3EU9YY-6PU5-4G0R-E452-U032MB8KH133/WMKDEOGFXAICVK/XOFNGXBVLLXY901/GERMRVWZO/UJWODBIAO.RYIHJKT/DJMJLPOXGGVYNKHJRPP/RQKGIAZU901", "operationName": "NnhwasicsdzPlvaxpsWxbrkjve", "time": "2020-01-02B02:04:35.7295199K", "category": "EgvseyqmaaoHuwfphuBjxwfotqJyo", "properties": {"instanceId": "UiqhfafgcyzNmxrriwOmwj_PD_0", "clientIp": "116.203.187.215", "clientPort": "0", "requestUri": "/", "ruleSetType": "GEGGN", "ruleSetVersion": "3.0", "ruleId": "920300", "ruleGroup": "920-RWQHEYYH-HBNYMQRYMAF", "message": "Ybilgnb Wkpywtm it Cpknsp Yuxtyd", "action": "Prkzkau", "site": "Bzsoxn", "details": {"message": "Pbtuxhv. Emclm yp \"he MwnxzCptDgj Chifjsg\" wvvergi \"ZZEQLKF_LCINYZY:Qyut-Vpaxe\" fhckkxct.", "data": "", "file": "ylvhp/XCHHTVP-920-FIXKGJIR-VBIKLZKROHI.zlip", "line": "1247"}, "hostname": "wictkfeyvyuqvrix.mc", "transactionId": "7133706209948874674"}}, {"resourceId": "/QNPMUWCWEQXTY/0V3EB9UT-6EU5-4R0H-C452-Y032MW8LY133/MBVPHCDZIPBXBE/IUKTGDKUZCLU901/KKKDYTSJP/BPNCGGCDD.QZAPGJA/BSQAGATUOAHYOAZTJBG/MPNNFDGA901", "operationName": "QwzdgwtpvzkOgksyijZnvryggb", "time": "2020-01-02Q02:06:43.6983596M", "category": "YabanjixxecPkoyetaSsixligbZlu", "properties": {"instanceId": "FnlgfvtlfgxSebrccnXkqz_OK_0", "clientIp": "64.62.252.174", "clientPort": "0", "requestUri": "/znojqnoavjuoplv", "ruleSetType": "IAPJM", "ruleSetVersion": "3.0", "ruleId": "920300", "ruleGroup": "920-JDIFHHAB-ZJZYHPJULVF", "message": "Motahdq Evcxmol gl Swyldv Thwvre", "action": "Hyviytb", "site": "Ascmpp", "details": {"message": "Ajlrqpy. Zyauq fb \"uz IqkupMydQyb Vtbikgh\" jrwdvul \"KWLQFHE_UTEYLSA:Hmim-Xvcwm\" bubgchim.", "data": "", "file": "xqwll/WKZOUBC-920-FCHWLFQO-VZZKGMLWQHJ.wpsu", "line": "1247"}, "hostname": "onbwqeysjqogaqze.nqv", "transactionId": "7133706209948874678"}}, {"resourceId": "/YBZXXFVZWZWSG/0R3WU9LZ-6YR5-4T0G-Y452-Y032YO8TK133/UCBIXPYWSHRPAL/RHGCOYRJFZES901/YKJOMXLIC/UJQVIPITA.IVLUZMU/VHWARSMCQTDXTBXQIFW/BSCOGLLS901", "operationName": "IjzfjgbizqrZbdnaknMgurfkqo", "time": "2020-01-02P02:06:43.8703833H", "category": "LtyfvvkfoldJbothxvIwvchwtwVal", "properties": {"instanceId": "EclfefgykkzShbjxjeKihf_LS_0", "clientIp": "64.62.252.174", "clientPort": "0", "requestUri": "/deltejhxoc-eiaonejm/zgoimgb-yuoacqig", "ruleSetType": "TNEYZ", "ruleSetVersion": "3.0", "ruleId": "920300", "ruleGroup": "920-XLGGWHAD-RVDALDQQYUL", "message": "Jgnozaa Hmtqedc ta Bzvrtp Cfruym", "action": "Ilqpphq", "site": "Cikcgc", "details": {"message": "Icskuzx. Iumin jj \"cd MsmetMngNsc Kwjkvqh\" gksvcxk \"DZCWRBH_UYOLBDG:Gcrs-Lexrb\" sxwlvuks.", "data": "", "file": "nbhoh/TTBVWFG-920-QAEVDIIE-TDXUPJFNUBO.jfpi", "line": "1247"}, "hostname": "rruouffqxdetmpqh.lbd", "transactionId": "7133706209948874680"}}, {"resourceId": "/XIMEWOAXIMLRU/0Z3GN9IB-6ZG5-4G0T-Q452-T032ZF8ZK133/AFMPGFSJNUPYSO/QGFLFYKNDMBM901/VKIRGZSLI/QYLHSHESU.TIOBAWD/STXRBTSGPCBZEDLUFUY/UFGWZEMX901", "operationName": "JttsrpxdjyqQyurqinVebcofee", "time": "2020-01-02R02:06:44.1517024V", "category": "VjyygdfdwbaSuouiwbAjiaebnuBkn", "properties": {"instanceId": "TbvcowdjqdwOncjxnjAetb_MS_0", "clientIp": "64.62.252.174", "clientPort": "0", "requestUri": "/yuladjsryu-fhnehopm/fsryicr-mimrqpjy", "ruleSetType": "TQHCG", "ruleSetVersion": "3.0", "ruleId": "920300", "ruleGroup": "920-AXPKSVMV-ULOEWSPVLAW", "message": "Wntixyh Krdpmpn xi Ngvajo Ajvbwu", "action": "Blbjppy", "site": "Vwedsv", "details": {"message": "Obmfvew. Oplri yk \"mg RdvwcEznQkk Vvvwyck\" qvxvyix \"FATQQQF_ZNNLUXC:Pzhv-Bulwp\" skghvhrb.", "data": "", "file": "cwjzl/HPIZQXR-920-SFLLRFWO-NLIHEQHPZYK.jayv", "line": "1247"}, "hostname": "aepjzxvxtaduywok.nve", "transactionId": "7133706209948874682"}}, {"resourceId": "/XOCJTDPYZJFRY/0H3PU9HG-6ON5-4T0D-Z452-V032WO8KZ133/IRVMXCDXYFYSFT/ZPPMFMANRXLR901/ZLTWSRQBJ/NULWHWQOU.TIOPDUE/GHBRESBHSQAHIQKEPJL/PPOKAEAK901", "operationName": "MvuzsilaaxaSchgybgBagqqcgd", "time": "2020-01-02Y02:07:33.8833284U", "category": "QmrdghpamzxQxulokeNezwurtfNtq", "properties": {"instanceId": "JiiqeygmoafZfqicljYuvs_WF_0", "clientIp": "23.96.59.35", "clientPort": "0", "requestUri": "/404", "ruleSetType": "GOUID", "ruleSetVersion": "3.0", "ruleId": "920320", "ruleGroup": "920-UPDZLFPP-VLCKJJADNVJ", "message": "Pjvhxlj Kojm Jjhhi Workxl", "action": "Qkovuaz", "site": "Zfzlym", "details": {"message": "Qwdlypm. Eqitucba IC wfypnbr 0 jf KTSEHAC_FLFYVCN.", "data": "", "file": "odnqa/POUBBYC-920-APAUGEJW-YEQTEGKWSVB.yedg", "line": "1310"}, "hostname": "mwbsxczyhbppqrbg.zix", "transactionId": "4395513238461110100"}}, {"resourceId": "/EYNGWZWZDOQIT/0B3SM9PN-6MX5-4W0P-X452-A032NQ8CU133/SPLTPCYODORZFH/LHVPNWNAMAZC901/LWGXGMWAP/SUULWKGAQ.YZQYHMH/VFFTEMFYYGCOWZOLXAN/NHKHCSMH901", "operationName": "WbtnzdezlhgWebomfvNzucfyji", "time": "2020-01-02O02:07:33.9614083J", "category": "FljnopwhmtgBnonuxgWkiycnqsExt", "properties": {"instanceId": "TakdruynfqiKlbgkbnSipw_WV_0", "clientIp": "23.96.59.35", "clientPort": "0", "requestUri": "/404", "ruleSetType": "PITZT", "ruleSetVersion": "3.0", "ruleId": "920320", "ruleGroup": "920-QTGELTYS-GGAAOLMJITH", "message": "Efhwawm Wbve Chhsd Mcbxii", "action": "Umlhzur", "site": "Mgtpue", "details": {"message": "Nthtxjw. Dduxuqrn QX iyweoao 0 pz XMJKIOG_IHQXVNP.", "data": "", "file": "cvvkk/MKNCJOJ-920-WCHUZSVZ-YIHGNSXGPYB.lqzm", "line": "1310"}, "hostname": "hodgnxrtzvaehxtw.yyq", "transactionId": "7133706209948874684"}}, {"resourceId": "/GFHKKBLKVTRWO/0N3WU9GF-6AH5-4U0E-Z452-E032XH8TS133/PAWGSFYPUAVQUU/VZZWKPNYOCFW901/CXXHTJWVT/VZIERVWXL.WIOBCLO/XASVURQWSZVMKFFDLIL/IMOXESHZ901", "operationName": "IwiujmkoxzjLjkgongOrtljfmj", "time": "2020-01-02A02:20:23.2478631B", "category": "XzthznnkcdbPrhbckpMyhorquyRtt", "properties": {"instanceId": "OmlukeepafsKhwauhfEazc_VS_0", "clientIp": "23.96.59.35", "clientPort": "0", "requestUri": "/404", "ruleSetType": "WUYCB", "ruleSetVersion": "3.0", "ruleId": "920320", "ruleGroup": "920-LUGIHOCA-JBMCZIYBNCY", "message": "Uedjjsx Gbch Tmcbi Jvlyxu", "action": "Afooeve", "site": "Vodrua", "details": {"message": "Mfegalp. Jhtbkdhk JD hwjtkai 0 sp ZQMCAIW_ZYNGPMM.", "data": "", "file": "pexoy/YIDKVPU-920-ULMLAOIP-YEMLWEHJABW.slvj", "line": "1310"}, "hostname": "lupjnysvqhollydv.gd", "transactionId": "11817445424367679040"}}, {"resourceId": "/ZOIWVLSMXWPCA/0P3OU9ST-6TK5-4U0L-O452-R032PP8UW133/APIIDTPXMETDZZ/JVHJJXGJHRLQ901/RICGDRHTJ/EDFGDKKLE.FNDBSYS/JSTQEKWJFYPTCZZHYPH/DFGHGCIK901", "operationName": "OvymfjcijqhJukqdwuUxmietpu", "time": "2020-01-02R02:20:23.2637682L", "category": "CdgqyqnhecxJrdpyvnGzhrqoqgMjv", "properties": {"instanceId": "PkxbgzykedzCmctmqlLtgt_AV_0", "clientIp": "23.96.59.35", "clientPort": "0", "requestUri": "/404", "ruleSetType": "MFBPD", "ruleSetVersion": "3.0", "ruleId": "920320", "ruleGroup": "920-ZLXCMTGE-IKLKTJLPVSR", "message": "Uzbkojt Qjiw Wjzsz Wzfywo", "action": "Ofysdos", "site": "Laarse", "details": {"message": "Bcgzfxp. Hginnkds JD qozkdqq 0 ip GUOMMHN_RLKAJKZ.", "data": "", "file": "bghiz/VNILQPG-920-HIIYYMKX-OTYFLNBQOTB.kjra", "line": "1310"}, "hostname": "xjjflyyjvmijpuyz.le", "transactionId": "15780617494500231883"}}, {"resourceId": "/NORLWFMDEVSUJ/0A3KK9JI-6JU5-4K0E-P452-N032FP8HJ133/KLWPZHKZZOFARL/YNFVEKPSIGBP901/RWYYJRZOP/GJTEIPHDR.INYKHAF/MMGBQLCLXVGUXLHGCPJ/JTTYEEBB901", "operationName": "VazfqktzumlQxyymnmGcybhmbv", "time": "2020-01-02G02:23:36.2919477F", "category": "SvcunnjujwsHvqkzjuHfcqquimNgv", "properties": {"instanceId": "FqxdwauozjkWjuglooXryk_TG_0", "clientIp": "23.96.59.35", "clientPort": "0", "requestUri": "/404", "ruleSetType": "SHVJI", "ruleSetVersion": "3.0", "ruleId": "920320", "ruleGroup": "920-WCVJSWTO-ZRXRXPQGJUO", "message": "Fdahdhd Agye Lporl Wroqqa", "action": "Ndylfbj", "site": "Qbyobn", "details": {"message": "Awlaejw. Qsydycah JM dyfaqsm 0 of FTVZLPU_QMYJXDC.", "data": "", "file": "yproj/YKBLHHD-920-SYFFEGKE-AQIQXIIULDX.yfds", "line": "1310"}, "hostname": "viupoaskjyamiaqv.nd", "transactionId": "8430738504585060633"}}, {"resourceId": "/IDNYVMGJQNYWW/0Z3PX9TN-6HK5-4P0V-Q452-L032YJ8TA133/ISWSZTJLNVBXUP/JKOQJNILTMVI901/RXDWBPPYU/KCFODOSSC.TZDDCIT/HHUQXUGXNTWBTYAEHRT/HTGPNKYQ901", "operationName": "HdnmvnglcyjYlvnjiwTypunpfu", "time": "2020-01-02G02:23:36.3557957I", "category": "WkkdfudagziQppkfguVqlssfmxTcx", "properties": {"instanceId": "JluomoydyyqXovfahvFqth_GJ_0", "clientIp": "23.96.59.35", "clientPort": "0", "requestUri": "/404", "ruleSetType": "HDWCH", "ruleSetVersion": "3.0", "ruleId": "920320", "ruleGroup": "920-EBVQYGSJ-FHRQLTWNUSO", "message": "Kxfjzzd Zlvf Fawea Kqojqo", "action": "Armxryb", "site": "Zspjmg", "details": {"message": "Xyxjdor. Ulpigzmn BM omeeeti 0 vx JTMRFBU_VZVJYWZ.", "data": "", "file": "xnxsu/VWWMNTG-920-QWMOLGJX-GFULPQXNYLA.opwl", "line": "1310"}, "hostname": "ckwsnfyulqjbdyve.yu", "transactionId": "16285020652765726411"}}, {"resourceId": "/CDLJSMAJQZIFO/0Y3HY9UU-6DW5-4U0I-S452-M032TL8GO133/EJBVFYOMYKGKFT/JZRWDJGQRVVW901/RMBWGFVVQ/IBUJJZDDI.VSPMYZX/RGZMLTXKNEJPPWZTJNX/HOGHYMZA901", "operationName": "DkmxkhqlogxJmkifntStxxaecb", "time": "2020-01-02Q02:27:28.2520570M", "category": "MkqxxqhdergNqmrrtbMxtsbnizQvw", "properties": {"instanceId": "DahubenysjqBeghntrFgbw_YA_0", "clientIp": "129.146.158.17", "clientPort": "0", "requestUri": "/vfmzrh.him", "ruleSetType": "EXFXX", "ruleSetVersion": "3.0", "ruleId": "920300", "ruleGroup": "920-UFABZQFY-IEIPXYXPHPF", "message": "Awikntm Bwwieji lp Vhemqo Jpsrgd", "action": "Wbepkna", "site": "Abqmwm", "details": {"message": "Ejclepu. Kgoun vt \"jc RfdfcGtzXdb Mthnacq\" bhkrkya \"AAFJWPV_SVVRWJJ:Vhom-Ficxz\" atbinznb.", "data": "", "file": "lyjig/HRLMKYR-920-EVYQYFFA-RUGMONAJGHG.glqr", "line": "1247"}, "hostname": "nisefvbsoqdzakid.qk", "transactionId": "16285020652765726421"}}, {"resourceId": "/MYGXTJFAOYPUB/0M3MV9QU-6JI5-4G0Z-F452-Z032NC8XG133/TFJKEAPXAEVNRE/NZVQWPOZPBCB901/ZUVQWASZO/RMNXQJVNH.UACHSIN/NFLCDGTKVHDYJHGMBQG/ZIUKBFMR901", "operationName": "YkvtpgbhxyzVeqjtkpVzfnruas", "time": "2020-01-02K02:27:28.5771753R", "category": "RvdqawhkfhgBkwvkbdXsvyghgcZva", "properties": {"instanceId": "IaqdonuayjbEkjlbvaXhfv_GS_0", "clientIp": "129.146.158.17", "clientPort": "0", "requestUri": "/wedlpm.bgq", "ruleSetType": "LZMIB", "ruleSetVersion": "3.0", "ruleId": "920300", "ruleGroup": "920-RMXBVVYO-LAVTJPZVCRN", "message": "Omlogta Xjhcnlz yz Gomtia Ybkzjf", "action": "Jwwvtib", "site": "Imkyub", "details": {"message": "Bunityy. Xuvmw xa \"dk MaujnCgsCti Ukmzrjp\" vlncgkk \"MFYNYVW_ZQHWUHD:Siyt-Yqxyn\" zutxsnhr.", "data": "", "file": "pnvgx/YGHVNZI-920-VHUIWZSW-CUPTJNPEWKQ.mtyo", "line": "1247"}, "hostname": "rxngjlxkuepmqvbi.dm", "transactionId": "4395513238461110141"}}, {"resourceId": "/FGWAODGSVMDWF/0O3YL9IH-6UT5-4O0D-E452-K032WM8KK133/LPJVQDOKXXWAKC/OBDYLSBNUBJI901/CIBWOXVBB/USVVTPCSO.TMZKGCH/TQBBEEPUYRRSCYAIEOT/QVCHQIMJ901", "operationName": "DvefzngcpzvQhqyomkGtaqzevd", "time": "2020-01-02G02:27:28.7178698Q", "category": "QufazzbxyybLyzxbphSnhbxppmEcz", "properties": {"instanceId": "OimjluygeacDsuybvuEuiu_TK_0", "clientIp": "129.146.158.17", "clientPort": "0", "requestUri": "/bmxzqrgm-ixk/hbwfgcb-s6", "ruleSetType": "KFSNT", "ruleSetVersion": "3.0", "ruleId": "920300", "ruleGroup": "920-MIRQHRPX-QYZCGXGFYTQ", "message": "Ihakanu Dcahgpk qq Gvdjqf Ymoxuc", "action": "Twvmcmq", "site": "Ihbeqf", "details": {"message": "Uhlcvwv. Yfddf xp \"ru EemmvOlgIce Dxyyyxo\" bwckiqu \"DATEPDZ_ZNSMQHU:Xvhh-Whizo\" jvybfgng.", "data": "", "file": "wweaf/LSCKKWB-920-MJJAPVVD-NUWYXSXROTN.lgkp", "line": "1247"}, "hostname": "xmjvhpfilynbeyfo.lr", "transactionId": "16285020652765726422"}}, {"resourceId": "/GHYGALKELUGWU/0B3VC9AO-6OT5-4E0O-N452-V032UH8VU133/BQICNGUJCUASAM/KYVCEFFQAFGC901/YITGSMWTK/BPAGFUPNY.KCIJUZM/NMWALFWQDXUJVDGJMTW/WAKWLVTR901", "operationName": "IrgdxrdcyxrBoxlrqnHwjhyiad", "time": "2020-01-02J02:27:28.8428503F", "category": "ByturewbmwcWjnllydTqmtahhqWim", "properties": {"instanceId": "EnfhlpxrbzeAepomumBbok_ZC_0", "clientIp": "129.146.158.17", "clientPort": "0", "requestUri": "/oxseyfgv-myu/wieyyhm-l6", "ruleSetType": "YFEID", "ruleSetVersion": "3.0", "ruleId": "920300", "ruleGroup": "920-HMBGHFLS-MCKMCZLNUUK", "message": "Hklxhpi Pyvhpqx kq Jutugd Ylvllp", "action": "Eopetzw", "site": "Nuwfos", "details": {"message": "Zvvttit. Rkjqc zx \"qj FctxsEheVgr Mtvzisj\" xjvqhmo \"EKDETFN_IXERWHA:Lfgz-Kiosr\" fgkfrocb.", "data": "", "file": "embci/AXHVPNK-920-FZBPDZWA-WLPCCNOKFVL.wbcb", "line": "1247"}, "hostname": "jmogdvgxxxhviqpn.ql", "transactionId": "4395513238461110142"}}, {"resourceId": "/TXMYPBKRYRTLQ/0M3HJ9GJ-6WW5-4W0F-K452-Z032FR8YU133/AKWHYFXYYFPQSK/NNANOXQTDAFQ901/KLJGCFIWW/OQHERWQUC.KNQSMXQ/WXMHWXNMYGIQSHJIFSC/PGPECOST901", "operationName": "HmiswhrxtlaIhcofljJoblyrxx", "time": "2020-01-02E02:27:29.8700929O", "category": "DhtnnurcoerNdikzcbUgfbhwmzYep", "properties": {"instanceId": "KtzpayxfmblJniohtcJujf_JV_0", "clientIp": "129.146.158.17", "clientPort": "0", "requestUri": "/emdrnm.ycy", "ruleSetType": "MQWCA", "ruleSetVersion": "3.0", "ruleId": "920300", "ruleGroup": "920-USRLJOVN-QPOSCQJDAVW", "message": "Wljbaje Zsycvks gv Shphxq Akblgv", "action": "Rgiwbuw", "site": "Wpydra", "details": {"message": "Tdkvbin. Udlxu jh \"gu TlgfrDktOur Tqrodof\" qwpepwp \"PYALKJO_MOIOUIB:Zdjc-Hibgd\" inijmlvg.", "data": "", "file": "erafu/EQBLSVO-920-NLYXEOBI-LUPPYZGUNDW.qiag", "line": "1247"}, "hostname": "jibtddthsanhinvo.op", "transactionId": "10880705497967635206"}}, {"resourceId": "/MYVJAUCJIXCRP/0S3XY9WT-6TZ5-4J0D-V452-M032KY8LQ133/DSHHOSTIKWZBRI/AYXCCLRJAVHB901/QWZOXKHUO/TRVHUNGCH.ZXJKGHV/LXVBCACDLCWNEQZGGLG/HIWKDMLY901", "operationName": "TlwmgosjwkkQihsaxgKaafgisx", "time": "2020-01-02K02:27:30.1670228K", "category": "HtufukmijsxHnxzhxaJjsnidbgMza", "properties": {"instanceId": "YhytvkuqjfqXbvbtsbLdaz_FV_0", "clientIp": "129.146.158.17", "clientPort": "0", "requestUri": "/kjwhgq.ljq", "ruleSetType": "XROAR", "ruleSetVersion": "3.0", "ruleId": "920300", "ruleGroup": "920-FNLMVEQN-WFWYIIIVPWC", "message": "Axhjrqq Bcnlniz uh Sswrvp Jgbpob", "action": "Kekmjmj", "site": "Wwhmfa", "details": {"message": "Ivdevye. Kdrya yu \"sp FvmgwRnlYxv Qjfxsvi\" reddhzz \"PWERMOH_NFQKRBM:Bzpv-Ipblz\" nigfxdwe.", "data": "", "file": "gdzbl/UBCICGQ-920-GCEDTJVY-JLGYVDGTXPG.thzy", "line": "1247"}, "hostname": "ixxyzbsjubpfjcsa.jd", "transactionId": "1585267070981905547"}}, {"resourceId": "/UBPVWFKSFPQWC/0H3NY9TM-6XX5-4F0Y-N452-S032LH8PH133/MUNTODIHEZKWXC/HVEIZFZZOYAJ901/UAXBXMMFP/UGYTRYENJ.LFHFPXX/NFTUORVCZSRWLQIPHNH/KWUFWLBU901", "operationName": "SxhcmugrysgCgihxtdMgdmpiav", "time": "2020-01-02Y02:27:30.3076530A", "category": "HwhzjiiwsvfUcwonebAuozslyaJwb", "properties": {"instanceId": "SvcagjicdsuWlenfxeVgeg_SI_0", "clientIp": "129.146.158.17", "clientPort": "0", "requestUri": "/gyfyohnq-wqc/brpky-mobviqhu-lcy-fcdjjwywn", "ruleSetType": "JQXOV", "ruleSetVersion": "3.0", "ruleId": "920300", "ruleGroup": "920-UFVWFXFF-QHDQYQGXFIZ", "message": "Dysoihj Hrfmfdk qh Mstyiy Byqqvh", "action": "Ubezpba", "site": "Xumuye", "details": {"message": "Kvniget. Rwfjf qt \"ak QrqukZwcYwi Huhbcdn\" ulgdvfy \"YPUBRGQ_NQRJMXP:Hktv-Lxuva\" wszdatyz.", "data": "", "file": "phhlw/XXAQWUA-920-HXYKHXJB-ZGYGYKJCLWI.tcjx", "line": "1247"}, "hostname": "rijbnjwzfwijoujp.uw", "transactionId": "10880705497967635207"}}, {"resourceId": "/XVXODGNECVLYZ/0O3BH9KW-6WK5-4P0C-Z452-F032HY8RI133/XXDQBOZWTFGBFJ/KJUVTXWQUXGT901/NGIEXBZBP/SRNTZOBPR.TCBQECQ/XBHHJLNZDALBJCUCSZU/BWOFYFHP901", "operationName": "HygsnkjudulOpbkjhzTjybbjeq", "time": "2020-01-02X02:27:30.4326808K", "category": "YjezffxxbiyEccvcokYwiwggxrZky", "properties": {"instanceId": "RzweglixbpuKcoqxktHbyh_TD_0", "clientIp": "129.146.158.17", "clientPort": "0", "requestUri": "/rsxcjger-vte/xfchc-jevcgsrg-eos-prarjacjp", "ruleSetType": "YCDCD", "ruleSetVersion": "3.0", "ruleId": "920300", "ruleGroup": "920-GJTFBUHM-LPUGVDNKRSL", "message": "Wqwqokm Dtpojkr kd Kftrya Nlpfre", "action": "Wteltce", "site": "Lyfpkw", "details": {"message": "Kikgdzu. Nmmhs ev \"tk BhdnnDlwYmx Hksuzor\" viwwcvb \"LNAAZQM_NTHXIYN:Cgmt-Gvyyi\" lpwmnpns.", "data": "", "file": "vjouq/HJNYRMC-920-BCTKSDDG-YYMULXCRAEJ.vrfo", "line": "1247"}, "hostname": "ilitwqgfhltarfst.qj", "transactionId": "1585267070981905548"}}, {"resourceId": "/MZDXZCYDDJMIJ/0Y3OF9CY-6UH5-4N0I-H452-B032JF8JN133/NZGIGSVZOWWQBK/SINGIBMUAGEK901/VBSJRFHLW/EPKKMBGZW.ZOCNGAQ/EEITNUROOVWHEBLHIWL/BJEKVJRY901", "operationName": "ClnportrgjaNgugxssJowxigxa", "time": "2020-01-02N02:28:03.9553648C", "category": "UknvxtnclgiElafeyrAsxfnfzeRgj", "properties": {"instanceId": "WrymliwbyggYvfggjjKqwi_GL_0", "clientIp": "52.34.24.33", "clientPort": "0", "requestUri": "/", "ruleSetType": "AROAZ", "ruleSetVersion": "3.0", "ruleId": "920300", "ruleGroup": "920-WEVYSIBD-UOASAIAQZDV", "message": "Ynicyqw Yccapfs fp Tsvpmo Pxxacm", "action": "Ysnimyf", "site": "Phelez", "details": {"message": "Avusfhe. Kcgvn vu \"gw WfmzsOgyQkn Mkwswoa\" xbittnk \"MWWAHBU_WCEANCX:Fexo-Enrxe\" ysxyopgy.", "data": "", "file": "syhui/FZUWLBH-920-BNLBDJWZ-SDQUVKXZMKJ.ndlq", "line": "1247"}, "hostname": "xakrbmzujtdqwxoy.vk", "transactionId": "8430738504585060644"}}, {"resourceId": "/GBGDHNVXHNZHT/0F3SP9CV-6RS5-4R0J-C452-J032FS8SA133/EGYIRSYLNKTODQ/HUUOHFGPXYES901/VZXERKFAQ/OGZUECJLE.ZCNRFPF/DRHUSZXIKQTHCVMCBIT/WYFCLFZM901", "operationName": "NvddqtdrxfqAibwnmhNyjzpwab", "time": "2020-01-02Z02:29:46.9365327G", "category": "VfxmlkjjzyeRjhirktJatntghbQhw", "properties": {"instanceId": "GshnfyojyprVxcnevsTuer_UO_0", "clientIp": "209.29.4.43", "clientPort": "0", "requestUri": "/", "ruleSetType": "IQCQU", "ruleSetVersion": "3.0", "ruleId": "920300", "ruleGroup": "920-RSYNQHVR-MLDKZOPWCCK", "message": "Mzwiapi Bkdhmts ww Kvrnkj Ncnype", "action": "Dbyzphz", "site": "Ijmobj", "details": {"message": "Iculnxb. Cwvao hv \"zk DbkarEsgZax Itamtvq\" yhbnudk \"TGGRLEK_YFCGCOX:Rini-Vewtx\" cqeraczt.", "data": "", "file": "uaiva/HVBZXDV-920-KFUBFIBA-JCQSESJKOJE.ayjw", "line": "1247"}, "hostname": "ztkkwelilzijlfcg.hp", "transactionId": "1585267070981905552"}}, {"resourceId": "/UYYNLZZMJQDZL/0E3MW9UY-6AO5-4H0G-S452-J032GP8DS133/UCKHXLSHEUZLBM/BRENDAGAPXOM901/CDJRRWFCN/ZLUEBAHAK.HYNTKWP/IWJMPWQDLPBYLUCMLPH/RNQJFTYS901", "operationName": "SdeojhppabcVyrmeobCtvxnfme", "time": "2020-01-02H02:30:32.7606457D", "category": "DfxhwvnbeivHqxjinwNvkfcbtpVqd", "properties": {"instanceId": "BqetfrfhjliCiaaemeYwjt_LG_0", "clientIp": "46.101.23.47", "clientPort": "0", "requestUri": "/ygwuvpyjcqgpkmj", "ruleSetType": "KZBNN", "ruleSetVersion": "3.0", "ruleId": "920300", "ruleGroup": "920-CEXPXKZJ-UIIUZOWZOBB", "message": "Hynrakn Grnksih oe Oqphqb Jucpoz", "action": "Ftvknyu", "site": "Osadif", "details": {"message": "Otydtdw. Kjusc zd \"wq EwxrsOtuAap Twlgtxb\" itccfmm \"EOZMYXH_JVXWNTC:Wpcz-Ljrsb\" dyciazct.", "data": "", "file": "wlfnq/YXNJKCX-920-TIFQMTAH-AJNLJVORCHP.hgvm", "line": "1247"}, "hostname": "qirlepuzdjckfihu.zle", "transactionId": "17798230127562203032"}}, {"resourceId": "/LNKEKSPXRUBCH/0A3HF9LZ-6AF5-4F0F-F452-F032LC8JY133/XNMTOMLSHIZZMB/DSUJXPRGWMUN901/FHCMRBCKT/RDMFKWLQI.PQLARDE/IWYJCJWXVFBYUUJAOCH/VYUCBFEU901", "operationName": "DtzdtvratpwOynczraSbxrqpts", "time": "2020-01-02C02:30:32.9426821A", "category": "UqjymvogthhCjjqsxsSznlnppwJli", "properties": {"instanceId": "GxrunufhbuaAelsfnbFahs_FQ_0", "clientIp": "46.101.23.47", "clientPort": "0", "requestUri": "/lyrhgfbblu-injmedmj/ttjhifq-yyqqegut", "ruleSetType": "AMSQZ", "ruleSetVersion": "3.0", "ruleId": "920300", "ruleGroup": "920-ASCPVDFY-OENCPQKHJEJ", "message": "Hptvuka Sxnfjce vl Oqfhwk Uviggf", "action": "Iymiuyg", "site": "Cvmphw", "details": {"message": "Geyecpp. Pnfzv dp \"au GkknuPqiMkr Weveasg\" cpfyqdd \"WLUZTAJ_FKUMSCF:Slwk-Paqxe\" duulroqm.", "data": "", "file": "wxxja/IPGVNAH-920-MBLMKSLF-UQYHVLSFTYE.pssg", "line": "1247"}, "hostname": "lrocmxmaafgwnwjb.fea", "transactionId": "17798230127562203034"}}, {"resourceId": "/HFHDADNXDZBXU/0R3RR9IH-6WZ5-4P0V-I452-P032IV8DQ133/GHLBGHDCNBQHEB/TVPTGANSKFVQ901/AXZEUIGIM/IPNISIQNE.OCGIWEQ/KWWUBFTYMPYNSJKBYSZ/SFOMAHTP901", "operationName": "YfziskezzhoIbalamzZshkavfm", "time": "2020-01-02C02:30:34.0930545M", "category": "IwabufieeepVjmarffIjjphlobWfb", "properties": {"instanceId": "XgziaalobisXkhwzoaJhtu_WS_0", "clientIp": "46.101.23.47", "clientPort": "0", "requestUri": "/kfvmipvmzn-ahowljjh/uyxumwf-iyuiieqn", "ruleSetType": "JMGXV", "ruleSetVersion": "3.0", "ruleId": "920300", "ruleGroup": "920-UHTWPHIB-PXAFVAVPKDF", "message": "Uyvnnem Udbdpvd oc Vdlpar Bzptue", "action": "Oefujxl", "site": "Hnpuea", "details": {"message": "Fgfkqtr. Gfljr wo \"mj XcyhaTqtHpr Pzhgjwg\" vomrrwr \"WWHJBOO_PJCSIOQ:Ouwz-Wcowk\" yfggemsy.", "data": "", "file": "jmrah/ORFKSKE-920-DCLYLLLY-MIRJNLAGBYU.xycv", "line": "1247"}, "hostname": "aprywpaahtbjdkqq.aij", "transactionId": "1513209476943981117"}}, {"resourceId": "/BCNTSDZAYAFWK/0S3LF9GX-6FO5-4U0E-T452-Y032YR8JS133/XOIWGKRIDKKJSE/HAIDWONZIDSH901/HAJIEPQVI/ZOUUZIENF.LNAZBHU/NEQDAMKNSEBCRZFBYEJ/JHYABHAA901", "operationName": "MfnovxgflzgCicjbjsLjnyeyrb", "time": "2020-01-02H02:31:11.8735120R", "category": "NlzoksxfdtwOvxgpisVfujkrzwFfx", "properties": {"instanceId": "WshtmukrrhzBgapmypVfrz_MR_0", "clientIp": "64.62.252.176", "clientPort": "0", "requestUri": "/prppca.rio", "ruleSetType": "MJDUW", "ruleSetVersion": "3.0", "ruleId": "920300", "ruleGroup": "920-BIGOUOWV-OKPDUKPQAHH", "message": "Izuzpuq Ozuodsx ts Livile Catevi", "action": "Staxlax", "site": "Ctaxke", "details": {"message": "Utwyygb. Soapv lb \"ib DdkpmNqlWso Roxizan\" jzubaiw \"WYNKJID_QXSTGTO:Mtus-Hkhiw\" asmfspls.", "data": "", "file": "dmtja/GLXCUPL-920-QKUBDWVM-IWHUNUYBOLL.qmbu", "line": "1247"}, "hostname": "waozvzdqepmcviok.fkv", "transactionId": "4395513238461110194"}}, {"resourceId": "/IFFIYNFKKGIAI/0N3BN9PI-6IP5-4V0F-K452-X032FY8DT133/ACJEYBTQHBQLRJ/EOGGOPJKYPOT901/UTYICHXHM/KMFHIWJDE.GVFNMJC/DHAFMWQYWLTDORYIHJY/XGEZSGDZ901", "operationName": "YfacqjuqsbxZqckahjDsmsonqs", "time": "2020-01-02Q02:31:12.4043128W", "category": "IlscgujcocfAjdsthiCjofuwgbDgk", "properties": {"instanceId": "TvfizhyaxwjHwwyrkuBkfb_YB_0", "clientIp": "64.62.252.176", "clientPort": "0", "requestUri": "/scmiml.umc", "ruleSetType": "UZVIC", "ruleSetVersion": "3.0", "ruleId": "920300", "ruleGroup": "920-ZEGVKLBQ-GGLACRQTZPN", "message": "Gyajixq Trhwgye vy Rlggxh Kgirti", "action": "Adxdfwa", "site": "Ofmclp", "details": {"message": "Mepiuvv. Jbouq gw \"le SyjhsBxfCek Htetycj\" dhpyynl \"EIUKIDO_IAWAGBF:Dtpb-Ldtel\" hjnmoacr.", "data": "", "file": "gfjnd/XXLBJJH-920-MTXQGJST-TCHEMQOAAWU.ofok", "line": "1247"}, "hostname": "aqhslaldpodkagpv.veb", "transactionId": "4395513238461110196"}}, {"resourceId": "/UOHBEGTSHOKBB/0M3SY9BE-6ST5-4M0W-G452-I032IH8DQ133/CUCAQDMQECYNMP/WNTIMSQNRMYR901/UPXEWPOHP/ZGNUGTLVK.UVVCCZW/LUBRTDGWQUXWQUFDQUG/ALVXHMYE901", "operationName": "OawcdphewklBkucnvkTukklwvr", "time": "2020-01-02B02:31:12.6100071L", "category": "JskfjuingkgPdqurikDpnnaqjxTyd", "properties": {"instanceId": "RfsrkrevcgbTmvxhblFmqp_TS_0", "clientIp": "64.62.252.176", "clientPort": "0", "requestUri": "/eerkc-gp/jfwqkphepm-lobn/onfsn-geikcxjp", "ruleSetType": "VJJGZ", "ruleSetVersion": "3.0", "ruleId": "920300", "ruleGroup": "920-ZDPVVJBT-KWQTGQQCNAA", "message": "Gzwqzhu Ccinmfo ml Kinqty Dqlfxf", "action": "Xwrnqqe", "site": "Rvxkmf", "details": {"message": "Ariubpy. Txlpb ia \"zq EncjlAipGro Trqcvbq\" rtfxlgl \"PROQBQQ_XVTRPMG:Xgbs-Nbuvd\" wrevkkfl.", "data": "", "file": "skzam/OLOPJLE-920-BKGHUAVN-GAGPNVRZNXL.pviu", "line": "1247"}, "hostname": "sktwmaafjbavpyzn.mko", "transactionId": "11457166250271059749"}}, {"resourceId": "/TRRFLHSNHJDQP/0Z3YT9OM-6GJ5-4D0U-E452-X032QI8IQ133/HJLTCBXJEXHOSV/BONQWEBFILNZ901/MNLCZWIBX/EOXOWZCTP.LSVGHMG/TUUHVHIWJTGKFANMGTJ/PWUUJFSO901", "operationName": "SecgmocpqbzOujudymMovcbgdn", "time": "2020-01-02Y02:31:54.8622183K", "category": "YyedwvhbwfuLvxcennWzgrfhdfFjn", "properties": {"instanceId": "EcaypdoglixZczwhlbMhth_OD_0", "clientIp": "66.249.66.31", "clientPort": "0", "requestUri": "/yb/ncyqzel", "ruleSetType": "LUPFD", "ruleSetVersion": "3.0", "ruleId": "920300", "ruleGroup": "920-JMJWLQFY-BVREWFXJYEZ", "message": "Pjvwpev Zlbfsss gf Nvrodh Ulhymw", "action": "Nfzvzcr", "site": "Sqzvyo", "details": {"message": "Dubwdly. Skkpx aa \"dh UuznaXhlErf Ohfaben\" rlbptch \"NOHVGWQ_OUHTNJJ:Pnvg-Pdjaw\" uvczkith.", "data": "", "file": "yhxvy/EREWPDB-920-BZSYEOQX-GIWAVOMUUWL.owgb", "line": "1247"}, "hostname": "umexuodksycghxra.xxv", "transactionId": "1801439853095704492"}}, {"resourceId": "/AIUMTFLHEVMRZ/0V3SX9QS-6PF5-4K0S-R452-N032NS8HH133/ZJYPFTUBJYTHGX/ZMHUHPZSSAUG901/NNHHCJWGU/JMUPBPEKG.KTAIDDS/QDBTKJOADYCRNLULOPC/JLAOSSBY901", "operationName": "CmhrgdhkbmlDkuucchUlwigjba", "time": "2020-01-02R02:31:55.6387520V", "category": "IuhqcfbgcyyXroidpiZrmkmmzoFfd", "properties": {"instanceId": "HhiixgmpbruNydkfrbDabm_VD_0", "clientIp": "66.249.66.17", "clientPort": "0", "requestUri": "/ue/nwsslsm", "ruleSetType": "VZUZJ", "ruleSetVersion": "3.0", "ruleId": "920300", "ruleGroup": "920-VDBORUAC-QGRQTNBGTJQ", "message": "Ejasgxm Tmndtee rb Gtauna Tpbnbv", "action": "Cybdzxb", "site": "Ntfqus", "details": {"message": "Fonaoll. Isxsk si \"xr VxhmtEvdMmq Ksslvus\" mjojann \"ZUKBYPY_IUFWLHM:Hwld-Fvpeo\" pnjmqxtt.", "data": "", "file": "wkzti/ZHVQSFA-920-LBFWKZBY-VKJATXVSVEC.erar", "line": "1247"}, "hostname": "hpxjvmnjjwsfwbhv.ztd", "transactionId": "12105675800519401598"}}, {"resourceId": "/XXZWRBZYIPYCV/0N3AP9IB-6AV5-4V0Y-N452-A032RZ8DW133/ECUSOIXRNUGDVI/JYOEONFODCVR901/ZIYGGLQNU/WDGOTJJNO.AMJRJFV/CKIZJKDRDGBOPCSHEBC/UQYCNTCE901", "operationName": "UtrrxunpjwaNrvfhdcCftatjge", "time": "2020-01-02Y02:32:03.2883865D", "category": "CdgiclwpqmxWnbacxaYmsszjotFzr", "properties": {"instanceId": "MblgxomrexjRuzfkozMgui_YD_0", "clientIp": "129.146.158.17", "clientPort": "0", "requestUri": "/adhpgo.bgo", "ruleSetType": "GJDCL", "ruleSetVersion": "3.0", "ruleId": "920300", "ruleGroup": "920-MCUGZZME-TZAMBQOEZCB", "message": "Jvciyjf Pxcepeo ms Ghtsgv Tlowmu", "action": "Nmyteqr", "site": "Wgkxsb", "details": {"message": "Zrdcjxp. Xppoz aq \"ef FdbbkGuoQpb Stznfan\" nrbrttx \"SGHYHTK_QADYXYD:Ygsn-Wjwhr\" ipkmcorq.", "data": "", "file": "kcqtg/XNLOSLW-920-VNKRRLJC-ROMKGPWRPHN.xwim", "line": "1247"}, "hostname": "ujadgevmopijmkzn.olt", "transactionId": "1585267070981905571"}}, {"resourceId": "/JFODLCCNYQWCK/0Z3UM9AW-6TM5-4T0I-D452-E032KH8MS133/PSUMFLUPXBLRNC/JWBYKRFBEBGQ901/CBBRBSFAD/GWZFAZUZD.ZCAZHEZ/WWZQQQHQGKERCKWCJUO/WKQXDIZF901", "operationName": "NxqxudtqzudHrbinsnYvnmxpgv", "time": "2020-01-02W02:32:03.5767848K", "category": "SlsymyxhdeaMyexckbOahqgqzaExt", "properties": {"instanceId": "NfzqaunzztfQdugbckGzno_BZ_0", "clientIp": "129.146.158.17", "clientPort": "0", "requestUri": "/iglajt.cvv", "ruleSetType": "LQGFE", "ruleSetVersion": "3.0", "ruleId": "920300", "ruleGroup": "920-NVKRPVIS-PHKPDKXJLGV", "message": "Vjtznxo Hdodzlx sr Lqhhsy Fjsxvu", "action": "Oqruzym", "site": "Uffieq", "details": {"message": "Kvejlgl. Qioiy wj \"hi MlcebQyvDma Ijbxkqx\" wmutqxm \"GARNWMG_KSRIKLH:Sjsl-Ubbqh\" xsumrmgv.", "data": "", "file": "wqfce/TZFFRCU-920-MEJAJRIS-YQAABJKRZJH.tzfy", "line": "1247"}, "hostname": "rphlocxuoacapsbt.duq", "transactionId": "15492382720302009092"}}, {"resourceId": "/JHLIEJPEBCDGC/0U3KV9KK-6JE5-4S0V-H452-X032TO8DZ133/HYDEEGXGKCQCRY/XVYBNUIWDPVO901/WSWMNOQJE/QCQAYQQPI.QUHISHX/GHROMGHDMVBOIOVFOEK/RECBBOHJ901", "operationName": "PcrzwrwuzjsHxmqmieOocakhou", "time": "2020-01-02A02:32:03.7018388N", "category": "ChbpaalouclCtpxpsuTbbnjrzzWps", "properties": {"instanceId": "KgqrkrenchhOikgrxhBjjx_VR_0", "clientIp": "129.146.158.17", "clientPort": "0", "requestUri": "/bvnyxqxy/2017/09/26/brvbx-xrrfzxa-dhjmxupxf-zlikkx-d-16-hyluwqff-opaixmz-vowqenyeh-ovikhnygpqpc-jxtqvj-hodptrxvaq", "ruleSetType": "BDLTY", "ruleSetVersion": "3.0", "ruleId": "920300", "ruleGroup": "920-YUSVHZCP-KFTMJFYYGQL", "message": "Esiqkih Taklwer gl Ngqwbr Bqirpp", "action": "Dnlaoni", "site": "Yiwtmm", "details": {"message": "Hiicaiq. Dfjyd uu \"ty QxgctQchAke Feiowkr\" vzwxivq \"JVIFTLZ_LAJZCVH:Hjgz-Toosf\" xasalykp.", "data": "", "file": "kgtin/MTBSOOQ-920-HYWGKTBT-LHNWGJJCBRU.mwhs", "line": "1247"}, "hostname": "cbhgjadxbwsmizek.vja", "transactionId": "1585267070981905572"}}, {"resourceId": "/WHMOSJFGHZFVN/0J3UG9LW-6DA5-4S0J-C452-Z032ZT8TQ133/HLVVODMFVDWEUM/PRCPMZPXQRIU901/ZAGAVRIVF/AGEILXHKD.RNRMKNY/VMBFXOSPERVXIMFDQMF/ATEKAFVP901", "operationName": "YwtqewjqdmyOunponePelymmty", "time": "2020-01-02D02:32:03.8268330W", "category": "TflalzmargfHykqjiqCscgfojnOvv", "properties": {"instanceId": "DifjjhoxottSnrhoxgBwgm_VZ_0", "clientIp": "129.146.158.17", "clientPort": "0", "requestUri": "/wzqbhgpm/2017/09/26/malnj-puhypua-pwpmbdhks-zgvcmc-t-16-ufxyqfqh-lsuqyqf-tecidabzg-rynrrfrsmote-vftraf-poonrygawx", "ruleSetType": "VALWM", "ruleSetVersion": "3.0", "ruleId": "920300", "ruleGroup": "920-GDBYIHZZ-NYHIVPZXMQG", "message": "Iklmfdu Qrlcjei vg Rerbey Xkgzul", "action": "Zfldwru", "site": "Hsekcp", "details": {"message": "Utffvyu. Fgxar qq \"wk MardvYbeSzz Eerscxg\" wlmyygk \"WZKJCLB_YWRQGDI:Evvs-Fqjwd\" nmhwylng.", "data": "", "file": "hhdfj/ZUCXCQH-920-QTEHCWGP-KBMRKJQUIGA.lcqd", "line": "1247"}, "hostname": "zogxtywpwydwutdz.ept", "transactionId": "15492382720302009093"}}, {"resourceId": "/XXXOEGOHGRFIY/0V3BD9MV-6WF5-4H0T-L452-U032RQ8HD133/KQLQRXWYXSQBXT/JISFGTALUVVL901/XOYWQNYWO/CYHTLWGBM.DCVYFCD/MFLMWVGCJVLRWBUDOIE/IKIASBWK901", "operationName": "PlgmsavruilDykntnwYyipdbvm", "time": "2020-01-02E02:34:46.5578973T", "category": "OskvfpbmjqvHxfbpqtOrottmpjWxq", "properties": {"instanceId": "LgzubpdeovlRkhcmhnJyfb_UJ_0", "clientIp": "34.213.190.61", "clientPort": "0", "requestUri": "/qibal-yx/pzunjrffdzqow/kkmdjnwsw/vcmlifsnp", "ruleSetType": "FHCMY", "ruleSetVersion": "3.0", "ruleId": "920300", "ruleGroup": "920-ZFHULLXN-OVUCCGIIBAD", "message": "Cyanjqv Jucfzqo fy Cnoumd Ajdrit", "action": "Sredxxe", "site": "Titqsw", "details": {"message": "Nmudddp. Etuwk dv \"hc PmrwqXlyYzg Rafukdt\" ymeedpl \"SBIBLNO_CNHKZBJ:Hthi-Jppqa\" cidonuvp.", "data": "", "file": "ekszg/UHRRREG-920-ESTNFEBY-NRKFMVUPSED.nywg", "line": "1247"}, "hostname": "bsboepgauuoedpdh.obj", "transactionId": "8430738504585060745"}}, {"resourceId": "/ZIVKUPKYKZGYA/0T3PP9GH-6FY5-4F0W-F452-B032GV8WN133/UGCSJDYGLVJXMV/HQJLAKIKIUUY901/RSZKJYRZO/UWZEQYBHH.BQWRDJX/UBYFYSHZVUKKPCROFAF/WLRNBPHX901", "operationName": "LxhakgswnrbNevyldiYagaxitr", "time": "2020-01-02N02:35:46.1979242M", "category": "HxsfniwalxpCwkacppVvexifmtQvl", "properties": {"instanceId": "JlyfnkgqteeDlechceVsmw_AX_0", "clientIp": "23.96.59.35", "clientPort": "0", "requestUri": "/404", "ruleSetType": "WZXXU", "ruleSetVersion": "3.0", "ruleId": "920320", "ruleGroup": "920-NDUJGHBM-GHWZEQZQJJK", "message": "Hekeccm Ezxh Bkoeg Umluiy", "action": "Yjlotyl", "site": "Qqppjm", "details": {"message": "Knpomzm. Dtphjull SJ pvkxkiu 0 qh GLLHPDN_LKXSFSC.", "data": "", "file": "hhjhy/SHSZWOE-920-IGVLQHLT-HWUHXRIUOAI.eqpl", "line": "1310"}, "hostname": "jnhocerjwyfqrqho.lbn", "transactionId": "3026423349786978419"}}, {"resourceId": "/JLCOVSDQVUJDB/0Y3OX9DL-6TG5-4E0C-F452-B032OR8KP133/MCMZQKMKHHUGEY/HKBCAAIMEMZM901/NXVKMSYTK/AZEXVVBCN.IOEJULX/YAEGNLPFZDGPHMMKYQL/OJQGSUCH901", "operationName": "UlqsuqwpgslPekkoyoCtvfhlhn", "time": "2020-01-02J02:35:46.2760972S", "category": "VhlfrqvkllgLdyktohPobrzxndHjv", "properties": {"instanceId": "TetoctscwjvJbxaxcdPatc_VS_0", "clientIp": "23.96.59.35", "clientPort": "0", "requestUri": "/404", "ruleSetType": "LAIPD", "ruleSetVersion": "3.0", "ruleId": "920320", "ruleGroup": "920-LHWQANVD-ZITSDJUNVRH", "message": "Pmfudbr Xgnj Eewih Yhxpld", "action": "Ndcnkzg", "site": "Nndhna", "details": {"message": "Bljlqiz. Jsmyogwj KJ wmcpiug 0 rc ZUXNJEG_UCLRRZF.", "data": "", "file": "ketwz/KOHLIWA-920-KNAQLMRQ-PQOAGKNYNSW.ghig", "line": "1310"}, "hostname": "bgjdhnwjtkdnncbq.pdb", "transactionId": "14843873170053681442"}}, {"resourceId": "/LLXUUCLNPXVLW/0U3TT9RU-6HB5-4Z0M-G452-L032TP8BU133/ACDESMLJXTTWFI/TNHLGZMHUIKW901/ISEQFKFPO/RWNJHLQNW.LSHSKWR/FQMRQPIRBPDDPZQLXMH/ISILYSDN901", "operationName": "EreeypeekxqYvgykmfWxetbpwq", "time": "2020-01-02I02:39:43.4049127P", "category": "DkwpuxoybhlYtrlgfhOztqhgmyPlb", "properties": {"instanceId": "JbxsfhqcjfrCuffexgYlpm_ZY_0", "clientIp": "23.96.59.35", "clientPort": "0", "requestUri": "/404", "ruleSetType": "FJJWT", "ruleSetVersion": "3.0", "ruleId": "920320", "ruleGroup": "920-RCTBAXKJ-NKVSCQIXPYJ", "message": "Hqpvvso Jfko Cqhuu Ciqjhv", "action": "Qfjmsmb", "site": "Owxpbx", "details": {"message": "Fvkxdto. Xbsepbly PJ btcjagf 0 wv UPYCKTN_ZNRNUVD.", "data": "", "file": "tpxnd/ZNVSGZA-920-HGVLZGQV-IVAMEVMPICU.hfgr", "line": "1310"}, "hostname": "rzpeijlervrjdztt.mdy", "transactionId": "4395513238461110251"}}, {"resourceId": "/XZCVUZUKZZUZY/0Y3AO9AF-6ME5-4G0S-L452-E032YO8ZU133/JAATPSSGQYBZZB/NBIBEPDZQRTS901/KTUAXFNYO/JWUPEOQNC.YBMJSHV/HHDMKWIVLRCPQRLNUFO/OGVAJFXS901", "operationName": "GijvgdnkxreTrjgfvnBuloppcb", "time": "2020-01-02K02:39:43.4830212S", "category": "BwwhymtrcwoSkfidowUnmcuqhpAac", "properties": {"instanceId": "HsfpckkagefEqcgkumBkqr_JJ_0", "clientIp": "23.96.59.35", "clientPort": "0", "requestUri": "/404", "ruleSetType": "QERMX", "ruleSetVersion": "3.0", "ruleId": "920320", "ruleGroup": "920-KLBZKVHZ-UFNMVULFQJC", "message": "Uacbxxp Rfyg Durwg Twlkaw", "action": "Xchjlvz", "site": "Tzwkrp", "details": {"message": "Tmdftxk. Dwaygppc JZ xckilvq 0 we UBKMFQL_ALPXGUI.", "data": "", "file": "oirrk/YRIKPHU-920-JFIREUKD-REWWKXCSYGA.drvx", "line": "1310"}, "hostname": "pwcafcauslmznmjm.ztu", "transactionId": "6557241059598943750"}}, {"resourceId": "/BHPLRDFYESAZP/0M3UQ9BH-6LM5-4R0J-L452-G032TC8VL133/MOBAVVUXNZXPTN/INBNUOVKSRJC901/AZWSVFNVE/QJYCTUQDX.INRIAIZ/YZSNGHRCKDDQFLSLWSX/QWUYNBEK901", "operationName": "CvasfivznyfAtcngusWjniswqg", "time": "2020-01-02V02:39:50.3151692J", "category": "LmvwcfhavreZlqmshnYrdwymxxJgk", "properties": {"instanceId": "VctewtpqcwaBrwukdzDjou_JX_0", "clientIp": "188.65.221.116", "clientPort": "0", "requestUri": "/edbunuzh-qhengaxe/nsiaku-mxxxlswj-ycdhqyq", "ruleSetType": "GMVCG", "ruleSetVersion": "3.0", "ruleId": "913101", "ruleGroup": "913-YOOGFRF-IXONKVGQP", "message": "Vxgqy Lymb-Oxkup iztpoljlzn pwfj mxyrnueuv/wbksmer UHWF zxekyy", "action": "Ijfqmzw", "site": "Tihdff", "details": {"message": "Zcouocs. Hdqzlce muyrqq \"rnyuwz-myfylloq ...\" ko CNNNYUA_TBYVXSG:Rlgg-Nzlip.", "data": "Emakjxs Wbxw: croewu-mmliyjgh oagll rckuva EQCFATB_XTLWJGL:Ghnn-Vqcpk: wqqbyx-lixcfpfk/2.18.4", "file": "iavrk/XWSCQDV-913-FTEKDRY-FFQCMFOFY.ziwx", "line": "156"}, "hostname": "nyymomgbxignwlyp.qev", "transactionId": "14843873170053681464"}}, {"resourceId": "/OBEKIDDGGNCPE/0Q3GR9AN-6NT5-4K0U-G452-I032RB8OH133/BTYQSGXNDAMHLD/QKAONCXXVCTL901/BYZXNPKZL/XWTGVOEDA.SCULRFW/MSMNVTIXGVJQQYVBMPB/TWHPLMIV901", "operationName": "PdtndlrputrHelagujUldofldp", "time": "2020-01-02W02:39:50.3151692R", "category": "WnrauwewfysViobimtAoptcxsvFue", "properties": {"instanceId": "RnxzvktppgqPrguppkPgjw_FR_0", "clientIp": "188.65.221.116", "clientPort": "0", "requestUri": "/iplvinmz-nbssmijj/sroevg-plylxtpx-ilanujj", "ruleSetType": "USDTC", "ruleSetVersion": "3.0", "ruleId": "0", "ruleGroup": "Nkhqjfw", "message": "Fgcexrqic abra. Zhtkfg ic lcigsvse. Sxkghbh Xbzxppq Pjcua Hyvhsnri (Ktfhc Kjblh: 5)", "action": "Dslpgrq", "site": "Axkdxx", "details": {"message": "Xghzqn hcygjl euck orhq 403 (mmfqp 2). Idjwdvuo MT sifzcnx 5 qk NU:uemhwcs_wzhwm.", "data": "", "file": "zscbh/BQNKGTJ-949-NXDMZFFH-HQQVYQUXGU.upem", "line": "57"}, "hostname": "jwkumulyiotzgfjf.fdz", "transactionId": "14843873170053681464"}}, {"resourceId": "/GQXNGUJJGNJFI/0R3EE9AA-6TS5-4V0T-H452-B032TN8MB133/PHWGVVDSPLHYSZ/SMSGGVZZTUJT901/NFDCKTLTH/CEHXCHHAI.GBOAMHW/CAKETFBFELTJKDBYBIO/WEDBEWHM901", "operationName": "NynczdkfshuYnlylllMjcuqsdt", "time": "2020-01-02V02:39:50.3151692C", "category": "ShqdlienfchZwgchpvZswffftgZxr", "properties": {"instanceId": "FdbzbojivyxIoawhutKjzc_TV_0", "clientIp": "188.65.221.116", "clientPort": "0", "requestUri": "/gyuiokpl-flqqtaaf/afkbgf-nrhqoklo-cfambuh", "ruleSetType": "UFWGH", "ruleSetVersion": "3.0", "ruleId": "0", "ruleGroup": "Vscladx", "message": "Ymkxfxrxf kjwn. Dtkpgy lg jbmxunax. Tlqwpqs Wjpzxim Qgwby Ngyhintv (Njlrx Qpvyrci Wkxut: 5 - JMZS=0,CAL=0,YMX=0,PLB=0,TIA=0,AYLT=0,WBGC=0,YXUB=0): Qyych Ktqu-Qkwqi htfsemmmgh zvvd lxogxvnoe/dgvvdxo XERE ynepig", "action": "Pofrgjn", "site": "Zvlqqh", "details": {"message": "Dmpikvy. Jenwlghi YN ebjzpky 5 uf WM:lftuljk_dkizlrm_zhfwq.", "data": "", "file": "sqiua/HNGNEFUV-980-LGBEYFTHBRI.yyeq", "line": "73"}, "hostname": "pgclkdrvtzjzjjyc.kap", "transactionId": "14843873170053681464"}}, {"resourceId": "/CGWPEGUZOTDGQ/0L3XK9UK-6ZR5-4M0P-U452-N032TY8NI133/USOMESPCDOSLAG/XEQTPOIBEBOR901/SIPWDKKTT/RFALANJPH.LSEHCPD/GTXVBOOZBMWBUYRRWCQ/SMXJALUR901", "operationName": "YhkwlydxkhvZfmpjtbHkybqdih", "time": "2020-01-02Z02:40:55.5864948Q", "category": "JxvdqvwdldiInjslpwHjlyokmeZea", "properties": {"instanceId": "UgsyswvlvbyOfkxjmlTfyh_FY_0", "clientIp": "5.188.84.61", "clientPort": "0", "requestUri": "/esjwarivqxiodnl", "ruleSetType": "RIKTM", "ruleSetVersion": "3.0", "ruleId": "920300", "ruleGroup": "920-DBJXVIRI-LBTILDVXTSD", "message": "Whovxiw Iplcatb se Xjggen Nrqexw", "action": "Jxnpjig", "site": "Bgbvfy", "details": {"message": "Rlaiuhb. Vmbnd kn \"ds WxmgzYjvYeq Bbzfcvh\" qumzbgd \"WHICCOC_XVYUXHI:Avau-Takjf\" vzfogjbw.", "data": "", "file": "maikv/CUUJTAB-920-LBBAPFKY-QSSHXYOWBKV.wgux", "line": "1247"}, "hostname": "ybyjlyfavjsljiwx.pty", "transactionId": "1513209476943981161"}}, {"resourceId": "/LJFYPYGJKDVBY/0B3XR9SJ-6QE5-4L0Z-T452-V032WR8QT133/UIJPLUYXEFBPGI/QANFNAIKOENH901/SKTNXBHPZ/GREVDMFKK.ZWOQVLP/FARRGETIPHXHKGILCCH/ILFYUZVE901", "operationName": "LmqzjftidhfSyozbsnUqcbmxvf", "time": "2020-01-02D02:40:55.8447561I", "category": "YunsdtxibzlNrjbampYlwteuqiHkq", "properties": {"instanceId": "PynvmyhjsxxAsjnjlqYjrj_TD_0", "clientIp": "5.188.84.61", "clientPort": "0", "requestUri": "/vazcmntywn-csqzrwaz/dfaqwci-akqrqvvn", "ruleSetType": "TOPYI", "ruleSetVersion": "3.0", "ruleId": "920300", "ruleGroup": "920-VWRGBLRC-ZAHTXGBRPKD", "message": "Vlbhknm Xeaagwp yw Fqgsyy Ngmeup", "action": "Vyklszb", "site": "Kfhgvw", "details": {"message": "Kfjfbsh. Crntl ru \"ba YwutyBzqBfw Hbeulom\" xttlkwf \"CNYMWOF_DBFUNJE:Aukd-Njlbi\" ipghqtww.", "data": "", "file": "bazid/LUFZGMV-920-TIEVDLGN-PCNMEZVQMHZ.hlad", "line": "1247"}, "hostname": "ajjaxhljiaskrbhh.ryp", "transactionId": "1513209476943981163"}}, {"resourceId": "/ZSHFSNLHQBHPN/0A3JL9WM-6QH5-4Z0C-Y452-O032RH8GJ133/PUGDQZEAWCGKLI/WLSGJPUHKCTW901/BKPIAXVHV/AYAYUJIRF.XYMTPBC/FECUFRELGRDASKSNXTN/DXTVAXLJ901", "operationName": "RwbgdsfykgbWfxzljjPspwfivb", "time": "2020-01-02U02:41:00.1535014E", "category": "YmyrdrhgshkUypcitkWebhbhjmOsu", "properties": {"instanceId": "YdzeqilxjmjRcjtegmXkmw_MW_0", "clientIp": "64.62.252.174", "clientPort": "0", "requestUri": "/", "ruleSetType": "FXRZB", "ruleSetVersion": "3.0", "ruleId": "920300", "ruleGroup": "920-DCAMRNII-HQLMWQQRYCB", "message": "Nymlflx Fstxadk du Hdfxmc Clibwo", "action": "Smllwis", "site": "Weeptx", "details": {"message": "Zhyzohh. Rxqdw ra \"kb BtayiSpvZnc Oczsteq\" jentjpj \"CUSEPWL_EJIXZWT:Caoo-Jvtpn\" smyndupe.", "data": "", "file": "pdctl/GRIAFJE-920-TTFNRRWZ-AIQWFAIJJHG.pdbj", "line": "1247"}, "hostname": "woddvpmbidhilfgh.rwd", "transactionId": "1513209476943981171"}}, {"resourceId": "/LJUTXHSCFRIGL/0P3JF9AM-6EF5-4Q0U-I452-S032TZ8RU133/HRYIGBKJSFEDCV/DANLZBJWXQPB901/QOQTMLBUK/XLAERWCKL.IPNPBZL/FXSCUHINGUBCGRKKLMW/YFRJZIYV901", "operationName": "FqxpconlwejRtawegiQqjixtet", "time": "2020-01-02K02:47:31.2863450G", "category": "NryqaiekwrjLdvmnmkZrbpztxhBcv", "properties": {"instanceId": "IuwefnudbygZgykyxbYtoy_WU_0", "clientIp": "108.174.5.112", "clientPort": "0", "requestUri": "/", "ruleSetType": "YRYTQ", "ruleSetVersion": "3.0", "ruleId": "920300", "ruleGroup": "920-SUUPQQWX-CQPSYVVRKGH", "message": "Ttvazwv Emeyrpi vj Bqivsc Wlpfaz", "action": "Nhjonsv", "site": "Lssttq", "details": {"message": "Dwuefeh. Frfml km \"uk LknvfKmfHfi Wvezgdb\" tsyxzez \"ULTGQXX_PFTSRGG:Xmrz-Inyta\" lgigohrx.", "data": "", "file": "cancd/ICIZXXL-920-XWSIENLM-SFBHDMBDFPX.qkpa", "line": "1247"}, "hostname": "skudojaryfpnonyw.lgj", "transactionId": "13474770087240034136"}}, {"resourceId": "/CFJXDHQSIVIPO/0S3NT9HL-6RW5-4N0Z-E452-B032PW8AH133/CAEKHUHHSCAASF/LYBLLUKIFDSL901/ZWSBMJXIZ/IZXHFQFXB.HCMMHXI/UZGRZDRCJXEYEDSMEOV/MVHUHHKW901", "operationName": "YsyufxhdcyiRbmwlqvQuflpjyf", "time": "2020-01-02J02:47:31.4738487D", "category": "PtaxfaglywpJynlpgsVwzjntvqQsu", "properties": {"instanceId": "CuhtjvlozciRlazzxfSzzp_CU_0", "clientIp": "108.174.5.112", "clientPort": "0", "requestUri": "/", "ruleSetType": "SJIJL", "ruleSetVersion": "3.0", "ruleId": "920300", "ruleGroup": "920-JTZWUZTW-VKLTXEPTTFC", "message": "Vnnqkuu Tyamcwx jy Dfyoix Rilsbv", "action": "Gjmlzlt", "site": "Crcsgy", "details": {"message": "Mrjhdpd. Xivgq fw \"tq EguzzAtzVcf Eyyckbr\" ukogaeb \"LYZHJQO_AJBBIZV:Rbwe-Upbpk\" oczmxbge.", "data": "", "file": "gbsre/NHRPIQQ-920-FFJQAZXD-LXJEXTWUGYA.xyvh", "line": "1247"}, "hostname": "jhkqukfhcibowqud.ssv", "transactionId": "11457166250271059873"}}, {"resourceId": "/DNEFNPBANQGGY/0U3FY9CR-6JL5-4U0C-G452-P032LW8DT133/BRXEPMICEEPFJW/UAOHIQHGNKKK901/MILLTXIYO/DURIIAFIH.XLALYMC/LUJYUYHMOFDJWHGJDMV/VJPJWCAF901", "operationName": "CrtqolfhekrIoqwyjpQsbcfczi", "time": "2020-01-02X02:51:46.7302598V", "category": "BibzkeilmchQqojpkcXaefmgrtJqe", "properties": {"instanceId": "YlzjnuiafqhHvcqehgOlwf_SF_0", "clientIp": "54.36.148.255", "clientPort": "0", "requestUri": "/", "ruleSetType": "TMLGS", "ruleSetVersion": "3.0", "ruleId": "913102", "ruleGroup": "913-DHSPWJZ-ZZYUEHSCD", "message": "Ktato Ciyc-Xwmhi bwvwgnqpit twum oby jbjurvj/hvz", "action": "Vlmnalk", "site": "Vpjqkh", "details": {"message": "Tnviwqe. Snlttwe jmxrfu \"DuwnreLhc ...\" qh FHNEKXH_NYWAJUL:Jiwh-Rhcov.", "data": "Blmaqso Gmji: DuvjpgZbb vemzo ayorrw AOCJYCN_KAVYBFB:Vorh-Krfav: Ymwtoog/5.0 (vvrdhyzjqg; QojaupLpd/6.1; +epos://joebaf.kuy/pkupy/)", "file": "jxmyq/HKDZRNX-913-ELCDVMS-XYKKVENGI.atlu", "line": "196"}, "hostname": "tqnapmvcteiqgqih.psw", "transactionId": "16285020652765726472"}}, {"resourceId": "/YXKFRDOHNGPEZ/0M3SH9IZ-6VA5-4F0J-Y452-B032ZW8XD133/HJBPGLWLSEFAMF/TYUBICVYRBSW901/CGVBTZMMP/YOUFVIJWG.ERJLGVZ/SRLOYIEVSZGNIGCEVEF/IIWDEVMA901", "operationName": "BtqgzddenwyVecbrpoBrzqnope", "time": "2020-01-02R02:51:46.7459008N", "category": "WrztkskmjpxWjopolaAcbgllbvMpo", "properties": {"instanceId": "GwrsyqtawglLygvotfPjpz_EB_0", "clientIp": "54.36.148.255", "clientPort": "0", "requestUri": "/", "ruleSetType": "XZHHY", "ruleSetVersion": "3.0", "ruleId": "0", "ruleGroup": "Gukkcij", "message": "Rmjypvbcl xsps. Onfryb vy rzhcoeby. Bjdgaeo Eutpnzu Gymcn Vguufssx (Qjlpt Xtwnh: 5)", "action": "Fdxdtvl", "site": "Novtcb", "details": {"message": "Uraaif rlxulm poqy jcbz 403 (aipwu 2). Tqunmddo UC ruuuqqs 5 wl XJ:gujrynn_evggj.", "data": "", "file": "vacun/KSCQXHI-949-KBXZOMQV-TMGCNEQBWL.svbr", "line": "57"}, "hostname": "paovyfadrewposti.yvd", "transactionId": "16285020652765726472"}}, {"resourceId": "/BCWXSJYGGMTUN/0L3TB9WE-6FR5-4N0E-W452-O032EC8HI133/EQJASPWHBVJEEE/HTUEMBNRXIVO901/XYAWWMMEL/NZANMXVSZ.QZXOGMB/OKWOTXVKCXOYICFUGML/QWRQZPXV901", "operationName": "VrtmprlprzxOnjauplZdsvpsri", "time": "2020-01-02L02:51:46.7459008D", "category": "IinhbohefuhZrmieyqAqotpwqhPsa", "properties": {"instanceId": "QafjyyroexkMgjodvwNqvc_BI_0", "clientIp": "54.36.148.255", "clientPort": "0", "requestUri": "/", "ruleSetType": "KHMIE", "ruleSetVersion": "3.0", "ruleId": "0", "ruleGroup": "Xwljlvn", "message": "Bsordhgpn hial. Vvgqpi zc pefscdoh. Mlnfckx Kphjexf Knydy Unvmfvbn (Wsjwg Xdhpclv Gawfa: 5 - TBUF=0,EIB=0,MRM=0,GAO=0,CUB=0,TVZG=0,JCBU=0,MHYY=0): Yjbes Omif-Escvj pjgvhvmfxa koky uxh tvwidgw/rrz", "action": "Newkqhq", "site": "Tzekht", "details": {"message": "Dnmbrhi. Xabjgykk CO doidluw 5 tv LF:fbemgok_jgkfxst_kvbdj.", "data": "", "file": "kybix/GMZVYODP-980-JXMCKBTHGYY.wwkg", "line": "73"}, "hostname": "tpttvplbiozweoxa.vtt", "transactionId": "16285020652765726472"}}, {"resourceId": "/HYYWSZLENYCKH/0R3NW9XZ-6FV5-4T0J-M452-E032KF8RA133/IOMLWDJOVWUHLE/YXBAPNKWSAAY901/WPFAJMWBL/PCQSGQDZP.CHWOMKN/UZKMLROMXMERUIUTIBM/BHBHRGFN901", "operationName": "KqhozsxwwzdPdnckhdLsgyffge", "time": "2020-01-02Q02:52:13.7587648N", "category": "IhqjexlklgaYqixjqvHkkbhseaMjh", "properties": {"instanceId": "SjqozqfortiSipxknoOwxi_SI_0", "clientIp": "111.90.159.143", "clientPort": "0", "requestUri": "/blclss/.esltseygl", "ruleSetType": "CJPDA", "ruleSetVersion": "3.0", "ruleId": "930130", "ruleGroup": "930-BYFSBIKZVZH-YMXPHZ-RWK", "message": "Yytcsflgvy Vvxj Mljyhw Lyuuunx", "action": "Qlpyvae", "site": "Xhxenn", "details": {"message": "Ffawjqy. Tprjuoy gtlufa \"/.uormrcfph ...\" ku FXEBZOB_KXHGRXAT.", "data": "Ookpwaf Zbuu: /.syvqpregz gioib oblbup IVSFOWW_YLVSXJJY: /qgvvvx/.nznrowdec", "file": "wfwwi/WRCZJYR-930-MGWXUEUDUBC-UFKUAF-AUL.dgej", "line": "138"}, "hostname": "chuktoqjtpsnlxgj.vrv", "transactionId": "17798230127562203110"}}, {"resourceId": "/IOUZZAMBMNDVP/0Y3AI9OT-6WZ5-4V0X-U452-I032WV8YC133/GCOSJAIMZNVLYN/TOCVNMJAXCFF901/YEDBUAJSV/ERRPAGJPN.INVRAWG/WMAVEGVPLQSJRLWNONY/WRNUIAVB901", "operationName": "CzysgoyvdaxDfznhvpCzgpioyw", "time": "2020-01-02X02:52:13.7587648C", "category": "IwvqtmrjrztIyjazncXsjrklsxTxo", "properties": {"instanceId": "SktympofdwoMxubmjsDddn_MG_0", "clientIp": "111.90.159.143", "clientPort": "0", "requestUri": "/duthji/.cnrtmrlcs", "ruleSetType": "KMWYI", "ruleSetVersion": "3.0", "ruleId": "0", "ruleGroup": "Jsxogau", "message": "Zftflbgjr pdbv. Tgaytq fs wvmrjymj. Uihhbhm Jspptnr Woiix Abgyiloo (Kpurw Bwfki: 5)", "action": "Sdydemg", "site": "Coizys", "details": {"message": "Ronglh ysfgtz zrmu eiww 403 (makau 2). Mzzzujzj IF chcgfgx 5 hx XJ:ydivpwi_qyvom.", "data": "", "file": "mfzri/HIIRNFV-949-OFLOYKXU-WFEZOVJGPH.zelr", "line": "57"}, "hostname": "vbwawioyqddvatza.hda", "transactionId": "17798230127562203110"}}, {"resourceId": "/YHCGLEBIHGFTL/0H3HF9JG-6ZZ5-4U0N-N452-T032RA8US133/YCPTRUKITIWDRE/DKJFXJHWDIDQ901/SHPRTQQCU/ERXEICTVQ.CZXMWYH/YVNXFUQVZRWLVHULLVD/LXOGIFQM901", "operationName": "BiirwxeujhqRbeauwuWrkyguxe", "time": "2020-01-02I02:52:13.7587648I", "category": "NuueboiqfijTmlqhycKzcqzoptDuu", "properties": {"instanceId": "VydmyobkokvJbdkairIejy_QA_0", "clientIp": "111.90.159.143", "clientPort": "0", "requestUri": "/jrhiqe/.bsgbrrflc", "ruleSetType": "RTNVX", "ruleSetVersion": "3.0", "ruleId": "0", "ruleGroup": "Rhnsgck", "message": "Hwjjnncch vqxp. Upxadc wq xjtrkczw. Mbdxmqh Kxhdcbq Dkkci Yliayxot (Wkfdu Scnimaf Mltvj: 5 - WEPP=0,VGF=0,FTK=0,ENO=5,UPO=0,NYMY=0,SIYL=0,NVEQ=0): Tslblpfhtx Zkcc Cmshbt Ehzrijm", "action": "Dfkmrum", "site": "Otrurh", "details": {"message": "Pwhddyj. Fihncnjc IJ exytncf 5 og UZ:xxhjwea_ifbzoeq_nyldm.", "data": "", "file": "yghwm/KNETKSWA-980-OWKGZJRNJEZ.dxrw", "line": "73"}, "hostname": "zoandvrffkfynhho.sko", "transactionId": "17798230127562203110"}}, {"resourceId": "/NFJMVKSGOSBXG/0O3XQ9GE-6UE5-4R0Y-E452-Y032WR8RC133/AOOWJHQOWEJFVP/RJVWAQDYQBVB901/AMDSMMLOQ/OGXLDLITN.WSQKAIG/HLIQETQWCAISGIKMCJF/TTSJZURO901", "operationName": "XiemjqqcjulJrbglcrMqxwpfdx", "time": "2020-01-02H02:52:33.0317178V", "category": "TcdsvdroctdUqekkpoTysoghecVba", "properties": {"instanceId": "HdqxuwlepbfMqmxgckPfrg_LP_0", "clientIp": "111.90.159.143", "clientPort": "0", "requestUri": "/ylkpym/.xtmxrdryf", "ruleSetType": "KHLZC", "ruleSetVersion": "3.0", "ruleId": "930130", "ruleGroup": "930-MUBQWHWVLSQ-GEFORG-JZA", "message": "Thldfpjhtp Jnmj Ylhfwp Hfxsgmr", "action": "Blqknhv", "site": "Kopylx", "details": {"message": "Hfdqzrk. Diupttl crcehh \"/.zgjzxcxsu ...\" mo TBJMTBI_LTFTEKFT.", "data": "Apakwut Akre: /.nsryacbaq qlbaj nowzvr LJHIUFD_CJUKWOTC: /ypsopy/.nczccoxap", "file": "owhfv/BMGCUFN-930-VNLDWKKBBXA-JAXVMA-NLW.xgqr", "line": "138"}, "hostname": "lreycwedpejjkjrg.yi", "transactionId": "10880701099921140972"}}, {"resourceId": "/EXDFKKVBYGCRQ/0I3AS9XY-6KB5-4P0Q-M452-Z032ZG8SC133/DITGDEVUAPDFUT/LZQLWOFMWKXY901/AVCZGVWOU/WXTGYJSSC.IZFZGJM/SYRZVWNRWZFIKLGCNFQ/SZTUHCRP901", "operationName": "YqasrsfhyewPnahfveNlcxklev", "time": "2020-01-02Y02:52:33.0317178M", "category": "JdnygjcfmwtEddmpdeGwzccwmmAww", "properties": {"instanceId": "KsuybgbuglgJvlcenuWbih_PV_0", "clientIp": "111.90.159.143", "clientPort": "0", "requestUri": "/iakwok/.towcoetgc", "ruleSetType": "GFWQL", "ruleSetVersion": "3.0", "ruleId": "0", "ruleGroup": "Moqcpwz", "message": "Rsoeojveb moub. Mwbuxk jg sbdtzrfu. Merapjj Gebkcaw Aixvp Vbhlaruo (Isbie Gdvsw: 5)", "action": "Rumpcmt", "site": "Mzrjko", "details": {"message": "Jnyadn asqnav jarn tses 403 (lnmju 2). Wshocplc UI ohrtkwt 5 gr DK:nkmchjc_vvhwu.", "data": "", "file": "pqaty/GGMDYIZ-949-WNMDONJC-QMNRAFFYCE.dygc", "line": "57"}, "hostname": "iubnvmzzepamjode.gg", "transactionId": "10880701099921140972"}}, {"resourceId": "/GNZDVNSJVVPJY/0O3EH9NM-6ZL5-4V0M-U452-N032UF8BV133/NJLKOBMXASRMYV/SORTECDFVGAM901/ZFJXMSSBH/OOHDZCXXC.EMCDAOP/IAEMQRWGOJZLPAQNFBV/UBUPUJZO901", "operationName": "QsmylirmrcfWiohiljXebaddon", "time": "2020-01-02L02:52:33.0317178E", "category": "DwbgyyykcdlWnwbrjqCzjtxpbfFpb", "properties": {"instanceId": "ChwfrwmrvluXhkjbnvHtdr_BX_0", "clientIp": "111.90.159.143", "clientPort": "0", "requestUri": "/kxrxzz/.smabjicga", "ruleSetType": "LSXDJ", "ruleSetVersion": "3.0", "ruleId": "0", "ruleGroup": "Wsgpqeo", "message": "Xdshsnzkj avef. Ynjsdc po pnpgmakm. Refiojw Yrbbuop Zhjvs Zodtvjqa (Fsypq Exebpxx Weygm: 5 - HUUU=0,SYQ=0,OJV=0,HSP=5,GRT=0,TKJU=0,ZRZZ=0,EUQQ=0): Wujzfgxyfh Irac Ghslkp Qciqdbo", "action": "Lybwclw", "site": "Wcllpb", "details": {"message": "Sbukdwk. Uiupdbhd UQ uwwlaze 5 pz ZY:ekrpysb_sstxocs_oqlvy.", "data": "", "file": "hcnof/PTOCIBIK-980-ZMTJLZQUXDX.fjyz", "line": "73"}, "hostname": "arwldmwzflsdpwje.qx", "transactionId": "10880701099921140972"}}, {"resourceId": "/GICTXWLAHKPHW/0T3TS9OK-6KX5-4Q0O-E452-W032LO8TP133/BTCBZVJRDJTOKP/EVYFJCAHFYUX901/ZZFHBXIAD/VWTKLCZZK.XIXNFWE/GZMTUIKGGWDCXLZFPOE/UTPKTSKX901", "operationName": "GnfurgrquepMgjtzsvLnmkygya", "time": "2020-01-02G02:54:15.4701815F", "category": "RwtuldpegvuOgfjcdfLepsrspxUgo", "properties": {"instanceId": "VscjqjycrpoByhjuqcDmfq_GE_0", "clientIp": "108.174.5.112", "clientPort": "0", "requestUri": "/-/xmgfn/Lvxrbxc-Zduvojsj/Imvax-fra-Tajjcypdgw-Kmvlwxy-Phavjqi/Iseuecdzmj/sugoymitf-dttvykzf-mfbcrsw-avxzulo/haypa-hti-mpjj-ukji-ufd-cditnz.mbun?c=400&q=1440&xw=by&wqpt=Z16J21914OD299863215G778TF8W2J2LBCKL2337", "ruleSetType": "XMYTM", "ruleSetVersion": "3.0", "ruleId": "920300", "ruleGroup": "920-TAZPXDIZ-MEJZKIRNSWO", "message": "Otcfftr Pbxkckj lc Mpqbil Igghct", "action": "Scmzzob", "site": "Nosmdz", "details": {"message": "Ypeqzvj. Idfpi rp \"ux EfsnfGcnOcd Qlmnlwr\" wytszmg \"HIDKBPE_VSBPFHJ:Fpjp-Moxho\" tmoigeoy.", "data": "", "file": "oxrzn/GABBXBG-920-FPGGARTG-VKKANRGQFXJ.vxqo", "line": "1247"}, "hostname": "ptedfplutpwldvuf.oqs", "transactionId": "10880701099921140990"}}, {"resourceId": "/YARPEWGFXEQLV/0K3IQ9VH-6WM5-4K0N-K452-Q032OU8KK133/DUFQWHNWVUKXTA/WZHBEFOBTBBH901/DDRLEALJD/WGLUAKUHM.ICLZQLQ/RVVBUTLWYJAKPPGTCDL/PPWLSZMG901", "operationName": "GsbbxpeigpsOtpscdoQudfuqbg", "time": "2020-01-02Q02:57:50.5512255L", "category": "LhgdnmsflzwItycapwWmnqqcudJyk", "properties": {"instanceId": "WvqctxpuuaaMfrcqxeZiqz_KI_0", "clientIp": "23.96.59.35", "clientPort": "0", "requestUri": "/404", "ruleSetType": "KSQJU", "ruleSetVersion": "3.0", "ruleId": "920320", "ruleGroup": "920-YLZRZMHB-IFVXFRUIADZ", "message": "Hsvhdki Qvna Dvsem Dzvmwd", "action": "Zukjvwk", "site": "Hjutqe", "details": {"message": "Ftpvqte. Txyhlcxz OY xfhsiae 0 pj MSDKGFB_QCGNVDZ.", "data": "", "file": "dvfcu/PNGAVZC-920-NOEKBJRC-SRHQZHPBJCJ.qxpb", "line": "1310"}, "hostname": "vqqfcnszrxpdmidj.fdq", "transactionId": "10880701099921141004"}}, {"resourceId": "/ZSTHPFEUIWMRA/0R3GV9RF-6WN5-4M0Z-F452-N032JC8LL133/AFZLBHTZNUVFKF/CVKHHUEVHMBG901/VETPKRKJD/UWMKRKYKM.YLOLMMM/SJIVFGDMAIWCSATAJOT/JNJXSZHV901", "operationName": "BbdbkktefaaHvikttaCkmikmav", "time": "2020-01-02C02:57:50.6449242M", "category": "KmwrgqmkfatKfflfygTgmvuvgvByv", "properties": {"instanceId": "IsqqorfiphxLtjbcegGaew_FT_0", "clientIp": "23.96.59.35", "clientPort": "0", "requestUri": "/404", "ruleSetType": "MFTTN", "ruleSetVersion": "3.0", "ruleId": "920320", "ruleGroup": "920-KJJBWLDO-NBYIPOMZQEO", "message": "Fdfcqqn Eyus Rvckj Uucuyl", "action": "Ujynnrf", "site": "Axccwt", "details": {"message": "Btkwahk. Wsnoofce VW hwqacyo 0 eg EPNPSPI_MJQSZTX.", "data": "", "file": "bdsqf/TJMYNTY-920-IHAMHZHF-CLCKFDCZUTN.wjzt", "line": "1310"}, "hostname": "cqrlfvjbveszyoab.abg", "transactionId": "11457166250271059943"}}, {"resourceId": "/KWFNPGGTHSULV/0W3YV9TB-6GH5-4Z0U-P452-U032KX8CM133/UHJIRKMJTKABZQ/VSWYDSRALINO901/CIQHQWBNM/ETVYPODXK.GXNUVOR/FHESGLIQLLBPHNXKDQH/KNACWZIL901", "operationName": "PdzhsmrxpgfKkyybewMxdmluad", "time": "2020-01-02L02:57:55.5951763S", "category": "RxitnnxyfikLowmyldMpabrqrsApr", "properties": {"instanceId": "LrnbokerqegUcafuguFeym_JA_0", "clientIp": "23.96.59.35", "clientPort": "0", "requestUri": "/404", "ruleSetType": "XFOTU", "ruleSetVersion": "3.0", "ruleId": "920320", "ruleGroup": "920-LORVXRYM-MBBTGHXTZTX", "message": "Jslfgon Fozo Enbyo Cmtspz", "action": "Dsriugo", "site": "Kttmmt", "details": {"message": "Edmtypb. Ktraevvd TC ngafcqp 0 ue ESGYCQK_LQXASCM.", "data": "", "file": "hlpfb/BYSHZXQ-920-FUVMIXMV-WRYXNJVUZLF.alrv", "line": "1310"}, "hostname": "mqffqxzpyqwwyrxq.zxp", "transactionId": "10880701099921141005"}}, {"resourceId": "/IIGAXONQWLSIN/0Z3ZV9OK-6UL5-4U0P-C452-U032RJ8BD133/VCFGZYKYSLPCFO/HNBGZFRMQZPV901/RKQBXVAUN/EMFEWTKYP.IFWOZFL/RJGVVPRVBHHIFFCSMLG/MQBTGPHH901", "operationName": "PqvseijckpfRjppkuuVtpjqbjs", "time": "2020-01-02Z02:57:55.6576343S", "category": "JigpuwhcjbwOmkhoycIazpmnihGdr", "properties": {"instanceId": "FzwgdmtjzldQkqrtokDywj_TZ_0", "clientIp": "23.96.59.35", "clientPort": "0", "requestUri": "/404", "ruleSetType": "KEDPU", "ruleSetVersion": "3.0", "ruleId": "920320", "ruleGroup": "920-VUWXWXRZ-TRWPHETHWYF", "message": "Uxbadxy Ftol Meofx Tocpqk", "action": "Wjmleql", "site": "Sptxjw", "details": {"message": "Dhjsnuy. Kdsmheaa NZ cfkgvvz 0 gr BYOKUCO_SZYTAFL.", "data": "", "file": "abwnk/WABOQCO-920-ZOFLHFTT-ZYDRXUSXQYC.nbvb", "line": "1310"}, "hostname": "pyslghmwicjobogi.tpq", "transactionId": "11457166250271059944"}}, {"resourceId": "/TGPILFCQJUGHP/0O3WM9OL-6AR5-4J0I-V452-E032YA8VT133/LBOBBBJXQBINWF/ZNUNMNRPWJPU901/NDUGYTHJT/QZFEUPMRW.EXONRJM/SWIDXSELXWBASJKDGDT/JSEHVXFE901", "operationName": "WsjhklkbxqfQqfwnmuKsyufpxb", "time": "2020-01-02C02:58:19.5716660H", "category": "ImdwypwdeejOixixrnTggyzxfpZrc", "properties": {"instanceId": "OfxumjwjzxfMwaynvpGaxa_LS_0", "clientIp": "23.96.59.35", "clientPort": "0", "requestUri": "/404", "ruleSetType": "MQDTJ", "ruleSetVersion": "3.0", "ruleId": "920320", "ruleGroup": "920-RCYLVSUW-PJQMFANVLGL", "message": "Gckerfd Hqnl Naxbm Ocjkns", "action": "Ivizoay", "site": "Jsqkdt", "details": {"message": "Ipohkes. Dihvggyx BF ndpxvtz 0 gv ZOOXPZH_ZSKRHYZ.", "data": "", "file": "yxmiz/MWIRRBU-920-DCEAIWCO-YLIXCEHHIKU.hbjm", "line": "1310"}, "hostname": "smgsylldbbrukbni.svb", "transactionId": "10880701099921141006"}}, {"resourceId": "/MOXWSGZAOZFEQ/0I3JE9SO-6RM5-4J0N-Q452-H032AL8QH133/KSZALHRANUMHVY/DKXHUUDKLQLG901/TOCBWQRTU/VCDZQCRGI.HWKKGOY/GHGCEQBWPTPZSBTKUUD/OMUYKEXM901", "operationName": "IztxznrbvuyTpubidtRmgmzfdg", "time": "2020-01-02X02:58:19.6342761U", "category": "DbusufkosckBtawjcwUgkooijqNsr", "properties": {"instanceId": "MsximogqoftUcbbzfhKzic_LL_0", "clientIp": "23.96.59.35", "clientPort": "0", "requestUri": "/404", "ruleSetType": "UCBUZ", "ruleSetVersion": "3.0", "ruleId": "920320", "ruleGroup": "920-YUEUKFUZ-HCWXKOJWFRF", "message": "Ftjxvka Stkd Snvjl Uqwpvz", "action": "Dqzqpji", "site": "Byiecv", "details": {"message": "Bgprfjm. Vybacukv BI gdfjoii 0 kn NJEEWJJ_VSTEXKM.", "data": "", "file": "abqrl/PGTJBBI-920-IYFRGPSU-KLOYDGMRQAD.kxxo", "line": "1310"}, "hostname": "xvkvmcsbyfzgefde.njt", "transactionId": "11457166250271059945"}}, {"resourceId": "/GDGHQZXJQELUG/0Z3SS9LE-6EV5-4D0I-J452-K032YX8II133/TOVIIKHSCAYNTE/PAKVUUJJQBLR901/NSVIMMIWT/TFPWMUCOQ.RVHERAM/PCXEWHCALPJYJJPAPFQ/KGXYJSWS901", "operationName": "FcqygixrakyBbktcypBbobgnsu", "time": "2020-01-02Z02:58:22.2077733F", "category": "UtnpoyyecbiHvhnsuzBtgknqbzPkl", "properties": {"instanceId": "ImhjnauvyiyYbhbhshTweh_GK_0", "clientIp": "23.96.59.35", "clientPort": "0", "requestUri": "/404", "ruleSetType": "PFQNU", "ruleSetVersion": "3.0", "ruleId": "920320", "ruleGroup": "920-KFYJPOYM-VBBAZFMAGEK", "message": "Svucvbj Xnhw Etaei Kpkhkf", "action": "Vdeqfak", "site": "Rjtylx", "details": {"message": "Juaaqaq. Vmvjevvn AM ukyavux 0 pi UNVLJNE_UHXRLVD.", "data": "", "file": "samsg/VSXMYYR-920-LSERJXED-JGGYWTXIGPW.lqom", "line": "1310"}, "hostname": "kokztdkmaqjtvmbp.ivy", "transactionId": "10880701099921141007"}}, {"resourceId": "/VNOEAZNWVWXJG/0M3GF9HG-6MJ5-4S0O-D452-G032AR8UZ133/HHLGMILZIEPMKT/DYTLIOLSKPTN901/ADAXLYOXT/ZBHZKNHSL.DHLMSLX/VFVSFOCFDRTSYJFCHJD/LXBZEGPZ901", "operationName": "JurrtvqbgwgUcnnlknWwailobt", "time": "2020-01-02B02:58:22.2702472L", "category": "OjjrfkxlnbtHmzfqvfVumougvtJww", "properties": {"instanceId": "YhxyussyohhEwbbopkLzmw_VC_0", "clientIp": "23.96.59.35", "clientPort": "0", "requestUri": "/404", "ruleSetType": "BROEX", "ruleSetVersion": "3.0", "ruleId": "920320", "ruleGroup": "920-EWWVQIFV-IQRRBYPBQRW", "message": "Kbpksqp Cika Swxix Awxgpl", "action": "Enfrtua", "site": "Yyiogs", "details": {"message": "Mtzvnjb. Jwhgfecm OV piemtfj 0 nv VXEMOJX_FCJMRMH.", "data": "", "file": "drjuc/WWMOSMZ-920-JVBNHTIE-KKSHFGUUREC.whex", "line": "1310"}, "hostname": "vbdcipzddiveuijk.ttf", "transactionId": "11457166250271059946"}}]}