{"logs": [{"resourceId": "/BXLZSSENPUJRO/0R3ER9GL-6PY5-4Y0V-R452-R032FO8QH133/JKBIYBNSRCCZAL/KARGDMAZSPDL901/YCKAQAFXF/USSYTNZKO.QXZFRNX/XVKYPQJBXDFZWKHXYDE/IFEAKLKE901", "operationName": "WltrchezstpStmvsmlKjfqywrp", "time": "2020-01-05L08:01:01.3139316J", "category": "GzjdpfhzrxcNoibcwtAppnpiijOiz", "properties": {"instanceId": "PqqgyfevbrkQqiikqbHyzw_SW_0", "clientIp": "52.48.137.31", "clientPort": "0", "requestUri": "/-/gxbou/Shwkmmg-Mgfcuxdl/Kzsir-cty-Khdsbjbvbutn-Lolzmpn/Ubjhie/Fxmxji-11/OTXI-Vtkuuw-11-Gbol-Jjpppr-xsy-Cjrwe-Xraezw-Qirxsnda-3.dcsi", "ruleSetType": "URXLG", "ruleSetVersion": "3.0", "ruleId": "920300", "ruleGroup": "920-VVGALVZQ-STPXTDYDSYB", "message": "Uunlggj Zetbxqj oo Ywfiwd Iixhnm", "action": "Rscmcsi", "site": "Vepvkp", "details": {"message": "Xfngktq. Jciey cz \"ns ShjuiTptDcb Uawmzly\" vruzbpw \"XGVWGXZ_DXVLTJV:Ccmh-Wwswm\" onxfzbib.", "data": "", "file": "dgbyf/GCNENIX-920-UPGHBWRS-KDCPPOWHGYI.fqpx", "line": "1247"}, "hostname": "oxysdyyuwbrambru.dyo", "transactionId": "16933538999107063398"}}, {"resourceId": "/NSRVKSREYKRLQ/0J3RN9GP-6VO5-4K0Q-K452-K032XK8HO133/KCTIYJGNZMPJYK/OSUQEPHJOXYM901/YUPQYHZCW/GOKPSLTMW.ITRAQMY/DVHRPLMWTCIDLXFKKPW/PZOFRPSU901", "operationName": "PzwjqxyattsOpfyacvZxwyphfs", "time": "2020-01-05R08:01:01.7066521F", "category": "IawvbdklymsIipqrlhQqgapixySlr", "properties": {"instanceId": "GjtdmdwjvrtQfnbtcsXprk_YP_0", "clientIp": "52.48.137.31", "clientPort": "0", "requestUri": "/-/shrwk/Ejxquhs-Yilmbuyp/Bdtgz-rin-Xaxbgvojhqyj-Tihljye/Szjzro/Paxgab-11/WCKY-Xhvcza-11-Eeev-Ustfef-gfm-Mkamk-Thiwyf-Fbdozdpv-3.yyxg", "ruleSetType": "LHOWL", "ruleSetVersion": "3.0", "ruleId": "920300", "ruleGroup": "920-TNFIUXPX-RCTYTWJXNFM", "message": "Jrfmgmj Kouvral kf Tnzfkj Jyemww", "action": "Kpujtua", "site": "Vhbini", "details": {"message": "Qgbapsj. Krkkv ku \"se CyxpiNbxZvk Gurotre\" jqsffow \"GZKJHID_DFCNMEC:Eduz-Kygbi\" cnlbwtqz.", "data": "", "file": "fyaqo/LXSPCTI-920-KJAVMGET-ZQRPHVCYGAD.rrwt", "line": "1247"}, "hostname": "qrfayzyjqwizmqoc.fuv", "transactionId": "2161727823285324284"}}, {"resourceId": "/EZSUWZVGINJWD/0S3FM9KK-6LI5-4L0L-D452-O032OH8SU133/XIPKLGPOUOCYGJ/HBUQTDUOGIBR901/QUYDPORIZ/XRVHITHDW.ZHZOTBZ/DFZPKUORGQTZIIWZLWP/WZBGIBFA901", "operationName": "KmdtawgharpPdzrbjwLjcqjkhs", "time": "2020-01-05Q08:02:33.1661884N", "category": "IyawwkjnjzbZincecbPzcqfqpuJki", "properties": {"instanceId": "DxhqrivlzdcIqfhxyuIvqk_XX_0", "clientIp": "192.99.37.116", "clientPort": "0", "requestUri": "/ddqpjt.jcb", "ruleSetType": "BKYVX", "ruleSetVersion": "3.0", "ruleId": "913102", "ruleGroup": "913-ZGBZZOV-FLDBAHFYH", "message": "Svwbj Smoa-Vwnfr uzprzwgmbt efhy qct yxyciqs/eei", "action": "Wiuwlou", "site": "Qcvoct", "details": {"message": "Kbuxgfy. Sjnyenr ukkndb \"SS12omr ...\" ko JPFXTPB_VJGHOPY:Oqge-Vpbfp.", "data": "Flwkohs Ppxv: NU12tzz wcbuq rtjzyb GOVAXMA_KCGFVST:Oqia-Pssse: Rigsjyl/5.0 (ygpwheluqf; KG12hha/j1.4.8; jkjt://gq12usf.jie/)", "file": "ewanv/DGHGVXH-913-PVDQQKE-JJYHKCQGW.yexb", "line": "196"}, "hostname": "bpvmiiycibdzlxen.jse", "transactionId": "14411518809733072117"}}, {"resourceId": "/MOEIKWLHBWWHC/0K3TG9JI-6SJ5-4R0Y-K452-B032IK8IY133/ZBTYBODFDLPSEG/JLIAVEHWJXYY901/QUDDCYIHG/UQAGDPAZB.AIBJFVS/JCXZCGDPZCJICZJCTPL/ARQANPAS901", "operationName": "LudbwnoqwstAymhkxdSdyrurqh", "time": "2020-01-05X08:02:33.1661884I", "category": "XvgomyrgcfjSpypeooGdegubuqSly", "properties": {"instanceId": "PbdetvtugauCwcvyctKvgf_MX_0", "clientIp": "192.99.37.116", "clientPort": "0", "requestUri": "/osvanx.ojy", "ruleSetType": "ASDOD", "ruleSetVersion": "3.0", "ruleId": "0", "ruleGroup": "Sjnupto", "message": "Euykhafgc dgcy. Vfztum hf uphgyxam. Dpiklep Gauadmc Oltca Girrkzlp (Xhbsi Lrxsy: 5)", "action": "Uftvxpf", "site": "Oqukot", "details": {"message": "Itfatd xofahn atlf smxw 403 (neezb 2). Vmcwlzry YA pyyyiym 5 hk XU:tykrigt_mmesp.", "data": "", "file": "zksja/XXWAOGX-949-FEJZPBGB-RRXZHBXXEX.rwrw", "line": "57"}, "hostname": "yyndlzrvvzmlnrgy.xfv", "transactionId": "14411518809733072117"}}, {"resourceId": "/LJSLAMAFZBEIV/0I3TR9NK-6VP5-4V0F-G452-G032AT8RS133/ZRBKPSOCSKISEC/RTXMXGICYTLY901/ALQGCFSMF/JAVZQOBKW.WFMETZX/HSDUSWYUCWRHMWBYQID/ZKZNKGLK901", "operationName": "SuundpheucqHvntfepHlvktxxj", "time": "2020-01-05R08:02:33.1661884X", "category": "IikaqzbaatvKdyrqlcMlyzdizhQwk", "properties": {"instanceId": "EstfmooddruYhotqtoZsrz_QR_0", "clientIp": "192.99.37.116", "clientPort": "0", "requestUri": "/dctbhw.buj", "ruleSetType": "EXYTA", "ruleSetVersion": "3.0", "ruleId": "0", "ruleGroup": "Lqkhjwv", "message": "Jclwohfjw eczf. Qflcqz mx nxynggli. Wuxidfu Hoexrtg Ktmwt Ytdbglhf (Vgcgz Lqpmwxx Yndck: 5 - YETW=0,ZIX=0,MUN=0,ZJN=0,ZIG=0,KXAQ=0,XKKQ=0,CNFN=0): Rrfzo Cpxo-Oefqz tntbznhmgv opiy jme kvvyrhf/etg", "action": "Qftayqs", "site": "Zaxgtp", "details": {"message": "Ccblqwa. Qgvamcev TW gbmyefy 5 or LG:ekkfiez_yhqsfzd_zichp.", "data": "", "file": "ovhph/XBTTCEKF-980-EVBHHDDFCDK.uxqz", "line": "73"}, "hostname": "kiuakaewddaprrnq.xbv", "transactionId": "14411518809733072117"}}, {"resourceId": "/DPXJWUSSOVEXC/0E3PU9SQ-6FZ5-4X0O-E452-V032UU8XN133/WKELLWSXLDKMRL/BFNAGULCGUWW901/EKUQJSSSN/AZQCMYAUU.YRXUTGQ/MFAUSJTKWZWAEMAFHMK/VMXCSFCY901", "operationName": "CbfjcrtjxfoXvrcoetJypiyknf", "time": "2020-01-05A08:05:55.9060055K", "category": "XujqxwmjphyNenxcczSkwqarbzBgl", "properties": {"instanceId": "XfrnpqqbxquDgjznsbJfbg_XX_0", "clientIp": "171.83.124.90", "clientPort": "0", "requestUri": "/-/wlemx/Aytqxut-Ppdiqoqx/Prgndg/TAW/Jl-Vww-Rtho/Cklyas-Up-ryw-Rhhx-20-20C-Knevvybgr.itfn?nu=la&spku=GQ1B95404X0969E1986OHL71L6R0CH220BWH45N1", "ruleSetType": "RDRBK", "ruleSetVersion": "3.0", "ruleId": "920210", "ruleGroup": "920-BMVVGLKC-LQBVETSGZEO", "message": "Ueuikfrz/Nfzqjjvluxv Jrlltkewes Wyhhxe Hsgn Rhklb.", "action": "Alfrcgo", "site": "Oopfcn", "details": {"message": "Kicqncu. Ykqeicd bmvfa \"\\\\m(zvnv-rotzv|gzmyn),\\\\h?(euau-yslli|nhznu)\\\\x\" ix WBEKUQZ_TKGBZCK:Zxjhcoutit ....", "data": "tuehh, abfiu", "file": "uprww/HMOCPNL-920-LGUIFRRF-LRLPKGYZFFU.fbwu", "line": "378"}, "hostname": "peanocjvigveoupb.xyx", "transactionId": "9079256850926417991"}}, {"resourceId": "/EBUJEZVJYYTGL/0X3OX9NB-6PI5-4Z0D-K452-H032XL8ZZ133/IGOFLARPRJBGTH/ZFJYWWLKFWAK901/CTKRDEIMT/REQGMKZRD.BYONFZA/UIYSTWGJYTZNQLXNLWE/AKOCEKJZ901", "operationName": "TfbzcvdumiyTrwlpgjTcnzqnut", "time": "2020-01-05D08:05:55.9060055W", "category": "BqzcymfzvmbRnqlsdeQvvvtgqiHym", "properties": {"instanceId": "KnyfbasaabeJrbwmrwXijf_RK_0", "clientIp": "171.83.124.90", "clientPort": "0", "requestUri": "/-/ebanf/Bfjqnbo-Blbsccwu/Eqgzuv/JFR/Uf-Ing-Rxzf/Xmgfwg-Tk-vyl-Kujw-20-20I-Ollxedywx.kxmv?di=le&yyyn=AM1N95404W0969C1986NVG71L6I0WK220PQP45Q1", "ruleSetType": "PCCXT", "ruleSetVersion": "3.0", "ruleId": "920300", "ruleGroup": "920-VEFCQWKQ-XVPBANPJNXE", "message": "Gktyqkh Nbxgykv gl Jksijx Lncqse", "action": "Dbrqwcb", "site": "Rekndm", "details": {"message": "Myzzuow. Tpafd eq \"wp OxwzfPqlEnj Pwhhfem\" qnvveuh \"NXKNBIR_CCTRBVA:Btku-Imgoh\" zikspvyf.", "data": "", "file": "mpxio/JZKRIDR-920-CGKOTEMC-TUHUWKMQJXX.njvy", "line": "1247"}, "hostname": "bzxmiimrcoegqbtc.mmp", "transactionId": "9079256850926417991"}}, {"resourceId": "/EOXKXELHDLTSP/0O3BC9QN-6ZO5-4U0U-S452-H032SQ8DT133/STYAXLENJMAAUN/ANIUDBFPLPGX901/USYBZLUIH/KTFYRXZRC.UFHPHYV/NRBNLITHGEFBKFAOWZB/LLJIZEQI901", "operationName": "VarabfrgwwdPoiaeijCvpmuszf", "time": "2020-01-05Q08:05:55.9060055V", "category": "WhxnxevzkibZhbfgnpAqtbppmzMwc", "properties": {"instanceId": "SytfwstdvdgHygzbxdXquk_AJ_0", "clientIp": "171.83.124.90", "clientPort": "0", "requestUri": "/-/enjad/Rujvhme-Osophpid/Tlwaqr/VXZ/Ey-Gpi-Wfsc/Hnceyo-Ey-ubn-Yxro-20-20H-Qygdqlqog.cdsu?ns=to&ulmi=DV1G95404V0969I1986HGA71U6P0BL220CZP45R1", "ruleSetType": "UDCYJ", "ruleSetVersion": "3.0", "ruleId": "0", "ruleGroup": "Ulciqrk", "message": "Brxkwvdja dwtn. Mwjwyd zn zudolzab. Givpfji Vtuotij Qmkdr Veyjzioo (Qrewq Jahzn: 5)", "action": "Rpsvsgy", "site": "Lrhuoy", "details": {"message": "Spyxez fbxcul yzvn aqat 403 (ixqll 2). Eyozgejb HA zfqaexb 5 pc UL:bvdzrxt_ktags.", "data": "", "file": "hegwf/FZWGVTX-949-LWBAECJC-XMLDRSDYBD.sjcg", "line": "57"}, "hostname": "slkxvdzqspeekpkc.kce", "transactionId": "9079256850926417991"}}, {"resourceId": "/IGVDUOLURLWHW/0J3BE9RR-6FF5-4W0D-R452-A032JH8WJ133/SBLFKDVBMJDDDV/IWZZBFDVRGPZ901/DFCBVJOWX/ZCGWYCJIG.CZCCKMZ/XLFAFSQYNDBNJVFQECX/YBONRPTA901", "operationName": "LmvnuslopmyEnhfykvHxuntdex", "time": "2020-01-05D08:05:55.9060055J", "category": "KmgnasfunzhTibrlhfZmcozwemPbn", "properties": {"instanceId": "RzhtnqjkwwqMthgqtoMifk_LB_0", "clientIp": "171.83.124.90", "clientPort": "0", "requestUri": "/-/tlfqj/Rkpiyoj-Mgshzoad/Htjsdq/BTX/Sx-Lda-Qdob/Jezirx-Tt-fxt-Tgtz-20-20J-Rtgkanhgg.ujbj?ob=vv&xrju=MT1L95404S0969K1986QLV71Y6F0PR220UDO45I1", "ruleSetType": "GBGWZ", "ruleSetVersion": "3.0", "ruleId": "0", "ruleGroup": "Pxxezpc", "message": "Rvblvvkiz kypf. Gjhvwv ci tagrdgcu. Adpgxcw Qixxkpq Fxjnt Mivqykns (Yqleh Ddfmiow Ujvza: 5 - YWGL=0,FZF=0,PCP=0,PAF=0,YEF=0,LTCM=0,BNYM=0,OSVZ=0): Zklqhtp Wpgyoco gt Rdiahv Oqwsxw", "action": "Yekltjk", "site": "Qnuyih", "details": {"message": "Kegulbn. Vxfimgsz PR shfucmi 5 ff VB:clrdncm_nsstlao_wvhwk.", "data": "", "file": "bpcxb/NLILHPJJ-980-UWIMSSQLEVW.lmas", "line": "73"}, "hostname": "ybsmjuojqxkucfwp.ien", "transactionId": "9079256850926417991"}}, {"resourceId": "/LLNZVLTVYXGJD/0A3BK9GA-6YR5-4R0Y-C452-L032QN8KK133/YWNZCNRWPXQVHL/TIOVHJWQPUHI901/CPAKJTNCY/TCVPPGAXA.KVKDJNO/DABCLQCMQXPNKIFSHRE/YHWPGNES901", "operationName": "FrfufldbewiJcijfonZbhfkccu", "time": "2020-01-05W08:08:13.3114718U", "category": "VthjqscpkrvQoxjbimMopgacdrZpv", "properties": {"instanceId": "PvzhvyjoequYykoexaOdcy_UP_0", "clientIp": "129.28.61.66", "clientPort": "0", "requestUri": "/tz-tdzyo.isu", "ruleSetType": "QERCH", "ruleSetVersion": "3.0", "ruleId": "920300", "ruleGroup": "920-SHJLPVCS-LBBXFRNFRPK", "message": "Siaxpvn Otgwngs od Folvdh Sccrig", "action": "Fhayqpv", "site": "Tgtcyv", "details": {"message": "Tydetru. Qggzk qy \"yv HtcpgLilRne Egeshef\" fnpuuap \"EYWJTZI_WFLOKSJ:Mcgp-Gijjk\" fvxalazn.", "data": "", "file": "bdouu/SCBGQGG-920-LKAZZQUD-SUWQZSFYYRL.djso", "line": "1247"}, "hostname": "uytzvjzzfkfogxkj.abs", "transactionId": "14843868772007151103"}}, {"resourceId": "/LMFITPJSAQPID/0S3HL9MH-6WO5-4K0K-L452-P032QI8UL133/PMPAFIVMDKTVCF/UZTIETRXNZIP901/WBQSGJXLY/YWIVFFECA.BQVJEWM/PWJMEEDXKBDHOOBGHJO/TVEMQWCV901", "operationName": "NddswwekthsPlltehzGsinascw", "time": "2020-01-05X08:08:13.7732722T", "category": "QiluosolwtcBmdzbvrDjvylvyeIaz", "properties": {"instanceId": "LasayreicqgTnjobhfMxmv_VQ_0", "clientIp": "129.28.61.66", "clientPort": "0", "requestUri": "/?ilndya=1", "ruleSetType": "GTUCK", "ruleSetVersion": "3.0", "ruleId": "920300", "ruleGroup": "920-GGLQBQWY-BOMACXGDIOW", "message": "Bqkxbeq Xowwgxl cz Ezmphh Epbaxa", "action": "Vvyvkvq", "site": "Wmgpgu", "details": {"message": "Bxzoobq. Wuiws bl \"mv XknivGlvOqo Fxlybvu\" npjlxyk \"BBNYONA_YNVANPJ:Wehs-Fotzi\" dasjqnjg.", "data": "", "file": "thjkg/HNMSTXI-920-GGQNSWAQ-WCDBOWAWCTX.ztyv", "line": "1247"}, "hostname": "kqcowhvkofztlijz.aba", "transactionId": "14843868772007151104"}}, {"resourceId": "/LDCFPHLHRRMFY/0F3ON9XW-6JH5-4Z0O-R452-Q032OX8CI133/DOUGLLVXEIKQVE/DGYEDAERFJVY901/WIZLMERXM/FLQEVCIZB.OYPJEJL/RSWDWJGDVMWKENNFVIJ/XSTYJECQ901", "operationName": "IvxylinjzbvKvqcpxzBmwgrhdx", "time": "2020-01-05P08:08:17.7998701E", "category": "WifokvxbvflJrzkuplSvlyzdzpCxx", "properties": {"instanceId": "XhqhydhhtlgKwqqpyrDczq_OO_0", "clientIp": "129.28.61.66", "clientPort": "0", "requestUri": "/?mfdjri=2", "ruleSetType": "PDQVK", "ruleSetVersion": "3.0", "ruleId": "920300", "ruleGroup": "920-SGXFDNLW-LVMUNZJHVZH", "message": "Aidzuuz Cdmgnir qk Yadlcy Jnmwcs", "action": "Honasss", "site": "Kbyzlm", "details": {"message": "Amghdek. Yheku lq \"gs TaanySozMyy Feolruw\" lrprpcq \"LFGVIMB_CCIUOCF:Nzrj-Wbmoc\" zjiabpvi.", "data": "", "file": "upczg/DMWJQOE-920-RPROXOYY-KDOQZUOZZTD.yqds", "line": "1247"}, "hostname": "txraokyyavmmbmpk.ujo", "transactionId": "14843868772007151105"}}, {"resourceId": "/INIZQDAREUHOY/0W3SH9OX-6XY5-4S0E-P452-V032ZP8OW133/EYYUSLXPBOFHAK/NHVPDCQTRZKQ901/VGBAKKZCE/OXMAXWHRF.RUBMGKL/INKZYQPXXQUCMBMNCNK/BKZILNWY901", "operationName": "NzdabmuarmeEgmzevjYnjxtdvx", "time": "2020-01-05B08:08:19.5144074D", "category": "BszhyvgczxyEthckjbPbfwhougSim", "properties": {"instanceId": "IxjmgflegcvXqlvlmjWsjz_SL_0", "clientIp": "129.28.61.66", "clientPort": "0", "requestUri": "/?iwdchw=3", "ruleSetType": "KLEPZ", "ruleSetVersion": "3.0", "ruleId": "920300", "ruleGroup": "920-XACZCOVM-SLKQMEBZQZN", "message": "Doayfan Prwtjzl qa Vqorgg Lvoehp", "action": "Wrxrpvp", "site": "Hcmyyj", "details": {"message": "Lcefnvp. Urfaj aa \"vg QnrdyXyyIom Egghmgp\" iixqqez \"AGEAGWF_QMOGLSY:Eezz-Iqgoj\" hiwssmrk.", "data": "", "file": "ycvqk/WAVKNLK-920-LJQZVJXY-SEMSTXPGOFG.otgu", "line": "1247"}, "hostname": "lofmzyqhfevkktax.oxr", "transactionId": "14843868772007151106"}}, {"resourceId": "/UHQJLTGEWAMBA/0W3WX9YR-6HV5-4Z0S-H452-V032AR8KI133/ICCILGNXWDVOJY/HFZNAAKUJCEK901/CJFRQEJCY/ZJXCJVRDN.DCESKDT/DVDNMXHNAHRMWIGUDRY/RMKARFXT901", "operationName": "QjgdsudkeqdZcvzevnGqtiuwwj", "time": "2020-01-05D08:08:24.1010934E", "category": "VediekseyswNrxpsnjWdaoktguRke", "properties": {"instanceId": "TikmuspembyPgugulhZkoq_SP_0", "clientIp": "129.28.61.66", "clientPort": "0", "requestUri": "/?kiavcz=4", "ruleSetType": "HXPBJ", "ruleSetVersion": "3.0", "ruleId": "920300", "ruleGroup": "920-EFXMVNSD-TXVEEHVNTJG", "message": "Zbnyzzl Hahomyx hb Glscmw Ikjiqt", "action": "Sehefvu", "site": "Xzjtxu", "details": {"message": "Axcbehi. Nvunq gv \"yw TfqgwCwuPgy Vwsftfn\" rykmebb \"WIHXVUX_OFTFVDL:Rnrp-Csnwr\" jtmsjdnl.", "data": "", "file": "ekbmc/FOXXOPD-920-IPVCKLKY-WHCYBYYORYF.qmzg", "line": "1247"}, "hostname": "bwqyabljrvhpegnk.jvt", "transactionId": "14843868772007151107"}}, {"resourceId": "/NKDYYJDMRVQGW/0U3MB9MQ-6YG5-4W0U-E452-P032NF8ZO133/SVGLWVJWYHENXN/ITRNMDJXAMVU901/MEHECGJHL/YVVBSFVLY.HILZWAV/LLTDVZROOXJPTNVFFAO/BUSVXSMP901", "operationName": "IcfhzspvopiKukalhzNufzskjb", "time": "2020-01-05F08:08:28.6374096U", "category": "HgyngyuwnjjQflctkkRlkoutgwOvi", "properties": {"instanceId": "TaaaddfmskeAxpghtqZsst_ZZ_0", "clientIp": "129.28.61.66", "clientPort": "0", "requestUri": "/?vjulqv=5", "ruleSetType": "IEFOX", "ruleSetVersion": "3.0", "ruleId": "920300", "ruleGroup": "920-BAAQRMMY-LRCVBROOQEO", "message": "Ynaaxfk Wmxqzbt yy Ktvgrd Fvytjk", "action": "Hxrdytf", "site": "Myvupu", "details": {"message": "Kxpsdxv. Xdlya by \"bi FnvtpScyQtk Pqbkddi\" gwhkaea \"TIBQPYG_ARCTYFM:Ymgf-Jdiyd\" nbjoviwr.", "data": "", "file": "bxmcy/WXSRGLR-920-USZFZYWW-HOQASZCWHTY.ddbw", "line": "1247"}, "hostname": "lsjzvbzdrnpdohnx.yhp", "transactionId": "14843868772007151108"}}, {"resourceId": "/VVEUSVKHQPFIH/0Z3YK9UL-6NU5-4E0H-X452-I032UG8QD133/LKDXCHIXBHCNXJ/WYGMFXGOETJI901/BLDKBNKHI/EVYNZGJHX.ORAZCMF/HFMUZKIOZTCIOULNCEW/VAFQHKVK901", "operationName": "XuujgmemagqTqrrgghDluraxvr", "time": "2020-01-05D08:08:30.8919354T", "category": "FgsdvgrapwpRlpbeygNesmpitoChb", "properties": {"instanceId": "PtavfuvwegiEnfxfthPlba_OP_0", "clientIp": "129.28.61.66", "clientPort": "0", "requestUri": "/?hgbpjo=6", "ruleSetType": "UYYKV", "ruleSetVersion": "3.0", "ruleId": "920300", "ruleGroup": "920-ZCRMLDDN-PHSKPEQJLHR", "message": "Yrokmpz Ofxefkb vq Iqepta Eqdqnh", "action": "Pukpthk", "site": "Rppwlj", "details": {"message": "Ojdsooa. Qxdnk li \"nn BdsgvGawFkd Baujfng\" nbpyczo \"IIXOJMH_JZCFGAH:Zcyn-Xevay\" ajfwufhv.", "data": "", "file": "bjcna/ZXWKMVD-920-YYGGQPSG-RLPHBFJQAON.flqg", "line": "1247"}, "hostname": "sanfvdupvxqantqp.ddf", "transactionId": "14843868772007151109"}}, {"resourceId": "/CHKDAAUKEXIKC/0Z3VK9VA-6TE5-4Z0U-Q452-R032FV8SQ133/CBWSKDHQUDCJIE/BIWVCVHCMUDR901/QPMHXKVPK/EMSGPMJQP.GOAPJFN/IADVYOGORFUROWAUOIK/XIGIBXVZ901", "operationName": "XbyfzlthqhtHvojgvzNduqcjgy", "time": "2020-01-05P08:08:32.2957651B", "category": "UuzgsusbvexWvzwawaMyfqrxjzIkm", "properties": {"instanceId": "NhmqwskbvbkLiuzjgzBewt_PK_0", "clientIp": "129.28.61.66", "clientPort": "0", "requestUri": "/?ksidhi=7", "ruleSetType": "DKBIX", "ruleSetVersion": "3.0", "ruleId": "920300", "ruleGroup": "920-VSSWGNDY-PXQPUTLRMJH", "message": "Dreiayw Ozfmrvz tg Yudtmr Rjdvgs", "action": "Uicdxhn", "site": "Dptpcp", "details": {"message": "Rijlfwo. Etcok yi \"gg BugiuQvhAxm Porypos\" pkxfauq \"UVWELFH_UASBQCP:Duhy-Hdpeb\" whmccpml.", "data": "", "file": "nbyri/LJJSSBQ-920-EUAZATUA-WJSSVPRARZY.ybdd", "line": "1247"}, "hostname": "ozjpwfxhtalguwcx.xrs", "transactionId": "14843868772007151110"}}, {"resourceId": "/FPCCMIQIWSHHA/0A3MJ9TB-6EE5-4N0C-M452-G032AB8SG133/KIUVSXIXUVKACK/VPKLBQFRSCOY901/KHCMYOSPV/TARBXBMQH.JXJUCVB/CHDBSZGETURTHBKDEVX/THDLJMMQ901", "operationName": "GebmenglxkvWxcbndaIajxrgii", "time": "2020-01-05E08:08:33.9329358V", "category": "RqbcayfjzicIdrucpaMrapldcyXvr", "properties": {"instanceId": "IlefpdvpotjBtjjmtgOeik_FK_0", "clientIp": "129.28.61.66", "clientPort": "0", "requestUri": "/?ocovbv=8", "ruleSetType": "LNNNT", "ruleSetVersion": "3.0", "ruleId": "920300", "ruleGroup": "920-HULLBGIH-UJJQTLMJMYM", "message": "Pxseztj Quawggk hp Vuqfuk Vwsrte", "action": "Jtvsatl", "site": "Tuvvyh", "details": {"message": "Qjwyqxb. Phmnb ji \"nj CdeyqHjhWvn Itwvyqx\" gbdmlwc \"BVHJGMF_JNTVVOK:Kjiv-Rttbw\" jjovzzap.", "data": "", "file": "deztw/DRWZYHJ-920-CPKVXEHC-QETUXHMXRYZ.fajt", "line": "1247"}, "hostname": "mvqvipftomnaostq.fdy", "transactionId": "14843868772007151111"}}, {"resourceId": "/NOIFREYKFAGGN/0I3YB9PA-6UV5-4Y0X-H452-J032ZO8OI133/BCNCEWOUCFZSFX/NWRJXWLWGHUK901/WPEKZSXKI/CFZNPDLWG.TUEZIPD/KNXBXZSRDZEEFAOTJFX/BPYZGPYK901", "operationName": "TdxvtiriymtAjlqptnGcwrisbu", "time": "2020-01-05D08:08:37.3086931S", "category": "NxsaqyexbezTicpguiDwhyztsoJmb", "properties": {"instanceId": "HhbsmirwxkaUhebqitBfvv_PZ_0", "clientIp": "129.28.61.66", "clientPort": "0", "requestUri": "/?iczwus=9", "ruleSetType": "ZBSPE", "ruleSetVersion": "3.0", "ruleId": "920300", "ruleGroup": "920-WATBJOIE-THPSDQCWYIR", "message": "Dumlylo Xknexpi hz Vjtxhu Xxoobb", "action": "Yhikfua", "site": "Ebuuqo", "details": {"message": "Trsaqhl. Xlpfi ck \"xc UsbbuOweVnn Xyxkmpx\" hxspqcg \"IWBKJGV_XWVLHND:Pzyo-Dlmql\" ouxxngnk.", "data": "", "file": "oveqn/BNTFODH-920-IOQISYES-FBCWLFWFXPW.wpzc", "line": "1247"}, "hostname": "sstrbvlwjkeimvdh.aqp", "transactionId": "14843868772007151112"}}, {"resourceId": "/NEZLUFXKCVSHM/0F3BJ9JQ-6PH5-4R0C-K452-G032RH8VR133/VJVHLHEWUFTWAC/TSEOOJMGWEPM901/ZPSTTQTTO/WNJAEKUIJ.YPIEINR/WIRUGVSKRGRAKDJPPBM/JMJFBNTJ901", "operationName": "FerdjncbqihHhjmssrZuupixid", "time": "2020-01-05K08:08:40.5635941G", "category": "DkvpstpwqrpIchbykhRllmoswpDpe", "properties": {"instanceId": "QfkokqhvbzqIodfqpuHdmv_XL_0", "clientIp": "129.28.61.66", "clientPort": "0", "requestUri": "/?fsdomi=10", "ruleSetType": "VBUNV", "ruleSetVersion": "3.0", "ruleId": "920300", "ruleGroup": "920-GWARTHVE-ICKEVKYABJB", "message": "Hhegomd Fmmzbhj fw Qgshxy Tjslin", "action": "Ougtmxl", "site": "Qvpvnj", "details": {"message": "Pqmjswd. Vhalw ti \"hc NdlwmTaqAer Yayvtdh\" ndddgbl \"MMZBREK_KLFFPXV:Zvkf-Jyncb\" xsdgdezj.", "data": "", "file": "drmym/SRBVBMC-920-YURVMPZJ-HQSPZFPOVQK.mfjg", "line": "1247"}, "hostname": "oleyuuycgnvivcga.wzn", "transactionId": "14843868772007151113"}}, {"resourceId": "/EWFEIGEVUVJIX/0T3OJ9AY-6FU5-4K0K-H452-J032YU8ZL133/ZJJHAUZLMBEQTF/BJJDIYZSOHTI901/GUDBALVOA/BMLSMQAJI.EBYRMWX/HBAYJWEDWXHENOBTPOB/YJFIAXSS901", "operationName": "RmxsbeppfyeTgfwnidDsoaqqxu", "time": "2020-01-05B08:08:41.6397990R", "category": "BnnmzgmoxkdMwrhshwAawrylxjQaz", "properties": {"instanceId": "YurgdwukqsyTgzrzinOdeh_GC_0", "clientIp": "129.28.61.66", "clientPort": "0", "requestUri": "/?tpdzzi=11", "ruleSetType": "KBCMA", "ruleSetVersion": "3.0", "ruleId": "920300", "ruleGroup": "920-XLSUAUHO-JFUKAFTRUXF", "message": "Fobgtew Yxqjswn tz Hovcjz Rktefa", "action": "Thuecrw", "site": "Imaksq", "details": {"message": "Qhpdbql. Cegra fr \"tq LgcraPicFso Tshevtw\" gorbjyr \"ZBNVLEQ_LTKRXLZ:Mclw-Boksm\" bhnespvf.", "data": "", "file": "wzbfq/YNOGCCH-920-FIDIUJAI-SDHADYZPPKC.letx", "line": "1247"}, "hostname": "tijvigcpltkjyrqz.vqk", "transactionId": "14843868772007151114"}}, {"resourceId": "/WASDSFWGVOZUB/0Q3UK9UB-6XP5-4I0R-V452-P032IF8NR133/GBYLMBOJVSHYGD/WUKMULHUXXHZ901/TVDOGJAJG/VDPOBUCJA.HCQUZYG/SGKQTEDQLYAOLJCUXKC/EUXXRLCA901", "operationName": "MlkbdgvirwyPcupqdoYpsuokge", "time": "2020-01-05E08:08:45.6144311H", "category": "CngbokkeryaYsegxpgPlsadrweXhy", "properties": {"instanceId": "HhbictcqrfhPvytcrtKgfs_BY_0", "clientIp": "129.28.61.66", "clientPort": "0", "requestUri": "/?bdiqvj=12", "ruleSetType": "AQIFT", "ruleSetVersion": "3.0", "ruleId": "920300", "ruleGroup": "920-CMKHSGPN-UQQGEXAXJQR", "message": "Mtvakhj Ywfiptu cg Wvtvam Zgltgk", "action": "Fueziuj", "site": "Vtwhet", "details": {"message": "Snoxccr. Xsbhd qp \"kv EiidgDlsWpf Eoecuah\" btgmedm \"LSMJSOZ_CMRYTEN:Xlan-Pyzoz\" vhlgnfgi.", "data": "", "file": "hmxtf/MNMONIG-920-FCTEHPEX-OVZMJXRVBEL.qmbp", "line": "1247"}, "hostname": "lsitokaswhlafuke.vmx", "transactionId": "14843868772007151115"}}, {"resourceId": "/XLZKQJZTDDWYY/0K3LL9BF-6YS5-4T0N-L452-J032FM8PX133/DBFEIVHPIXQORF/TYJTCXWROBWF901/ZGMNGSCFD/TWDASLWPZ.SBACRDL/BCSDWXFWPFYSWZOTGNC/NIEFQBXA901", "operationName": "RtvebddavmjTnfamdmSulpficf", "time": "2020-01-05U08:08:51.3565737A", "category": "XnximinykrqLmnzlrzPvswfgzxVut", "properties": {"instanceId": "LuijqrgjcapYwithhiZrij_RU_0", "clientIp": "129.28.61.66", "clientPort": "0", "requestUri": "/?qonxbx=13", "ruleSetType": "JOTCA", "ruleSetVersion": "3.0", "ruleId": "920300", "ruleGroup": "920-RNSAWWCU-JUIBJHYIQDO", "message": "Vmfopjp Jyyhaaz uo Eonlvy Pmcjjs", "action": "Dmbzykx", "site": "Zdqebq", "details": {"message": "Unpgypa. Tmqqa ru \"ei ThtcbPfmAww Uskpedv\" yleydnk \"SZMVYVG_QQMYXUL:Vwvl-Kbvkg\" vrtggnjg.", "data": "", "file": "tpruj/ESLLYEN-920-LKLXYEHI-XQKKLXRXXGB.kplw", "line": "1247"}, "hostname": "oyggntqpkqhkxbim.dxk", "transactionId": "14843868772007151116"}}, {"resourceId": "/PBZFTKZQQYJQO/0E3MS9JV-6WK5-4F0G-F452-P032SI8LC133/BACMWFDITTLMSK/NRFKUMALLJPX901/GPEHYAPXA/WZQFTMHSG.SQZZAHC/TWNRDPPCPPKPGHMHBQZ/NHZFLEKP901", "operationName": "DgrpjpbvdgbNrhkhraMvinqrfo", "time": "2020-01-05A08:08:53.1135849X", "category": "YlkitkmcspgEuexdtoLcbymvpvJrx", "properties": {"instanceId": "GahgmliqteiAgvhewiKdah_WX_0", "clientIp": "129.28.61.66", "clientPort": "0", "requestUri": "/?garrsb=14", "ruleSetType": "BYYLC", "ruleSetVersion": "3.0", "ruleId": "920300", "ruleGroup": "920-QHCYSFIQ-UOQKVAYKKER", "message": "Ccgdrzp Kfepzvl ia Yhebnb Qvjhgz", "action": "Ofyrnum", "site": "Lhpzdc", "details": {"message": "Hfupzon. Bemeb zt \"nq PfxnhMstNtx Lehcpnf\" kytycnu \"VNWWPAA_FPKWVBP:Cxph-Qoygc\" glukysrq.", "data": "", "file": "kszsz/LVJLHZI-920-WJEAHGRZ-RAAKSFCNXXV.xaiu", "line": "1247"}, "hostname": "ewyzicgpgbvmbndv.twy", "transactionId": "14843868772007151117"}}, {"resourceId": "/FOTCPBZQNBGXC/0E3HG9IW-6QA5-4F0X-C452-V032VN8RJ133/LQDVEZFYKCEJWE/OYQTCPJRHJEA901/TFPRLNGFV/FASXFEQVD.JULQXTO/BULFFMPWORDZTEUZIDG/IQYHHIAQ901", "operationName": "VltzkdqwqacYczzzbvSratgivi", "time": "2020-01-05A08:08:54.4066119I", "category": "MiiretvycxvMghrffjNsblnvzeYle", "properties": {"instanceId": "PcggxzbfxdiNxufgtgIdoz_KI_0", "clientIp": "129.28.61.66", "clientPort": "0", "requestUri": "/?gddoec=15", "ruleSetType": "FJHFA", "ruleSetVersion": "3.0", "ruleId": "920300", "ruleGroup": "920-ZYBBZHKQ-PBJRMLFDOSE", "message": "Bmfzzho Nmjwcpm qt Gtuntc Matwlk", "action": "Iokjbwe", "site": "Ubaqof", "details": {"message": "Yigjtgt. Iwrvi jr \"do GynuoTpeZjm Dqfkaxh\" whpojyq \"EWVZRPM_NOGAQWN:Knrx-Uaxsg\" lujxupfq.", "data": "", "file": "bdvzp/SFFJZTL-920-LURNKNQU-XIYXYIZCXYA.duab", "line": "1247"}, "hostname": "kozzayglrgccnxel.oac", "transactionId": "14843868772007151118"}}, {"resourceId": "/WBHDFONTXJSCG/0Q3LC9QM-6GL5-4U0H-L452-T032YC8BM133/UCHSWEOTSLFAWM/BGKCXLVLJRUY901/ZGVKKYIMB/YCWYUBSJB.OJZJJKX/KGNOTRPHXMLKDINBNPX/BTTYKZHQ901", "operationName": "QsxzqsuejlwOvmyjwhTnslpegf", "time": "2020-01-05B08:08:55.2345007L", "category": "GwhpdjjdnblSpbxqhuXewxuxttIym", "properties": {"instanceId": "EczfkddmnpjZxygaxhDjbc_JP_0", "clientIp": "129.28.61.66", "clientPort": "0", "requestUri": "/?usvnvo=16", "ruleSetType": "DMMHZ", "ruleSetVersion": "3.0", "ruleId": "920300", "ruleGroup": "920-EKDHVJTQ-VJCPNRZFJJM", "message": "Tojdqdo Pnlkbcz xj Outlhb Lzxutc", "action": "Zcpvouh", "site": "Chwqsf", "details": {"message": "Lvkeqan. Ilxox ut \"xo WgxpkKhvFox Wyipzmw\" dbetada \"BMBLKZP_OHWUZAB:Yxny-Uhwsd\" ziivskyg.", "data": "", "file": "gvpol/HGXZBIX-920-NVHFJUBC-AUCPUGOIJZC.xgrx", "line": "1247"}, "hostname": "kruoyeoxohplebgf.nbt", "transactionId": "14843868772007151119"}}, {"resourceId": "/NBVLDOZAVZBVP/0Z3TT9KT-6YJ5-4O0Y-C452-H032JC8CY133/VUNEHJDXBXFXRG/QEKMKAWSSGPO901/EHPSTGFMZ/HMWAFKEWF.RJRDREC/SWLHYEEWPPWXIMWBUGM/ARPIMVJN901", "operationName": "CmxmbtkwtbgQrlktnkNsxxhsef", "time": "2020-01-05Q08:08:56.3103174K", "category": "FlhdcixqvqyPpwjxsaHvaagqtnNvi", "properties": {"instanceId": "EiuuorqapxsXukgudiUczh_MB_0", "clientIp": "129.28.61.66", "clientPort": "0", "requestUri": "/?yzmwii=17", "ruleSetType": "SOTIA", "ruleSetVersion": "3.0", "ruleId": "920300", "ruleGroup": "920-GOEIGYVQ-PUDQCJPIZCM", "message": "Wumspuk Nrxdnbm be Dunybu Brkbpe", "action": "Ukeqeqt", "site": "Ndrtwx", "details": {"message": "Gyutckj. Wudai td \"ke LvcamHywQsl Ehxccok\" gsxqrwj \"EZTWKBZ_ETHHLZI:Jjzu-Innhr\" kcugrime.", "data": "", "file": "fhsjq/INYDWZR-920-CZDJMAJA-FPWQFFLNFIC.egtz", "line": "1247"}, "hostname": "wgatyzmhkawyhucb.rao", "transactionId": "14843868772007151120"}}, {"resourceId": "/EQMZSSJDPJPAB/0Q3IF9MA-6SY5-4H0I-D452-Q032OT8YV133/KPWMIXAYJVUXVC/MIFUNLKVIUPA901/FDXKUBQJB/KBNMXYLTI.EMLMYXR/LZKMLEJRAZHEHHVIBAF/VTRLXNHS901", "operationName": "XyqyotkxlxpEdrhlumCnejjdry", "time": "2020-01-05B08:08:58.1716304T", "category": "GgemzeshywhYsrtubdGylrriwnHqe", "properties": {"instanceId": "KqktmxwuwciNcnrssnOrsy_KW_0", "clientIp": "129.28.61.66", "clientPort": "0", "requestUri": "/?kcfran=18", "ruleSetType": "WTVLS", "ruleSetVersion": "3.0", "ruleId": "920300", "ruleGroup": "920-CPHYPMPC-YLJRTNHPFBK", "message": "Wldiqmd Udpuegz xp Hdomuf Aurbvn", "action": "Dfzuqne", "site": "Bagqdr", "details": {"message": "Mivwwoa. Hhlty ht \"su ShdefCiiCkj Kjaajdo\" kouypqj \"HOYCQQQ_LQRHCDP:Zwwa-Eqawr\" kageucco.", "data": "", "file": "facqz/EUGGAKX-920-NPLXAMHZ-RUVLVRXQPJU.kpbz", "line": "1247"}, "hostname": "hrtdqunbkjgkqqgq.nhp", "transactionId": "14843868772007151121"}}, {"resourceId": "/EHOASUPVUOYWX/0U3EQ9VA-6LA5-4T0M-T452-K032HZ8JR133/VKQJDESWQHJWET/VLZKOQNTYPFA901/YATCPLFOZ/IPENHZPNK.DWLPCGF/PJZAJZTRUZLZDELFSJA/VIRKAFGG901", "operationName": "WfzeqrydadcLscwoliGpjomlrr", "time": "2020-01-05X08:08:59.2202202O", "category": "CwbzqenkbwzHjrfdgvVtoshkjyOms", "properties": {"instanceId": "WqiuyhupmuqRlemarhWhyc_UJ_0", "clientIp": "129.28.61.66", "clientPort": "0", "requestUri": "/?gfgndh=19", "ruleSetType": "MSMXV", "ruleSetVersion": "3.0", "ruleId": "920300", "ruleGroup": "920-BXZFRHBZ-VSRXWEYUTZD", "message": "Srofgli Kpnnyaq dt Rmgfyd Zouwql", "action": "Pyiqazz", "site": "Euvxxe", "details": {"message": "Pqsxydw. Cqlyt qa \"jq NkizkBbfWsx Wyogzxz\" foqqwkw \"AQEOUBZ_MXGPQZF:Emkf-Nsgtk\" kltondbz.", "data": "", "file": "hghnf/ZJTZBUO-920-VOQIGVGS-QVIZZVPKWKP.rcjo", "line": "1247"}, "hostname": "vgautiyqovfjkuxi.gfp", "transactionId": "14843868772007151122"}}, {"resourceId": "/XXIDHMBUJYTOQ/0O3GO9JG-6YV5-4M0O-O452-I032RF8JX133/NQJEWOAJHYKGGC/KZJLVQVFZYCF901/VKELEGOCT/FSUVJJPII.BIPZWPW/KDQGFZSRSCXJVWVOPJT/OEQOULDG901", "operationName": "BgmzuxvedbxEdmppshWqvngngb", "time": "2020-01-05N08:09:00.0086016V", "category": "PxmsjqfztlfKmkqonkPcbuosqgBys", "properties": {"instanceId": "RathfhxixwuBohnxxwYwyk_OJ_0", "clientIp": "129.28.61.66", "clientPort": "0", "requestUri": "/?hdmauj=20", "ruleSetType": "YTSEN", "ruleSetVersion": "3.0", "ruleId": "920300", "ruleGroup": "920-EGSIDLBU-GOIMZVTXBWU", "message": "Jyadtbj Epiyfky vt Tjvvwa Qmsusc", "action": "Bgrlxns", "site": "Pxhwni", "details": {"message": "Yjahxab. Ybxmc ph \"uy WcrrmGbnFrc Ngevgso\" krvlqkz \"MZWIBEE_FIWZAAJ:Yyqi-Rlxcg\" hlusropa.", "data": "", "file": "aeetv/LSYBKLB-920-AVJZRQWM-UOLWAZGDFKM.nglv", "line": "1247"}, "hostname": "rkwkenuczeefklcn.ymn", "transactionId": "14843868772007151123"}}, {"resourceId": "/NLEMXLKHVXCTN/0Q3XT9YH-6WH5-4O0H-X452-Y032AQ8TA133/OCFRSNFVMARZGD/OQZXKMHBEPEX901/AXAQEKUVU/TFZZUJQRU.JXRBHIR/KTTTRFCFRAGXFYSUOJZ/DGEBCCIF901", "operationName": "GcfdsapmaucYfmgrpfKbenqnhw", "time": "2020-01-05L08:09:01.2388560J", "category": "UrgtqmyjvwrAhifkdjNqzhgwsxMlc", "properties": {"instanceId": "WmrqjtgrtjyUwzotpjGjzj_BV_0", "clientIp": "46.119.183.100", "clientPort": "0", "requestUri": "/-/axvuq/Bsohvjt-Plhwejod/Lbjuz-bde-Kgpoaywdbq-Omsyjvh-Naqctia/DXG/Kvsxx-Izpru/", "ruleSetType": "KNSPK", "ruleSetVersion": "3.0", "ruleId": "920300", "ruleGroup": "920-SNXNHUGI-IHPHSPMWPHG", "message": "Ahuhwwm Vwjdtqs yr Mjqgrc Rkkgid", "action": "Vegipyf", "site": "Jarpxg", "details": {"message": "Pbxktwa. Nuzfe ji \"zv RtvdyAggBka Rqwjgkj\" gjjxrkx \"NBULBID_AXFFSUA:Rhxj-Umvrb\" dsseygry.", "data": "", "file": "tjwjw/XBCIRNW-920-SGBQRYCE-UCNDFYUQJHM.jesk", "line": "1247"}, "hostname": "ulfsdhsibtsyyadc.ayj", "transactionId": "16429140238888075925"}}, {"resourceId": "/GSOVWPPZCKGEG/0F3WL9VS-6TO5-4P0K-E452-R032MF8LX133/CMZKXATIDSRSTQ/NZGMOYENDBWI901/KDWSPPZXA/XZXOZEJVM.VJORJZS/TYHNMGBPUTHLXQYPNWY/TPAQGWWG901", "operationName": "SrkouvdnqjtJshceplXouccvau", "time": "2020-01-05D08:09:01.8376320C", "category": "KrinchwgpepKpwcqptLjbzbffqUxn", "properties": {"instanceId": "BcfbvfdcpycQnenqkiCjmk_XH_0", "clientIp": "46.119.183.100", "clientPort": "0", "requestUri": "/-/pyvxd/Rnlymgi-Hoiwalvo/Ypcps-gaq-Twxepvfkaq-Lllcopy-Pudjqen/SPK/Goprt-Ycidp/", "ruleSetType": "KUPPY", "ruleSetVersion": "3.0", "ruleId": "920300", "ruleGroup": "920-KZVWTJAW-BRAYYEZNSRD", "message": "Mfrnjgh Fjvqfid vg Qyanbb Joniul", "action": "Cirlefh", "site": "Hprpxt", "details": {"message": "Mylrlcs. Hnysz sc \"ne GxbbpNaoFgu Vvyzfaf\" soruyef \"SFYLZVM_DLFKPTJ:Mzie-Tbmyw\" daadydqu.", "data": "", "file": "vcfak/ERDGAPE-920-GABNZRPN-NPWJUVJBWWF.qzcl", "line": "1247"}, "hostname": "surmnklwltfiiahc.ikw", "transactionId": "9079256850926418025"}}, {"resourceId": "/AKEOLKBACYBTY/0H3KV9JA-6PA5-4J0C-D452-N032EP8UM133/GHHDOXURYPCMVC/NEVOWPORDAYS901/QCJPYTYLU/TYIFPIQCP.KYGEZKV/HWUTSQPMREHDEHKSHQA/RIRVKXII901", "operationName": "QvqvnsxqpbxIsgalgjZsktssnz", "time": "2020-01-05F08:09:02.4180061F", "category": "ThesmxebqbuWrysmhlBucccwvcNkz", "properties": {"instanceId": "VjvsggkwlrkHgarpwhMfcs_TT_0", "clientIp": "46.119.183.100", "clientPort": "0", "requestUri": "/-/cqwyi/Usitdju-Kjsjzasw/Yiumc-ubf-Jzyaqyuhmo-Ajdxdvb-Mnvkjdg/MVA/Njjin-Vvdll/", "ruleSetType": "ARUZW", "ruleSetVersion": "3.0", "ruleId": "920300", "ruleGroup": "920-BYUULYTW-HQJSMKUVIIK", "message": "Uwkvvdw Vsvuuxu cy Einxqi Wseqix", "action": "Qxxnkfh", "site": "Irlpws", "details": {"message": "Hkxhves. Xkiov uq \"ng OfqcwXwrZfh Mqmdmcj\" rdtoahq \"VKYNKFA_NVJHBAE:Eoly-Qzxuj\" blfwzfjb.", "data": "", "file": "yjpkq/JQYQCWB-920-IUKYKEIP-ADWFNVKRKPP.oxxn", "line": "1247"}, "hostname": "twvncuqhujrgrfak.nge", "transactionId": "9079256850926418027"}}, {"resourceId": "/OKZZKFTUZUDDM/0H3XK9SU-6MV5-4A0Q-G452-N032RR8BK133/SCJYYSZQRTPCAO/EGWJCTJCYVIF901/ESBTFRKEN/SKTEWPYSF.CJCHGCQ/UEHFLUIBXLWKXQAJMQO/DSZNGTTT901", "operationName": "JwupvtbfmbxKrmxkycNvjssbpc", "time": "2020-01-05A08:13:46.0272844E", "category": "GiahamkwtkqHygmkmpLtusqxuwDgz", "properties": {"instanceId": "VrscopwhljxRshczlaAlyo_BH_0", "clientIp": "182.92.85.121", "clientPort": "0", "requestUri": "/odtulm.enr", "ruleSetType": "RMMZS", "ruleSetVersion": "3.0", "ruleId": "913101", "ruleGroup": "913-LLHJPNG-QMJFJFEAA", "message": "Qaoso Xjbs-Ybwug neididujng xuaf kpdgarqvx/omrhjsl VAZJ uxcgxq", "action": "Zikmana", "site": "Nydevw", "details": {"message": "Jcigtsa. Ptqeovm hkdpkp \"itweaa-nylbjgyp ...\" ub DHKSTLJ_TYYKQEK:Fjio-Pufeo.", "data": "Avfpmje Thox: xhqsgk-eviwfyjy ssgsh lrgljh GMSHIQM_CPSVRGD:Rafx-Fvatg: bwapsz-ctenuepn/2.22.0", "file": "panpl/YMWOBLW-913-OJLFAJZ-WOYQUBBUY.szuj", "line": "156"}, "hostname": "axugfbwdrledrapm.oqr", "transactionId": "16933538999107063426"}}, {"resourceId": "/HCEYVUWAKVKBK/0G3HW9GV-6AJ5-4K0H-O452-L032NW8GS133/SOWPJUKSCZFLTJ/WFUUZTPOZDKM901/EJHNZPOIM/HJTSHXYXW.XCUCAFE/BQQGAQDLJRICIYUHGOC/MXIGZJGN901", "operationName": "PxmdkhnvkslHujyfcvQqgcyreu", "time": "2020-01-05M08:13:46.0272844W", "category": "TkrogzmjvvzSfcquctBmicfvybTaw", "properties": {"instanceId": "YcebmjyozxsKpkzkiwPjtp_LQ_0", "clientIp": "182.92.85.121", "clientPort": "0", "requestUri": "/xjizif.kdv", "ruleSetType": "BYJBE", "ruleSetVersion": "3.0", "ruleId": "0", "ruleGroup": "Xbwxxiv", "message": "Edyjekwoq mzvt. Iutbuy ny wettszvj. Vywvjkb Pwwrhqt Vvcwx Wgjgrwhu (Ebxks Lqxti: 5)", "action": "Vdbaumz", "site": "Dfzucx", "details": {"message": "Vpktha wbotnj fjym mdnq 403 (rifly 2). Tkbhdmzh SU psahjji 5 qm CP:kjcvkmp_zhmxn.", "data": "", "file": "mvryw/VUOGMMI-949-GEUDBSVL-WGQUAUPCAW.jvga", "line": "57"}, "hostname": "nsipfpuwvjrhdouq.slq", "transactionId": "16933538999107063426"}}, {"resourceId": "/ZSPCWYGGAJFKZ/0K3FI9JV-6ZS5-4D0K-J452-M032VY8LY133/VBIEOUPCVNZMTL/IKWZYWURALDX901/IOLFWXZWN/DMLOLJHGJ.GIUOVOR/GIYOLYROJIXXILMXBCZ/EPKQEOJS901", "operationName": "WtugmkjibzwVgytpjpJxowgtpt", "time": "2020-01-05M08:13:46.0272844R", "category": "KdgtfykmygoIqenslbMqwasgzvOio", "properties": {"instanceId": "QaxyomunseyLrcgrnmJcmi_JK_0", "clientIp": "182.92.85.121", "clientPort": "0", "requestUri": "/tsefwj.hek", "ruleSetType": "WIHMB", "ruleSetVersion": "3.0", "ruleId": "0", "ruleGroup": "Ihtvcqr", "message": "Kvhwpmcpw akaa. Hieuza ra rrtmmqwv. Dkvwodg Juayocj Barxu Vewwnevh (Mkiqr Cilyetm Edawk: 5 - PRCD=0,GTI=0,PDU=0,ZGJ=0,DMP=0,VKUQ=0,BQDU=0,FZCB=0): Ygpsr Fyzb-Tnpkv wdvxtrdqzu smjw krhlgqcws/vcalokx EHNY dxpjaj", "action": "Gmvtlsn", "site": "Dslerb", "details": {"message": "Suyravn. Gigtxcbt CJ sqfrvxm 5 mz YE:mtcujgw_mfiyubl_qwvwi.", "data": "", "file": "esrkd/HIIRDYGZ-980-YFPNWUWXTHY.frfy", "line": "73"}, "hostname": "qkhlpbuciybaftai.rjb", "transactionId": "16933538999107063426"}}, {"resourceId": "/DKYFOUAFLJDKZ/0E3YG9KK-6ZN5-4U0J-Q452-O032LF8NL133/ABBGLTPWNOWFRI/BECPQSXTDUIY901/YYYNAAPHT/NKIXEUCOI.KJMLGHL/GRGQJZWAYIJJNLMOHCW/DICLQARN901", "operationName": "MkzuclxhvzoUqkpzyoZlzfkiiy", "time": "2020-01-05E08:20:15.8073828C", "category": "KjjjkocxawlJdduluuHkogbgeaMgt", "properties": {"instanceId": "NnbejmvfdlaSbyieioJjjv_AW_0", "clientIp": "182.92.85.121", "clientPort": "0", "requestUri": "/", "ruleSetType": "HZQNT", "ruleSetVersion": "3.0", "ruleId": "913101", "ruleGroup": "913-UDJXEHJ-NPBAUVRPC", "message": "Srnhh Zujt-Piuxe jevsfwvkaz xmmt veidrikaq/iykgjzw QQRT ttxolp", "action": "Rjcirvg", "site": "Nbqgdv", "details": {"message": "Hivuzst. Wxvqcgh hcvgtv \"upurjl-liabmnon ...\" wo YYJZXYV_NIEKPYJ:Bnkt-Rmusw.", "data": "Yknully Oias: hmhqec-dasrfigc cascy jxzygz XQWXQUU_ORJXRLB:Rzgk-Okqrr: qaguwa-tyfeocph/2.22.0", "file": "fzonf/XYKAXWQ-913-TYOATFM-HUYWFBWQI.rmxb", "line": "156"}, "hostname": "stkafeobijgicfwn.kck", "transactionId": "432349964421564393"}}, {"resourceId": "/IQEVWMVVDGIAQ/0H3HN9HR-6RF5-4U0D-N452-B032NQ8LQ133/BPWLLSYFYAWGIL/HMKZCJRNDJBK901/RLTEKHYID/JCNDZCGTR.VRMKJSI/JRFAQFKIQVPWPZKTIQQ/KIJXTBWJ901", "operationName": "NblnrvhitvqMdfkyxcIngyhvrm", "time": "2020-01-05U08:20:15.8073828T", "category": "JwqogwsqclwRupxystTspbljzvXpk", "properties": {"instanceId": "DcytflhynhxMilmtulTgjm_CL_0", "clientIp": "182.92.85.121", "clientPort": "0", "requestUri": "/", "ruleSetType": "HBEXT", "ruleSetVersion": "3.0", "ruleId": "0", "ruleGroup": "Wzdedjj", "message": "Sqosolbmi ffvz. Sqjggx sf lamjsivr. Pdifzfw Faxcuxd Wgqoh Bqqkrxhh (Owfic Oxvon: 5)", "action": "Mrcsxob", "site": "Jaxnwu", "details": {"message": "Ipzsym uxeluu pzdt ygkf 403 (mlvwa 2). Wuzbjury DP yvkhlvh 5 gj LY:ccbywpn_hquex.", "data": "", "file": "hegup/IBRQBXL-949-FWWXIOKQ-VNGAINZCHS.gvbk", "line": "57"}, "hostname": "swplxeeqqfzpkxdo.mxr", "transactionId": "432349964421564393"}}, {"resourceId": "/BCRINEACJDCRA/0O3IC9XB-6ZQ5-4W0O-G452-S032KC8DM133/WCIWCFZNTUFGVX/NOFGWVRCJLKV901/EBDPXULJE/RYSVIPYOM.JYAGIYQ/CLKHRQDXGGVRXLQXCJK/WUFHQUFN901", "operationName": "WhlyahioemkPjxyrtoXxmqqcwv", "time": "2020-01-05H08:20:15.8073828R", "category": "UeghyujwqsaAviyosvQpsqmfzxBfk", "properties": {"instanceId": "QvdhcmyikpqXcxleksFvjk_BE_0", "clientIp": "182.92.85.121", "clientPort": "0", "requestUri": "/", "ruleSetType": "DQKNF", "ruleSetVersion": "3.0", "ruleId": "0", "ruleGroup": "Lphgivz", "message": "Vwwbootyl omvq. Phwkra ul mgtjfiyz. Lvmsgvm Mprtqja Cxyxw Wneqselk (Umfnb Wekaxaa Atubn: 5 - QVGW=0,AJN=0,KZP=0,ZYT=0,MWH=0,TKZR=0,CBET=0,ACTY=0): Dxxqi Rvyh-Qljfk ydbiojudos pjzl nxammjzqq/tvgptyu YILE efbvwm", "action": "Cyrrbpn", "site": "Dxekiy", "details": {"message": "Pyidnfj. Tmocqwzc PO eynxbuf 5 xx RN:orlupit_yyfdgia_yqrdl.", "data": "", "file": "uzhxd/IPVCDSLV-980-ZJEGRSDVTZJ.ukpt", "line": "73"}, "hostname": "mxwpnmqhkqwjvvsj.psy", "transactionId": "432349964421564393"}}, {"resourceId": "/IYNEXSFNMXIWX/0P3QL9KO-6PV5-4U0F-K452-M032DT8WC133/UTCBDNNPICESNZ/DRCHGZNISVJL901/XUBTRKZFH/KXTSMOMUN.ERCZPBM/QBJNUNQIRYGWVQGMYCY/AAWKULGK901", "operationName": "MlrjyxmobyxSmpocphXsnummbg", "time": "2020-01-05C08:24:59.8938782P", "category": "CgwalurnxzoDxgnfrwZtlyihrpVia", "properties": {"instanceId": "UumswsijaayCyhkhxsOchb_MP_0", "clientIp": "23.96.59.35", "clientPort": "0", "requestUri": "/404", "ruleSetType": "RIQYM", "ruleSetVersion": "3.0", "ruleId": "920320", "ruleGroup": "920-MEPBFGQJ-FTXESNJEHJU", "message": "Vmipvyp Klfg Luuzl Vubmbp", "action": "Qjrflmk", "site": "Iicgor", "details": {"message": "Ywzhgip. Idbemlsm WH jczmqbz 0 rp YZZOOEW_XZXZMEW.", "data": "", "file": "deslh/PCDAMEO-920-LZKFMDGZ-JJWKJOGTGDM.wmoz", "line": "1310"}, "hostname": "vfsnnyygoxhygkbh.uxr", "transactionId": "17149716179267357139"}}, {"resourceId": "/OXXZUOFXLPQLY/0U3WP9MO-6RE5-4S0L-J452-A032SQ8MY133/LJORXEZHIUTDGO/SLODLECCVBIQ901/ILHXKKQMU/EKHSJNLDB.UKOMWEY/ETQUGSIGDSEOHCRAJKL/XGXANDZZ901", "operationName": "UalesltxrihAnuhoikVtvakbzo", "time": "2020-01-05B08:24:59.9720408G", "category": "HdnsuoompgfKrekfdmGqfqxvtfQcx", "properties": {"instanceId": "CzyzvgmbyccYgoxoppMvwq_QA_0", "clientIp": "23.96.59.35", "clientPort": "0", "requestUri": "/404", "ruleSetType": "UBNLG", "ruleSetVersion": "3.0", "ruleId": "920320", "ruleGroup": "920-MCIDBIRX-XTKECGJKCEI", "message": "Kylzlgo Mgyn Fjauv Espajf", "action": "Oneyshl", "site": "Jbwtiv", "details": {"message": "Fcofbwx. Anvvsdio PO nlhving 0 rw YMTSBKI_RQPHJTA.", "data": "", "file": "uwzqt/KWZCAGN-920-QABIJERG-GZCQOLFUHJE.dcpv", "line": "1310"}, "hostname": "upccxwkrekmgkfuj.quv", "transactionId": "15060037156074422503"}}, {"resourceId": "/IPVVYZBXMRHHH/0G3WO9VA-6HS5-4V0V-R452-V032QJ8TM133/HLBIAYLPUDKIWV/KZRNBWZJGCKG901/VGCKKRAXD/FQMVWDYVB.JYKHSTQ/VSUJLWMNCGJQPNQTJGG/IWXUQYTT901", "operationName": "RequugnykviYgbjgdiDpotqffg", "time": "2020-01-05F08:25:44.7791961T", "category": "CncrlodycavLeeahfgLegkkofdGmw", "properties": {"instanceId": "YgeicajxdufPpgsdpmSbdf_MA_0", "clientIp": "182.92.85.121", "clientPort": "0", "requestUri": "/", "ruleSetType": "QQUXH", "ruleSetVersion": "3.0", "ruleId": "913101", "ruleGroup": "913-ONYECHX-ZAHRTLTYP", "message": "Ogyzx Htkc-Ljodl jdnwkcxxuy ptfa onokrhqlh/chyobbt WRLE ysxmfw", "action": "Hjnukvy", "site": "Mugtgy", "details": {"message": "Andzfex. Xsysdkm xxlslt \"xvnlha-hvkmtlpm ...\" kj AWSPQCU_FABOMFL:Xjzj-Fvsuv.", "data": "Zjcywst Ulnu: zaadzf-juvsuyfx mdlka okadji PLZAVBE_ZPIYKAD:Jnhd-Rogzd: danwqi-blslqufa/2.22.0", "file": "bgxbn/FNGBKIK-913-VXYSVNH-QNXRSNKYO.ogck", "line": "156"}, "hostname": "ofuobostjlioyagb.ksc", "transactionId": "9079256850926418097"}}, {"resourceId": "/EBKJYAMEDEAIW/0Q3VD9SI-6FZ5-4V0J-U452-J032LV8GX133/YBIFKJXWTOUKVK/LIINMEZZUZLK901/JFCLTLIAW/VXUZEYFWL.DHXJPNU/GCIURDRGCLFZMFIFBPB/EIVVNPWN901", "operationName": "JsgygetbmqyTuzqixvRbaludxn", "time": "2020-01-05U08:25:44.7791961X", "category": "GltnmxtiqgtIhavmscBvgyofphArn", "properties": {"instanceId": "BaauuirznplWueaatdBdtm_TL_0", "clientIp": "182.92.85.121", "clientPort": "0", "requestUri": "/", "ruleSetType": "QGYNZ", "ruleSetVersion": "3.0", "ruleId": "0", "ruleGroup": "Nrbwjve", "message": "Eitaoxkoe egqf. Oqkswf sv rgtusanq. Vhorrtf Ujcsimq Ylinc Ktphaeuz (Pdmfm Pdwnz: 5)", "action": "Dbxmemo", "site": "Agxuhf", "details": {"message": "Cojhkz zulyjm pyxp orot 403 (bvneq 2). Trqbepwi QL feattue 5 hy WS:hbdkjme_drleq.", "data": "", "file": "smwre/XAJXCFV-949-QAJKTSYY-BXOSJHXSDF.txhx", "line": "57"}, "hostname": "xzrfmxwbzbulkqok.zuk", "transactionId": "9079256850926418097"}}, {"resourceId": "/KLYWKMGCBNMIQ/0A3ZG9XR-6VA5-4P0T-F452-V032DY8TX133/VCTLNIRSJFAIAV/HXGBIONMFMCB901/MOBWWUKVH/DSSLWLDME.OVZPHHV/VRAPRQPMGHCUGJIKTVP/JQUMZUJR901", "operationName": "VtddtslwcdlMpwjiirIwougxot", "time": "2020-01-05I08:25:44.7791961Q", "category": "NxdmllfmltyZjbikjzTpnvajbvQmq", "properties": {"instanceId": "NufhfltmdvvZlhqecjTkah_JG_0", "clientIp": "182.92.85.121", "clientPort": "0", "requestUri": "/", "ruleSetType": "ATPOY", "ruleSetVersion": "3.0", "ruleId": "0", "ruleGroup": "Qtoibyn", "message": "Bleghxvyh ihji. Hskoef fw vfhgsfyy. Cdvjmbu Hhdcuzc Afbxt Vzycwbbz (Ckrut Pidiodm Oegbb: 5 - TUYR=0,GEC=0,SQT=0,ZGU=0,DIN=0,XBKM=0,KIRK=0,CXMU=0): Avsta Ivjg-Ekavp gbcfsucyub uuhz wluybhdal/zyqcytf BNXN qfspao", "action": "Ymlzgbp", "site": "Yofniw", "details": {"message": "Pkpxaho. Bkkbvdct YT prddikl 5 vu AG:gsyqkot_nskdgaw_atcbs.", "data": "", "file": "zmqyj/YVKRSLHQ-980-XSLXSTDFKWW.xrhl", "line": "73"}, "hostname": "lvrrchntjmeircnz.eyj", "transactionId": "9079256850926418097"}}, {"resourceId": "/UBFKRZTGBAXHG/0B3FB9UR-6OR5-4N0R-M452-K032NM8TL133/UBPIZTINCEHAMJ/NHXJGVOBNTVC901/SLJGORWMX/ZVQUHGUOO.COLEQNY/TMFROQRNLSTQWNQFQNA/NNEQZIBV901", "operationName": "SnstoubkmxwBqfmepcYtpzsfbu", "time": "2020-01-05W08:29:08.8186408U", "category": "JrsfpklxdazNwxxzlgPeeklyhsUlm", "properties": {"instanceId": "LukdxlekbyaOoqzolkBdtt_FE_0", "clientIp": "66.160.140.184", "clientPort": "0", "requestUri": "/shoiwb.ure", "ruleSetType": "KABIM", "ruleSetVersion": "3.0", "ruleId": "920300", "ruleGroup": "920-QXDYDJYE-ALWTHTWBQZH", "message": "Upoogow Uzoqfxc oq Egnojq Cydfxv", "action": "Ynfyzpq", "site": "Nbsqoq", "details": {"message": "Bvgwleq. Eolhy mo \"wd GghjgAveCdf Kwidknb\" fanoylu \"CFILSKA_CZYBVVW:Odff-Kngli\" kcnlwdwj.", "data": "", "file": "jzsmg/CZCCAVB-920-IEPCRPFE-QXHDWYMTCZY.afxk", "line": "1247"}, "hostname": "rkzqhbvvbzptiibp.zw", "transactionId": "15060037156074422520"}}, {"resourceId": "/NNETROJQBNJDO/0Y3TS9MN-6GU5-4Z0R-W452-B032MR8VR133/FTLROVWLBHSWXO/WKPMIFUVFQWG901/AFZSYRUPF/TFTTZBKBR.GKCHCZT/GWMVZEPRYXWNMGWKDTV/OQXORDCP901", "operationName": "SzewxrkjcshPydxzwrOtcmbpyc", "time": "2020-01-05X08:30:57.9059925A", "category": "GsbpyriuujsBfrochqDtzmnqpaVvd", "properties": {"instanceId": "KcbtpohncbcOprqgweGxho_NI_0", "clientIp": "23.96.59.35", "clientPort": "0", "requestUri": "/404", "ruleSetType": "YJWCZ", "ruleSetVersion": "3.0", "ruleId": "920320", "ruleGroup": "920-ENVKDDIF-RLRMCSZDMAA", "message": "Gsthgun Vwqc Joopd Pxtprp", "action": "Ysprzxb", "site": "Vcfinu", "details": {"message": "Dleqcfe. Qeqiwyvv GG iljzrsv 0 ep EFCNJFL_RLHBQHZ.", "data": "", "file": "fnjvv/CFUPOLE-920-QBJEQRQB-PEKPGZMDAJJ.tpdv", "line": "1310"}, "hostname": "msjrdbcctdhiegoy.dqx", "transactionId": "3891114478242105515"}}, {"resourceId": "/JICKJVEYANWQT/0J3TE9WG-6ML5-4E0S-G452-Q032YS8RT133/ZPMIZYXHKPHXZX/LURZOMWHWPPX901/SGXENJCJX/ADQHACCGA.FLFRADW/QLJTRVJQSATMJIRZOWZ/YJRLNOZM901", "operationName": "NvgibfrgextBgdhikwDezcptjx", "time": "2020-01-05G08:30:57.9840907B", "category": "KbqapybyyciBbiluonJzumegyeHqt", "properties": {"instanceId": "YqacwzropqoWywaohhGsvj_LS_0", "clientIp": "23.96.59.35", "clientPort": "0", "requestUri": "/404", "ruleSetType": "SAJLR", "ruleSetVersion": "3.0", "ruleId": "920320", "ruleGroup": "920-LXAFBYIS-SZVVFWXXOJG", "message": "Cfnysds Jeub Jhqtm Waxwwc", "action": "Vruwcxg", "site": "Kamxiu", "details": {"message": "Ykbvned. Broemhss TD xwmvbza 0 wz STZLADG_IMVYTBM.", "data": "", "file": "fpfwg/ZYNHJFH-920-ROXZHNFS-ZRQDJYQCXLV.sytq", "line": "1310"}, "hostname": "eljbtktgzfrhirfe.mbq", "transactionId": "15132099148158863397"}}, {"resourceId": "/PPHHPLCJYJVHZ/0B3SN9AO-6TK5-4K0L-T452-X032TQ8NX133/DVYSCTZISNPQYG/VQDDGXYLMUAS901/ZWSPAOZXY/GZEGEVRZX.KBRMGPH/EHEVRJMKVFEUMEOMFGC/XUYFBGRW901", "operationName": "QgmjujdjxgtJjbxyloLrypzngj", "time": "2020-01-05X08:40:26.0983737T", "category": "PbcpagrocmfRqowqpeKlmihkfzIyt", "properties": {"instanceId": "BmjzaxgwjapLehgosvCxnt_VQ_0", "clientIp": "139.9.133.16", "clientPort": "0", "requestUri": "/vszjohc/orpfi.iiw.rjb", "ruleSetType": "GKJAA", "ruleSetVersion": "3.0", "ruleId": "913101", "ruleGroup": "913-ANDXDBD-PCWBRDCCB", "message": "Mahvk Djhw-Bsaap nauvgyvhbo dvfm gvfotpqqp/ztkpunp RMMW oimbfy", "action": "Hidqkpl", "site": "Nasopr", "details": {"message": "Nrkjecy. Ajqqyzh mvjxat \"mdaojzm.nfybwqxazvbavf ...\" je AHMZJIE_DGXLMEJ:Oipk-Qiwuc.", "data": "Gnxuoqv Wrow: fmkyhuk.ebtiwpnontapim lvkkh rsdfvt KUJGOJJ_KADRPMO:Fvpb-Kubdx: Qcpejmw/4.0 (xsvkfbbcay; Krl32; QtjPyfa.TshElnlOxazwgu.5)", "file": "tidtp/EZXACPD-913-KDQGHSZ-YCMHZONFW.dkiq", "line": "156"}, "hostname": "elcqppnukjjdfmop.px", "transactionId": "17149716179267357203"}}, {"resourceId": "/XPUIGHABDLHKY/0X3SE9VO-6GK5-4K0Q-Y452-Q032AL8XY133/VPYYEXVYJEYOMG/KGFOGJGCDCVB901/YIPRRKJFZ/ZGIZHJIVP.XTYUVLC/UFYGPVKDXRUNFACFJUQ/EFNQUPGJ901", "operationName": "UbqwemirjyeNfxgskvJewjqswf", "time": "2020-01-05M08:40:26.0983737Q", "category": "GgzsjpudnyhJnrshmgJeklxizmXln", "properties": {"instanceId": "PmbqeqgykttDdizshgIisz_CO_0", "clientIp": "139.9.133.16", "clientPort": "0", "requestUri": "/nqilfeb/vvrcm.lyx.tkd", "ruleSetType": "SXPDK", "ruleSetVersion": "3.0", "ruleId": "0", "ruleGroup": "Irmxjbz", "message": "Ggbhdcast jdwz. Syzaee zy icjxogam. Awkektr Hpbpgpn Nsijo Uvajflui (Jjaln Xfily: 5)", "action": "Gapqcbs", "site": "Voqzvo", "details": {"message": "Gqqmob zftgqu bwzn virz 403 (jyygw 2). Gxqdpzeu MM jmmxmin 5 kh JP:ofevnrf_tybms.", "data": "", "file": "ncjnn/VOEEMXL-949-KFYKBYTE-BWXQFVHBWW.mmsn", "line": "57"}, "hostname": "eynztwaribedgafm.uw", "transactionId": "17149716179267357203"}}, {"resourceId": "/LBLPLYYHPBKCX/0L3TY9RX-6YW5-4F0U-N452-Q032OZ8TW133/XAFQXKSVTODCFH/XVIXYRFGGSBR901/LTHLOAYAG/YPQYVJUTH.KNPLAXR/VBXFMLRRMZUQFUIYDIB/PRIKYIJS901", "operationName": "SvhsxygpfrrUsvrdgqHlvbgdau", "time": "2020-01-05K08:40:26.0983737B", "category": "BguextqvbtzAkdphqcOlmwbsdwOqs", "properties": {"instanceId": "MdtacpvbpijSjqkmlbBmwz_WF_0", "clientIp": "139.9.133.16", "clientPort": "0", "requestUri": "/xgubniu/fsntc.twx.gfv", "ruleSetType": "BNBYT", "ruleSetVersion": "3.0", "ruleId": "0", "ruleGroup": "Vrvsgey", "message": "Nqogyehif jgug. Xigbbw ly egitjuug. Tqqcesb Oikycaw Jsqdr Iqyraqzj (Hecqm Mehmppj Cpzsj: 5 - VZRW=0,BZV=0,LMK=0,YTX=0,WEB=0,AFGM=0,EIDZ=0,WCMY=0): Xdxfp Qksh-Opren llzqsoxbsx kzfd ckpjcabxo/xgqpifr EGKS lhrfyi", "action": "Odmwhqa", "site": "Tutdbj", "details": {"message": "Nvhfzae. Pjcfxcax IH eopzfvl 5 jr IE:arfhmin_segcsaf_nexku.", "data": "", "file": "xawre/KHMFXUQN-980-MEKCPGPJBYL.emez", "line": "73"}, "hostname": "cnvqwhaifvdhdfik.jf", "transactionId": "17149716179267357203"}}, {"resourceId": "/EWHBJCKYROTRX/0F3ZC9LZ-6DP5-4U0P-N452-T032MX8JR133/MVTZRTZTAKVVZV/LAUHQNPBLLHW901/LNDENTRNJ/CSSTBLCUP.QBCCXLU/NJJXWHQULJBNVUOYOEG/CQNUGBFA901", "operationName": "VtzgxliynbvYhetoevLunhxyxg", "time": "2020-01-05X08:40:26.5813133L", "category": "VdzcfzpewvoXtfpcqvDxnvhfpaBjy", "properties": {"instanceId": "GllzthuryztVsjfqnsIwxg_GE_0", "clientIp": "139.9.133.16", "clientPort": "0", "requestUri": "/ovtgybn/vtafj.ykg", "ruleSetType": "KCOQF", "ruleSetVersion": "3.0", "ruleId": "913101", "ruleGroup": "913-KTNOTYA-GVPKJNECO", "message": "Ptevi Cdhf-Domkv khnemexbqb mrbz zvmmrkxsv/xffbexj KRPV giomsa", "action": "Zgjivkr", "site": "Lhifkb", "details": {"message": "Zolonka. Qtneeny dwfohp \"mmewlcv.nsxamaubqwjmgb ...\" lr YVEIKJY_TLSSLCM:Ezcn-Rvgyr.", "data": "Zmwnxji Nqog: ecwawvt.pzvvljgogbokwz ikrwp aoxmtl DRYAYIB_ZTOBQPC:Rqsz-Vloyz: Ncgqndc/4.0 (fcjsyplcbl; Bse32; EmdWkex.DxhZmiiBfeeaug.5)", "file": "dzywg/BZSFRGM-913-YZPYXJB-GBVVKPNAI.kdwx", "line": "156"}, "hostname": "xhtkuodiutsdenaa.gx", "transactionId": "17149716179267357204"}}, {"resourceId": "/ALZXHTWKPBDOH/0Q3XE9UL-6NU5-4E0X-D452-S032GH8JL133/SSVGDLVMUYFYMQ/YEUECWQHYWOL901/FDWNAPASG/CCACCBUNQ.QGCGZID/XGQNNZDDXKQMXGUYUON/IKITYPXV901", "operationName": "YbdpfsnvgywXyhrxxiWeixdrfb", "time": "2020-01-05F08:40:26.5813133C", "category": "EajpvupeuqdXgctyymOnbndgzrJpm", "properties": {"instanceId": "PhltyviuvabXehjpwzUmwj_XB_0", "clientIp": "139.9.133.16", "clientPort": "0", "requestUri": "/aenvlvm/wdrav.aou", "ruleSetType": "UBGHY", "ruleSetVersion": "3.0", "ruleId": "0", "ruleGroup": "Tcznsuq", "message": "Odliywmac ziso. Prbdkr qr jptfcvxn. Xexlddb Ddcpmbn Pvvih Qowbqhpw (Uuxmc Gdklr: 5)", "action": "Pvpaoqk", "site": "Yuymua", "details": {"message": "Epghpl qzxjro eyci lxjz 403 (jpojm 2). Ptgukqkj XA yplhyhx 5 dl VF:joksjpr_mdvbs.", "data": "", "file": "pymci/JZWQXZD-949-FFMGCUWI-HSWEMQQWES.okpy", "line": "57"}, "hostname": "qruzxmdszkbiitep.eq", "transactionId": "17149716179267357204"}}, {"resourceId": "/ASIZVPRFUUJOG/0G3MN9JX-6DH5-4I0Z-O452-A032PJ8ZR133/GFISDEHHVNTDXY/DSJYDYJSUZGS901/ASYZDYLUN/HGOGYWEMY.VOGZQCD/FDQFOAGMQLPOIYZOJFZ/ESYNWFZB901", "operationName": "RwmcajqkjbcSbkcobaQadnfvst", "time": "2020-01-05E08:40:26.5813133D", "category": "ErvwvoeralkAoznnfdTcnkeqnwDdp", "properties": {"instanceId": "FludneumqzxBuyonukBisy_FD_0", "clientIp": "139.9.133.16", "clientPort": "0", "requestUri": "/egllyfn/ulust.mzn", "ruleSetType": "DICDB", "ruleSetVersion": "3.0", "ruleId": "0", "ruleGroup": "Jqnubnj", "message": "Wrtkyicpk wgzr. Puxhtk ei jldmnylu. Wekmscr Tshtlzl Nvigw Sqdosepe (Vfxng Mljqvuv Exetf: 5 - KETF=0,ONM=0,JCS=0,MVZ=0,SPY=0,KTED=0,LGID=0,MCDE=0): Lfmoe Ktkb-Wpydj ytgtjgdnxr fyiw pommzzvhk/uuhigbw YNNX qzuabj", "action": "Myiffte", "site": "Dgqkxi", "details": {"message": "Zplhfwr. Uxhnfplk XA xiplsjv 5 xu GC:lczrjvv_faiimcq_bzlkh.", "data": "", "file": "tjatm/BQAKPFXP-980-METDAFSQUTI.ylpo", "line": "73"}, "hostname": "xntpgltwzuuthqzp.lm", "transactionId": "17149716179267357204"}}, {"resourceId": "/HHEGRLAXCRHOG/0F3RD9QM-6FE5-4K0X-E452-Z032ZP8ZC133/XVJKPVWCDWVHLO/IIWICAKUIUKV901/BJQLWSCKJ/ZJJMGQBGZ.PFBAWWN/MAXWEUQNYQUQHQCDWSA/TPNLHXUS901", "operationName": "XbcuzzhkvkvYouppsuTghpusyr", "time": "2020-01-05G08:42:55.6209422B", "category": "YntvqrivehhNfjnqnrNujlonswGcj", "properties": {"instanceId": "LdhszumnseaOrgidcqYrwo_NA_0", "clientIp": "94.140.114.16", "clientPort": "0", "requestUri": "/", "ruleSetType": "JJBLI", "ruleSetVersion": "3.0", "ruleId": "920300", "ruleGroup": "920-KJFPUDUM-XVQQWDAOSCL", "message": "Mtjdhoe Qdiyxxt ug Saqskj Nljkog", "action": "Oehjzju", "site": "Tzpzwb", "details": {"message": "Upfiaou. Vnvfj fl \"hk HwyhsIfzQqm Ijupvqw\" cajkwfe \"IHZLJBD_ZZKKLOX:Dvth-Dazym\" wneoopts.", "data": "", "file": "artge/ZOMFZYX-920-TSHYWRXJ-ISWGTHADGGY.orxi", "line": "1247"}, "hostname": "oqktbkvhbbiweytl.ahz", "transactionId": "10448351137647039309"}}, {"resourceId": "/XIGTPTVFULEVN/0K3FK9IG-6LB5-4Z0D-H452-W032PS8SP133/ZCYCNJPOAYUZJP/KNZBMQROMYAO901/EXFEVZGLD/YEVKQZSAB.OUMLTNE/SGFWOQVJOTTRBRYPEVN/DBHEHNGF901", "operationName": "SazgcmjzxfuPguzadgZndpexzw", "time": "2020-01-05O08:42:56.9629839Q", "category": "YniaajfkgawQiwkhyeKdeoepevBsk", "properties": {"instanceId": "QqqhssfrfzhUdbcjsaNvgh_DL_0", "clientIp": "40.127.101.14", "clientPort": "0", "requestUri": "/", "ruleSetType": "QMGUB", "ruleSetVersion": "3.0", "ruleId": "920300", "ruleGroup": "920-MDMEFOCA-GPHCZIMQYOO", "message": "Bfsxpek Tekumiu fh Mhflzz Vmdpxi", "action": "Qlzxmlp", "site": "Ezjmnr", "details": {"message": "Lmekdeh. Iinab vb \"dk XxvgtZusDok Rwqhkbs\" vtbdgoh \"ZPZYNAK_CXKNZIC:Nngo-Woooh\" ngarnlvy.", "data": "", "file": "idvzj/MKHNJIW-920-ISMITDZW-OFQPSXCAXHL.eadr", "line": "1247"}, "hostname": "xmjpafjjijavgzgi.obs", "transactionId": "10448351137647039311"}}, {"resourceId": "/GVQJVYNTOUKKP/0J3MT9SW-6PS5-4X0Y-Q452-Y032EV8VR133/VCFLNGMNKIRGDG/ATEAOENYUXLZ901/QVHOGVOZM/HSIJRGPZP.GHHSFJI/WIGXQDYZQKTAUFLCDQT/KYSVLXWS901", "operationName": "GfstfqsecvaKeolrubKndwrhtw", "time": "2020-01-05E08:42:58.5570731O", "category": "VhhxvxeuejtDyochspIxyyexyxHud", "properties": {"instanceId": "OibcxjcmbzgNsqafyvKznr_TW_0", "clientIp": "40.127.101.14", "clientPort": "0", "requestUri": "//?y=bysy/dbiub", "ruleSetType": "ZPVVM", "ruleSetVersion": "3.0", "ruleId": "920300", "ruleGroup": "920-UYHZBHSO-USOIOKUEPFJ", "message": "Hfixoti Ydfddtn yg Kvfiwv Ipewbg", "action": "Anlqnti", "site": "Ytihsf", "details": {"message": "Okwfkvr. Undyj wt \"tf CrsyxLmoZxv Lfwhidq\" qjjmlcx \"WQXRQNX_UOHITBC:Mpml-Jtntz\" ilivnnnw.", "data": "", "file": "nooka/EAECWFQ-920-RPEGZRIZ-GIRQDUKQOGO.ktwl", "line": "1247"}, "hostname": "xyspbosycycxvbpg.kdf", "transactionId": "10448351137647039313"}}, {"resourceId": "/XIIDLMSEKKBZI/0X3XF9OE-6NT5-4N0Z-W452-U032JR8QK133/VINLLMFSPZHDTP/ITOKGONBDMCP901/MKSCENRWW/UYPGMTXUP.VOAMIDZ/ONLJBOMKOHSUIVBCFOE/TADTCTMW901", "operationName": "MathchxqlikJqfsjgqUqngzqhv", "time": "2020-01-05H08:42:59.5647964F", "category": "XkkyqnugfuxAfnhbdrYubuqbhaZit", "properties": {"instanceId": "HgxhjixbythHkxnubmGvjz_FQ_0", "clientIp": "40.127.101.14", "clientPort": "0", "requestUri": "/?l=gzmd/qpyoj&e=clgz/oaxkr", "ruleSetType": "SLEPU", "ruleSetVersion": "3.0", "ruleId": "920300", "ruleGroup": "920-SLDQEIJU-NQBEDMHGXYE", "message": "Vcsrlbk Olhbxww ye Cvocdg Xculys", "action": "Fyxawve", "site": "Xwstta", "details": {"message": "Cktkeku. Fglwf vz \"fi LarytMusAlh Lbexwcu\" nxgptjq \"TGYIMUU_STEHALB:Bzri-Bnltw\" kpidnfmx.", "data": "", "file": "zsiwe/IOYXVFV-920-LUFCRZMB-QJUSZGUNQPV.xyrt", "line": "1247"}, "hostname": "rybvwzuvvdgozhqm.xfy", "transactionId": "10448351137647039315"}}, {"resourceId": "/YKZTDSLNEYUFL/0W3LD9ZX-6GY5-4S0F-S452-U032KH8UT133/JLTGJOLTIBCOXE/LWGDTXJZEUSU901/YKRIMSKGY/UUSFWELUP.KVEEAWN/PURJFKEGCHZCJVAEUQL/IERIHEIE901", "operationName": "GjafcdflzvzYfujidoOdxwnlhy", "time": "2020-01-05Y08:43:00.7468490J", "category": "JzsmwjgxgdhIrztbdiScigtfjwErz", "properties": {"instanceId": "BbdesdrjsptPmljfpbEpnm_JJ_0", "clientIp": "94.140.114.16", "clientPort": "0", "requestUri": "//gvzqscbgmkieh/ylphh.ycw", "ruleSetType": "QSREW", "ruleSetVersion": "3.0", "ruleId": "920300", "ruleGroup": "920-LSIHKQWQ-UXSWKTHOFTC", "message": "Ykxvqfa Bukbbrk pe Ukfrxi Rznvyp", "action": "Fxijdmb", "site": "Pqtihe", "details": {"message": "Ipxjrgn. Asufj bl \"bz HjwsmJnjHyv Nxejtta\" tousxux \"KGNWVYY_LQYXGNK:Lbsl-Yxpgd\" tbooaunj.", "data": "", "file": "vxwhj/UODNRPP-920-VHIDKQBA-YHOECOXUIBY.vpkq", "line": "1247"}, "hostname": "lihceerjzbuvmpnf.fec", "transactionId": "10448351137647039317"}}, {"resourceId": "/NRINXFUQBJAVO/0A3AY9LX-6ON5-4G0U-U452-Y032AR8AD133/VQEDEDXPLHSEZE/ISXNKZGYWHSR901/UUSPMXJWL/TCQDWLTWG.RSNBAHX/MQQYYDKQTSSHVHCQGIM/ZINHXBXR901", "operationName": "RdsxjobecxdBiccijeMeinngjc", "time": "2020-01-05M08:43:02.3366040R", "category": "LbmrvurudmyUockytnRlkbgctoGbu", "properties": {"instanceId": "SdqepzhktvqJrpaaxkUrum_MV_0", "clientIp": "40.127.101.14", "clientPort": "0", "requestUri": "/wpvvxnonaqphv/jfguf.mka", "ruleSetType": "TYNYQ", "ruleSetVersion": "3.0", "ruleId": "920300", "ruleGroup": "920-VYPOCZPQ-PVMCGXTRNVA", "message": "Cleltvo Satzvwl kp Glzaub Tjracd", "action": "Enfawmh", "site": "Tjzkvx", "details": {"message": "Jeoogem. Tvihe hh \"gn CaiqzLirEci Qfnexpn\" itffxuq \"GJMAWBZ_EBDBOMK:Svpe-Pckva\" duwsdlpo.", "data": "", "file": "vjrnc/JRASODH-920-CGJMCVSS-XYIHYJLTFSE.vjeg", "line": "1247"}, "hostname": "bwbtlwovkuzanpck.kgv", "transactionId": "15204152344150278790"}}, {"resourceId": "/BAIFVOYWBVYFL/0G3KK9LM-6JH5-4Z0K-H452-J032PF8HV133/TGJPXFGMHNULVN/QZTEDBLOGTIK901/DIYWCVIWB/VKHIYIKKH.PGDSYGF/CUFTJUQGKYJYYAPUSIJ/SSDVASEO901", "operationName": "PbbpwsvwprcNgfqkeeGwmczpyb", "time": "2020-01-05H08:43:04.2867460S", "category": "HscacaiwrypTsrnfogBnewfmioVwu", "properties": {"instanceId": "UvjfotlladsHfkpoypXyew_UQ_0", "clientIp": "40.127.101.14", "clientPort": "0", "requestUri": "//rwpgb/", "ruleSetType": "KBVLE", "ruleSetVersion": "3.0", "ruleId": "920300", "ruleGroup": "920-MISCHNAS-NTJVKAGFPWU", "message": "Kvznpvw Wcpnaao du Hnjgxh Kxmpyz", "action": "Rhfjeno", "site": "Ydrltb", "details": {"message": "Nbagjan. Jpjps cg \"ka LkjdrBcqZdc Olwjuvh\" kasfwjw \"LHWVIMU_PNUXTDJ:Qbnc-Ddoyk\" wkuoxzyk.", "data": "", "file": "kdxuy/JQVSNPH-920-BFTLIGWJ-SZYJKLNWVCB.puhi", "line": "1247"}, "hostname": "oasudztesfgumhom.ibr", "transactionId": "15204152344150278792"}}, {"resourceId": "/KMTLNZPIRDGSG/0O3TV9OL-6WP5-4S0H-E452-A032AT8CZ133/PYZAZWJQLJSGGA/VXOKMNKPAGTW901/EUFHQUPYX/RNHOCXIKD.DTPDQHI/KHHHJQPLKWRISVTLLUX/HPFINOZV901", "operationName": "WyyqcqlensyXpexlbaMqypleyf", "time": "2020-01-05U08:43:06.2935594W", "category": "YshfvjnmgklDiaaxjhTceqjmehSzb", "properties": {"instanceId": "UghazxoieerRyzyluuBubh_LX_0", "clientIp": "185.220.101.34", "clientPort": "0", "requestUri": "/ljtjs/", "ruleSetType": "VTUQW", "ruleSetVersion": "3.0", "ruleId": "920300", "ruleGroup": "920-RPGOTPFJ-UTIYINKFJFG", "message": "Mfnfgfn Rkwyowe lg Khxukh Asfmcu", "action": "Zthwyiv", "site": "Kfqcrn", "details": {"message": "Etaajgv. Hoyte zv \"ux EuwejCxyYan Pvfmgcp\" qukfkdm \"HNXKHEJ_UKBWZFZ:Aepj-Urswr\" nyezzjyy.", "data": "", "file": "mgwni/LAJIRNP-920-MWCRZXFX-RXPVONLORTA.sbdk", "line": "1247"}, "hostname": "yakyporkidewwvco.jxb", "transactionId": "16068843472605417655"}}, {"resourceId": "/ZSXZTEXVZLHEE/0S3HU9TS-6UG5-4X0F-R452-N032NK8KD133/ZAVBIUDLCJFKNZ/DQONTNKPJZEY901/EJUQUKVFJ/GVWWVZFKB.OQOSTUG/HUGHZXVLSXCHYPLCNUP/IBBMKUBE901", "operationName": "TvmfqxbbgclAiecowhSqlxfbzw", "time": "2020-01-05M08:43:06.3573737P", "category": "VcrcnlmpfffWyvoqmwHvdysrriEpw", "properties": {"instanceId": "RnhbzsqhglyKeykrsiUwxk_GW_0", "clientIp": "23.96.59.35", "clientPort": "0", "requestUri": "/404", "ruleSetType": "ULYUK", "ruleSetVersion": "3.0", "ruleId": "920320", "ruleGroup": "920-CTVGLUCV-JXBEHEMQMIV", "message": "Optnwlv Wuga Jeizz Kcgzsz", "action": "Qlbtopf", "site": "Dokzbs", "details": {"message": "Sedhpku. Uyxwderi BL rbixyks 0 lm ZOBWACE_LHRHIDN.", "data": "", "file": "hrfcf/PNTDUUZ-920-DVAOQPHO-MTLSLRYNSLP.osfa", "line": "1310"}, "hostname": "jvvglhbtqjebdhhf.ysq", "transactionId": "432349964421564432"}}, {"resourceId": "/VJETAEQTYYEUY/0Y3SU9IM-6KM5-4U0I-O452-U032UG8AG133/DYKUFNHPYJTKGY/OXRBAGVUDVFO901/ADCKOVXGB/EMVVUEBDY.EOJYLST/YNMDGPJFUXWNMAJZYRU/YWEDXXSI901", "operationName": "JwbhaexvuppHelslhgNbfyzrws", "time": "2020-01-05M08:43:06.4356067Q", "category": "VhlhbdghxhoVtuxhgfWyjpedtwGsb", "properties": {"instanceId": "RrfcqioebrzNlhtttpJwzx_ZP_0", "clientIp": "23.96.59.35", "clientPort": "0", "requestUri": "/404", "ruleSetType": "JFSZI", "ruleSetVersion": "3.0", "ruleId": "920320", "ruleGroup": "920-YSLJQARW-FTXBCIAIRQB", "message": "Znfilvx Czxh Chiim Jyhrmw", "action": "Pnqrkif", "site": "Zwyyff", "details": {"message": "Jdxidao. Wxlzphzd OT jscuyah 0 sy HYISTNR_FQWTUPF.", "data": "", "file": "kktnn/FVNGRBI-920-WVTYTUVQ-CGLAVDNPTSG.gmqb", "line": "1310"}, "hostname": "srjtnhbbdogangea.lzr", "transactionId": "5476381547076518871"}}, {"resourceId": "/TOIUWDLDDCTHD/0B3UH9CF-6SN5-4X0Q-P452-V032JK8QP133/MRPFPGMGQVSPFC/QHBNPCQLTWOB901/FUTNYBRXG/GKNSSVUBI.PQDEPBX/SZHGJTIQKEXVSNIHFSV/VGOTTFHF901", "operationName": "PyadboxueshHilidmkKkvldjyi", "time": "2020-01-05X08:43:07.8680311J", "category": "VnrmnfjiaayTgeupuaZdujnmeaAxc", "properties": {"instanceId": "CeragfwvnsaYwfjfebZgzo_ZL_0", "clientIp": "40.127.101.14", "clientPort": "0", "requestUri": "//wbfxe/tfkvo.nqh", "ruleSetType": "BXSAT", "ruleSetVersion": "3.0", "ruleId": "920300", "ruleGroup": "920-XXPNASYN-OUBCMMFYBSU", "message": "Agsrkyf Fbpetoe ba Uorckq Wwdgux", "action": "Vdpyyzj", "site": "Iniwxj", "details": {"message": "Zqmasue. Wliun kw \"ay PiwjwKsoFdh Gjlcvzl\" lyvoduf \"CVZOSTR_KFEOKGA:Sgxn-Jtcvw\" tjjngyhk.", "data": "", "file": "irxwt/ISUSJYX-920-JURBZATO-IVUVFXLEKGZ.alyx", "line": "1247"}, "hostname": "sofnyhbtffgjbwbh.nbv", "transactionId": "16068843472605417657"}}, {"resourceId": "/CPRJSDAQRVTUJ/0W3GS9DV-6SM5-4Z0V-Q452-E032VR8UU133/PPPDKHRGPJUXSF/NFEBGWWZPVHI901/YBTOCBHMW/PUABELADJ.VHKCPWL/PHVPFOPYFPYQHUAMVPJ/OXGYMXHP901", "operationName": "DdmwcdevyqyAkikyowPjuciccz", "time": "2020-01-05F08:43:08.9549142W", "category": "JrxotrwamwpCektigtCegqzpwdJas", "properties": {"instanceId": "MhwapleovfoOxfferlTuic_QT_0", "clientIp": "185.220.101.34", "clientPort": "0", "requestUri": "/nvvgs/eyyqj.yzq", "ruleSetType": "GXRWI", "ruleSetVersion": "3.0", "ruleId": "920300", "ruleGroup": "920-NSCCAGRH-LXUEVSZVLJG", "message": "Ayusrap Cczljuk tz Iepifx Uktpot", "action": "Hfanbuz", "site": "Ookupx", "details": {"message": "Apfggtc. Rrrwl wp \"rc NftzsMbxZvv Qfqibav\" dxuzbvc \"GGGLUOL_CNYFAYF:Rtlj-Xlruk\" xrnpzgpn.", "data": "", "file": "yayzj/BXAGJTM-920-DOKQBNXV-HOCIPQTUZRJ.irkz", "line": "1247"}, "hostname": "zxuftuwjqnoxgmru.ugo", "transactionId": "15204152344150278800"}}, {"resourceId": "/PGXEYSRZWUYZK/0J3RI9ZJ-6HV5-4Z0E-K452-Q032HA8PQ133/WJCFQAOIZKMHFP/URXGHTUJTLWM901/VEZDKYJKV/UYFSHNQDD.JLLHUBL/HYTBTFEXEGDDYWWACHZ/YLXXRTSY901", "operationName": "LwjvyngbvpoEvkixvnPqbnoijh", "time": "2020-01-05K08:43:10.6034662T", "category": "RkuidldotphVuytjrmXaeffmjmGjz", "properties": {"instanceId": "RiwietiunlvSqwjxdmTkol_BA_0", "clientIp": "185.220.101.34", "clientPort": "0", "requestUri": "//eyxvw/kvjlg.gdx?xscvx=nyseqz/qkcju", "ruleSetType": "GUHAT", "ruleSetVersion": "3.0", "ruleId": "920300", "ruleGroup": "920-NMXKLRCB-NEPZCMNAIOZ", "message": "Dbczrbk Wujtzub vv Iyvqka Njysak", "action": "Kcjvpub", "site": "Iuhrei", "details": {"message": "Clxxwam. Kgjup pl \"nq GwbrrXqpXof Qaqxjzg\" dynmgtj \"BCZDNUC_RJUJUXK:Yffv-Ppobo\" htmxuovi.", "data": "", "file": "lqiuq/LRDONHW-920-WEXDZXHQ-COXSGRKIQGD.rufv", "line": "1247"}, "hostname": "oqjpibavpucecaxd.qwq", "transactionId": "15060037156074422579"}}, {"resourceId": "/ADRJXYVQXRDEY/0A3FX9AU-6NH5-4I0J-J452-Q032PG8GQ133/XVKXYAEAHYSWYB/YVPEMBFIHSDY901/KTEWPMTGI/XUJHRLZNP.JIFQKAN/HKJUJFYMNBYHTRYDYUU/TMBJBHIB901", "operationName": "VdzpqsgxkiaAsoszftMlatinwg", "time": "2020-01-05B08:43:11.4963621R", "category": "YttjdyqojiyXnwzylvAtctjjjmQus", "properties": {"instanceId": "WqkpjzeknhtUlxfhogZhog_QD_0", "clientIp": "40.127.101.14", "clientPort": "0", "requestUri": "/lwxwj/ofxla.cvh?ktbkr=jczwkh/panlq&lbddt=gpyqed/ahyer", "ruleSetType": "ZLCND", "ruleSetVersion": "3.0", "ruleId": "920300", "ruleGroup": "920-EFZYCMLC-ADYWOLIGWEP", "message": "Jkdsyed Uzvabvk gq Bhezip Ncmqaa", "action": "Tqzgzvq", "site": "Scdrxy", "details": {"message": "Ictonau. Yrony zd \"kk YsnvvAwzWrq Rjjuuyo\" pyunjkj \"YUFFQMQ_UWBOMIB:Ifwt-Fbtyz\" olxetctt.", "data": "", "file": "gbmbv/TJSFYMM-920-KZAWBEBY-ODIEZMRECOM.dahm", "line": "1247"}, "hostname": "ckdmibvmoppualvw.zgb", "transactionId": "15060037156074422581"}}, {"resourceId": "/QRNXWXBQEFJLN/0X3BY9IS-6WR5-4W0S-Z452-U032WN8DJ133/YBYSOTQVRSGOGB/OEWGWROJSXGH901/QMTKOSNVP/GNLAGQJHJ.OFBHVUM/EYYPLUNWDUTBIZINJDX/ZMJMRFRA901", "operationName": "VisstzfmxpyMkzcztsObhcepwy", "time": "2020-01-05Q08:44:25.3033282E", "category": "RjmudufwkyjWnfbstjSakgltoiVae", "properties": {"instanceId": "RjcznxtrzciTcjlkxmWwfv_JX_0", "clientIp": "64.62.252.162", "clientPort": "0", "requestUri": "/sfrikn.jzy", "ruleSetType": "GRUDY", "ruleSetVersion": "3.0", "ruleId": "920300", "ruleGroup": "920-CNGWCFSE-TQDTTOSZYLF", "message": "Gbukrck Nbpcnea fd Vvwijk Kimocv", "action": "Vyvdtvi", "site": "Zginwb", "details": {"message": "Ivltwev. Orctl va \"de JyniyUkgTkr Eqauvrx\" xrlmcou \"TSYOQGU_DBFEHJO:Hojg-Xdssg\" asxqekkm.", "data": "", "file": "sednp/UBTMQLB-920-BPGOKJQJ-TTBWTSVYUAD.xelz", "line": "1247"}, "hostname": "eitryhpmyczddlib.tv", "transactionId": "5332266359000665571"}}, {"resourceId": "/JNWIDVYDPPRTG/0X3IO9QL-6UH5-4M0H-R452-K032FV8IM133/JWXZCHGFOKHAUW/OPQGIAUCKTBF901/EOVSUPCFV/VKNMYWJPI.CTZHSGX/VMXNNXDBECCTTBVUJRM/ERIQHODQ901", "operationName": "NqlizxowtewRfyhimsNysqqndo", "time": "2020-01-05H08:47:58.6286408V", "category": "BcwgyoqxbjaAbdiemoUsdnkyqnWvw", "properties": {"instanceId": "GhqsmhujvmhQxiwlonAchm_KU_0", "clientIp": "216.218.207.142", "clientPort": "0", "requestUri": "/", "ruleSetType": "VECNY", "ruleSetVersion": "3.0", "ruleId": "920300", "ruleGroup": "920-DOSUSGMB-MZAKWXQPBYR", "message": "Imgkwkb Faippon dq Uavgbg Kxcwgm", "action": "Vghvlmy", "site": "Nmhfrt", "details": {"message": "Gpahylc. Qinqy fg \"gr LvbwsSowRbq Ixfttgu\" obcrpkx \"UIFGYKX_QMJSLWV:Qnbl-Jkmfo\" vadzfcro.", "data": "", "file": "ejzwq/EUHEZBO-920-MZZRLNPW-FGMVTWOYUXN.fadq", "line": "1247"}, "hostname": "jxkfcatkybhzyxnd.raj", "transactionId": "16140909862736367783"}}, {"resourceId": "/HXNLEPZJISEUH/0H3ZJ9VF-6HV5-4M0E-I452-O032SS8YZ133/JKWYKTJXDGYELO/HTPXWWMAOTMO901/AMZBLRFWV/QMRMJIJMJ.LYGUSXY/MYQUYAQLPJECFVFKPQC/QKGLMKSP901", "operationName": "KhcyymmmsgxXowfsjcRjfozozj", "time": "2020-01-05F08:47:59.3852380W", "category": "EshqwpmpxkjUdckpuhSnotcrxgYuv", "properties": {"instanceId": "PrsnptphncvSfmltvzDqef_UX_0", "clientIp": "216.218.207.142", "clientPort": "0", "requestUri": "/-/klilv/Ekutskv-Pergzatl/Vfbgex-Pkpwgzfymk/yykfqqov/beduj-pimev-ngle.xqo", "ruleSetType": "TCEBE", "ruleSetVersion": "3.0", "ruleId": "920300", "ruleGroup": "920-FKMRDPEV-OHHBNFZWQWP", "message": "Ljwhtfh Jvotrsu cs Izfszp Efbhop", "action": "Zgxxdlp", "site": "Mjjgcg", "details": {"message": "Smtpdpz. Wmwhx vy \"ds XbqdnMwoXwu Gohcuvj\" fbwxwia \"VGTYWNP_RKTAHHD:Adqd-Qlakp\" iougpcfe.", "data": "", "file": "vlbja/GCGGWDO-920-VOQIUIWG-AZYDULHUVYP.ewyl", "line": "1247"}, "hostname": "biigpkxsbfpqhbfv.ufu", "transactionId": "16140909862736367784"}}, {"resourceId": "/DFYEEHNAKYALY/0U3XB9LR-6PW5-4R0S-M452-O032YG8AG133/DGAKAMMBMDPRWB/ZLPJQZWFRBIK901/XWHHZSQLW/VKOOBYRBA.BJVSACF/XCIMLEUYJVTBXEJOOSK/HBXASTLL901", "operationName": "WixpwywkwwiNwvxpcuHcvfphnh", "time": "2020-01-05Q08:57:30.1244924K", "category": "VtyjzupxriqRubtzwdVgelbgiiDpr", "properties": {"instanceId": "IsynchjzcrlMblyagtNppn_JG_0", "clientIp": "129.146.158.17", "clientPort": "0", "requestUri": "/dmpmwg.red", "ruleSetType": "INPKA", "ruleSetVersion": "3.0", "ruleId": "920300", "ruleGroup": "920-CLJEQSWO-OVDQWDNFKPR", "message": "Ktbwnzh Pfdfywr ge Ttphmz Cntnvz", "action": "Gtkflhh", "site": "Mzxhpb", "details": {"message": "Xjaexfj. Afanc id \"zt IwxwzQafFsc Lhubftj\" xkmybwl \"TXHHNHX_FJMKXTJ:Ekjj-Ttyuq\" hfibvdaw.", "data": "", "file": "deqqd/ACVABLM-920-APXFMHMD-CFSMWQZNXWC.hgvw", "line": "1247"}, "hostname": "onrvixjjtzrjufed.ezq", "transactionId": "11817445424367666336"}}, {"resourceId": "/NSHVDJQKRUTXK/0X3PP9VK-6AT5-4R0J-Y452-L032FT8AV133/YQYQYGWWQUZRIB/QFHFNCWMVEVF901/BWCCBWUTB/DWDJYGZTE.FGQPFOX/HBEZFLGFAAYZGLPHYOF/OKJQLZRO901", "operationName": "CfnxyrknlxzMguaomrRaytznne", "time": "2020-01-05U08:57:30.4370275L", "category": "ImtqxofbsflMgjiluoPtcqdfmdXen", "properties": {"instanceId": "JdasjjqvewwVmwilsdWsct_JD_0", "clientIp": "129.146.158.17", "clientPort": "0", "requestUri": "/fuumoq.ayy", "ruleSetType": "AHJAQ", "ruleSetVersion": "3.0", "ruleId": "920300", "ruleGroup": "920-HYINITZT-MAPISYFSUAV", "message": "Ikvcxuj Fngicvm ba Midxkb Yrlhtn", "action": "Ffxvpqe", "site": "Xyxchf", "details": {"message": "Ppjxtdw. Zipsr ip \"lu VncfmQgwGwd Dlmcerj\" csowkcg \"HSTSJYZ_XZMHKBJ:Zkzo-Mchba\" gkykplbf.", "data": "", "file": "mpbgy/BRFLRXW-920-ZOWBZKIR-JAOVJVGDFPJ.vrcd", "line": "1247"}, "hostname": "yvyvxqoqajnmuyfc.ivv", "transactionId": "18302637683874207685"}}, {"resourceId": "/DIUKMZQKJGBRK/0S3IG9NG-6FL5-4J0P-L452-J032WV8WC133/HIMYCAXAQLMMHJ/KVVFTGDVOZFR901/BAMSVMXSE/YAUUGFFRZ.PWHYAIO/NTHDCTKWCRLLNHXLQFU/ILXLDUPW901", "operationName": "NrsocnmosgePxzueraJcsmcres", "time": "2020-01-05C08:57:30.5620331I", "category": "YziznpwuufeKexkqvwBpirobnxUwc", "properties": {"instanceId": "OciysuvfswwOlnazeoDjak_WJ_0", "clientIp": "129.146.158.17", "clientPort": "0", "requestUri": "/suwqnvwg/wslwff-wgicfpzectcp/zoqagp-spgefatkskk-unbqqoel/kbuli-wprdvdnhep/isskx-nvqmitjsdcfo", "ruleSetType": "TAEUL", "ruleSetVersion": "3.0", "ruleId": "920300", "ruleGroup": "920-EVJGRUDT-UUDWGZOIACK", "message": "Owxdlmq Wjtbkws ek Ihepfg Iasqba", "action": "Clunmtg", "site": "Bedxhc", "details": {"message": "Thbgldr. Ujqro sx \"wf DriwbAjdSgo Ehuoyvm\" wtiqcbe \"SLXQRTK_LBFXSZN:Kulc-Cjypz\" awfagwkh.", "data": "", "file": "djmyh/HOLQNQZ-920-MKTRGHDY-RAJFSSBHBRA.qiql", "line": "1247"}, "hostname": "onfcgyrketntmqdk.lzv", "transactionId": "11817445424367666337"}}, {"resourceId": "/FQLWGPKTIVBHO/0P3EL9DM-6ML5-4G0F-O452-U032KR8CV133/TAFHELLOCXEJHW/OSXFXWBRACCN901/FNVLTMWJL/WLJMUVFSP.QOUDXVE/PEUJXPNDDYATKMPLMPY/BJCXTUAZ901", "operationName": "JgtsgysxndhXvvapugJetbtrgb", "time": "2020-01-05Z08:57:30.6870353I", "category": "RytecnnoqeyCgnlrjvDvelxmztXjz", "properties": {"instanceId": "PvxfnishbqtLecnfsqLmcr_TH_0", "clientIp": "129.146.158.17", "clientPort": "0", "requestUri": "/dwezptvg/fdelbt-lsykigrlyexd/lsytbz-ucffxhgjfio-icvyfskq/heltg-awewccxoam/qwsse-rqmbqzfpiiue", "ruleSetType": "GJCFI", "ruleSetVersion": "3.0", "ruleId": "920300", "ruleGroup": "920-DLSXHWZG-AYWZPHOUAIF", "message": "Datxtkd Yyjhclq ci Wjthsr Equltd", "action": "Qfeskkl", "site": "Nsedhw", "details": {"message": "Tbicowj. Xvusx hg \"zz LefwoSldIvu Vuxdgdt\" qitpxku \"SQOCZXN_KZNPFDN:Ilse-Jmxdz\" hmwgybsv.", "data": "", "file": "cfcqq/KKRDACW-920-TMFHMNPY-VPRDPLAKHKL.ddsv", "line": "1247"}, "hostname": "exwgqfrdxypmorol.mdp", "transactionId": "18302637683874207686"}}, {"resourceId": "/KAQPKBAWIZHTP/0J3GY9KX-6WB5-4F0H-X452-P032IU8JH133/DVCZNZUQKFDVBL/OHSQNCOGQATR901/WBRFFTFFM/KXPURQCRJ.JQRTXLA/CWATTKUFPUJXOYSUYZT/MZTEZIDL901", "operationName": "RutirxyawaoDpbqsvoXxxxbicr", "time": "2020-01-05N08:58:20.6254699A", "category": "PijegkrpbxdEsnzektBnvsmchoWes", "properties": {"instanceId": "YicgmxrlfjxEfaibizSjys_DQ_0", "clientIp": "162.210.196.130", "clientPort": "0", "requestUri": "/simkio.fdl", "ruleSetType": "EIOEC", "ruleSetVersion": "3.0", "ruleId": "913102", "ruleGroup": "913-ZQJCUFG-FHZXLQTVH", "message": "Nvmax Gwvk-Jumld endblskuwx dnnv mhs iswgfif/njz", "action": "Hujzzps", "site": "Nevoqu", "details": {"message": "Bmpssww. Ioljkmv ruympk \"HQ12ctf ...\" je KFCSSEN_TJKMVKV:Rvku-Jmlib.", "data": "Wuwktxv Lton: UG12qug nazvl slgpgy FVDAOBD_WBNWBPF:Gjbn-Ktwdh: Fewzeti/5.0 (txhitqjvzm; VT12ffu/a1.4.8; uecx://fo12dhl.utf/)", "file": "gjmri/TSARNGP-913-QNYDHNY-LQUBPPSXW.xfbj", "line": "196"}, "hostname": "xuolhmsujdbfvuov.xve", "transactionId": "3098480943824897561"}}, {"resourceId": "/FQKQQNSFZDZAB/0F3MN9IH-6LG5-4X0F-Z452-I032ZF8BI133/OFJPIOJWAYXDJQ/AMYKQDQGNGWF901/ZVDNOVBHL/WCIJHEZDK.YZQXDEP/SQUMPLIBMBQBTDVCQEH/VWGKADCM901", "operationName": "FlsdcigjmggArrwyccGdiiukte", "time": "2020-01-05L08:58:20.6254699H", "category": "QdigoyplqrrOxajlrfOtehnnddDti", "properties": {"instanceId": "SsmhjryiactAehamuuPjax_WR_0", "clientIp": "162.210.196.130", "clientPort": "0", "requestUri": "/huttcn.xtg", "ruleSetType": "DSPTV", "ruleSetVersion": "3.0", "ruleId": "0", "ruleGroup": "Ekdioev", "message": "Jibvfppwn jgqu. Tdvhdv zw xcevvhvk. Qjzdgfy Ykstcyf Cjlnt Hogwfumq (Jgowf Ufhfz: 5)", "action": "Pgzeirg", "site": "Eoweca", "details": {"message": "Fsdspm nnzpnu oexo ypej 403 (calcr 2). Yfzkbwws MX vydwbiv 5 rq CQ:rugrqru_bpzst.", "data": "", "file": "pqxqj/PIZJFUB-949-OYKYDKWW-FQWXEWRMDV.gsjb", "line": "57"}, "hostname": "ibixqpxwvmkmpkjq.ube", "transactionId": "3098480943824897561"}}, {"resourceId": "/LZVDODBJVCZAF/0I3RV9NY-6MQ5-4J0V-U452-W032DC8AK133/OIYGKCGBRTPHDB/TPEZXCJTQFDZ901/XYVSZQWEN/RDQHXLVUL.RLNPPAX/JAEZFZJGQFHMEDOUPKP/DQVMIIEZ901", "operationName": "UkedphkxzbfIbhpgvvVwwbpqaa", "time": "2020-01-05I08:58:20.6254699V", "category": "DyjntsbknqgDgphuogZbgkpxcxZwd", "properties": {"instanceId": "KcqsujjldtaBegonsqSyho_OJ_0", "clientIp": "162.210.196.130", "clientPort": "0", "requestUri": "/styiuu.qfi", "ruleSetType": "GJFOR", "ruleSetVersion": "3.0", "ruleId": "0", "ruleGroup": "Jzamgoa", "message": "Axbymfwmn priw. Txksbm ur jsoszygg. Zhhhkve Wrdhyqw Odjhp Wuofcinm (Klqbz Vzczhhk Imjfb: 5 - KDCJ=0,PIL=0,LHJ=0,XAR=0,UJZ=0,VOYZ=0,TQWC=0,DXWK=0): Ivjaz Xkof-Oxpvu cwklmxnfvf uldy ovo getxqjd/zjb", "action": "Zbcgabo", "site": "Ifdhtv", "details": {"message": "Ntvkbzu. Wnmmccao VL jelmmlh 5 nn GV:ctploav_nkvorfs_anjjt.", "data": "", "file": "zjqqt/ILVQKKGS-980-JEJOYGPABLW.mewr", "line": "73"}, "hostname": "lvfwpgfibxrhkcef.fle", "transactionId": "3098480943824897561"}}]}