{"logs": [{"resourceId": "/OEZUISLTZLUGE/0V3ZU9OR-6ML5-4G0D-V452-O032SV8IP133/JVNVHSEMDVMEUQ/VWRUZZICQHOP901/EAJQYANOK/WZFCSORCV.CLEEFMW/TNTJNDBDBMUMLRVNKSD/PNENZJMV901", "operationName": "YngvxmghekzBeluikfLdbuscur", "time": "2020-01-05G13:02:20.9452092R", "category": "DwazewxdagdVxpztsgJbhgftpaTwn", "properties": {"instanceId": "DeyqjiiangkLhloygkOupl_OA_0", "clientIp": "149.129.247.150", "clientPort": "0", "requestUri": "/", "ruleSetType": "LHBOX", "ruleSetVersion": "3.0", "ruleId": "920300", "ruleGroup": "920-SPFALSLJ-PSAZDKTEJKK", "message": "Preqcwj Sfldzfh rh Vgzmdb Ofljkl", "action": "Ssgoqvp", "site": "Zivjsv", "details": {"message": "Tglvvfe. Yvfvw vy \"ru FadmtKbuYmn Rkeeioy\" ocqsvkl \"FOEVQMW_NJFONLI:Hbji-Neudx\" zfemtnan.", "data": "", "file": "hsdrb/DZFRAAB-920-RUQXSJKA-JWVMXHOJLHZ.ecsk", "line": "1247"}, "hostname": "zhzdynbrgvvocmwl.zyt", "transactionId": "5908722713257574601"}}, {"resourceId": "/QPQVQJSMIZKKI/0N3EB9PL-6FG5-4L0P-Z452-W032GZ8OP133/CQCPNFHLDTSMCN/AQTEKAHOMGXY901/XXTJONREP/EOXNKBCQK.OGFPJBC/UKAJQUQMPLEZWQPIXSA/WHQCJJSJ901", "operationName": "SqjtyhngceyHynmacrSkkrogqb", "time": "2020-01-05P13:02:21.9781619R", "category": "JlvcvqrrlsxTbjhnhfTxorlqgzMbw", "properties": {"instanceId": "FiifsxbxtkrUoxsxchVlwl_WB_0", "clientIp": "149.129.247.150", "clientPort": "0", "requestUri": "/", "ruleSetType": "DEEXK", "ruleSetVersion": "3.0", "ruleId": "920300", "ruleGroup": "920-XDHLSLIU-AAQBPGRBRWV", "message": "Kqalwbx Iniquah cb Kaypid Xijhme", "action": "Oqojmcq", "site": "Vvqgmu", "details": {"message": "Tspgkyx. Pvclv bx \"us QeewxBvhQdp Cksdxmw\" haicqyq \"ITHXILN_YFNFRHN:Oxow-Nczhd\" dwvfsjar.", "data": "", "file": "mesyv/WBKAJDB-920-VXEPPUZN-PYBZSRBDHRK.tyap", "line": "1247"}, "hostname": "qqtznvgmaxhighnb.rct", "transactionId": "1441151882906047043"}}, {"resourceId": "/QNPKYERQFYPJH/0U3NB9RB-6RI5-4P0H-U452-A032ZK8BB133/BKCHEWYNNSSSIQ/JVYPBDMXZIAF901/CIUCAQYEO/TRYNAZPYG.FAAMHHV/BLGNCXHFSPBPEPLFLLB/ULYNJDLL901", "operationName": "DhktcxepapoDxaoebhZkcuqsff", "time": "2020-01-05Y13:02:27.8237033F", "category": "LjzelgeoazwYiofcegPcopbrwsPjw", "properties": {"instanceId": "FtshszmxahsHydisreUxqw_RP_0", "clientIp": "149.202.198.71", "clientPort": "0", "requestUri": "/ov-utrpp.lxi", "ruleSetType": "MKBNZ", "ruleSetVersion": "3.0", "ruleId": "920300", "ruleGroup": "920-FIKGEFSQ-MAPBFFAEMZN", "message": "Mufwsdl Tflnluo gh Gtnakk Qcnwjz", "action": "Jeinlmi", "site": "Yfijdg", "details": {"message": "Rjtxvos. Dwfkm fq \"hj TrrsrUvhVsp Epoyjsi\" pvjxrgm \"KICEOZL_XPRKGSQ:Vokf-Vabxp\" lxawyhqg.", "data": "", "file": "wvwpa/AXOIKPM-920-MNRCAIZI-JURSMKTXJCD.zckh", "line": "1247"}, "hostname": "evobivrzipienotm.ye", "transactionId": "1441151882906047045"}}, {"resourceId": "/MJGTUUQZWEMZF/0Q3UH9XJ-6LW5-4K0M-X452-R032ZK8AV133/KAKVMPKMHNEGFK/INOTWXXAKZXB901/NCKBQMXSY/SVISLDIOJ.EIHKJYR/WJHSWRXPLCLIIMXGYEP/BFBXUIUR901", "operationName": "SwuwjaedjtgOtifhtgSfvwtkeh", "time": "2020-01-05B13:02:54.7685102U", "category": "IurvjqdzlizAeqpodjRjwratbbOvc", "properties": {"instanceId": "RsyyownvmmdZilthkvLgel_BO_0", "clientIp": "23.96.59.35", "clientPort": "0", "requestUri": "/404", "ruleSetType": "LRHMJ", "ruleSetVersion": "3.0", "ruleId": "920320", "ruleGroup": "920-SWBJLOIW-KPGALEMXHSK", "message": "Kgupwud Sawb Lhhpb Swyzum", "action": "Wfqqzbg", "site": "Povdia", "details": {"message": "Yskealt. Tkvixnsn UB bpgmpyl 0 xg ZYNLKNM_NPBNWMO.", "data": "", "file": "mfmlb/FHNJQIZ-920-JVBAKEIO-JULHWDSBMZG.meta", "line": "1310"}, "hostname": "cuupmzptoijimngg.qe", "transactionId": "17437946555419066945"}}, {"resourceId": "/HKFARTLCAAWAT/0N3OT9JX-6RQ5-4R0E-L452-Z032VA8OR133/LRDZGITSOTTYCP/ABPNJADFHRIW901/QKULTWLAX/BFGFJTGUU.ZOKQYVY/OFXUQXKQLBTJOEGXFHT/NOBCFHTZ901", "operationName": "PlawfujlwzbHlcaixcRtdfgbua", "time": "2020-01-05C13:02:54.8328506T", "category": "FmwvbfrebmuRhygkjvHrztlbocJut", "properties": {"instanceId": "JigdsfjpsiaBdzunwoUqio_BL_0", "clientIp": "23.96.59.35", "clientPort": "0", "requestUri": "/404", "ruleSetType": "LNSUG", "ruleSetVersion": "3.0", "ruleId": "920320", "ruleGroup": "920-KASBFJRM-ZCUDUQPYXUH", "message": "Zrxtfih Qgcf Uhobb Cgfkvj", "action": "Uyblurp", "site": "Ntykxi", "details": {"message": "Modjest. Sdwvxdai VM klhqpba 0 po USNQSYZ_DZUSKXZ.", "data": "", "file": "gzhxq/YCFQCZC-920-ENVQJIGN-QXSUGSRPZGZ.fxrc", "line": "1310"}, "hostname": "nlurjxqhkgzjrytp.ft", "transactionId": "1441151882906047061"}}, {"resourceId": "/ERJTQOFXISKQM/0T3VN9YH-6HK5-4E0L-R452-Z032QG8UQ133/YNTEEXPVWJVLHF/KNBKLJNVFAZM901/WMVCLEWAF/CRMXBUBYJ.ERGNIBM/CLKVURQFRKOBSMFBFPK/DHIJZCHZ901", "operationName": "XdhvxrxdxueBsyukttObcvsips", "time": "2020-01-05O13:03:11.9058918E", "category": "QjbpzrsnoraOcqkyisAexsglrgSrd", "properties": {"instanceId": "KdzvktrvwuaYbhwflqUfmk_MG_0", "clientIp": "181.119.18.7", "clientPort": "0", "requestUri": "/eifnbsvermdybwq", "ruleSetType": "YJSOI", "ruleSetVersion": "3.0", "ruleId": "920300", "ruleGroup": "920-DYUGZXZB-ZEHYTTIHSPD", "message": "Zixhhno Gcxcajr fh Ijdnsj Lshujj", "action": "Pxdvxxf", "site": "Mijpqn", "details": {"message": "Qpmdxft. Cslqo pr \"wv PkxisJmyQzy Ndmymzi\" cykjotw \"LROBNDV_VMYGILT:Njaf-Vetcv\" zxbebxqr.", "data": "", "file": "exwtj/FXUYZQX-920-CZRCKSEW-OZCRYOMWHZO.fbov", "line": "1247"}, "hostname": "eqjrftcsaweoekjm.yjq", "transactionId": "3458768914014535780"}}, {"resourceId": "/GPTJOTUKCUHSQ/0V3HE9WS-6TN5-4G0E-H452-B032IQ8BA133/CKFMXHGZJKHASV/NFGEZDUVKWHL901/FWWRSMIPH/QXWHQVXAA.UCYDQMF/YBSXMUNPSHGRRABMOFE/ASEXMILZ901", "operationName": "KzszakmlqvvHsijjknVeeaoyuy", "time": "2020-01-05O13:03:12.3999206J", "category": "JdchkxbvapzMihvlcfNgircnqiUxn", "properties": {"instanceId": "LgbwkwmxtfpYbxrfhdLirk_YU_0", "clientIp": "181.119.18.7", "clientPort": "0", "requestUri": "/vmspjagijudyfe/jlfvpqiirs-xgotgrorkwu-trwjdxz-iquavknj", "ruleSetType": "ANVEY", "ruleSetVersion": "3.0", "ruleId": "920300", "ruleGroup": "920-ELKFFGTW-FUXPBUWTHIA", "message": "Zaokuna Pwizntt ps Tnphge Anfwcj", "action": "Qwgyccf", "site": "Nugcmv", "details": {"message": "Jtopdfw. Nhcyd lt \"dx BkjelLtiQpl Dkuftxf\" vaiwylq \"EXZAIEF_LFDFZYU:Omwn-Kpmvp\" mvvfzifp.", "data": "", "file": "vfjhh/SJHGKYV-920-LCCAALBP-CLKPZSTGHIC.mybx", "line": "1247"}, "hostname": "akqcucubailmivuz.hya", "transactionId": "3458768914014535782"}}, {"resourceId": "/VPLBXVUJMUCQK/0L3QD9QT-6DZ5-4L0L-U452-A032WH8NR133/OZQRLOVVQNJYTU/YHRTTTCIKDER901/SPPSVXAZT/FUGOJNKZQ.VZKSLOP/HTSXAHLFOQZROLAXSTD/XFIPCVIP901", "operationName": "FbwmcpcqxbuDtkxuqcIbnxlejr", "time": "2020-01-05Z13:03:13.1455447Q", "category": "JdmabuqhgmdDnvkmwcQomlsyjhVbu", "properties": {"instanceId": "LyhgwpcckugYtpcpjuMfsg_CU_0", "clientIp": "181.119.18.7", "clientPort": "0", "requestUri": "/sbuebdgygcexdl/xibyuwkpaf-svjtazffsxi-qbwrvmr-gtyffrkb", "ruleSetType": "XQNMX", "ruleSetVersion": "3.0", "ruleId": "920300", "ruleGroup": "920-CBEAGTZA-VCMMTQGFKJU", "message": "Otzxnwr Iuooard ud Ihdxqu Yfqqfg", "action": "Hcnevtn", "site": "Bzhvlw", "details": {"message": "Egowlyk. Uhifq vk \"cx CftmmTqsZcv Poscwwp\" mzkxjtd \"KKSIQJP_TWXFNOQ:Bchf-Wlapw\" zkwqlznt.", "data": "", "file": "fsvqa/YZLKKYR-920-HFBNJFRC-VZUTZYZKUGW.rsjb", "line": "1247"}, "hostname": "wtcxeekstfuiynbn.osr", "transactionId": "8502796098622980698"}}, {"resourceId": "/ZGPQKAYLKVVKO/0F3WU9VH-6UP5-4I0M-E452-E032VJ8GB133/GAWZNGLJIIGBAV/QBHZCFMOFRLK901/GCRTQUIUN/QZNGZPSTI.LVZNDJI/JBVQOMCQAXOHUNJSQZG/YNZWVASV901", "operationName": "CvrbljmhkkdUnaksdeOrkggmoc", "time": "2020-01-05O13:03:15.4430538R", "category": "ItkgqzvonzlAgosscaCpcgzxuiQxu", "properties": {"instanceId": "XuccatcutbxJicauvvKddy_DT_0", "clientIp": "54.36.148.11", "clientPort": "0", "requestUri": "/ijedqv.uvj", "ruleSetType": "EEDPU", "ruleSetVersion": "3.0", "ruleId": "913102", "ruleGroup": "913-TPBKZGE-JKGGFRLVS", "message": "Blesy Qkjm-Hdxkr ricvvdmgkg cxzq npr dkjtiuc/lfg", "action": "Zdhqauu", "site": "Oziwfh", "details": {"message": "Dodkccs. Tjntcmk rykubn \"FoyiaiTfj ...\" ig XAIVQAA_MXNVZTV:Rmkv-Cyfca.", "data": "Rywzpys Umck: OykmkfFvl slmgp ygglgg HRBOHXR_YSPBJLM:Gekz-Rmgkf: Pqhmsmu/5.0 (ipshsqryqo; YomcieXky/6.1; +zjyj://hxazmd.rhk/mjfwi/)", "file": "xaqyg/OCIOCYW-913-KRLXXTE-NGPZMVSRL.afoo", "line": "196"}, "hostname": "qusrtwyqltrcjihv.mpb", "transactionId": "7205759405940277432"}}, {"resourceId": "/ZHDDGTQWXVPVN/0W3YF9DE-6FX5-4Z0I-I452-E032RU8QX133/NWDGEVGHRNJRHF/OQPFFDXYHYLZ901/XBRRGPXZI/UBHBLFSQO.YIYYYXG/JXRVSKDAAQWSIMZMCEU/DUQLMWXW901", "operationName": "EgzekeulwgeOngfenwSnpgsgzv", "time": "2020-01-05F13:03:15.4430538O", "category": "EufdugezspoIvkoqmsMoeruyrbWki", "properties": {"instanceId": "VgeochclxvwJdpmrkcYjvb_YS_0", "clientIp": "54.36.148.11", "clientPort": "0", "requestUri": "/iuqtjd.ukr", "ruleSetType": "MLVDC", "ruleSetVersion": "3.0", "ruleId": "0", "ruleGroup": "Eqhmkfl", "message": "Vgruizmsp xyns. Xltuyq rf zddhzqlz. Ltqvhdk Iblntdk Givyy Mcsfjexq (Pdcbg Gyvjn: 5)", "action": "Pfufsum", "site": "Pfuwqm", "details": {"message": "Xdrkno xisooh nvro qtuy 403 (fjign 2). Tjaamdsy BM pecoqwl 5 sc WD:npbdwzl_zscpg.", "data": "", "file": "hnaoy/UKYLSCD-949-DSLIUEEU-INTVJKZMYT.tdgc", "line": "57"}, "hostname": "qhuldoobsbftesnx.zzk", "transactionId": "7205759405940277432"}}, {"resourceId": "/ILSUJAWFAUCRI/0Q3GO9IS-6JJ5-4W0K-O452-W032EL8DT133/NGUAFIQVIMRPZV/QTPQMSNQDSCP901/RSQAYHSKV/DNOTZETGA.BUUXTFN/XMSMDUJFZQINUWILBMY/CJJAJXRE901", "operationName": "YjtrbjbpwykDwplhsiGnbtimjb", "time": "2020-01-05C13:03:15.4430538K", "category": "DzynofvkwckVulwnwpIvgohdhzCbb", "properties": {"instanceId": "VjmrzuprblhYtdqfvvWuhr_KI_0", "clientIp": "54.36.148.11", "clientPort": "0", "requestUri": "/zqhufq.gki", "ruleSetType": "VYCBS", "ruleSetVersion": "3.0", "ruleId": "0", "ruleGroup": "Hotvzyn", "message": "Ktiiiupjw xgty. Vyvjce or zjhthaif. Rsnqcab Svxkjvj Xdelq Mbkbjpfl (Czxpz Fhdhkga Osdkj: 5 - IGCL=0,JVE=0,HDL=0,JMJ=0,ETH=0,JYTJ=0,IDIX=0,KUDC=0): Cgpil Dfmo-Qmwyh mvfvwzffpp qcpp bog vpuschi/pcc", "action": "Oodjznt", "site": "Lfgohb", "details": {"message": "Sriuchl. Ajptvuii LH xonrufz 5 vd MK:sdlgnfj_eodaheo_gomjo.", "data": "", "file": "pfxkf/CNDAJWVH-980-VYKXRUJPBSU.vfal", "line": "73"}, "hostname": "boetagtmbggufmcz.fir", "transactionId": "7205759405940277432"}}, {"resourceId": "/FSMGXURIGNMFX/0I3SV9DB-6VB5-4I0Z-N452-F032SQ8HC133/PITAOAZPZADBIE/BJTJCEEKMWUT901/CFSPYBBFE/JYZYPTCAB.CPZUWKW/BGUZXRVILMVHKXBKIVX/LNEEABPG901", "operationName": "PrfclfhfrfzImjyfqoPwtnarmg", "time": "2020-01-05J13:03:16.1648251H", "category": "RgtdytbenkiIyopxmdTpgfbtaxEzc", "properties": {"instanceId": "FflmaagwjcbNchbiowUzef_UQ_0", "clientIp": "40.77.189.13", "clientPort": "0", "requestUri": "/-/shqmi/Audviuf-Kfjctvzb/Olfsxu/ROC/Aipkbsen/Irair-RWM-1D-Pxcqod-Clvjvnfs-Gfziyigi-Whwdtjlfo.jtfj?xq=sf&inoc=O346M506FG5X736L85SO29GQ91G52720GF463185", "ruleSetType": "JMWJR", "ruleSetVersion": "3.0", "ruleId": "942330", "ruleGroup": "942-QHWRPDICJJE-WFMCXS-FNMR", "message": "Gcccumg yvnmuol WGY wjrlejfls ijqjajnv 1/2", "action": "Wgvekno", "site": "Liyjlm", "details": {"message": "Jwgzroy. Eqwwtpi tbxir \"(?l:(?:[\\\"'`]\\\\p*?(l?de|nlq|ekxs|undxoug|wgx)\\\\z*?[\\\"'`]?\\\\z)|(?:\\\\\\\\n(?:23|27|3k))|(?:^.?[\\\"'`]$)|(?:(?:^[\\\"'`\\\\\\\\]*?(?:[\\\\u\\\"'`]+|[^\\\"'`]+[\\\"'`]))+\\\\a*?(?:g?hzu|j?z?uu|iaf|uulo|jgxgybj|kpz|rcz|\\\\|\\\\||\\\\&\\\\&)\\\\d*?[\\\\b\\\"'`][+&!@(),.-])|(?:[^\\\\i\\\\m]\\\\l+\" kf JSDDVCA_TJFEFRM:cg_u3n ....", "data": "Qgewkmf Wiaw: \\v22\\z22 iqhoq ccpfjv JVJIWAX_XJHGXVC:xi_s3v: \\t22\\t22", "file": "jifpm/GTVBMCU-942-SUFUPAFRULZ-DWLGLX-IXZL.eqcy", "line": "785"}, "hostname": "logvucmbuowqehca.osj", "transactionId": "7205759405940277434"}}, {"resourceId": "/ZXUBUEATQDRRZ/0I3XH9DP-6ZJ5-4Q0T-E452-J032NJ8XR133/ZOOMPNUQBFWCQV/MXQTOQMYZJWA901/MMWTBSFPB/FTXUKXGGP.QKDMIEB/FAWWSJMGYXDJKUPZXWT/EGCXIVCJ901", "operationName": "TxecgvbwojvTspcepzNljrooff", "time": "2020-01-05X13:03:16.1648251S", "category": "NewnmqnetkvWxogkwuQbzxgguoXgl", "properties": {"instanceId": "NvnpjtnnruaMnxrbtlIvgm_KF_0", "clientIp": "40.77.189.13", "clientPort": "0", "requestUri": "/-/czyll/Xrfrmfx-Erwyeryp/Omuqwn/SHJ/Futibqum/Vanwx-QJH-1J-Mrpuei-Gvmkdbdk-Xunftpsf-Jmunelkpu.jacz?sc=oo&qfft=K346I506HL5I736A85RX29HN91X52720DT463185", "ruleSetType": "TQDDR", "ruleSetVersion": "3.0", "ruleId": "942330", "ruleGroup": "942-XTTGRDWULYL-LNFJIY-FWSK", "message": "Sqwayjh haydkru LTH rvqyjusxj inkydakt 1/2", "action": "Ykbsfbe", "site": "Tmqtly", "details": {"message": "Esehyxu. Yucxncw zoyuu \"(?w:(?:[\\\"'`]\\\\o*?(m?pa|zmq|tfef|dfqtiqt|joh)\\\\p*?[\\\"'`]?\\\\n)|(?:\\\\\\\\c(?:23|27|3b))|(?:^.?[\\\"'`]$)|(?:(?:^[\\\"'`\\\\\\\\]*?(?:[\\\\l\\\"'`]+|[^\\\"'`]+[\\\"'`]))+\\\\m*?(?:t?ryb|g?r?dm|yqq|yuzg|iajmkss|clm|jdd|\\\\|\\\\||\\\\&\\\\&)\\\\f*?[\\\\c\\\"'`][+&!@(),.-])|(?:[^\\\\d\\\\n]\\\\j+\" lh WGSBKHQ_URCVLIK:cg_es ....", "data": "Hgkfwjv Seef: \\p22\\p22 iuqai rqnvzl DMJWPCL_VTFGWOE:hs_ji: \\h22\\l22", "file": "gzeyx/ZNMVNLH-942-KVAGVDWAPZU-SPKPPL-WWNF.ajyj", "line": "785"}, "hostname": "csikidozlyrygzft.tre", "transactionId": "7205759405940277434"}}, {"resourceId": "/CVWAXOUNYJHCV/0Z3KB9CP-6NF5-4G0L-S452-N032MF8ML133/HFBVMTIKYCHDBQ/VJIJDKZNZFAZ901/NYIBATKFB/OUYTCFYZB.ZGYUSUG/HAQHTMDYLBXSHNXJYFG/TYOTQIHA901", "operationName": "EwvwkkmezvcPvrppuaGbepjlcn", "time": "2020-01-05L13:03:16.1648251N", "category": "QfszjfvwnkaPefwxbnCwuiqytqWjp", "properties": {"instanceId": "PhjjpfslvphYjlxpkjDlqy_KJ_0", "clientIp": "40.77.189.13", "clientPort": "0", "requestUri": "/-/rnmpv/Zbtluwj-Xicpusll/Ugvrhg/HQH/Ultynqwh/Ivouw-YLG-1V-Ulksjv-Nhontdgt-Bmoaukpz-Wfndjlhho.ypxb?rh=mq&suvs=W346Q506MF5L736V85TW29EA91C52720JJ463185", "ruleSetType": "YYDID", "ruleSetVersion": "3.0", "ruleId": "942330", "ruleGroup": "942-YCSMNVLIMFS-GMKLHR-KZBX", "message": "Imdrunw rzkpzeg XZS vkyiyxyyk etduppzj 1/2", "action": "Hqyumxp", "site": "Ijtexf", "details": {"message": "Qqfizpa. Yrnpvtq dsonp \"(?q:(?:[\\\"'`]\\\\z*?(z?fw|ukp|jxsc|dalqmhc|ujq)\\\\j*?[\\\"'`]?\\\\q)|(?:\\\\\\\\k(?:23|27|3w))|(?:^.?[\\\"'`]$)|(?:(?:^[\\\"'`\\\\\\\\]*?(?:[\\\\j\\\"'`]+|[^\\\"'`]+[\\\"'`]))+\\\\h*?(?:k?hfj|f?g?yw|qur|manw|ysvytkj|sqy|fuj|\\\\|\\\\||\\\\&\\\\&)\\\\h*?[\\\\j\\\"'`][+&!@(),.-])|(?:[^\\\\r\\\\e]\\\\u+\" va XYAEKAI_QZMBGCV:ht_ps ....", "data": "Wddmtam Fvfl: \\y22\\l22 nfpaz kulitp UJDZHIV_QPMNYCM:xa_yo: \\o22\\h22", "file": "ghsbq/TYCJTLK-942-UAZTKWBJCUE-PEGSJQ-DHXN.sscu", "line": "785"}, "hostname": "qppvmucxdlrhbxhg.rpw", "transactionId": "7205759405940277434"}}, {"resourceId": "/FDIIELRSNVQBM/0O3TY9JZ-6LH5-4J0O-O452-G032VM8GD133/BAKVAIOFNYSZXJ/NXRDEKGJDRHB901/FDTXZBALU/PQJIYXVVO.GMXKZHN/XYKQKVTJTVTLYLMGLPC/VAGXAEXS901", "operationName": "KhemggyiruqTyxxbifLyspkdem", "time": "2020-01-05C13:03:16.1648251Q", "category": "LeselwpxnvcIfgkrhoWxzbusqtSmu", "properties": {"instanceId": "LxfsgfvixrsUhrqlwfZuwu_WH_0", "clientIp": "40.77.189.13", "clientPort": "0", "requestUri": "/-/cfipu/Lpsbytg-Yzckdurl/Zqasfy/EPB/Atoozyet/Wihyz-HPB-1L-Vclrgd-Dngaddaw-Ztotfsmm-Fczjnfmkc.heat?yn=yp&jxdc=V346U506WZ5E736E85ZC29HQ91K52720TN463185", "ruleSetType": "TGQFZ", "ruleSetVersion": "3.0", "ruleId": "0", "ruleGroup": "Nwcsrar", "message": "Flfpjapga eazs. Xcrbvr ps uqhrfjtf. Ulqbmom Cfvwoxr Yabtl Jlrxrzyq (Iwite Xlrik: 15)", "action": "Nykvdmm", "site": "Pajekg", "details": {"message": "Ihfmxu emaeae olop xzqq 403 (heccf 2). Abrimcja QI jxbeyyq 5 ql OR:kktgwwa_theep.", "data": "", "file": "fgioj/SZBPZPA-949-WUMAFVPO-TDVSKFYDVP.hkxj", "line": "57"}, "hostname": "agayumdafphexoet.rdr", "transactionId": "7205759405940277434"}}, {"resourceId": "/EBCQWVXYLVPLT/0O3OV9YG-6ON5-4Q0V-V452-K032PM8XM133/UILVZSTYQSAEGO/VQQZFBPSIJXV901/ATCPKPKPT/NDFWPNFGD.TSDXUAU/GZUAATCDSEHQSFBCOZU/EFJDIGKE901", "operationName": "BqjcfzscxgpQefjsniHoxcgjbr", "time": "2020-01-05X13:03:16.1648251T", "category": "YqmcmqujnvbYwnauyjNttosycbVhk", "properties": {"instanceId": "NqnxexszdylXedlhewMbei_JL_0", "clientIp": "40.77.189.13", "clientPort": "0", "requestUri": "/-/xarkj/Icxhtsy-Odbtdtxg/Bwvtpk/KKC/Tzzqnaro/Iznlo-JAD-1E-Unqisi-Hgpninrn-Mstnfbik-Svwjnrpkp.qfkb?se=be&tmzn=E346R506NW5V736G85KH29TF91I52720HK463185", "ruleSetType": "ATKLA", "ruleSetVersion": "3.0", "ruleId": "0", "ruleGroup": "Uakwfuk", "message": "Imavufzcs kqux. Sfqdzu tr asbrqnql. Ttpejbf Xbdajxz Pwqyy Fnjliujn (Jedno Wbdedpq Zredh: 15 - XGVC=15,EGX=0,TYQ=0,QIT=0,NJO=0,MKDY=0,WXBN=0,TQKX=0): Qamfquq immqbva PYV otoyqfdvi wcxhnthd 1/2", "action": "Ywrrhjl", "site": "Nuvqgg", "details": {"message": "Aicidzj. Sfyxvwwu DQ iwzxdil 5 eg IC:ahfiifp_bcrddai_jhykp.", "data": "", "file": "zxhjc/VUPAHPYZ-980-VASCADUITRF.xxdc", "line": "73"}, "hostname": "etuzgbgyhgtxhkza.eha", "transactionId": "7205759405940277434"}}, {"resourceId": "/XWPNUANVJRFKO/0E3VM9DZ-6TT5-4F0Y-R452-R032DB8YM133/BBFBSCXTHEPJUL/YQWJBAXORPXR901/ROIIGWVYM/TKZBUOESP.LQZCYDP/JKQRUMPUJKAKSQBAHGU/JAHTDPBM901", "operationName": "FytdpgcydfoBuotireRnkrenmx", "time": "2020-01-05X13:05:58.2133741T", "category": "SdxxxxbuulbQwbtnloNpdurfpfDyb", "properties": {"instanceId": "XtcakgyqaytYxqujmzZcfl_QW_0", "clientIp": "23.96.59.35", "clientPort": "0", "requestUri": "/404", "ruleSetType": "MZWNK", "ruleSetVersion": "3.0", "ruleId": "920320", "ruleGroup": "920-SODULYXW-QLTICYYDKSR", "message": "Tziynwx Cdik Rtzeu Womwkx", "action": "Bxroqhr", "site": "Pvjonn", "details": {"message": "Elvfwyr. Jnqdbyzl CT deaarlt 0 pf UTFZMHV_UTWQSYZ.", "data": "", "file": "odghi/KQEKNVX-920-GEDFHGHN-FQCIZJBSQZU.tbvh", "line": "1310"}, "hostname": "ouorznaadpmiefgu.hiv", "transactionId": "8214565722471268488"}}, {"resourceId": "/FZMFHYTLKPRZW/0A3BO9JI-6GL5-4W0G-L452-X032ZI8UJ133/AUJSNNKTRXGABG/ASPNXDNTKPVU901/NTKHUMIGQ/EAVDJIWCG.KRIYAAA/KDWPRMQPAECDUPQUVHY/YVSCIBJI901", "operationName": "IdrxbqclpgvDfdlksuCzzsuwje", "time": "2020-01-05A13:05:58.2785555N", "category": "BtgmfwkcbadJflpuhiJwmfmgvxMaq", "properties": {"instanceId": "DqyrgupqpvoIbofnmcApct_KR_0", "clientIp": "23.96.59.35", "clientPort": "0", "requestUri": "/404", "ruleSetType": "WBECE", "ruleSetVersion": "3.0", "ruleId": "920320", "ruleGroup": "920-NEPOWIXC-AAHRVPVOYCO", "message": "Rnhkzfs Jnif Jprxq Aiynkm", "action": "Rjkylkq", "site": "Nctxjz", "details": {"message": "Movclhm. Eltgyjig TO edgrtpp 0 rp PKUHFDG_EBRBWVA.", "data": "", "file": "pzpat/FAEDUQB-920-JEHQQNRX-IILXIRYCSRK.qmyb", "line": "1310"}, "hostname": "whkmodnqbtrdogsx.zxs", "transactionId": "1873501845180121250"}}, {"resourceId": "/ONYEYINGLSEQJ/0N3ZD9UL-6YP5-4P0L-C452-F032GQ8VG133/LLABAZNJVDBZRE/CVRNJPFGHSKP901/DCLRJUZCF/JLIGRZLYB.CZVHPEV/YDXDBWJDOQOKGEYHLHU/NBZPWMML901", "operationName": "UdvmsnbzxpgXniobtdRnwsocza", "time": "2020-01-05G13:05:59.3037919K", "category": "GstqukvkxbaMvirupeMbdgrljfYlj", "properties": {"instanceId": "EcnrtuchdzhKebacncJpsl_BK_0", "clientIp": "23.96.59.35", "clientPort": "0", "requestUri": "/404", "ruleSetType": "WSJCN", "ruleSetVersion": "3.0", "ruleId": "920320", "ruleGroup": "920-GEKPVSKI-ICDKKOBFATO", "message": "Yldylta Cqry Uknjo Ohcnmo", "action": "Eshxzzm", "site": "Hjpqbb", "details": {"message": "Sdvyavc. Tntneoms BL odkwvaz 0 he XVAEIGA_UPNWHOL.", "data": "", "file": "wsmvk/VMZDMLW-920-SZWGTIQP-YZTESZABXLF.eaaz", "line": "1310"}, "hostname": "hxorpylbzxsorgzu.fbv", "transactionId": "8214565722471268489"}}, {"resourceId": "/LOLZJWZQUSCYI/0L3KN9XJ-6WB5-4X0W-O452-H032UK8MA133/OYIJMFMWLVYQNQ/TVFZYAKHNLAF901/DAMJGVOWC/ANSLFHSXA.DOZFDAQ/UVJUDDFVRHCEPEYSGAQ/XWYVQUCV901", "operationName": "DcjxzjdgxfcHsjctbzStycyxfv", "time": "2020-01-05X13:05:59.3975206K", "category": "FgvqtjckqqbQnvqusqAyaciynuFem", "properties": {"instanceId": "GeqzfxfaehaEmkqxueBeeb_FU_0", "clientIp": "23.96.59.35", "clientPort": "0", "requestUri": "/404", "ruleSetType": "XUGET", "ruleSetVersion": "3.0", "ruleId": "920320", "ruleGroup": "920-SYCKBRUJ-MONRTTOKVBR", "message": "Evtpkxi Khxm Fwhpw Xchzbv", "action": "Ecdxlyu", "site": "Cmfjty", "details": {"message": "Opgywbj. Fyndfqzd GV eoqelsb 0 nd WHUYZTR_TAWTIND.", "data": "", "file": "esdfx/MVENHTY-920-RHUBDOWW-NQIFKAPFNRP.nmbk", "line": "1310"}, "hostname": "irakzqqkewcwzoub.dwb", "transactionId": "1873501845180121251"}}, {"resourceId": "/PXCZESZLDYIQT/0S3KT9KH-6UO5-4W0I-D452-N032EU8RM133/CPXXLCNYQNEZBU/OJYPISCQVBEN901/NSBXMJJYA/FEAEWODJF.XOBTRIO/DIKJVUXHQDKAOHAEOLN/CTHKXDSE901", "operationName": "WhwurkpdwwqAtasayqGaysiwxo", "time": "2020-01-05Z13:06:00.3670124C", "category": "UkwzmewktyhHthfqobWpzlqkdvIzl", "properties": {"instanceId": "NfygckwouhyEbxvblpTkay_NQ_0", "clientIp": "23.96.59.35", "clientPort": "0", "requestUri": "/404", "ruleSetType": "CEQCH", "ruleSetVersion": "3.0", "ruleId": "920320", "ruleGroup": "920-GPHQUTMF-QSOIBWTBOHY", "message": "Qbndstu Ghqd Siljp Lbkaah", "action": "Olknivi", "site": "Jrhocx", "details": {"message": "Qpvrvuy. Jbodtumv VU obmlmzm 0 xz LCHEVZO_QPCLJAG.", "data": "", "file": "vcpfv/IMHXBMC-920-MAXGDELU-NRNMIVYKTLV.olqn", "line": "1310"}, "hostname": "npbfgmmkafudivxc.ivf", "transactionId": "8214565722471268490"}}, {"resourceId": "/BVQMAVPADEWQH/0Q3MQ9NB-6XZ5-4A0V-U452-E032OR8OZ133/IITVYYUQAWTOHP/JUGZGZFUDEFQ901/ZMRBTUNEI/KLGPHGXKM.XIAMTET/QMRRUVUKZPLOLXAMNWI/LFHJHGFV901", "operationName": "DtcjaimfwbgYmcykwgCjnsziav", "time": "2020-01-05Q13:06:00.4343784B", "category": "MbiccvtnvzdYwbjsjrVrhsikgnCll", "properties": {"instanceId": "ChyuumolnusMqqsaewHpnm_TG_0", "clientIp": "23.96.59.35", "clientPort": "0", "requestUri": "/404", "ruleSetType": "RUFET", "ruleSetVersion": "3.0", "ruleId": "920320", "ruleGroup": "920-YITISMAE-GDNANEAQCJU", "message": "Iodwvud Afwa Vmocj Sxetgj", "action": "Bmxxasi", "site": "Jhtlcz", "details": {"message": "Irzpkvp. Gmgsxjwa WF afijdno 0 og VKREZUL_LRSBIVH.", "data": "", "file": "lvtmn/FLYEKGI-920-YDYDVDFD-OAXTHATIHIL.qxqj", "line": "1310"}, "hostname": "eabjiwjmeovgpzkm.zks", "transactionId": "1873501845180121252"}}, {"resourceId": "/KRPHZSUGJMZZC/0L3EM9KG-6VJ5-4J0D-U452-M032SL8PW133/POHTKYGOJMBKFJ/MNXOUNCWKBFY901/LPCRCSXGE/TNKBCTIWM.EPVYZPH/QEZWSXQUWPBSBFLTKAY/CEZBMTDR901", "operationName": "IvnpynpqxarYfuilwpZskmzcip", "time": "2020-01-05U13:06:05.2182506P", "category": "MirxmwxrbeeEhereqsMdjafbfvUau", "properties": {"instanceId": "WjkijavaemoEuprrqsCtfz_WY_0", "clientIp": "23.96.59.35", "clientPort": "0", "requestUri": "/404", "ruleSetType": "HNYWA", "ruleSetVersion": "3.0", "ruleId": "920320", "ruleGroup": "920-VTBASHXQ-SABBWGHJCZH", "message": "Ndyprrp Bxsb Vnhoy Xaeyhx", "action": "Vujeclz", "site": "Zpbyfc", "details": {"message": "Znthfpk. Pawvwcwb OA gbzoaxa 0 ly VJANUXU_OBJRVSD.", "data": "", "file": "fajnv/ZUMFVTR-920-AVJMZPSA-PTCZCZZUHAN.apsb", "line": "1310"}, "hostname": "loqtadjsdvoqaqwq.swd", "transactionId": "10088067565503906103"}}, {"resourceId": "/NHIAOKNWIYMUI/0X3XH9SE-6YJ5-4S0Q-O452-Q032VR8XU133/VQTKGVHVRVTPHU/WASDPEVWLIIO901/LBUHZBABH/PGKGYEYTQ.EGFBGLL/KWYCVXBQGZOCIKFQYIH/MMNNYUMT901", "operationName": "JbqvedrebytUpyhqhjUdnhsyig", "time": "2020-01-05A13:06:05.2830876H", "category": "BhmebvlylkyMbnriefCzaknuupOxj", "properties": {"instanceId": "LdstwmthtcuMdevymlLrmj_UI_0", "clientIp": "23.96.59.35", "clientPort": "0", "requestUri": "/404", "ruleSetType": "ZNKAL", "ruleSetVersion": "3.0", "ruleId": "920320", "ruleGroup": "920-BZVYGKGP-OQVXHPPHBUI", "message": "Bjxfzvm Dnrg Cohug Euiaqs", "action": "Pujwtus", "site": "Yoemes", "details": {"message": "Nnujnst. Bhxlldmk XF wcqeeys 0 fp ZNJLNIJ_WWENRSJ.", "data": "", "file": "jifsd/UFRWHND-920-TWXBFTSN-QECTJLCCAJC.vcdk", "line": "1310"}, "hostname": "qtwmzlffvyrhntuy.lzu", "transactionId": "13330659297210663018"}}, {"resourceId": "/JWSKQCTWDRPVE/0R3BT9CZ-6YV5-4U0S-T452-V032RF8GI133/GFLBKEVBVYPCEY/EIAHIFRBIMCP901/WJYPZZYSJ/OURSUHQQB.HUVOVMW/QLVXYYLKBHPNUAFKMWL/OFOLZUBN901", "operationName": "CrehrgwxrzxMpnxhgaQovnsyvv", "time": "2020-01-05K13:06:06.5603902K", "category": "CskwptpeaycQpdnjxnNqgcksaqBmz", "properties": {"instanceId": "TeypaxhjvfkQpzhpdlKucs_SE_0", "clientIp": "89.248.171.176", "clientPort": "0", "requestUri": "/.ooz", "ruleSetType": "HRVAT", "ruleSetVersion": "3.0", "ruleId": "930130", "ruleGroup": "930-IYSJJMXBNDZ-KZOPMN-PBO", "message": "Osycswfxbs Lgbt Flxpul Eevbhmg", "action": "Sbhrmkb", "site": "Kmyinm", "details": {"message": "Ueordik. Sxqrygh mlzlbc \"/.nhp ...\" ih UMXAYXP_TBZFIUUG.", "data": "Eryzqak Kxyu: /.azh huxkn sdjkmh XZIIGGE_UOXZVGFH: /.ipw", "file": "hrowo/HHBOQHA-930-IZZANUVOMRI-CBHJQZ-OWA.qttx", "line": "138"}, "hostname": "iqpfpbekfdkuwxyy.sve", "transactionId": "7205759405940277468"}}, {"resourceId": "/CXVKKBOTAMPSG/0P3JO9OJ-6VX5-4L0Z-W452-B032YL8NS133/LANVHPSVXSEMGJ/JECPGMQYDFAJ901/WXWJOTZVG/CMHUGPRIW.ZOVGAMF/WJFASRBFQSSCVQNIGHZ/UJQGKWMR901", "operationName": "WgzbwtsxtisKcnakxiYxwieqjt", "time": "2020-01-05B13:06:06.5603902S", "category": "NvyjjvcftlvUcxtehgPsbrfkyzZju", "properties": {"instanceId": "RhiykvrnxypEefxrfwUvba_GX_0", "clientIp": "89.248.171.176", "clientPort": "0", "requestUri": "/.nuz", "ruleSetType": "UNDQG", "ruleSetVersion": "3.0", "ruleId": "0", "ruleGroup": "Ncmloji", "message": "Zvsudckub kmcc. Gglwfg lx bkeohvsp. Uzmijam Dlaueoi Lypgc Kmhonzip (Amgrw Hpwsq: 5)", "action": "Wmlvzto", "site": "Mxbrog", "details": {"message": "Yhyyzn tiftof jkqy wyew 403 (xffnk 2). Bmsowrhh AS opoavlp 5 vw CU:suinnsu_oxbbl.", "data": "", "file": "mgbpq/JUIQFIO-949-NBGILMBJ-LLYONLRPZZ.zacv", "line": "57"}, "hostname": "chemkfrfeadmxlzo.erv", "transactionId": "7205759405940277468"}}, {"resourceId": "/DEQLNIZHODCHF/0T3BD9IP-6LX5-4H0K-O452-N032LZ8DD133/KGUXSSFLMOYOJU/BGGEZOVOYTFB901/VJIQKTAXB/AVNUWDAQD.VHDHVCU/NGLYBXLFZFCMVEKCJEH/OXYQYWWV901", "operationName": "CwkwdxtpxyrWyosdubWmlqxsyt", "time": "2020-01-05V13:06:06.5603902K", "category": "KznxkgodwguPsctxuuGslvindaIex", "properties": {"instanceId": "IquigyprrqyZkllkutLqjh_YX_0", "clientIp": "89.248.171.176", "clientPort": "0", "requestUri": "/.pyp", "ruleSetType": "GFNYH", "ruleSetVersion": "3.0", "ruleId": "0", "ruleGroup": "Pnkjiiw", "message": "Vhlecyjfi bsfh. Wrshbe ho fpktejvk. Plozbqu Mplombr Zajoj Frtjvtwf (Edahg Tyrzpah Bpdtm: 5 - ODHR=0,KGT=0,CYO=0,ODP=5,JAP=0,ASBZ=0,JHRY=0,OMKB=0): Thxngaaate Psfx Utriwo Fcvoayy", "action": "Uczfsst", "site": "Khcywj", "details": {"message": "Zsceoue. Xfcixadc YF zqcoiuk 5 cy XE:azpteuh_sdeqwzm_dtyfp.", "data": "", "file": "jxjax/MYXMETZM-980-QTBJSZDOUFV.jsau", "line": "73"}, "hostname": "ogsohvrpfyqndwnv.zxs", "transactionId": "7205759405940277468"}}, {"resourceId": "/TYKKHEGAEAACW/0K3QM9YH-6ME5-4M0H-C452-Q032UH8LS133/LPCGQJQVZTUYYN/LVSWKPEOPTVN901/HMFDCHLYO/PRMWXULSV.KLDKTFZ/QCTGAAUNJBTBNAPDLZL/NSZOHADW901", "operationName": "CggdqytxtizSfhwdszBzvjnxuh", "time": "2020-01-05F13:06:42.7995589T", "category": "XxaibuqnkdyBsnwuxpPwjvhgmeWqy", "properties": {"instanceId": "NnimyhdaeawEngmeibLdan_DB_0", "clientIp": "209.29.4.43", "clientPort": "0", "requestUri": "/", "ruleSetType": "ERICI", "ruleSetVersion": "3.0", "ruleId": "920300", "ruleGroup": "920-EHCXTZPC-OHUCBQZGLFW", "message": "Kpxfxjg Axgnwwh tv Uoqsnq Bfbvje", "action": "Chyskks", "site": "Uefcqu", "details": {"message": "Xjkacad. Ipyoa ud \"rz EfmpyHlmHyp Pdzemmu\" nqkruqk \"DATXGKL_QYCVXOI:Ikio-Pzapu\" izccwukt.", "data": "", "file": "mzywv/KSGNJIW-920-RNHHUMVO-KAOUPKAGNQN.ikap", "line": "1247"}, "hostname": "hjuupywuabzulxic.im", "transactionId": "5836669517266157755"}}, {"resourceId": "/LNNADJDMKKCJA/0T3EG9ZL-6UL5-4P0T-Z452-Z032KH8VT133/YKORXFJHHCLWNA/XZPMTZFHTHEQ901/KJWMUELWE/UAZXKXZMZ.SJXJSOM/JRDPNDUUYIULUIGKWPP/JNWNTHEI901", "operationName": "LdbhpkpokkxViefnbjLevxhvns", "time": "2020-01-05Z13:08:15.5810700T", "category": "XrhczppkaekSezsnjrLgwxggdrQxb", "properties": {"instanceId": "XfdcdobovykOijyqrfIpzw_JO_0", "clientIp": "46.229.161.131", "clientPort": "0", "requestUri": "/", "ruleSetType": "FEQDN", "ruleSetVersion": "3.0", "ruleId": "920300", "ruleGroup": "920-VTBHJOLH-QWILBWWNSEM", "message": "Nwfccqc Kggxmar jl Xuzudh Slcqhf", "action": "Wkmyxba", "site": "Qhyfth", "details": {"message": "Axylwua. Wlmpm rs \"va QaltfRawRzq Gjqwbcj\" brvytiw \"BFKXXQQ_OCGAOXC:Gplf-Beqor\" tbzxsmwb.", "data": "", "file": "jsilk/KTMPYBU-920-FOZYZJBA-KPKKNKXTSLW.lllm", "line": "1247"}, "hostname": "csqrkdvfrklpolfp.ks", "transactionId": "1873501845180121260"}}, {"resourceId": "/MACDQUVCZOBKW/0V3QS9PV-6PZ5-4D0G-F452-Q032MQ8NZ133/XHODOOUQLNZYSE/KLRXEEVZQPYP901/ZGACZYXVF/VKNTAQZQB.SZMEIDY/SKBDUMKLOQROHKUFKEM/LJGADWBJ901", "operationName": "EmjcervxutzInegdlgTafnmpza", "time": "2020-01-05W13:09:02.2760519F", "category": "LlmfwqrjytkWhgubcuJmpssfogXja", "properties": {"instanceId": "EqaofosjnwxTwzplvuGyeu_FC_0", "clientIp": "23.96.59.35", "clientPort": "0", "requestUri": "/404", "ruleSetType": "XBEHX", "ruleSetVersion": "3.0", "ruleId": "920320", "ruleGroup": "920-VHSCENEI-YTREYHXVWSC", "message": "Ypeczwd Wtav Voboa Uplopj", "action": "Jilkxxx", "site": "Zjpjdt", "details": {"message": "Pcotgcl. Qdhiwdhb LE uewxppo 0 rj YWZJVOZ_SLIAACP.", "data": "", "file": "zvncx/WFEYRKX-920-YUZKFIMQ-HYUIGDVHVBZ.zkis", "line": "1310"}, "hostname": "hhgxfesstqkembpm.kjy", "transactionId": "15348267532226134253"}}, {"resourceId": "/PITAOUSFHOZYG/0X3FF9JW-6WU5-4S0I-Y452-W032UV8OV133/FIUAXOUVNCDNHW/BVUFGSEPTAWA901/RVYFNUGJN/JMQTZDVNA.AMHKPCL/YZWPWAOWFXBYBAHCKVX/ROBKZEDT901", "operationName": "QykeqjjaszdRfmpipcUomhigus", "time": "2020-01-05Q13:09:02.3541515J", "category": "QbmbpjromwjAkfvdxeTfwxrdxbRbs", "properties": {"instanceId": "ShnuotpjxcpSllfxecVjgi_KS_0", "clientIp": "23.96.59.35", "clientPort": "0", "requestUri": "/404", "ruleSetType": "DEBHV", "ruleSetVersion": "3.0", "ruleId": "920320", "ruleGroup": "920-QOEDIJGA-GJWTKMBZOUB", "message": "Kvdlbyq Pjpa Vctqh Psiwub", "action": "Skpfvsr", "site": "Sjiile", "details": {"message": "Lkpgkhr. Hmbkewri PW tgagecm 0 tx ZTDEFCD_RUNEAXV.", "data": "", "file": "ydimo/LPAIBKJ-920-GXYJKEHE-KSJKSYQVZWR.nztk", "line": "1310"}, "hostname": "ltpjqozpaqgmqsab.heo", "transactionId": "1873501845180121274"}}, {"resourceId": "/MYLNMOXBVRFUZ/0W3QX9AL-6FN5-4M0R-P452-J032TL8AM133/LJMWXEGUOXLKYW/MQDCLXPTNXJG901/RHDRMXKAJ/QBITJFAIM.XPYBDXO/MGVXBDTFJZUTHBRCCTM/SKDNBZXS901", "operationName": "RetfygvbwspEgylekkNeanuisr", "time": "2020-01-05I13:09:02.4690410U", "category": "OvwteyedjmtVoefuiaPknqgtzqWtq", "properties": {"instanceId": "SquimhwajuiVccoqufSxcg_GG_0", "clientIp": "23.96.59.35", "clientPort": "0", "requestUri": "/404", "ruleSetType": "XYWMI", "ruleSetVersion": "3.0", "ruleId": "920320", "ruleGroup": "920-RNJYDGXN-BBNRSSTVTVI", "message": "Kapjtyh Sboj Prnqd Cznock", "action": "Afonnsy", "site": "Pcskmj", "details": {"message": "Xcdedqh. Qlontvqu QE vlydago 0 rj AIZJBIW_YSMGGYT.", "data": "", "file": "wcqmh/BTTPJLQ-920-VDAZBWAE-HACBBMCVGGH.awsk", "line": "1310"}, "hostname": "ixgsylmkuhrmczxt.zat", "transactionId": "7205759405940277480"}}, {"resourceId": "/WWDOYZTQMYKWG/0Z3FF9TL-6AB5-4V0O-J452-R032MG8BS133/EQVLCSPIHUJZLK/TYZKFJCUYQZL901/MYLRGVOHE/FTIYRPKKQ.HCKGJDI/DZSOKNBEBGVERHJQWEA/IBKYALBE901", "operationName": "GnbqpirwjksBbwilklWwnptwhv", "time": "2020-01-05G13:09:02.5279268E", "category": "XkkwvjbcypvShqyonrHuxqqjnfAhw", "properties": {"instanceId": "DjegbuhnvutTcwunhcByvh_OV_0", "clientIp": "23.96.59.35", "clientPort": "0", "requestUri": "/404", "ruleSetType": "IYMAG", "ruleSetVersion": "3.0", "ruleId": "920320", "ruleGroup": "920-TLFLZFXD-CAXCSAZJUKG", "message": "Xpuxfhe Hzrv Ksqag Nbeyuo", "action": "Kgoldks", "site": "Mhhgbo", "details": {"message": "Djtsolq. Tqlcqrpp KH ubphoja 0 gf ZOCZMIC_VBXSTMJ.", "data": "", "file": "wmicx/FRXOQZJ-920-QBWWPRHC-MHCZNJJVPDK.rtwl", "line": "1310"}, "hostname": "aijwbzjzztfvgmbg.rda", "transactionId": "14339461215695143238"}}, {"resourceId": "/GBHJJKTEWDKGM/0P3XI9HM-6MN5-4F0I-T452-A032HJ8DQ133/OFBPEGGCJUQHFT/PGIFOVCSXFKQ901/NPVYAJQVX/WYXTPMPXU.JYNUPCY/HYYZJKWMJZZMUBGXFLX/ZNQLDSMK901", "operationName": "HwabrrpjvmaHmfhxcbGuvtjrxo", "time": "2020-01-05J13:11:57.4271050E", "category": "VkmtzvxayzrRplhbjwHjzwdnqhXcy", "properties": {"instanceId": "DihtkzclzxzJlbpoquYiuv_KI_0", "clientIp": "132.255.70.76", "clientPort": "0", "requestUri": "/yd-dcvsw.cir", "ruleSetType": "XFHNL", "ruleSetVersion": "3.0", "ruleId": "920300", "ruleGroup": "920-BGGQSAMJ-GDOPYXJRIJV", "message": "Nqhnyld Kwfoxrl gh Jjrtlx Tpqxth", "action": "Flzyvjn", "site": "Evprww", "details": {"message": "Ndsdaaw. Fjnmk dw \"qj HkzwfUhtVuj Ebhprgx\" tddxrvu \"TMWCTTJ_JRQAPPH:Wdgj-Qpppr\" fzvjnfoy.", "data": "", "file": "fftfv/STCARPI-920-SPBWBPJP-WIRTXVCWCTR.ygzw", "line": "1247"}, "hostname": "onbnviwxxjmp.ebg", "transactionId": "15348267532226134271"}}, {"resourceId": "/QWOFMABFCVRDU/0X3LE9GJ-6YW5-4P0U-D452-M032EU8SY133/MWQKEWEJTIXJMD/VPFOGAGGWWLQ901/JMBOPJYLU/FKMCMFDDR.UQNBKNI/BBACEVKPOCBPDUQXWDU/VISFMOPK901", "operationName": "RfnfjvsaahhLsghnjqYkanjwcz", "time": "2020-01-05L13:13:58.8865079K", "category": "FmsajudmwueYwwrisfLpoyjpnnQlh", "properties": {"instanceId": "WhmijpblykzRgonsmqIirm_YA_0", "clientIp": "212.91.27.83", "clientPort": "0", "requestUri": "/uepwhs", "ruleSetType": "WEJQU", "ruleSetVersion": "3.0", "ruleId": "920300", "ruleGroup": "920-UNAXPOEC-KFPXISPXTDV", "message": "Vbavsfk Eggvdhz ry Blvsfg Rlgxpu", "action": "Yvcyfpu", "site": "Uhfwtx", "details": {"message": "Kqbuwwh. Rojiq fv \"lk CerszGneYvm Baximau\" ezsmqho \"ZGJOPPQ_FGWSTUP:Qagw-Hhulp\" oqvosert.", "data": "", "file": "geiwa/BNZWVBQ-920-VAXCWYQZ-NSYBHXAUOEB.auxm", "line": "1247"}, "hostname": "oygnnzmauzzhezan.vvu", "transactionId": "5908722713257574681"}}, {"resourceId": "/BIXZTOBXFFWHU/0K3QT9AG-6NF5-4O0J-F452-W032PG8RG133/LUVPJSVGVTYEYP/OUBCDSVAPRUV901/DDCXMYHZF/SVXDCAFGZ.EZMNJAR/JWHUGMELSYCAXYWOPSB/NGODCTIZ901", "operationName": "BaqadwdvnmhJtgzqntGuyorlbr", "time": "2020-01-05L13:13:59.1238228W", "category": "MtwcerraniaCqhjbknBwpsepaxZlt", "properties": {"instanceId": "UlcvlnhmpdqZbybecfDsdo_EF_0", "clientIp": "212.91.27.83", "clientPort": "0", "requestUri": "/pwcxfd-nbaewvhaxqzi", "ruleSetType": "WTEOL", "ruleSetVersion": "3.0", "ruleId": "920300", "ruleGroup": "920-XMXXTZSX-LWGTZEJGZDW", "message": "Xqjooni Wowibuz wv Qtfwjg Bbuvtf", "action": "Krgzumr", "site": "Tmjuoi", "details": {"message": "Ighkkan. Wdqjj rw \"qa HubxgZkmBew Ognfcgp\" yubqpmf \"HANJOMV_FKEGHKL:Agty-Ghael\" thsijowp.", "data": "", "file": "iausq/NVEJZTP-920-EDVPLYYQ-MDYCEELEALY.ocyn", "line": "1247"}, "hostname": "lykfmnlhzccmcwyk.xfr", "transactionId": "14339461215695143280"}}, {"resourceId": "/TSXNHEGCLGKOF/0A3VJ9OZ-6VP5-4H0X-O452-T032NW8UK133/DSTICBENPCIPSC/RFIOZXWTVKSJ901/SKTCRGQPN/XDAUCUDIN.WOVEIAT/NCFIRREZSFOVSCQEYQF/VMCXFYKA901", "operationName": "DykegjozjyjVrqccrpPsvypebx", "time": "2020-01-05A13:13:59.6070364G", "category": "OtatqutjeegRbhqropWxalgwfhFvb", "properties": {"instanceId": "MqnnltxevmwYignfjuKlzg_LF_0", "clientIp": "212.91.27.83", "clientPort": "0", "requestUri": "/qixnmy-wusnbyjsymrz", "ruleSetType": "IJGNL", "ruleSetVersion": "3.0", "ruleId": "920300", "ruleGroup": "920-WFIBRYPO-LIRWPUUCOZE", "message": "Nzwrwky Ywihawz rs Ueaqyq Yoqlfm", "action": "Ryhyppq", "site": "Laqsoj", "details": {"message": "Audfqxz. Wchtn fj \"qs OzcjbNnsVpd Gwjorox\" fvfgipj \"XBSVTCG_UYEXQHQ:Zokn-Jkjvz\" npvxrvbu.", "data": "", "file": "gzjvy/HAZOBTG-920-EEREUPVF-YAXUWNTGJTO.xmxk", "line": "1247"}, "hostname": "huuscitcbjjiwztx.wlh", "transactionId": "1441151882906047145"}}, {"resourceId": "/NBEQIUWGHQZKG/0H3LG9JK-6GE5-4Q0I-I452-V032MM8MN133/LQVVKXXCLFAQKV/TPKEVEJRZGKK901/BVWOEAZGJ/SRAYMBZHE.ANDZXMR/WZNPVLNIJKRSMOMJIBY/AQADLGSW901", "operationName": "QuegkoguocrWkbbxnsVkdabcft", "time": "2020-01-05X13:16:49.7761660O", "category": "JuxuoleegahDrkymxnTggjutttVji", "properties": {"instanceId": "RfynjixlavdDkryycbSjdh_BL_0", "clientIp": "54.209.100.60", "clientPort": "0", "requestUri": "/", "ruleSetType": "ZMBJZ", "ruleSetVersion": "3.0", "ruleId": "913100", "ruleGroup": "913-FFIZSPF-PYGQPYDFZ", "message": "Lppfw Qixg-Ktbjg jhbehduwtu gxcm hrunxcwt tuhaenj", "action": "Jcjoxkr", "site": "Eyvngc", "details": {"message": "Klgumhp. Xldualk livsxw \"xtvnzns ...\" sq VLHEVPC_ZTJIVEZ:Bmrb-Unwxf.", "data": "Uorircs Yujo: oykjkzh nffrl lybkzp VHUIKGH_BCTMRPV:Zwwe-Iiwye: Sskdbzt/5.0 vOklxo-Jlcsnjj/1.0 (+qdmz://jobuzw.fjz/dvefclx)", "file": "bmqhz/IRZBXDR-913-ERFZGSI-KQQQJCSJA.qwkx", "line": "57"}, "hostname": "qbqljavcdgdowpkj.fhs", "transactionId": "18230575691789762726"}}, {"resourceId": "/KACJAYQZJVTYP/0Y3GL9QY-6AQ5-4N0M-D452-T032TW8WY133/NRGWZNZPSXTLYX/ZYWJUFMWJKYH901/NXKSNBMZY/EGKJZEJRH.WLEADHX/XKXZGNKEZFBNCOLZMNT/ZYGOWLHJ901", "operationName": "LitbxfukzmfUbjffdtBwkvresp", "time": "2020-01-05C13:16:49.7761660M", "category": "OkhqxrdzyluWczwfqbWomtnpfrIco", "properties": {"instanceId": "XeziaseemeiMmigsglZifc_SU_0", "clientIp": "54.209.100.60", "clientPort": "0", "requestUri": "/", "ruleSetType": "IBNTW", "ruleSetVersion": "3.0", "ruleId": "0", "ruleGroup": "Oqsdzyo", "message": "Wwjsxbhvi opwn. Uggfwg jq avybfurk. Bvzyjaa Ktykqcg Xhhwf Qfewqtyv (Bjijt Agrwf: 5)", "action": "Yruwztl", "site": "Oxmtdx", "details": {"message": "Ewaaxm wrgbun mrwv qxkl 403 (tmfxm 2). Xkszcjpo ER hrmhubm 5 yb MN:bowiorh_dging.", "data": "", "file": "wxvwx/JAUMQFV-949-TTMYMWKI-XAJENIHXDU.rffz", "line": "57"}, "hostname": "nxhyvdujygtnkghn.vyn", "transactionId": "18230575691789762726"}}, {"resourceId": "/ZYEYLFFEQPESE/0G3SN9TP-6UY5-4N0C-U452-F032DX8YT133/GXFMFSYNKXRRYO/EYCDIVWKNHCB901/BVWRJLHVN/TDMMHGQKB.GPQHYMF/GDUXPGSXSFQSLOZFPMZ/WITZZCGF901", "operationName": "SzruswqzncaVqmlxbjKssymfzg", "time": "2020-01-05C13:16:49.7811747H", "category": "YjnxthuiruqYkgjgvvQplsclwvTfj", "properties": {"instanceId": "EtkdctjucbyOiysgqzWxgh_RL_0", "clientIp": "54.209.100.60", "clientPort": "0", "requestUri": "/", "ruleSetType": "ZPNLJ", "ruleSetVersion": "3.0", "ruleId": "0", "ruleGroup": "Epskgtv", "message": "Djcrqnhwc jryw. Mdtwfe gj yycjcsji. Rdcflhr Uisaqwq Isybk Jdxsiahf (Vgjks Ebgyodo Ljscg: 5 - FSRL=0,ZEF=0,SJR=0,IJD=0,JZX=0,TKXT=0,IQZE=0,HGAZ=0): Kfaak Obsy-Hrvzn dwqexcfcnv hzab zmlzungz zegudmy", "action": "Kzqwrfw", "site": "Qhwryr", "details": {"message": "Ptxycte. Psmghzci DR gynzyjm 5 xw CM:deqfqbe_cfikdii_eyezi.", "data": "", "file": "tlnkl/VZHQUVXJ-980-ZKVORABQDPR.ttks", "line": "73"}, "hostname": "okbelaukaaqwxnzn.ygd", "transactionId": "18230575691789762726"}}, {"resourceId": "/WWFGFOLUKTAKF/0Y3AB9KI-6FY5-4V0H-H452-P032KV8WR133/NTJAFNPINOYYNI/QSYEXCPNQXFP901/ZBBNFNNOC/DCNXJKXPP.XYAGAXD/OHIFXZUKCLXMRBFXBCW/COHPXTQG901", "operationName": "HcxwyztokxsXxfphteNkmvaoyu", "time": "2020-01-05M13:20:12.2164945C", "category": "XaqonpfqlzlCbmwdyeJohoucqdNgz", "properties": {"instanceId": "VvxdnvhpwtpQkcsimwLifh_RW_0", "clientIp": "202.44.54.48", "clientPort": "0", "requestUri": "/fahtddhyfifpefm", "ruleSetType": "FMKAK", "ruleSetVersion": "3.0", "ruleId": "920300", "ruleGroup": "920-GKEURXBQ-AHOVOJQPWSZ", "message": "Jawwvxr Jyjeyyp mu Ifsofq Rbfobi", "action": "Nbmmuby", "site": "Onqfez", "details": {"message": "Inzjzfk. Qrbnv bo \"ey JdgufTlfPwf Kvilige\" xzczzcb \"ZNSHQKF_TXXFRCQ:Zwjo-Rulfd\" plghmjbl.", "data": "", "file": "zzbii/KPFKSMM-920-BSFMADKX-PYOJLQZIQDZ.jbba", "line": "1247"}, "hostname": "soylwpdhvytkbwvi.qtp", "transactionId": "3458768914014535873"}}, {"resourceId": "/TVGZPKYIRGMEG/0U3RB9GF-6GL5-4X0Q-R452-R032JB8YA133/NFDZCVTFWLIBYD/RATNJYWPKMPU901/NBGCNHXSJ/TPUAYUXWV.DVAUALO/JCTPYPPQMLZBNCHITSW/RPDJFHYH901", "operationName": "OkfugksqpucDwrpcnwJtycghhc", "time": "2020-01-05G13:20:12.8769957J", "category": "KwecvkozcyqCwegzpsTohtfbfbSux", "properties": {"instanceId": "UlewwalbgrtPiayowmCjnf_WG_0", "clientIp": "202.44.54.48", "clientPort": "0", "requestUri": "/wdqwmbcrxa-swrtyvlq/dxzijju-gppjglkn", "ruleSetType": "JXKMT", "ruleSetVersion": "3.0", "ruleId": "920300", "ruleGroup": "920-NUTEFDUV-THCYMOBBJID", "message": "Yufatcb Beyeuho ew Wrycag Ewbklo", "action": "Cxwqmje", "site": "Yxcnkq", "details": {"message": "Bmfgbij. Xkqgr gs \"zd TjrdhLjgOud Nohuvqe\" hcpsatk \"FWNRYIV_PCCKNVZ:Nmff-Mqbek\" zjemghff.", "data": "", "file": "xepxu/IQXRTWH-920-ZNDJXAZR-HLNJSHJZJUB.smdk", "line": "1247"}, "hostname": "hxgmtxvgydtfescf.yqj", "transactionId": "3458768914014535875"}}, {"resourceId": "/EEZGHCMTJGZOT/0J3GG9PE-6VJ5-4K0Y-O452-R032TC8UP133/OMDRXTXQRWADVX/OEOIOUPKLCOT901/DHHQMGUUX/SYSVWHBTZ.WALXKLO/BUZCAUKIGZZETWBRGJK/DZOVUIUH901", "operationName": "EufdwaqcnrpAlaoavtSuzbjegq", "time": "2020-01-05B13:20:13.9849872S", "category": "GccyjtjiaxpUyjkiwjHdmtaftzHtt", "properties": {"instanceId": "VhnuqndlxreJkcriebYvvh_AJ_0", "clientIp": "202.44.54.48", "clientPort": "0", "requestUri": "/djyjaljobc-avdembnl/tjehkup-wxqpjvsc", "ruleSetType": "UAWOQ", "ruleSetVersion": "3.0", "ruleId": "920300", "ruleGroup": "920-XAWWKOLM-TBYVOGMJTVM", "message": "Ywtqgjx Cjjptfa np Erdirv Bikvcf", "action": "Ixlrqfi", "site": "Oopmpy", "details": {"message": "Pxxtcca. Gyosn xl \"vo LiwzgOkqQjd Gqeygbq\" njytwqz \"UQYSRPE_LORGHNZ:Nwwo-Yptrr\" mxgfxcsk.", "data": "", "file": "emdlj/KJKDPEE-920-MWRZYJSX-SQJDKRNSPAV.skic", "line": "1247"}, "hostname": "qfszuuwgppendqkg.fkq", "transactionId": "3458768914014535877"}}, {"resourceId": "/TRYUMPBUHSLJL/0N3HW9MN-6EB5-4R0J-Q452-I032TV8SG133/KTERNZFPZCYPGP/ZLHJTTOHFBEN901/NJLRJEVGF/VCKCEEAZX.QNQJLIY/VHVJBTKGOUOPLDLOQAX/SYSPQUUH901", "operationName": "RszhudtooreMsikmrcPbpvhncr", "time": "2020-01-05J13:20:34.6514077I", "category": "CzdmqvqoefdArvoemlTagfpjeaBxy", "properties": {"instanceId": "HuivmecwchzRprnfdkTrti_WH_0", "clientIp": "23.96.59.35", "clientPort": "0", "requestUri": "/404", "ruleSetType": "DKIAL", "ruleSetVersion": "3.0", "ruleId": "920320", "ruleGroup": "920-ZGWWHPDD-FCZBGQCJBVO", "message": "Tukwath Ebrc Giwcb Kvsgjj", "action": "Ivqofqb", "site": "Mfmoxv", "details": {"message": "Lhjuuhh. Jfkfjwzn JM kkhidqs 0 cm XVBLQVI_PPDUXFB.", "data": "", "file": "pshje/VCLZGMA-920-RZJWYLKJ-PZWENSWFPOG.tjyo", "line": "1310"}, "hostname": "hpjtfbbhsygqbpuy.ggp", "transactionId": "3458768914014535883"}}, {"resourceId": "/UKZKHTUHIXZZA/0A3YO9CI-6GU5-4J0E-W452-E032DW8RO133/NYNYCIGJAZIAZT/OFQLHRUYPZEG901/YJIMEBPVM/DLSWBAVGH.OPIMHCB/XQYIWERDMZCNIKIGHOD/BOXFZCEV901", "operationName": "KzkacmrjlbkJxvlcofSjvilpbb", "time": "2020-01-05N13:20:34.7140366R", "category": "DyiieubjfkaNeqlgkvKvelpluhGxs", "properties": {"instanceId": "CucconcvaueAjdhdjlHmik_QR_0", "clientIp": "23.96.59.35", "clientPort": "0", "requestUri": "/404", "ruleSetType": "DYPHH", "ruleSetVersion": "3.0", "ruleId": "920320", "ruleGroup": "920-HZGWMMTH-PAYXMTYEASA", "message": "Tmjteyx Znhe Xwxgb Pihuyh", "action": "Dxuatco", "site": "Dxwtfe", "details": {"message": "Oonqrhj. Mvwvllmv VZ wxukcyp 0 jl KZIOLHA_MYWICZX.", "data": "", "file": "oqpiu/KVOGUJH-920-JDXKFQXS-VEHHXTBKVJQ.jikl", "line": "1310"}, "hostname": "kpfnjqcrvjvuijce.pbq", "transactionId": "16140909862736369611"}}, {"resourceId": "/OHFWGJSNNUPOD/0F3KY9MU-6SE5-4W0J-W452-X032OG8DX133/GRFBWTETOWELHQ/CUYATCYJLHWR901/RXRQZWRUO/AMHIHQDXG.DCQMGAQ/FMEZVODBNWURFECORMY/NIATTJAT901", "operationName": "GvixkfjpfieAxhcrrnNnjzekpy", "time": "2020-01-05R13:21:34.7158214J", "category": "FzxzurcxrfuJtrbqskBjdpncibGgx", "properties": {"instanceId": "BwcwxmeiddwCwfgggkPdbi_ZL_0", "clientIp": "46.229.161.131", "clientPort": "0", "requestUri": "/", "ruleSetType": "XKUJT", "ruleSetVersion": "3.0", "ruleId": "920300", "ruleGroup": "920-QDREZRPM-AEUQDDLQFYL", "message": "Efflyan Jljlzty rp Mvjski Oflpsi", "action": "Tvzoiku", "site": "Qwaihf", "details": {"message": "Hnutfcz. Verzm ig \"sj LcfalXkeVyb Beusdfo\" gdlybce \"VTXMQZR_STYKYJT:Aaih-Jsihx\" cxsibwyr.", "data": "", "file": "bdwrq/SXFDLOG-920-XTYDSSTE-SFDJGFUJHWW.mpwk", "line": "1247"}, "hostname": "imjstqdcefwwraxi.sto", "transactionId": "13330659297210663056"}}, {"resourceId": "/LXIGNYGCXPUXX/0Y3VV9XR-6XR5-4V0X-J452-V032FP8WH133/ECYPIPDYMJHLCU/TEXBZWFBEYNP901/BJIICGITT/IRIPLBFYH.JBDAGNG/WCKRWXWAPVUBEBRZVGN/SHPBXEJS901", "operationName": "QsmsnlxuetaQwvujniLgoyocsy", "time": "2020-01-05W13:34:13.8463290H", "category": "TrfbrppqwkqHizkqevZvdiuqjfTka", "properties": {"instanceId": "FeqylagbfvaDpjyismBktc_CG_0", "clientIp": "151.138.13.148", "clientPort": "0", "requestUri": "/", "ruleSetType": "JEWCA", "ruleSetVersion": "3.0", "ruleId": "920300", "ruleGroup": "920-XPKHGZVQ-JKTTADCFQVH", "message": "Xldzkyh Qfgxfiu kz Imrkbq Qctfid", "action": "Vvgvowm", "site": "Lhwesc", "details": {"message": "Edfiurl. Wswvx qt \"gi HsduqXotXmv Ixwosbh\" rktahfi \"CINVQTY_UYKPTZX:Gdto-Tihcr\" gadyeupz.", "data": "", "file": "ykvgt/VWSWZCD-920-KNKKSDIY-XKXMJFWNFFO.vkfb", "line": "1247"}, "hostname": "qmtomjuttweeckib.jfa", "transactionId": "8286627714555709026"}}, {"resourceId": "/YOPXGEGIJGGDH/0G3IU9DG-6XZ5-4Q0U-Y452-G032VN8BY133/FRFYMMDYEIQKHH/KTQPAWVWORJP901/VFKEZLOBJ/FQKPPNADK.XTKABBZ/VWXPURWLXMWXGCSHTHV/JBUDIHEP901", "operationName": "UzmvbdddzddHuhfysaYnnmrjde", "time": "2020-01-05D13:34:14.0646892M", "category": "WagvuxiavjuMfzutyhWquihissCyn", "properties": {"instanceId": "HzcqdpkcumlUudvronCbcc_RO_0", "clientIp": "151.138.13.148", "clientPort": "0", "requestUri": "/", "ruleSetType": "JBOIG", "ruleSetVersion": "3.0", "ruleId": "920300", "ruleGroup": "920-AXULQZSN-GGGCOOVJFJZ", "message": "Lakdnjc Ezabbyj cg Tfrwwq Qjpwak", "action": "Pqfucos", "site": "Ofpcqn", "details": {"message": "Xcpaffx. Echqk lw \"ah HwaosDgrGun Rihtgcq\" sbyuctx \"SPSHUEW_DYMMRWY:Fpfu-Nvnff\" ynzpoymi.", "data": "", "file": "ovehy/YGURCDZ-920-CDPNJNPO-HJLUGFWDUFG.lfck", "line": "1247"}, "hostname": "rvabbwwqqczhlcyq.hdw", "transactionId": "8286627714555709028"}}, {"resourceId": "/LPOGRLKQZGKRV/0R3KG9AI-6RJ5-4G0E-T452-O032NG8KC133/JOHBPBTREWHILK/LEXHANRWPVPJ901/ULXZPSGDT/TSNUCNQLB.QBZUGOM/BCUEOYYHCXETSMBXHZK/SZFFQOST901", "operationName": "KheqwdpljelNbbyoxzOngahune", "time": "2020-01-05N13:35:57.9827602W", "category": "OwhvbudjegwZqqyoocHvmbfoweWjx", "properties": {"instanceId": "CianajkbqqcZofhnohLfcz_AR_0", "clientIp": "216.74.73.68", "clientPort": "0", "requestUri": "nzufp://veeckqmpalcbeckz.fpg", "ruleSetType": "DEVDS", "ruleSetVersion": "3.0", "ruleId": "920100", "ruleGroup": "920-FHUURLLZ-OOLZWUAUJSM", "message": "Bvqhqvn KJAI Houiuxa Dksf", "action": "Sxidcfw", "site": "Nspxeq", "details": {"message": "Tvpktbe. Wsbqw vy \"yy ^(?l:(?:[b-s]{3,10}\\\\f+(?:\\\\b{3,7}?://[\\\\i\\\\-\\\\./]*(?::\\\\l+)?)?/[^?#]*(?:\\\\?[^#\\\\o]*)?(?:#[\\\\U]*)?|jrjebji (?:\\\\e{1,3}\\\\.){3}\\\\f{1,3}\\\\.?(?::\\\\u+)?|xwyoqyz \\\\*)\\\\e+[\\\\r\\\\./]+|xia /[^?#]*(?:\\\\?[^#\\\\c]*)?(?:#[\\\\J]*)?)$\" hrgrcza \"VSAHXMV_MOFB\" nfnspmob.", "data": "NWY tpowy://vxgwvobpxakzrkct.ujr LKZW/1.0", "file": "cphkb/FIXABUK-920-FYYHIPPW-FYDDOGRGYLV.msbw", "line": "65"}, "hostname": "qyefzybjpnzmautz.pup", "transactionId": "8286627714555709036"}}, {"resourceId": "/NDRTHZWUHOBSF/0E3IK9CZ-6AM5-4D0Q-R452-U032IJ8HY133/CTMLIYQBJORICG/YHIGKTXXUMVP901/EPRDOMRJD/ZGRKHEZCK.TRIBJMS/GTXSBPJFCCGKGLUXQID/ZORINSJM901", "operationName": "CytpbruhtdlOddwojcTempaoux", "time": "2020-01-05M13:35:57.9827602E", "category": "JxjhjrplvewPomrcbvVrytyusjIun", "properties": {"instanceId": "MeziuyfbnlgLooqfntIihy_WO_0", "clientIp": "216.74.73.68", "clientPort": "0", "requestUri": "dibdn://uahyfwgfetmvchau.rbv", "ruleSetType": "BGJVI", "ruleSetVersion": "3.0", "ruleId": "920300", "ruleGroup": "920-AEVDFGPQ-QPYQGYHDMWG", "message": "Bzrrwqy Rsblvem jq Lkpitf Dmyqfm", "action": "Hvfdnol", "site": "Xwkksw", "details": {"message": "Isfikrd. Eqeho bm \"es JhjezCppTze Woreycs\" uhlqsuw \"GCOLXHD_YXGTACE:Dtox-Yknzb\" anizuyon.", "data": "", "file": "zmoic/ZHIPSDU-920-GOIAUQES-PPYDDTKGNKA.oltk", "line": "1247"}, "hostname": "bgsqikkjxfcfcoff.kxd", "transactionId": "8286627714555709036"}}, {"resourceId": "/QNKZWCKKOWFFC/0V3QP9SO-6DZ5-4O0G-C452-G032PO8DX133/MRTGYKYUAWIFFK/CVHBHEQCIITI901/AJSRCOWAF/OYAFFCACF.HTYIBVP/JRDOXDGVGYFAYJKRKFI/CFEWYCGP901", "operationName": "NgtyalfrfqcPsphqwvRzdixwgx", "time": "2020-01-05Y13:35:57.9995729G", "category": "TydgwoeoakpRycvnypBrfaaspqXdl", "properties": {"instanceId": "IwazxpfhpmyYuukojfOwsl_AI_0", "clientIp": "216.74.73.68", "clientPort": "0", "requestUri": "/gfwuauor.ixg", "ruleSetType": "QQXNH", "ruleSetVersion": "3.0", "ruleId": "920300", "ruleGroup": "920-JEROPHFR-XQKCPOVFYAB", "message": "Uinsfkv Iuluzfm ed Upzklb Nmeukf", "action": "Pwmycyw", "site": "Thzsbq", "details": {"message": "Abwdzym. Jovvn jc \"fh WmlztDxpDkh Bkshaxa\" lbxxgin \"GJRYBBG_ZTOGWSH:Wtzs-Kqucg\" eqvwbsvt.", "data": "", "file": "hxdyc/PNDAMZB-920-SEZKGHAA-ZVKDMWQTIEU.upkm", "line": "1247"}, "hostname": "ebsyitdmcikvxzwk.jbu", "transactionId": "8286627714555709036"}}, {"resourceId": "/UGJUUBFLOYRJE/0O3MB9VV-6KL5-4A0Q-U452-G032IZ8KW133/SJDABLLTSGFNEL/UOPBCUNFLJLP901/CKCIAUJWC/SWNUUMVKY.BNUBVUX/FVFHYNPVAXCLWYJKMWA/VZAZLMTL901", "operationName": "WexmujeqnvwVhzgshuPeifigre", "time": "2020-01-05U13:36:04.3168051D", "category": "ImyujfjuplvTvfjlmjHdnyenopRye", "properties": {"instanceId": "IqgjuyxhfaaTlxjhqoTjrm_CZ_0", "clientIp": "54.37.21.211", "clientPort": "0", "requestUri": "/uz-rcdtj.axs", "ruleSetType": "BQVZZ", "ruleSetVersion": "3.0", "ruleId": "920300", "ruleGroup": "920-RHGRRYCP-KAJBKKOCFTE", "message": "Ogdxquk Wsbbabz yi Exqswg Lovntk", "action": "Uwwjmmh", "site": "Covzvc", "details": {"message": "Nlfawdn. Ujlna mh \"fu LwxcfIqpGbb Ishvheq\" vlowgqe \"XOHOMAG_SJTFHWA:Ihty-Hwoqq\" dkdrkhqn.", "data": "", "file": "eznad/IHEVVWD-920-KEUGPKRO-RXJBNMWSICJ.jwtz", "line": "1247"}, "hostname": "hnjqztezfoagyhdb.xhe", "transactionId": "9295434031086698726"}}, {"resourceId": "/XCGYZAEQRJXDB/0N3AJ9ZM-6VX5-4A0U-R452-J032ET8KT133/XGTSCPFQQVJPYQ/SGQGHRMPIHVH901/LBMFPAMEX/ZDJDGGBRW.LZGRWWA/TFRRVYXOWLEANRNONZV/OESLJNIQ901", "operationName": "FzfheatzvhjQpimohrOxfrkdtq", "time": "2020-01-05X13:36:10.5721570I", "category": "SvjbafnwrrqHbnhoohUlaukygvYpx", "properties": {"instanceId": "QnjyjmnwlmrCehciclTuix_LS_0", "clientIp": "148.66.143.78", "clientPort": "0", "requestUri": "/nvthl/", "ruleSetType": "UIXOS", "ruleSetVersion": "3.0", "ruleId": "920300", "ruleGroup": "920-KOKHBXCF-STZDAVPTVBU", "message": "Oxkicto Ivkkyyd qe Joklbq Xumvio", "action": "Rfylvuy", "site": "Mxtkbr", "details": {"message": "Akovmyw. Atiyd hv \"yu MxbchZveUyo Mukzpbg\" utktwjc \"PYOWTTZ_LLBYQMH:Bdtj-Vrltr\" fcsqagxa.", "data": "", "file": "frymf/SLTYXYH-920-WPEYIDEC-JVHYKAIOTTX.lqyp", "line": "1247"}, "hostname": "iqrgxenwrepnlttz.fwj", "transactionId": "5188151170924809477"}}, {"resourceId": "/EDEEYFWYERVYH/0B3OY9LR-6JG5-4F0D-S452-B032JQ8DS133/TSGJWNHKEUSSWZ/UGXGOLALMINY901/BSVQNPQCM/YAWEUOGIP.CKCCZSS/HMSNBHMXMGGLQXVJPMW/JSOYYFQU901", "operationName": "PwqdpxdcfvlPqpmgwqLsfjjoah", "time": "2020-01-05G13:40:06.0226495B", "category": "CbimwmybvkaIjysfgdZtykbeajQtj", "properties": {"instanceId": "TyjvcqnqsadEkruypiXmrk_ZH_0", "clientIp": "199.16.157.181", "clientPort": "0", "requestUri": "/exovfl.xyh", "ruleSetType": "XDKWX", "ruleSetVersion": "3.0", "ruleId": "920300", "ruleGroup": "920-NLKKKFIG-JFYVKUHSRDD", "message": "Nwabqto Cgmceax xt Lxpsro Rzqray", "action": "Rsusfag", "site": "Vddnpp", "details": {"message": "Hlyezun. Tccoj yl \"wz XtmjzNvjIxw Wpqhzmq\" pxbyvhp \"OXBNPQD_CJSZBDU:Zhxp-Hytad\" bvbzeewk.", "data": "", "file": "fxopb/XJOYBMP-920-UHKJGXUA-FBVYLQOQIWW.sslb", "line": "1247"}, "hostname": "dlzyfyvrzhevpycx.gvp", "transactionId": "4035225268271448342"}}, {"resourceId": "/LXILRXVTIYHUP/0P3XO9WQ-6KT5-4R0I-H452-N032KV8ML133/UZHIKYIGQYISVA/XFGMOURBJAVK901/QZRGKRQCU/SSJOETZJQ.DMAKAYG/WQGHVKQBEBLRUOOXOZM/DTJPXABS901", "operationName": "JsjynabgvjyRnhnebnOpoauxzf", "time": "2020-01-05Q13:40:23.1623339J", "category": "KicgewhilweXluotsaYjhaynvvPyz", "properties": {"instanceId": "FyzgkopgalxZudjbcgKmzw_CZ_0", "clientIp": "85.214.84.16", "clientPort": "0", "requestUri": "/", "ruleSetType": "LYQIH", "ruleSetVersion": "3.0", "ruleId": "920320", "ruleGroup": "920-BSEUZHGJ-KVQRVDYWBRH", "message": "Dqgqald Bnxc Fstuq Taxohs", "action": "Swumjlp", "site": "Ceujea", "details": {"message": "Yufabss. Savmegtg ZT ygjeylm 0 hv YCGNGXY_KNGMMEB.", "data": "", "file": "zgtby/KCOBKKP-920-IOUJBNSP-ZCBMHPROBAE.pubr", "line": "1310"}, "hostname": "mncxwpjuovkqmnfz.rvs", "transactionId": "4035225268271448344"}}, {"resourceId": "/YVIBLVVGOJJIH/0I3YX9BQ-6UZ5-4F0K-M452-O032FU8UR133/KSTSXEQTNMFKRE/DQKYGRLGSDZL901/VDWWFHICM/ZXRYTURUG.SBBMGLQ/KQMZNYRCCQHNEJAMCUB/PVNELGYJ901", "operationName": "DhqjmzdkavvBivbxhmMcmyrmux", "time": "2020-01-05O13:40:28.9977689M", "category": "FyuaafulgwsOdnioogXuouxyjdHqn", "properties": {"instanceId": "ParzvowkfmqZwywsciJryw_FQ_0", "clientIp": "85.214.84.16", "clientPort": "0", "requestUri": "/", "ruleSetType": "XLVPR", "ruleSetVersion": "3.0", "ruleId": "920320", "ruleGroup": "920-NIKYCITJ-GFPATIZAGWQ", "message": "Nrtultj Jvix Ymzlo Mmrtyw", "action": "Wbysdfr", "site": "Zjbqdg", "details": {"message": "Xsejuvn. Rmxgpyys LR nhuadfb 0 cc JGLHRTI_PUCFJVM.", "data": "", "file": "mrhup/UIDNWMA-920-RHAYTZYW-MDVRAHWVTPJ.amza", "line": "1310"}, "hostname": "qicayiprhyqnnmww.zds", "transactionId": "4035225268271448345"}}, {"resourceId": "/NOGNSMVSJGSLA/0Q3HT9UK-6II5-4G0Z-W452-N032WK8NA133/LCQEAYWLPOPWWU/DKDFEGUAOZXB901/KOWTWAADV/VCGNCORLV.AMJQVNF/QLNDMAVCZRYNYDJRDCN/NTAVEFRY901", "operationName": "XuzelukgfioTeifnyrYkeofpad", "time": "2020-01-05V13:41:15.3307148T", "category": "JubsuuehfruKtfrzxjXjcckpvpQfy", "properties": {"instanceId": "RevzokdqncpEbwihxcUvjo_AA_0", "clientIp": "46.229.161.131", "clientPort": "0", "requestUri": "/", "ruleSetType": "TAKCM", "ruleSetVersion": "3.0", "ruleId": "920300", "ruleGroup": "920-HZAETUVB-HQGMHETBBDA", "message": "Nlsbfyh Vyjjbjm wr Dwvguc Bvxbax", "action": "Fhmhizh", "site": "Mvaegp", "details": {"message": "Bjccmzy. Vjprw wb \"jk JqypuEacIjc Moazkzw\" ipblkda \"SWISMUP_QSUHKOF:Kicf-Wjsjo\" iknexeth.", "data": "", "file": "cwtmj/JRFJKXC-920-BIHIQRCZ-XOIQSZTAWOM.gvxj", "line": "1247"}, "hostname": "debvoxddpcumnibd.nqv", "transactionId": "3458768914014535925"}}, {"resourceId": "/PLCGLVNMXEDST/0H3PV9GO-6AE5-4G0K-J452-F032JV8NU133/IIKMSFHHCAQIUF/WUIOKJJKHZGG901/MKFAERFLU/YFPFWKHBM.CRBIVDI/WBIASKGZSJZDQEBHFQG/MRDORBEB901", "operationName": "JyzhakdnkgaVwwfjxmMlkxufqn", "time": "2020-01-05W13:41:15.4088504V", "category": "FgrwqzmigciKipbhdrOyoxtwanEpt", "properties": {"instanceId": "HdraudnuagjUhgyrlcJsvj_SF_0", "clientIp": "46.229.161.131", "clientPort": "0", "requestUri": "/", "ruleSetType": "LMIMC", "ruleSetVersion": "3.0", "ruleId": "920300", "ruleGroup": "920-DJSWRGAQ-YZHPUXCDUPI", "message": "Hgvfvvn Gkoljyp gg Ihkbng Jbgtty", "action": "Abrxyju", "site": "Rubwyi", "details": {"message": "Lmdqpfl. Grvyf rv \"jx QsrzrHgiVyp Czvjmzp\" wvbuiyq \"LVBZAIW_MZWBQAP:Jbkb-Tiipj\" imazyoix.", "data": "", "file": "lcupz/PTGKPNQ-920-THXYSDPB-IIDXPRCPBUG.vgfx", "line": "1247"}, "hostname": "urowyntslqztybdp.fch", "transactionId": "3458768914014535927"}}, {"resourceId": "/JJQEKLNWOLMTL/0G3IK9TE-6AM5-4X0M-G452-B032DN8KU133/JMIWIYPTMCIFYX/SGATGLJLLBSL901/SDWTNEZWG/EUVSUQCQU.UQEZZHY/MSMVQUNMXWJXDRGIIMQ/XFHZKMRH901", "operationName": "NyqyoahxuplYbzcpgwLdzzadsr", "time": "2020-01-05L13:41:23.8717860B", "category": "CqjftqidztpPrcgmmvMlxcfvqcQrz", "properties": {"instanceId": "NbaafsrjavcYxbkdnhGvpq_VX_0", "clientIp": "149.202.211.239", "clientPort": "0", "requestUri": "/", "ruleSetType": "POWOA", "ruleSetVersion": "3.0", "ruleId": "920300", "ruleGroup": "920-IUHWRMGN-VJNPLKYAJZL", "message": "Jixqjek Xctlabe nx Skogdr Faqqsw", "action": "Cecxpgs", "site": "Efbdqr", "details": {"message": "Tdstkjh. Gghoa st \"ii VmapgEvtRgj Jimofcb\" mlyyemj \"XBSOTQN_JJWMYJE:Iegd-Xmxoi\" iibxwvop.", "data": "", "file": "eepnv/TXBLXYN-920-WZHNCRCR-JIOLBUPZZPV.pfga", "line": "1247"}, "hostname": "dkcmgdjfoepbbngl.jf", "transactionId": "11889503018405593307"}}, {"resourceId": "/GAMYNSFZCDJQO/0W3PL9LA-6AW5-4D0S-Y452-M032LF8SW133/YCJYBGYFEOQAZZ/UGPNMCRCARDJ901/WCGNOXZHA/OJADYCCAP.ROYZLBL/KLICJFTABVHRMHMMMQF/IZXOCXYF901", "operationName": "XzexqqepapoKfpsomsCqvanwfg", "time": "2020-01-05O13:42:21.4599214K", "category": "SykmydgxndsNujblpfGkdnuyvsDty", "properties": {"instanceId": "FyhsjvineqcUpmxqgdGkov_CI_0", "clientIp": "165.22.186.37", "clientPort": "0", "requestUri": "/xoxsb-ay/oeakahrwuvqyx/gpolvefgc/izwodnqch", "ruleSetType": "ROWLX", "ruleSetVersion": "3.0", "ruleId": "920300", "ruleGroup": "920-KLPZIJUU-BQYVWRHESJB", "message": "Nrgztab Dakdtwt yz Vioain Artyah", "action": "Cvqijbe", "site": "Ecqkrv", "details": {"message": "Jmtlxzb. Pofpy cq \"jp YwqalAwmRpx Hrufwts\" slpeexc \"XVDLCEY_RXSHJWD:Ooni-Luvhh\" kqiknnbo.", "data": "", "file": "iaynn/ABLLREO-920-TXTQCMGA-SLKSZMICKIY.gzgh", "line": "1247"}, "hostname": "bwwphhlcbkstlznb.vis", "transactionId": "4035225268271448347"}}, {"resourceId": "/VSFBENLSNNKIO/0Y3WU9MO-6HT5-4R0N-M452-N032DY8KD133/SHBZJNHIIOHBRJ/PUTKMRFBRSAU901/IPAMEXLOP/GSUCKNTYH.QGVUEJM/NGEVYAEDVJKBDLKSSDK/AECZLJFA901", "operationName": "BwwdogpimdzSnqtieaRuymjqdc", "time": "2020-01-05A13:42:27.1649797Q", "category": "LytiynduzrgEnwapxrIyoxixraWmd", "properties": {"instanceId": "HrgmzxwbuupKybrcvvLmro_OD_0", "clientIp": "108.174.8.22", "clientPort": "0", "requestUri": "/ml/msjfa-ah/uessj-xjueypflg/ndfpxcvvqa.", "ruleSetType": "QARCY", "ruleSetVersion": "3.0", "ruleId": "920300", "ruleGroup": "920-BUQRQFQW-VHJKFOISPGW", "message": "Iydvhtx Dsypxyy ki Muhccu Owsxgi", "action": "Sujweip", "site": "Txwvco", "details": {"message": "Ullbjdx. Owcxk kj \"hu XwlfpZujWek Evvegpo\" lqveetk \"KCDYAQP_JFCRQXP:Plpp-Smkvz\" nqwpcvmq.", "data": "", "file": "tlnni/HSCLRUO-920-ROWDJLRR-LHDEDXTPOTK.wfqm", "line": "1247"}, "hostname": "mozpmyccgwkcwlba.qzx", "transactionId": "4035225268271448349"}}, {"resourceId": "/QQDALCNTHBGPY/0N3BN9HW-6RE5-4T0Q-E452-G032DP8GV133/BXUHFOABXCUEKD/XTIWCQGTVRZJ901/DEKNSMPJF/DTPXAHBAC.QRXBWZU/DSJUYHUUFLKMCDYIRUP/LBHXAMFF901", "operationName": "DqtpudggmiqQphupjzMujrbkis", "time": "2020-01-05D13:42:27.6211958X", "category": "CejtpimwuxsKkyojmnKujfsherTzl", "properties": {"instanceId": "UegutuqrwejDtinjgkPuql_TC_0", "clientIp": "108.174.8.22", "clientPort": "0", "requestUri": "/404?wnikzblvierop=/vr/gxjsp-mo/evebm-nctookmbu/duduhztioz.", "ruleSetType": "JKPME", "ruleSetVersion": "3.0", "ruleId": "920300", "ruleGroup": "920-IAAWCFSE-VRRHDHXJGQF", "message": "Jtodoci Dncddqn mx Jwtwxk Cldsra", "action": "Hfigpko", "site": "Cbgmwr", "details": {"message": "Pdtyqya. Xnqzw zj \"jr IrwpuMurAcf Mfswjtb\" iavegco \"AMAOYJY_AZNKXOD:Gpxc-Kqfji\" fsfsubzo.", "data": "", "file": "bgqzi/GZVWAXO-920-GMBGHNMA-TLIRSQJGWHW.vpxo", "line": "1247"}, "hostname": "qfvpxoahuqmfbpga.ldq", "transactionId": "10016009971465977948"}}, {"resourceId": "/MRVCMTXIMSIXF/0I3GI9VA-6PE5-4V0Q-S452-F032DZ8ID133/BIWJKPRULPQVTM/QXZXASRJRCNJ901/CXDFWLPGE/YLLCRVTSF.BYDFZNM/GFVHDFDWTFBJDJYMKSJ/YOCCTSGG901", "operationName": "IxnrsfvexswPxrixdcUmtsamam", "time": "2020-01-05R13:55:12.0633942U", "category": "RwiemnnuyqvUkuhmmhHftxoghbAzu", "properties": {"instanceId": "UmuttkrvujiOxwwpuaPgus_GJ_0", "clientIp": "52.88.194.12", "clientPort": "0", "requestUri": "/.deetwag/", "ruleSetType": "QFVDA", "ruleSetVersion": "3.0", "ruleId": "920300", "ruleGroup": "920-KNHBKFKZ-BKUVUOMDTZX", "message": "Onibfzi Rpmznxm ho Nwirre Ocyzgk", "action": "Gieussv", "site": "Wxeknm", "details": {"message": "Jjybohd. Alcvr mu \"vi OvawjYzpOag Vknzvaw\" gxkethj \"NUEBUKX_OAVPXKQ:Giot-Qegxd\" shgruaol.", "data": "", "file": "syire/SPRSWNY-920-KUGHGPBP-OCSCKLPYCQF.gpul", "line": "1247"}, "hostname": "ezpaivgjhewtpjkb.hy", "transactionId": "11096873882034899787"}}, {"resourceId": "/ODXAMFNKMQUAW/0B3TV9JT-6FZ5-4D0L-V452-G032HP8XH133/GMLYMZZIMIZYTX/OXHMFYQVIUOG901/KZGQCYMCM/CMUFHNGOG.BWPIXPT/UVEYNERLRUDETQKFNPF/YQIKVXQT901", "operationName": "NwqqsewpdahUimpipePuguidru", "time": "2020-01-05H13:55:12.4309476T", "category": "VtuaqzdpwlpEdcceovQznrcuwuAdu", "properties": {"instanceId": "RvnxeadeohoRmzrstpKmzg_PW_0", "clientIp": "52.88.194.12", "clientPort": "0", "requestUri": "/.jbwdlmg/", "ruleSetType": "SKCFH", "ruleSetVersion": "3.0", "ruleId": "920300", "ruleGroup": "920-JXEXWRXB-LQPTFYYVGRB", "message": "Imwaboa Xbhlfwv xs Vinnaw Ookghv", "action": "Tirhomt", "site": "Sfenuh", "details": {"message": "Buwrasx. Cbyak ks \"yw LyuulGzpHcc Ccnlyfe\" mxvggfx \"AWDMQEC_NBDRXXC:Rein-Cbthn\" nathaoyn.", "data": "", "file": "wkuiz/XLDCMFH-920-BAIKPAMX-LWTZKLUAHXV.hgcb", "line": "1247"}, "hostname": "rzbcljdpchporont.qy", "transactionId": "11096873882034899789"}}, {"resourceId": "/FVHHUIOBCFZAQ/0T3UL9SS-6HU5-4I0D-U452-T032QA8OP133/YGMMDYQYCJSZCO/WTHUXRNKKRKK901/DBBANTJFE/CBHVXWRHU.XSVULBG/EVLGCLDCKYCNCVUAPZZ/POKODDKR901", "operationName": "MasyvsoptsjTgwmiowLgeasugw", "time": "2020-01-05U13:55:12.5412583O", "category": "HutmyzjmnwiLdobblgCcyuomgoSxe", "properties": {"instanceId": "EhguvkiwejgDcuochhKxnh_MI_0", "clientIp": "23.96.59.35", "clientPort": "0", "requestUri": "/404", "ruleSetType": "ICPAY", "ruleSetVersion": "3.0", "ruleId": "920320", "ruleGroup": "920-XFQJPFJU-JWPEMLVXMEG", "message": "Nygzjkc Amkl Ndoid Sasjtv", "action": "Wucrbma", "site": "Megrdo", "details": {"message": "Rkftwgh. Faqdudli AB ergaezb 0 vy PYXALFB_SXMJUBV.", "data": "", "file": "wrxlf/MLTBFYP-920-XAMGPOVY-BAWMEIRHKXW.wyqd", "line": "1310"}, "hostname": "nskrcgetwyaogjyt.ll", "transactionId": "15420325126264063687"}}, {"resourceId": "/AIILYNXXFTVOV/0P3SV9KV-6FW5-4K0Q-T452-A032AU8DW133/LPABDLKYAAEBIU/HEPDUZVFKDNH901/EXLIQPWYJ/OFZLSIBGD.LMXHTOQ/ILEQSFLFQGYBNBLCELU/INCFZOII901", "operationName": "OmfgodlrcstRjxvfvuGlcbapse", "time": "2020-01-05N13:55:12.6081418R", "category": "DvtfbrkyofjCmipzdpYrjffkxtOrc", "properties": {"instanceId": "TlndcsigfsaBwglnxuCpqx_BL_0", "clientIp": "23.96.59.35", "clientPort": "0", "requestUri": "/404", "ruleSetType": "IFWNI", "ruleSetVersion": "3.0", "ruleId": "920320", "ruleGroup": "920-ALQEDHTM-GXXPKPPXRUQ", "message": "Cvkiwrq Eyjn Vbhsx Rjdpka", "action": "Zfzmylm", "site": "Kqvrft", "details": {"message": "Glzcxth. Hvoopudo XT qxlyfoi 0 ny PABGFPO_STTQGMF.", "data": "", "file": "ovfyg/ZKRFOPB-920-IHQPVXPN-ZIPPKPUEIGX.fczi", "line": "1310"}, "hostname": "kuurxwdvkfjfosnt.af", "transactionId": "16140909862736369683"}}, {"resourceId": "/QAXMGBDJYMWCQ/0G3UC9JT-6SU5-4U0G-X452-Q032NP8NS133/GSDXYCHGKYISHD/CZBLYSMCYLVF901/TNHELXTFH/JWXOFVJGF.AJVJJPU/IAHYRDYZUITJGLJBFJM/UUABIYLS901", "operationName": "BzkcdvhvvydXfyiptwAtosajsv", "time": "2020-01-05D13:55:22.5237503O", "category": "SjidrkimbtdComhcubJkvjgvnnJud", "properties": {"instanceId": "LulfkibygleKevvubgYrht_SI_0", "clientIp": "200.10.100.65", "clientPort": "0", "requestUri": "/", "ruleSetType": "KYCKS", "ruleSetVersion": "3.0", "ruleId": "920300", "ruleGroup": "920-SDHCFDET-VXHJEEJAGZF", "message": "Nnczgev Xnhelhz wz Rprtmz Cgfpxo", "action": "Hyxucnl", "site": "Nowfhu", "details": {"message": "Hwpoyry. Jtkdv tu \"kz BvtecJgoUpj Bsmamsb\" cpttgzo \"XWXKPMK_EIPBSKO:Hace-Bkzul\" gfmlphjz.", "data": "", "file": "ebpgu/FBWNWYY-920-DXEKHDKZ-SFJMGXGETYD.ogen", "line": "1247"}, "hostname": "ateeiujpozlexmkk.gpj", "transactionId": "12970366928974516314"}}, {"resourceId": "/OFPDGAOEJTXRF/0A3OR9UY-6YB5-4P0M-N452-Z032IC8TB133/KGGLVEXRCFVDDX/MJXNQNPIAIUL901/MUMPBHXWO/XZODMORUN.QAFIAGC/RFHCDPHPLVPLYUILSIO/XRQORLSS901", "operationName": "PjsgeoijwslXobqshkDonfdrvv", "time": "2020-01-05L13:55:23.1731161S", "category": "HdcddntvfwkMwmqttbWrstpmmhJvn", "properties": {"instanceId": "QzhwdgqisizIbowxmgIqoy_RC_0", "clientIp": "200.10.100.65", "clientPort": "0", "requestUri": "/", "ruleSetType": "QIPIT", "ruleSetVersion": "3.0", "ruleId": "920300", "ruleGroup": "920-GJTOUJER-KGXUKFSRZZM", "message": "Jjobqtk Gqphlru os Sdhrcv Jneojj", "action": "Afoaffo", "site": "Tybppj", "details": {"message": "Fbaiehs. Gbelv zi \"bs KmiajMjxVvf Wgrwqax\" tjuxkxo \"CTBLVGZ_OPCRMWO:Qqkm-Nhmjx\" xfjqglyj.", "data": "", "file": "tmmun/MUOAZNK-920-IXKKVXIQ-AKOVMLQYLKI.netd", "line": "1247"}, "hostname": "vsaojjnpqtbkhmfo.pha", "transactionId": "14843868772007151559"}}, {"resourceId": "/TNWVUKOEKTGBB/0F3RS9SE-6QJ5-4W0M-W452-J032XR8TR133/OTYQOZECBFXXVN/UKNKZMJUJHLY901/MCVJUJUOT/GYWOUJTRI.AUAYZYR/EBCYQACIYTZJKXRSFZN/YJTXMAQE901", "operationName": "PyegsuefuzuAenkzmuXnufunco", "time": "2020-01-05P13:55:26.9123112G", "category": "YicqkvxmukoEehvztzSvmjortqAhd", "properties": {"instanceId": "OsmyguhbpftSwvfjwjYanj_LO_0", "clientIp": "151.138.13.148", "clientPort": "0", "requestUri": "/", "ruleSetType": "UPSQE", "ruleSetVersion": "3.0", "ruleId": "920300", "ruleGroup": "920-RHWOXGHR-LVSDHGYPHDD", "message": "Oticwie Zvnqkpi kk Mplfzx Fiiett", "action": "Oumsyim", "site": "Nqrwkz", "details": {"message": "Zejxrga. Dlnqo di \"ki TmwxcUpqUka Vealfmb\" xplyitx \"DZKRPWQ_OMVMHLF:Iqfo-Nvzwi\" pfzwqjlh.", "data": "", "file": "foymp/MMBDIFQ-920-ZAXJBIZZ-MWMSVFMKCRW.ghxi", "line": "1247"}, "hostname": "zjkvqhzqzhwbyyyu.htp", "transactionId": "14843868772007151561"}}, {"resourceId": "/ZLLDLIXKYZFXU/0R3VM9DB-6JH5-4V0F-G452-X032ZC8AA133/IKMGQDXGWXWVUQ/LYUHFYBSKGKH901/IYXDEYKCQ/TANPEYRUK.RSJHJSS/ECENSTSPQRHJOWULDQH/XIJFCLMS901", "operationName": "CuzyvkhnjczYxuinylNvkpzjyz", "time": "2020-01-05H13:57:57.0407281E", "category": "TqbjvaoqjreSeegdxaClyxdfouXky", "properties": {"instanceId": "KxiczkewmbsJgoydjnNbbw_LP_0", "clientIp": "151.138.13.148", "clientPort": "0", "requestUri": "/", "ruleSetType": "AYWLZ", "ruleSetVersion": "3.0", "ruleId": "920300", "ruleGroup": "920-YJJZQSBU-JYKHXGAAMHB", "message": "Dgckfcd Uyefwxq bo Ikgnrj Nniskn", "action": "Qwkikwy", "site": "Eadduq", "details": {"message": "Zdybcwk. Amqfp jc \"yk NurupRawQdy Xfheuzl\" kmdnoix \"CXOFTDX_DAOFKCK:Jamt-Vazgj\" mpuqmurk.", "data": "", "file": "cdwcb/ZSKYZQY-920-JUAPSRIA-PGMCJFQUMKR.ravt", "line": "1247"}, "hostname": "xrvumfqblgojulue.epo", "transactionId": "9799832791305690086"}}, {"resourceId": "/JAYLAATBMRJFE/0A3BT9CF-6IM5-4D0W-M452-H032GT8TS133/FLELJOVGJDKQZT/PFDJBVENGEZN901/SHCKUAMVF/XNOXQDBUL.IHIRFLQ/QIVEBJVZVHPHXJQFNMI/RXYQYKKJ901", "operationName": "RemcarbzkhdTcujzosGbhmykww", "time": "2020-01-05V13:57:57.2472624G", "category": "IymrctvoaxpPtusknmZldllwqxXfy", "properties": {"instanceId": "VqkfwzxwumuQbysefzYljj_BG_0", "clientIp": "151.138.13.148", "clientPort": "0", "requestUri": "/", "ruleSetType": "AUEZQ", "ruleSetVersion": "3.0", "ruleId": "920300", "ruleGroup": "920-YSQZUUSX-BIHDBYRPHVW", "message": "Siwbpgc Nvmjvxm bu Pdysro Vilguc", "action": "Rrjklrj", "site": "Ejdjpv", "details": {"message": "Boaonev. Nuqsm yz \"yw QxhvkCpzNnd Soofrlm\" grdeyar \"PLGLLNK_XGMSBIP:Vzzf-Tukwr\" tpanxuup.", "data": "", "file": "plvif/OATLGAM-920-UDCCPUCH-QDGIDIXFUVV.wbcq", "line": "1247"}, "hostname": "qecwyzqwbenjytgp.vpq", "transactionId": "10088067565503906316"}}, {"resourceId": "/CFXAXTCYRLRFC/0F3SO9LH-6UW5-4O0X-S452-X032TV8CS133/GMELLGGJZHEBAA/HQYXURVPARJL901/NLDZASXIU/ZKPXJFEWX.TARZAGW/GZGYTKVOYXRMJVCSFVP/SVKBEHIM901", "operationName": "TjnnkafwcvgKvgtzhqMbetpvtx", "time": "2020-01-05I13:58:40.9436422C", "category": "ElemmnnmsgwRfduhsuQafyouymMsj", "properties": {"instanceId": "XqiebxvudlgJncjdlzNqmx_AC_0", "clientIp": "199.89.53.203", "clientPort": "0", "requestUri": "/zvuobriwevzjtgn", "ruleSetType": "AYEML", "ruleSetVersion": "3.0", "ruleId": "920300", "ruleGroup": "920-ADRMFGFO-ODOBURZAMZL", "message": "Tytrqka Vgoupiq gv Stludk Qtskgx", "action": "Edakrzz", "site": "Mgwgwm", "details": {"message": "Qwihrxv. Qmdqm ea \"my VqqbgIgmHyl Fuahkns\" lnyrbfu \"MAGOBZW_LGQBREQ:Mgib-Uoaxm\" dkyfjcyv.", "data": "", "file": "pgbvq/CISPHEW-920-TGIGLMDR-YIJRSSIAMTY.safk", "line": "1247"}, "hostname": "bnboxkewgedahptx.mcv", "transactionId": "9295434031086698833"}}, {"resourceId": "/EDLZFZSFDUQCQ/0S3WE9GH-6IF5-4H0H-G452-S032ZS8MI133/YGEFYSFVHMDRGF/UUDFDLGPKTYW901/JBYKLHVBB/RNHXRBLJC.DMQHUCY/WUBQZZINYMEYFQKNITB/JIPMUBJS901", "operationName": "JumaxywgjmeYplgakfAefybxnu", "time": "2020-01-05F13:58:41.1372065L", "category": "CdnwyxiefwsTbuhdpdClwsudquPry", "properties": {"instanceId": "NxndsebvxpqAmksgdnPcsy_JA_0", "clientIp": "199.89.53.203", "clientPort": "0", "requestUri": "/wbvrlhmlsiozqo/rgbhgacxhs-mqtlexqemuu-gzvdbhn-evxeqxfb", "ruleSetType": "BKWXJ", "ruleSetVersion": "3.0", "ruleId": "920300", "ruleGroup": "920-EMIBXNQZ-KOXDARAJLWH", "message": "Ptihgle Qovjvyb uq Xhulau Dlrhpw", "action": "Bnzlmue", "site": "Remjii", "details": {"message": "Zcxgfqj. Xrjtz wg \"ap PukinRaqFxg Qrivdeq\" xviuqea \"ZWRNSIF_XXTLADQ:Shpm-Ihqza\" wujkciwv.", "data": "", "file": "ustcf/BZGNVWG-920-MWPXCKCW-WJGQTQRSWOQ.yeik", "line": "1247"}, "hostname": "tsxkjwxlrcfkzjid.lun", "transactionId": "9295434031086698835"}}, {"resourceId": "/LISQGFESINQPO/0R3GK9JK-6IJ5-4Z0K-L452-W032YW8LN133/DBMPKSLRHWHYRK/SHGMAQPUGAOX901/NXEPJIQDB/JEUXKQASC.QSRRMEG/VYMYOTJJQBJSTWJIOUC/KBNNDPPA901", "operationName": "UwhwtrcqaglLlgupbgUuyyboow", "time": "2020-01-05C13:58:41.3872087H", "category": "BmipnerffrfIwhubtgLvjijfvhNdh", "properties": {"instanceId": "SqxtsdhectgYflpmgcFbwl_UX_0", "clientIp": "199.89.53.203", "clientPort": "0", "requestUri": "/getszsxuupmwlb/nxczqluqhu-sjalvrwgkbh-ayibqhm-cmxzeecu", "ruleSetType": "GANJE", "ruleSetVersion": "3.0", "ruleId": "920300", "ruleGroup": "920-CTXVYXFF-NYCWGYAFVTZ", "message": "Zlgqhfi Onxouwm dw Vqtvyw Fqttqh", "action": "Avwyzot", "site": "Uhdebu", "details": {"message": "Jnvxjdv. Yrzwa fv \"tj GdiwnIicRxh Jpezfpa\" hyvgizl \"UFBRIFN_KPETKPA:Neit-Enqdc\" ywejtbnw.", "data": "", "file": "frash/JFLWLMR-920-HSPXVGLM-UZOPWFTXPSN.kwev", "line": "1247"}, "hostname": "aisplqsdyezlcono.sby", "transactionId": "9295434031086698837"}}, {"resourceId": "/QIYAQMGAYXHBE/0X3QV9IM-6XU5-4K0L-Q452-O032DR8XO133/JPIYGIGNZEZQRU/SVYDDFKLHWOB901/WHYWFQGKH/QCODVYJJQ.LRANFLA/LENZZQXKBAJJHWRCQJO/OFDMIESU901", "operationName": "NdqerrcifazKenglseWqyqefpr", "time": "2020-01-05X13:59:04.2072794D", "category": "SywebgecdmcKsourxiYwgnbrogEfo", "properties": {"instanceId": "UnlnvxuzwhrArhwyseBkvj_VW_0", "clientIp": "129.146.158.17", "clientPort": "0", "requestUri": "/xbdtkn.njq", "ruleSetType": "WUMGZ", "ruleSetVersion": "3.0", "ruleId": "920300", "ruleGroup": "920-AZVHCDHJ-SSZDYXJKUYX", "message": "Byrpanc Kcnmnzj cf Ieogrb Ihdllt", "action": "Jnvhjsp", "site": "Wwaoko", "details": {"message": "Jpiyzti. Fbefm ya \"yh DvkckImpYoy Jfunhcp\" jaucdkb \"PXFPQUI_OVBNOEN:Aftp-Wyizz\" gahmwlpq.", "data": "", "file": "xbmum/VLDCJIQ-920-EYLNBXXC-JGVYCTXKFZG.kdud", "line": "1247"}, "hostname": "klsvpevqqflvrfek.qks", "transactionId": "9799832791305690134"}}, {"resourceId": "/QFZEZTDXQBRIL/0U3NN9NZ-6JV5-4N0F-Y452-T032FK8WU133/KCWGFOTIQXEYKY/YNRKBXKZVLDM901/QWQHRXJCY/YNGZTGIWY.UZISGDV/HDIXLNTWFSBBQKBMMVP/XJYLAJRE901", "operationName": "HjmsqexguciXebqzucTgzslhdu", "time": "2020-01-05J13:59:04.5425684D", "category": "JlkvnqlbkbpXsrtnpjLvkqclupNfm", "properties": {"instanceId": "GbsichcyxuuPjhssjtGxdp_CF_0", "clientIp": "129.146.158.17", "clientPort": "0", "requestUri": "/bfocnk.eid", "ruleSetType": "LZGIT", "ruleSetVersion": "3.0", "ruleId": "920300", "ruleGroup": "920-FIRHWZHZ-TOHAZJSKSGZ", "message": "Cszvzuh Gzhybce qz Fndkrc Tmdesv", "action": "Xlbistt", "site": "Yjzjsw", "details": {"message": "Ubwtlii. Iewpo wg \"sf NnvcmSrkQff Fcjzptz\" fiouqxi \"NTIEIOE_OCEOAZQ:Bdve-Bjzrj\" oxuhmhpy.", "data": "", "file": "zztbc/EFTSXKR-920-VDSQSPAV-YBGFEDKFIUD.uhkz", "line": "1247"}, "hostname": "vkvncoxhwtonwbxv.wri", "transactionId": "15708559900462284950"}}, {"resourceId": "/VOPEKFCDIXWJZ/0L3FE9LY-6YP5-4J0P-T452-G032ZX8KS133/FUBBXAUHOKRCIJ/QJVZYYKXGQTR901/FFXYKZKGQ/YJEUEUPRB.TZVCDZV/DQNHKJUJERLHHRKBLZN/SACQCEJP901", "operationName": "KibjdaxndbyLhojmprAvylnewc", "time": "2020-01-05U13:59:04.6676997P", "category": "BqncwhdbvxdHgbbcdlOjixicmpNzj", "properties": {"instanceId": "YzaenodegjlKsipdrtKqny_NT_0", "clientIp": "129.146.158.17", "clientPort": "0", "requestUri": "/hea-jiph-gfu-ph/nykj-kim-osnwgc", "ruleSetType": "ECTUY", "ruleSetVersion": "3.0", "ruleId": "920300", "ruleGroup": "920-QETHZMSO-YBZZFLWOIRG", "message": "Vilbbek Xbuomju up Xqtrrx Djyxuu", "action": "Hwmjstr", "site": "Mvrxii", "details": {"message": "Fqvvvcb. Cgdyt zr \"cu BxtxkAgdNka Masslmx\" ptpfapn \"BTGIFOX_FUYGIVA:Fzwn-Nogjw\" cjylsgvq.", "data": "", "file": "gndlp/JMZVCHI-920-TPFNKKLR-LJTSDRWIVDH.jezk", "line": "1247"}, "hostname": "pfpaozegtgkcvuco.ekv", "transactionId": "9799832791305690135"}}, {"resourceId": "/MCNLXSSBGNGYU/0K3SR9HG-6OU5-4G0X-C452-U032IL8YQ133/BBKSHMXHZHIBMK/PPWGLBULIHYC901/BIWJVSLMD/ZCJDSQHHC.BPHPELA/UYNBBITYPLACEYJITOA/WPRTXSTN901", "operationName": "WseinrylodqIfdmrkzDaeqpdct", "time": "2020-01-05R13:59:04.7621072T", "category": "VlgjedfiwwfVhcoigjIgeaowvwTka", "properties": {"instanceId": "EddikripdsfOeoxjkuJgwl_OF_0", "clientIp": "129.146.158.17", "clientPort": "0", "requestUri": "/ntc-xsui-pjo-wz/wqum-brh-ddugvj", "ruleSetType": "ZUNJZ", "ruleSetVersion": "3.0", "ruleId": "920300", "ruleGroup": "920-RVXRFSAS-UYSJUOIEMXW", "message": "Dnvhxjr Bjxgffo iq Fuygcm Ujvius", "action": "Rlfncyj", "site": "Yfsnfh", "details": {"message": "Jppfdtw. Cmlkt ut \"zf DgtibPxcYvk Xvhwxzz\" wdkslkr \"YZUMYBC_RFYINST:Mlvb-Xrcuz\" mruhgfik.", "data": "", "file": "bztfd/FGEVVOZ-920-NNMGLGFO-MCIJWTBJNUP.evzi", "line": "1247"}, "hostname": "vhrlojkdeerejtog.yat", "transactionId": "15708559900462284951"}}, {"resourceId": "/BOSBGZWHMREBU/0Y3GU9AJ-6KN5-4I0X-I452-L032PR8KU133/AOKAWDSTHMVZYL/OPHAEDUMHELT901/ABSRKIWYY/JUOJUETLQ.SICBYTU/CJTSEZEBGBWRTISAEOU/HPAVKOQK901", "operationName": "WksmzrpcjlkQdccfsuHtuzlxaj", "time": "2020-01-05D13:59:04.8394221D", "category": "HwjatgocpykDrozgggHzhbgxrxXiu", "properties": {"instanceId": "LggqottcyhfSfzcsojOwmo_ZI_0", "clientIp": "23.96.59.35", "clientPort": "0", "requestUri": "/404", "ruleSetType": "BHNZJ", "ruleSetVersion": "3.0", "ruleId": "920320", "ruleGroup": "920-GTMJCNEG-ARVRJFJXKIE", "message": "Cetcuxt Xmgf Lkguj Kffohk", "action": "Pnctqgl", "site": "Exerkc", "details": {"message": "Zvjptaj. Rvabdolj ML ndgxlkq 0 hf XMNFMLN_RKSEGNM.", "data": "", "file": "ogpcq/XAYACNU-920-JVZCVLVY-JVYWJPCPRVQ.aeog", "line": "1310"}, "hostname": "ujrzodlrpjoahcwf.gag", "transactionId": "10088067565503906342"}}, {"resourceId": "/AJPAKVQIANVBJ/0S3ZG9RU-6YV5-4Q0J-H452-O032UG8DW133/NHDDYOLVAKRQXN/ANKFKPMHZLSN901/JSVWFIJAJ/CTTXIAADN.IKHFXSY/HWNQMWGGKPWHSIACVOZ/IMZUYKTM901", "operationName": "QuvrnjvkyhfInchgkiKczaffsr", "time": "2020-01-05M13:59:04.9038722C", "category": "LruurhlwspcKjbnkrgLuiggqgmJyr", "properties": {"instanceId": "NvjocaierakYeuldxgDftc_PL_0", "clientIp": "23.96.59.35", "clientPort": "0", "requestUri": "/404", "ruleSetType": "MINWF", "ruleSetVersion": "3.0", "ruleId": "920320", "ruleGroup": "920-BXIOQUYN-KGLAKDXCUJO", "message": "Evbdsbc Olnx Kbvaj Nxjxxg", "action": "Pibekae", "site": "Wfudwm", "details": {"message": "Bbxjeop. Cmjusxdh IA kikflyh 0 bo TRMEVPZ_WKULLJW.", "data": "", "file": "hinkp/AOFOYBF-920-BJQUATXG-GYBMPUQPQFV.sgtc", "line": "1310"}, "hostname": "dwtnckpmtxjxnoww.fmh", "transactionId": "9295434031086698847"}}]}