{"logs": [{"resourceId": "/LYZDAXFGOUQPJ/0K3UJ9PE-6VV5-4W0Z-J452-K032QX8TG133/ZYQMMMZNNTKMCY/JBGFMBJFPRPJ901/ZPXKQOTEE/UWDZZJAOQ.PMQJBGF/QQGZSMSCKGCNTWTNNJF/HOTLLODM901", "operationName": "EbyzoumxufsTxqxhrfMzzgycxy", "time": "2020-01-01E01:00:51.0028462X", "category": "BcaatkcwxhoMnuyzrrPsglyiptDve", "properties": {"instanceId": "BjeuldgrgfdPkznocvYbam_WA_0", "clientIp": "23.96.59.35", "clientPort": "0", "requestUri": "/404", "ruleSetType": "LJVYT", "ruleSetVersion": "3.0", "ruleId": "920320", "ruleGroup": "920-BJHFXOVP-NFJJTVKAPRL", "message": "Fthgzoh Iwbz Iawgp Skrptl", "action": "Ehfaugk", "site": "Dzbpro", "details": {"message": "Qqgksht. Vzupjeyo WL ptblftb 0 le IVWYXNN_MPBWJNQ.", "data": "", "file": "vxxpy/WKMXROU-920-HKJKJAYP-IGPQEPQNPHM.ligz", "line": "1310"}, "hostname": "xtemlvxylzhdyzpl.vik", "transactionId": "16861485803115662087"}}, {"resourceId": "/XNSVFYMCKTMRQ/0G3IB9UX-6FE5-4X0M-H452-V032WO8UL133/INMVCURXHKBZSU/JRGIKTVSJKKH901/ZOWNCMHHE/ACAEDYDMG.TPRYHJF/QVWZMDXBEWJIMCOFQGJ/EMZJLDRF901", "operationName": "QwlwwobgorhYwirndvRaybsunp", "time": "2020-01-01P01:00:51.0653199K", "category": "OnjhwrnglviMyorgxgRmbpmofcYbp", "properties": {"instanceId": "FnhhbiejggzHshzncnTaby_LF_0", "clientIp": "23.96.59.35", "clientPort": "0", "requestUri": "/404", "ruleSetType": "HGXXK", "ruleSetVersion": "3.0", "ruleId": "920320", "ruleGroup": "920-RTHMVNLT-MZGJGHUOLLC", "message": "Sckgyyu Ncpi Hviuf Ofozwl", "action": "Gfomwth", "site": "Wefcmx", "details": {"message": "Fqeoxvi. Tqipbagv VU tskdtnw 0 ei VTDZTPQ_MHSIMAZ.", "data": "", "file": "gxrhb/KIDSRTY-920-JOMVAVVG-WVRZGTHACEC.oztn", "line": "1310"}, "hostname": "ratgnnkkgxwlfxpw.jkq", "transactionId": "72061994231943738"}}, {"resourceId": "/QKZHULFULBYTZ/0K3RC9JG-6MK5-4W0O-E452-A032UN8ZR133/FXERDWOLXURIEU/OMJCUVQKGIFU901/XMUYDBAFF/WDRFVPIUF.RXAFBKA/EZZTJZXVTQHYNPFBSOP/UKPXHIWK901", "operationName": "VsgggibrfsdCryypirCfuulxin", "time": "2020-01-01K01:00:51.6505526X", "category": "HkwnfyombzvSenvggwAvfpxrhsEro", "properties": {"instanceId": "OhivtoqifahDrimnybJcoa_YF_0", "clientIp": "23.96.59.35", "clientPort": "0", "requestUri": "/404", "ruleSetType": "PHNIF", "ruleSetVersion": "3.0", "ruleId": "920320", "ruleGroup": "920-TOVNMMEQ-IGDLAYOKGUX", "message": "Duxygca Pmxo Jqoxa Bzktpx", "action": "Rdnyyqb", "site": "Uofieq", "details": {"message": "Undowex. Lqcgxbfh KE thmyzcl 0 eh NJRPAEW_JTXOTAJ.", "data": "", "file": "xejjj/GGEEPHH-920-MVJLENVP-NLBGIKPXTGB.ruyp", "line": "1310"}, "hostname": "usvvxbqprgnobufz.wvd", "transactionId": "16861485803115662088"}}, {"resourceId": "/UHTEZOKUJUSXI/0A3BU9RA-6LB5-4A0V-X452-Y032XU8DZ133/VSQLABSKKDKJJL/IJXEZMUBOSGM901/VWXEPUKJO/OLQUPKVLZ.QQFFMUH/YTRSSPCPAJWIOERMMOD/WOEVFOEZ901", "operationName": "LerxktiqyrfTdehtyuTagndiew", "time": "2020-01-01N01:00:51.7130238E", "category": "FziwesvyfeaCqxxobbMqwvekafAfh", "properties": {"instanceId": "XwhxarjjokbRqjskplUtcr_TP_0", "clientIp": "23.96.59.35", "clientPort": "0", "requestUri": "/404", "ruleSetType": "WCIYE", "ruleSetVersion": "3.0", "ruleId": "920320", "ruleGroup": "920-IPCKDJPP-HHTGPTXAQZA", "message": "Utjhpds Pqsv Quicx Pijlij", "action": "Tigokqt", "site": "Yhswuc", "details": {"message": "Lbkzsik. Ytjbxvlm BW wdpdayq 0 lm KVXKGNA_OLYHUBO.", "data": "", "file": "yamcy/YAFHSOW-920-CWWQLMQH-LDXRBOVAQDA.pbcq", "line": "1310"}, "hostname": "mvkxwtjxlqlyogoh.rdd", "transactionId": "72061994231943739"}}, {"resourceId": "/CPOMLOBEQMCSI/0I3SI9XG-6XJ5-4N0Z-X452-I032EX8OG133/TZOCASYBCLTLJD/XYIIOPKGVDMA901/NJPDGRAGO/XGXFFTLLV.OQHPYUC/INIFXWUJKCFMFPQYHFH/TUOFMSQM901", "operationName": "HwexcxubcjcEbpjfmkRvvtcquw", "time": "2020-01-01M01:00:53.8128712N", "category": "TfitluiuqczSrzjoemRwpnxfemSpp", "properties": {"instanceId": "HtvqjadzujxAimoesaWken_FJ_0", "clientIp": "23.96.59.35", "clientPort": "0", "requestUri": "/404", "ruleSetType": "ULEQD", "ruleSetVersion": "3.0", "ruleId": "920320", "ruleGroup": "920-JIIAFPBD-BSBGFQMKHTW", "message": "Eabtzdv Inxd Uclpa Bnquac", "action": "Fiafabb", "site": "Tzbzrj", "details": {"message": "Fdgckwe. Ztodwehx ZR zyroxpp 0 gk MLKHPIK_DADSRVZ.", "data": "", "file": "jkntu/FNXRLQJ-920-TJZHWXYR-XKZKINMEAXK.kxyl", "line": "1310"}, "hostname": "uqzplojhfmgezwkz.tyz", "transactionId": "7349878992062658933"}}, {"resourceId": "/FKJGEISDVVQDW/0T3ZL9LL-6ML5-4W0R-Q452-Q032TP8LC133/PIOXLHEHYLKBWW/IKQPPGYQRLNO901/RDBFXEAKE/GLREWAWGQ.HIKPSWF/CIBORDWMBESUMAHPVUY/OURFQCVP901", "operationName": "RymiszglajrZfrulmbGnvrgypd", "time": "2020-01-01L01:00:53.8753730A", "category": "PmhryfvqdagNhmhmosYcwwoqvuMib", "properties": {"instanceId": "LutfnuiygapArqqqnnKdvy_NQ_0", "clientIp": "23.96.59.35", "clientPort": "0", "requestUri": "/404", "ruleSetType": "MJFOZ", "ruleSetVersion": "3.0", "ruleId": "920320", "ruleGroup": "920-XVVZUZRM-MWOSOZWDCBJ", "message": "Akzcbtu Zujg Eatao Etewqa", "action": "Uwkyxpq", "site": "Vcxlja", "details": {"message": "Quwxmwa. Cdtonqdn IF bqiztvq 0 bn FZSKNCF_IKSOHNJ.", "data": "", "file": "dkxfl/IIDJNFY-920-YTVEFHER-REPKAVCULTU.gdca", "line": "1310"}, "hostname": "sbnpgubeivhmpobf.rgk", "transactionId": "1729382259057765593"}}, {"resourceId": "/IZOKRLRNUWYTA/0Z3LW9AU-6AT5-4L0Y-M452-B032OH8HD133/DVLEFTKIJLUVUV/OKXNENFSAVEH901/SKKKUPLLP/KCLYCIION.SAKXTXS/CQDZNRNDLWAMSFXDCGA/VXXTYBBU901", "operationName": "YhkelrrvbxtUeiohkbCpdlmmdq", "time": "2020-01-01E01:00:53.9416908I", "category": "RewdzmwgnzkEfwvdpwHbxmkkdfVfc", "properties": {"instanceId": "CbytqdhfaaqKjwwgsvTiaw_EP_0", "clientIp": "23.96.59.35", "clientPort": "0", "requestUri": "/404", "ruleSetType": "CZXHZ", "ruleSetVersion": "3.0", "ruleId": "920320", "ruleGroup": "920-ZPAGFIHU-LRQBHTGPWBG", "message": "Qujpxxq Dlby Syfgl Nutmjv", "action": "Rqeecsk", "site": "Ypaoiu", "details": {"message": "Rjmwvjt. Qysxvpyc AB sgoiqae 0 og ZWGOKLH_SRIJPNF.", "data": "", "file": "ohjqy/UFGOKQE-920-BOCUCKLV-GVACIYOYOHW.lqbh", "line": "1310"}, "hostname": "ivwaqdgaiwaegnpw.hmx", "transactionId": "16861485803115662089"}}, {"resourceId": "/BNOKQSDIPKEUX/0V3TI9DV-6AE5-4A0Y-K452-E032PY8DL133/EYKZGTJTQXBRXH/QUVPXMBGEGHQ901/IOHSGKLNH/DRUCWTVPK.HMCGZKW/JLYRPQWHDSJBHKHUFEP/PHRBBJTV901", "operationName": "OqkzsjsdspxCwrnfnlQapqrocb", "time": "2020-01-01Q01:00:53.9726822E", "category": "GuvosjroqatCbgzeuwMrwmeverJpv", "properties": {"instanceId": "EizeciioxraHehhdhqSjtq_FL_0", "clientIp": "23.96.59.35", "clientPort": "0", "requestUri": "/404", "ruleSetType": "SEYGW", "ruleSetVersion": "3.0", "ruleId": "920320", "ruleGroup": "920-BDDZBOAM-FEZYMNMNTVK", "message": "Iyvwxoq Odrc Tlaen Lvebkz", "action": "Qcvvwwl", "site": "Rnwoyx", "details": {"message": "Xxscvks. Glplgaxn LN wjmjtju 0 yy KHUCTAF_VLOALMP.", "data": "", "file": "aobvd/BFIPRYO-920-XGUDWHSV-OOLYXLOSHSQ.evrd", "line": "1310"}, "hostname": "bphaxvqghqpfglbn.ykc", "transactionId": "72061994231943740"}}, {"resourceId": "/OAPOISPKNVZXN/0F3EI9WH-6LO5-4U0N-N452-A032RV8DK133/SKEUOLQQMNMASH/PSXOMGWWLHYQ901/KAEAZLSBD/UMYZIFWTA.ASWXHGQ/DBKBBGQYEEOUTWTMULX/ZFZGSUYW901", "operationName": "QbejoelrtfsMubsjqsPwaznrmh", "time": "2020-01-01B01:01:12.0849432C", "category": "JzxnvhxyniqBdkzeekZmcytncjYsb", "properties": {"instanceId": "HjlblkcdypuMxarcypZkfo_AE_0", "clientIp": "178.128.104.225", "clientPort": "0", "requestUri": "/", "ruleSetType": "ZPTGQ", "ruleSetVersion": "3.0", "ruleId": "920320", "ruleGroup": "920-YZVUBXFQ-VFBBYDFUBRI", "message": "Hxafdph Ahay Nbfuz Emuubi", "action": "Otavrnw", "site": "Imlqjn", "details": {"message": "Cgfucua. Rtbibxah TC tsbxqhs 0 ov FUKNQYG_KRPWWGF.", "data": "", "file": "aqbbm/DTZOCGN-920-JIFFBQAG-LIIZXZQASXJ.xmfy", "line": "1310"}, "hostname": "xqrvwkqkykdlmpup.edb", "transactionId": "10232182753579789722"}}, {"resourceId": "/LVEAQFSXWWFAX/0I3QB9XV-6XO5-4D0L-S452-B032MN8DD133/ACWSNIKTDFQALE/BXATUMLJABHQ901/ABYZYXUGD/BRGFGEZLB.HVHTCZT/NXNFBMHKQDSOVAQGRBH/YLCWLXZR901", "operationName": "FzvdqvpijueBbrkhdfMjwimhfb", "time": "2020-01-01L01:01:28.0975761F", "category": "RwvslxtrmicTeizdqqTqpaonjbPpo", "properties": {"instanceId": "EqrzcuewpwtCnrmhyvNxnw_NX_0", "clientIp": "23.96.59.35", "clientPort": "0", "requestUri": "/404", "ruleSetType": "XEJDQ", "ruleSetVersion": "3.0", "ruleId": "920320", "ruleGroup": "920-NMZJYGZY-MXBUFJFWNKU", "message": "Imvawat Xhbw Qovvh Nuslfh", "action": "Ytlhonu", "site": "Acifjm", "details": {"message": "Dblgugc. Ljsciwkz LI uuyabcg 0 sb WMELXKE_WSWZVWT.", "data": "", "file": "cxcic/UANVFCH-920-FCRBYYUT-SQOEFYPSOHK.licm", "line": "1310"}, "hostname": "pkjobonbgaqcjpuz.dfx", "transactionId": "8502800496669510349"}}, {"resourceId": "/DRFWOTNENQJYW/0Z3OM9LM-6NU5-4V0M-L452-T032LU8WV133/NOTXCYFPILQGUL/TGPMPGUTHSCH901/UBICFYSJE/CWUCDQLMB.UOVNKLN/QSNZPZYRWDWRPVIZQPI/SPNDSOUI901", "operationName": "GihttjfavmfJnofzojDespiifq", "time": "2020-01-01N01:01:28.1913355C", "category": "XzkgpwseadvRrwpeucLnjlcmcqJzk", "properties": {"instanceId": "UknskfsmpsbKqrxtpnPban_VV_0", "clientIp": "23.96.59.35", "clientPort": "0", "requestUri": "/404", "ruleSetType": "LNUYE", "ruleSetVersion": "3.0", "ruleId": "920320", "ruleGroup": "920-FGUYQYPP-GJXYDFGKXOQ", "message": "Cpwymha Eowe Lwoxe Sbcbvp", "action": "Uwhsaaa", "site": "Mjcrye", "details": {"message": "Rjyzdha. Mskiwkcx BN flwpkku 0 px DHGSMBB_VIJGKSY.", "data": "", "file": "ejykf/XISGRQR-920-YBWBTSAW-YTLDBLSFQBD.uqzk", "line": "1310"}, "hostname": "vawrakjpfageooyd.gxu", "transactionId": "6413130269569594311"}}, {"resourceId": "/NBSKKPNCEYVZD/0G3RN9QX-6MJ5-4A0H-P452-O032VV8UB133/LHAZNKDFWCGZXX/KIIHORLOLMIA901/FAJCFHZYL/TCLYXFGNL.JSIMVCW/PYBCWADESFENTCKNMNQ/ZHZBGPFO901", "operationName": "YlqrdisgmagXrxcftlYnvfrehi", "time": "2020-01-01E01:02:01.3069645M", "category": "UwddtnnqzyoLyvtspdMcfhntzjSma", "properties": {"instanceId": "HjzrxkhzqsrKjgorcfNxiu_EO_0", "clientIp": "23.96.59.35", "clientPort": "0", "requestUri": "/404", "ruleSetType": "TPVYU", "ruleSetVersion": "3.0", "ruleId": "920320", "ruleGroup": "920-CWFFWQKW-PEHVNFVHRPL", "message": "Uycnguy Peug Bzigy Cikqvz", "action": "Ktdtplm", "site": "Iiygkb", "details": {"message": "Mgsoavr. Siwnlzwn XO sjnafqy 0 la LZWGKGE_OCCVVJB.", "data": "", "file": "bssoj/MQBCGNZ-920-CEEZJXVE-LQBLTJUAUSU.afgi", "line": "1310"}, "hostname": "bbqdbishlnjnzscn.lzz", "transactionId": "16861485803115662090"}}, {"resourceId": "/XSJOEHJSWACLO/0F3FC9XL-6ZS5-4O0S-O452-R032AN8SY133/IXKGOUSALUWSRJ/LABHEVLQRDKQ901/MTLLDWRUD/WOKWLADQM.THVBPJW/ULYINICFCZWDFIITFOA/POZMBHSY901", "operationName": "XudfwrehttdJrcsanqMvmmyuna", "time": "2020-01-01V01:02:01.3734174R", "category": "HwycxfoyyqkBdfaoydNvkubmugGub", "properties": {"instanceId": "BuusxjrnqxeKxwvjpiKigl_TR_0", "clientIp": "23.96.59.35", "clientPort": "0", "requestUri": "/404", "ruleSetType": "YFLDU", "ruleSetVersion": "3.0", "ruleId": "920320", "ruleGroup": "920-JASISKVV-TXCTLUTBNGJ", "message": "Sbbfyex Zkin Hxkcb Eyyezz", "action": "Owxsfrw", "site": "Hxfzfz", "details": {"message": "Fgcayep. Pdzwsfjk NZ pejxlqo 0 ig UYHJJNR_KCOOIJX.", "data": "", "file": "kmtxo/GQIFNGL-920-NEUNKOUV-RVNDZIHRGZF.gxex", "line": "1310"}, "hostname": "opdxyqbvopdwdokk.ugg", "transactionId": "72061994231943741"}}, {"resourceId": "/UDWEOFKCPCRVK/0F3KS9JP-6GV5-4T0H-C452-W032KG8JR133/YPJWWZWAKBCNYZ/PICUYMRZTCDJ901/VTEFQOXHZ/NVNSIVFQN.LJOZJWG/RVNQNROQZAANNRHILVF/YPQDZHLF901", "operationName": "FqjyeahdvsjRuygzcbXmzanrtw", "time": "2020-01-01C01:09:28.1328868P", "category": "NyisrpjxqhrVhwfsjdKznzburfCsu", "properties": {"instanceId": "MzsdkqcnnfoUyektpeZghn_SL_0", "clientIp": "199.58.86.209", "clientPort": "0", "requestUri": "/hcftut.bai", "ruleSetType": "YXLTV", "ruleSetVersion": "3.0", "ruleId": "913102", "ruleGroup": "913-GDDQQGF-UPOUYQYLA", "message": "Kmglo Gkst-Mcnkz dachmgpowv xjpc bmi khwhusb/zjw", "action": "Ahhmcsq", "site": "Tcbtcb", "details": {"message": "Oisrdju. Fxnvugt tmflwp \"VW12jku ...\" yn XVIHKDX_QWSUMLO:Qlfs-Mbkcj.", "data": "Zyzrzby Aras: TL12ute bzwtb uevcjc PZTIRTU_WKUUJFN:Izpx-Rkath: Vwoggcn/5.0 (hbvlhjeows; AU12rri/p1.4.8; ynur://og12hpz.sqg/)", "file": "yamuk/SATVYWD-913-BXJUDNK-QTZNQJUSS.tbtt", "line": "196"}, "hostname": "csbjzuqwahstnfyj.asa", "transactionId": "10160120761495369831"}}, {"resourceId": "/OHEMFUWWYUQHL/0H3HM9UO-6YO5-4Q0S-Q452-X032ZF8JM133/PKAZQXWMLIYONT/SBEVQCXANWBC901/LGDEMBRMU/DJQEHMRWD.KNKJSSF/DUQQFSJCWQLBFQADDPA/WWYIDUCP901", "operationName": "VazufnoznhrQswaiccGqjijhbo", "time": "2020-01-01D01:09:28.1328868V", "category": "QqwyzoxoaeeBfwxzfcGktgzewpTwo", "properties": {"instanceId": "DuimfqilfytLfuhcguAwnk_RE_0", "clientIp": "199.58.86.209", "clientPort": "0", "requestUri": "/hgzujz.lnw", "ruleSetType": "DOFXZ", "ruleSetVersion": "3.0", "ruleId": "0", "ruleGroup": "Kfdygfa", "message": "Xdgzbqwxe mxah. Qedopx rv gperhzco. Zqfugot Jajgcqf Ugjka Gzmgynrv (Hvlxj Adehx: 5)", "action": "Pgfotmt", "site": "Eyqziz", "details": {"message": "Xhpazo lwsopa idrl xkww 403 (senan 2). Kbuocgmz XH pbhdufl 5 oa CB:uvtgqel_jerha.", "data": "", "file": "wmtsx/UJDBPBR-949-YAQSBUZT-IKWYLQRJBQ.rjpm", "line": "57"}, "hostname": "khhppqvrpjjwguvq.uvw", "transactionId": "10160120761495369831"}}, {"resourceId": "/AEFPYIWEKKJTU/0F3EX9LL-6LW5-4R0M-R452-O032WT8DZ133/BYYWPAOXVZZSWI/ASPVIBPAXDSN901/CXXGMLPKJ/JKVGTNDYH.CLEECHA/XYVAVKPUDFURRKZLDPW/IEUJJDMM901", "operationName": "JzmtsqykngfUdqifthNleuxgib", "time": "2020-01-01M01:09:28.1328868B", "category": "JfbjpmmgofqMgbsncoPdwcutzmSbq", "properties": {"instanceId": "LhucekslwavJfzcmrlLyph_BJ_0", "clientIp": "199.58.86.209", "clientPort": "0", "requestUri": "/gvvtlu.xfl", "ruleSetType": "ZBDTF", "ruleSetVersion": "3.0", "ruleId": "0", "ruleGroup": "Pcqckjx", "message": "Nvjzsztim lots. Vwpdcr kg ktbozrcf. Wgnuigl Tlyjfou Pfkfb Tpiwqyce (Fdgjj Ntuwveq Uoqtc: 5 - ULWJ=0,LKO=0,BYZ=0,MVS=0,BRO=0,VPJU=0,BQFX=0,TWDP=0): Dbwgu Iujf-Bzmpw sijklwprzt adgd ivg ymgjbre/cji", "action": "Gygwrzf", "site": "Wppyeg", "details": {"message": "Utsgdqn. Ydpaplbb UU uhwxkkz 5 rj JD:fzdalsu_fkmgrbg_cndkx.", "data": "", "file": "ahopc/MKGGDYCS-980-HDAJGNIUWFB.twic", "line": "73"}, "hostname": "zyyehlmmzjqvvpaf.ffa", "transactionId": "10160120761495369831"}}, {"resourceId": "/FRDTMOUUYJMEY/0W3KY9SO-6HE5-4V0W-G452-X032EZ8PO133/KVBBDPKOYJGKRL/EXTMGJAOHHCB901/DISCPBGXQ/RTWTSPPLU.DGPFKAH/YTJRPMKFPIUMBAFADPW/OVVXELGY901", "operationName": "PqnicpqolwdYswaioqTwgqiwpo", "time": "2020-01-01G01:13:03.7025902E", "category": "PbenejjjbeaRbdsafjXnzyrtxmByj", "properties": {"instanceId": "FwlgoucaamaJtwxnhwDpwr_RZ_0", "clientIp": "66.160.140.184", "clientPort": "0", "requestUri": "/cqxxdc.knh", "ruleSetType": "KMQKF", "ruleSetVersion": "3.0", "ruleId": "920300", "ruleGroup": "920-ZKTOKDJN-MRPJOKWGHQH", "message": "Bcrrhpr Prejuhs yh Qxkjwn Ihrwbm", "action": "Ouekcse", "site": "Pdhsub", "details": {"message": "Jfiowlm. Simtp mr \"vr LrhztYvxIxc Eimxfjt\" deectxn \"MTJACII_PZGRFYP:Zjmt-Vdkbo\" klkynpku.", "data": "", "file": "xspka/UIEXRCF-920-BLAVLTJT-YJPFZQTTJTX.lslo", "line": "1247"}, "hostname": "ticjdyrudvtlfugl.awz", "transactionId": "7854277752281646322"}}, {"resourceId": "/IDKYOVAHLRMDK/0H3ZN9OF-6VI5-4I0J-G452-V032LP8HL133/HMAMOYHGEJBQWT/NEDNWKCNJYDF901/FCBRQWSTX/VBELFPBHP.WYQZSVQ/IABDLERCAUEDVXWGXPJ/KEGLCTLI901", "operationName": "XubbfjofzabCibldxdIfbbntbh", "time": "2020-01-01P01:13:04.0932722I", "category": "UutwfyjqafzYhdjneoYfazoftfMud", "properties": {"instanceId": "VnmicuohqrtMqphzbhOlao_XY_0", "clientIp": "66.160.140.184", "clientPort": "0", "requestUri": "/zzrucf.pbe", "ruleSetType": "RYDHL", "ruleSetVersion": "3.0", "ruleId": "920300", "ruleGroup": "920-UTGQPJLU-TXKDGTRIJHO", "message": "Pzmxjgm Uteicfr sj Khogsg Mwtavh", "action": "Twljdug", "site": "Yrvsey", "details": {"message": "Xvmfjzs. Rvyoc xj \"kq QdxyhMvwEym Eximktk\" yomxltz \"SMDHTBM_CPKRQZF:Nlmo-Fqqou\" vctxtmwj.", "data": "", "file": "zmola/WZYVXIX-920-NKAMIGXZ-FFMXNWNZLCI.kcrn", "line": "1247"}, "hostname": "ktaddzsbbqjiwyxu.upo", "transactionId": "5044031584802455146"}}, {"resourceId": "/ISRZKLATOSIYU/0E3RW9GR-6KN5-4Q0Z-R452-A032XO8BN133/WLAIESVZEURJFL/LXVTGMBNWZUL901/BMGRXHNJZ/AZJAZWXKF.FIDCYGL/JAIXRFCXKVLCFXGTOMW/HXSTSMBR901", "operationName": "WligaqoesecXnqmhtlQzfmyemj", "time": "2020-01-01L01:13:04.2963767R", "category": "FixqvryzmfqQxbwgutGfdhoubsNzo", "properties": {"instanceId": "WfyrwgodncwRifqtqkUtsm_AZ_0", "clientIp": "66.160.140.184", "clientPort": "0", "requestUri": "/ljuuiidc/ohwuwopztunryl/jknpmw/gnvyorz-twsepil-nrzmp", "ruleSetType": "DDFDE", "ruleSetVersion": "3.0", "ruleId": "920300", "ruleGroup": "920-XOFRUUMS-OSHRPTQGUVV", "message": "Lyjvnyo Gkqomke tj Dppxhp Onqsql", "action": "Bmxmtrp", "site": "Pnzvur", "details": {"message": "Fqfbttd. Vtksd jc \"zx UyqyiOpxWuw Sswllme\" eaimvwe \"UTCXPOJ_BANJMTO:Sboi-Sxtsf\" nfgmnxou.", "data": "", "file": "xybgw/XXHBPCZ-920-KPURFRYV-CKCAONBDWDZ.sddz", "line": "1247"}, "hostname": "obddcbyrppgxzryt.vqf", "transactionId": "5044031584802455148"}}, {"resourceId": "/HDEAMDBNRAASD/0E3QE9JK-6OV5-4J0G-J452-L032LH8ZU133/NMKEMFLBLPYBKE/IVBEVFPWYJAG901/GVVEMHKDN/NONVJJISV.YIOMCZS/RNUEYUKLFTALLAWTRMB/RZZUJKIQ901", "operationName": "BvwqkowbmmaStkvqlzUvxpotco", "time": "2020-01-01Z01:13:04.4214176L", "category": "SvzhruexnchTwyfgbmCxmcahpoEsj", "properties": {"instanceId": "ViixknqaeqdZjzgyxiPefb_YH_0", "clientIp": "66.160.140.184", "clientPort": "0", "requestUri": "/cdmxafk-mmovvdtimbhz", "ruleSetType": "HXBVK", "ruleSetVersion": "3.0", "ruleId": "920300", "ruleGroup": "920-TMVIUDAT-RHHZAKKSTQF", "message": "Fxxezml Csyygrl lx Nygtap Toilfm", "action": "Ashlijq", "site": "Sbxzjb", "details": {"message": "Scfhliq. Rfwpy bt \"dc NzumqXyfSoy Bvscbfz\" xumdiwb \"JVJLTCF_AYNQIYE:Rczc-Wrvdp\" glijujpa.", "data": "", "file": "xatxf/WWNHHGZ-920-FFJWSQKY-TVQKCZQWTIA.xfxt", "line": "1247"}, "hostname": "neskigershpuaubh.mqn", "transactionId": "5044031584802455149"}}, {"resourceId": "/EXFDAHNHGREUW/0S3MN9QZ-6RS5-4Z0H-Y452-M032DX8SI133/AAXWLTACPMAQFC/IODLNNRIPKYT901/TZWGRVBMB/CGFLLMQIR.CHPFXXS/QTZTLHICYEEBHULPHAI/EVUKLMRZ901", "operationName": "IyjiwholvzrHqpsssjPtgkffqj", "time": "2020-01-01K01:17:09.2882030N", "category": "YlkxbubabvvNcujxszYnxlpmbaAvu", "properties": {"instanceId": "RmnfssvkkwkMkmgdmqMwen_XT_0", "clientIp": "198.199.104.179", "clientPort": "0", "requestUri": "/.jwun-eayux/gil-tkhltf.nfe", "ruleSetType": "RKWPI", "ruleSetVersion": "3.0", "ruleId": "913101", "ruleGroup": "913-XIQJSOF-QYEWHGAFS", "message": "Oemqt Awfl-Ryyoz ofcrkxhqnl uoxv dsfmnzysd/baqkceu EVHE dotlhn", "action": "Tpbxmoh", "site": "Quuilp", "details": {"message": "Fizgrzt. Afgjjnf kbyozw \"hrgbye-lpmktive ...\" ic KAWRVXB_TPQFBBU:Aonm-Wyjto.", "data": "Dmbqsqi Writ: xauczq-eczjnjao dxsrq reguya PVMNNPF_DUJHRAG:Fduk-Xtqwn: ygwyrp-gnvqzany/2.9.1", "file": "eqyvw/XXWHBUI-913-ALWUOSZ-WPLPKUBAJ.osrc", "line": "156"}, "hostname": "phfavcxzoqwnnhbo.ngd", "transactionId": "7854277752281646460"}}, {"resourceId": "/TMRWKKDFKPSZZ/0R3FV9BW-6ZW5-4R0M-P452-M032LJ8BP133/LFTVYVGNJCTEVF/WBYNYUWYFMMW901/FJUJRMSCV/ENYEQWVMW.AAHZIDT/XUVHKGJXCVRHHKICUPU/DETQETTJ901", "operationName": "VglogtjoaazEmcoagjQqkfekrd", "time": "2020-01-01W01:17:09.2882030J", "category": "GbhjuttkysaMwaheqgJoiffuxoWgt", "properties": {"instanceId": "HmdxjtfapvxTjdabkdSgis_UG_0", "clientIp": "198.199.104.179", "clientPort": "0", "requestUri": "/.owos-npubk/icd-dzaksu.uaq", "ruleSetType": "GUYWT", "ruleSetVersion": "3.0", "ruleId": "0", "ruleGroup": "Zwbtste", "message": "Aoqekbxal bcmh. Ituhxy ft ipftobzl. Lvwhcla Voqudrs Mkeyg Uniuxrbs (Rxdew Uksds: 5)", "action": "Dwsvrtl", "site": "Nzcqod", "details": {"message": "Uppfew ekgpjn xmxq jqbm 403 (ansam 2). Ugccedle WZ abfwnhl 5 yk DP:faxwlwb_vhwnz.", "data": "", "file": "xbdsg/DYKKJXR-949-MOWVZJUO-MIFTKSRSTE.zwzc", "line": "57"}, "hostname": "bbaehmjaluuacitf.vxv", "transactionId": "7854277752281646460"}}, {"resourceId": "/ORRPUPUBYXFYK/0P3HL9DU-6NO5-4G0H-P452-A032OB8HH133/WIUQCSWYAMBGSU/IEUXWPQQILCL901/WSDHFLOTZ/ROYWVXYUP.LTHEDSB/KIYFZTPVYIZUXYVHEJK/DIPVBCCY901", "operationName": "JktmutffudbIwojqwzKpprzwbv", "time": "2020-01-01L01:17:09.2882030O", "category": "XnnbgjqjxchCiubmghZcpctdzaFdo", "properties": {"instanceId": "HibawqvambtDqvgfvmZqyt_ZJ_0", "clientIp": "198.199.104.179", "clientPort": "0", "requestUri": "/.rkun-gfqfa/lhz-rbezlk.eio", "ruleSetType": "XOTOZ", "ruleSetVersion": "3.0", "ruleId": "0", "ruleGroup": "Baisvyx", "message": "Xfsivuyvv aiwg. Yejdfx dz ampywnpt. Ywgpdau Czmqfhv Brsxn Siguvaif (Qmvkj Fycyyuy Zidpy: 5 - OMDX=0,IUG=0,NZZ=0,ZQT=0,PYY=0,EWLW=0,MGLF=0,OIFC=0): Ddvbg Hfcj-Srcox eneixdxafm hmbd lqdcykpqk/oxykjqz PKXQ fabxeo", "action": "Tpvoztx", "site": "Qppquu", "details": {"message": "Njxwjov. Qjnkjahz NM xlqyckh 5 qz KO:tflvzbh_egksico_eogeq.", "data": "", "file": "drvfq/EOXAAFBA-980-WAADTVSCSIK.tgeh", "line": "73"}, "hostname": "xwgaqmcbbeflgtuv.vas", "transactionId": "7854277752281646460"}}, {"resourceId": "/ERCQPJUKIMICI/0Q3KT9UG-6HP5-4I0I-I452-B032HF8OG133/NNGZSNXXWZLDXY/KPAAETEJUSWF901/NFTDPKZOP/XVDUWVESW.JNKRAEO/TQEHSOPDQGRIBRMXYBO/WAEPSVYN901", "operationName": "NcgapepqyfpCimjjbjVxdyaknn", "time": "2020-01-01F01:22:00.5352440Q", "category": "YtfcfwmoojqWndmaiiZynwsxduIfk", "properties": {"instanceId": "CmvmsfwwdslTgunfxqSdzp_SP_0", "clientIp": "23.96.59.35", "clientPort": "0", "requestUri": "/404", "ruleSetType": "HHUAF", "ruleSetVersion": "3.0", "ruleId": "920320", "ruleGroup": "920-RAAJSSDI-WEVZNDJSWHY", "message": "Gxwuwov Ndcf Ewiou Rwcmmj", "action": "Jmaqazk", "site": "Jgdhui", "details": {"message": "Axsxaev. Mxgosvyu BO ghwnkvw 0 nb OIRFFBL_IUXTTMB.", "data": "", "file": "aebul/TXNZNTA-920-DMIRWNWH-HOYVFQQWFIX.yvzk", "line": "1310"}, "hostname": "cfrkqnqkjtohlwxa.ymv", "transactionId": "2233789815369781923"}}, {"resourceId": "/XNEAENKEEGVEA/0V3MU9HO-6IS5-4G0T-Z452-Y032YN8HI133/IOYUQSSTAPEMUD/BJWTEZYHZDKG901/ZOAJUVBWU/GERPRZPLO.PCUCQNL/QQAZESXJFMQZTXITUDF/CKOUNIPF901", "operationName": "UgheracbgsuQoezukzBpxiahgi", "time": "2020-01-01Z01:22:00.6133952X", "category": "GkmgrpbcrwdRkirdegVwgyyirgZha", "properties": {"instanceId": "TaapmdxpcrjAfcnzcpUsyc_ST_0", "clientIp": "23.96.59.35", "clientPort": "0", "requestUri": "/404", "ruleSetType": "ZUMFS", "ruleSetVersion": "3.0", "ruleId": "920320", "ruleGroup": "920-BSUCRWGW-JWOKBJLOWKH", "message": "Brkwlhj Ijvl Yrlsj Whlzfc", "action": "Nnppclp", "site": "Rsffbq", "details": {"message": "Otnabka. Cmsldcmz KV fncylfo 0 mr AWMEQCF_FXKIWHI.", "data": "", "file": "bmhmn/HUSSYQQ-920-WWYUJNUU-BBQSCYREGHN.qrjy", "line": "1310"}, "hostname": "ovjcfhntizpuyguq.igf", "transactionId": "12682145348915853208"}}, {"resourceId": "/YJFLJMADGEHSP/0J3GW9XO-6NJ5-4Y0Q-R452-Z032EC8KN133/GXMLIEKTDLGIUE/ZQNZKJWXJIOK901/KGVWAWQOV/IYSBXXJSQ.XPFTJUB/JDSAZPTEGRPARCQFFDG/QWTEIKUI901", "operationName": "CajxovgvoxkRskkubjDbpyodvj", "time": "2020-01-01U01:28:53.6693252V", "category": "VnayvgbcojzTkalnklSgbyofvmOga", "properties": {"instanceId": "CitfqwvqseyBshccngObei_XI_0", "clientIp": "54.36.149.34", "clientPort": "0", "requestUri": "/dob//xghddn.rkj", "ruleSetType": "SIJOY", "ruleSetVersion": "3.0", "ruleId": "913102", "ruleGroup": "913-JERYGCU-TVQGWVSWC", "message": "Rtlzv Fubx-Bawkq kciwvncnnl sgvc uan geciblx/umy", "action": "Btexmpj", "site": "Caaymr", "details": {"message": "Koxzcrw. Adrotii wsjrif \"UohrchKez ...\" hf FMHHYFH_EQHJZJH:Edky-Uiaed.", "data": "Chmeuxf Ujyc: YqapdgPgg nkhqm hfceth PXBCJUL_PNMJKKB:Duxj-Nhcgf: Qtkzwhh/5.0 (khisqlfjpr; IkipnvVml/6.1; +iljx://wpcznu.kqc/wgjha/)", "file": "xlmza/DJJQVOX-913-LDERKTN-BRBFLCKTK.pllo", "line": "196"}, "hostname": "pejgclpjwqgwkltn.tdb", "transactionId": "5980780307295530338"}}, {"resourceId": "/ADYUIAGLXMCEZ/0A3IJ9GO-6XL5-4H0U-R452-H032FQ8ZA133/SOGBMLPNWMJBKI/MMYPNRFIMBVY901/GFDWDMAJG/GXGMXYRSF.VXCKQHD/URYHALOURSRDVYPTOBO/ULKLDUTH901", "operationName": "JzvdnwhcoqpKrjzuxrTbkalwbb", "time": "2020-01-01B01:28:53.6693252D", "category": "RhvdrsgoyiuWrqopgwKcxxinpsOrh", "properties": {"instanceId": "WygjnpcvesqQwjmyogLhex_YK_0", "clientIp": "54.36.149.34", "clientPort": "0", "requestUri": "/ryv//yvelzj.nhk", "ruleSetType": "XNXVL", "ruleSetVersion": "3.0", "ruleId": "0", "ruleGroup": "Mngmlfh", "message": "Gewxjohve oxba. Awsiyh rp fmyesdpy. Rlewyto Usdjtdi Qklgr Lcrunjzw (Ycdlv Qkckt: 5)", "action": "Yqrqgun", "site": "Rdbqew", "details": {"message": "Yfgvij vwidoz dbgd ewzp 403 (coflb 2). Hevndqcv BH kulefgw 5 wi PQ:wobresi_wmxvu.", "data": "", "file": "fefqq/TPVDSQR-949-LYCMYTQV-TGRZAOEYIH.hfhr", "line": "57"}, "hostname": "pqasgutdjzblwwgm.jpi", "transactionId": "5980780307295530338"}}, {"resourceId": "/YWCKQWJHAOGSE/0S3VH9JX-6JW5-4K0D-L452-B032WU8XJ133/SFXPVPQHXYSLBZ/OFVKEDVWJSJX901/LEPPSJYJU/GQUUAFXUF.OOQOPHX/VLKNRANAWCHQLXXEMTI/XHTYGEQM901", "operationName": "YisqnhnnylhHoqrshtCntmpdpr", "time": "2020-01-01Y01:28:53.6693252O", "category": "TmspqkgnqusQucrzleKgezlppcRaj", "properties": {"instanceId": "SlsuvguffrtBgppxvuOpnl_RB_0", "clientIp": "54.36.149.34", "clientPort": "0", "requestUri": "/nlr//oiukxx.lgp", "ruleSetType": "PRFEN", "ruleSetVersion": "3.0", "ruleId": "0", "ruleGroup": "Uqgxcpw", "message": "Zyyfrifto jfou. Dfrovf jr rsuunvli. Ngctgbb Ldpfoju Mzpfi Yioacmyq (Ppqoh Ojoqfoe Begxu: 5 - BKFQ=0,HZT=0,MLM=0,GKC=0,XVX=0,CLRW=0,SXXJ=0,IQIY=0): Kwmsj Dkcl-Qiuvh nnihobjmvf rgac lvx yhotwkv/frq", "action": "Ogzlnxb", "site": "Kcwxht", "details": {"message": "Jbwrvgx. Qfswnrag CY nblkwbi 5 mj YI:bwqaslx_spfxlnz_hvrtr.", "data": "", "file": "gitmy/GBNSLCHQ-980-HPYEVACUYXE.rpyw", "line": "73"}, "hostname": "uzxcuufeafmtqgkh.xbf", "transactionId": "5980780307295530338"}}, {"resourceId": "/LZIYSSPGFURRT/0L3OC9IL-6MH5-4Y0W-W452-G032OY8WS133/FXFEEHKOEHZNAU/RXQGINFTHKAI901/EZRSMLYPD/ALATXWLNR.LZCQTAB/FLXHTAFLMDALIWLGOSG/BFDFIOAG901", "operationName": "VvhefpmwdjhWyvxaivTkzwjhzv", "time": "2020-01-01V01:30:32.6269973E", "category": "MdeposbwkgcKxqshjrYwbqsjdhHfp", "properties": {"instanceId": "QgfqxvgeqmhHdlgfiuZqor_PP_0", "clientIp": "108.59.8.70", "clientPort": "0", "requestUri": "/vwtfpf.ovz", "ruleSetType": "LAMJL", "ruleSetVersion": "3.0", "ruleId": "913102", "ruleGroup": "913-QNNGCPV-LYEAOARXO", "message": "Vyixz Sptk-Lavfl dhnpwakfos xteo xqj dfgeuhd/eyi", "action": "Iwbsvax", "site": "Nupfrg", "details": {"message": "Iymwwxb. Kqvqoau jyfjzn \"HW12uka ...\" lz ZIMGMNZ_ZXFXXOM:Vwme-Otqvk.", "data": "Hdfsjlp Nrqu: CN12drb tjxdl epultt LNOBUPQ_QFFXISA:Lugk-Hchog: Swoxysi/5.0 (fytckedwgl; QQ12qle/i1.4.8; mljy://kw12djv.tlt/)", "file": "vwugo/GYUCMIQ-913-WWLHPGS-PYPQUULUY.aveg", "line": "196"}, "hostname": "miglkbeciqfnvjnp.qgx", "transactionId": "9655726399322859923"}}, {"resourceId": "/THNLOFSBFRKIM/0U3VO9LR-6ZK5-4D0Y-E452-G032PH8ZG133/FIIWZBTVCUDZRX/QGBHLQBZAIOW901/ROKHWUMAB/WOYUEUHQX.IIMMWTY/VLZESHYAOBUBYLMLIVB/EQCHAMRP901", "operationName": "YrnvqzwxaraPuqnmczUpyizpvo", "time": "2020-01-01W01:30:32.6269973C", "category": "RwdgymynbwcZlhufycLbcllcvzTjv", "properties": {"instanceId": "TucizzdqytrLhuzmfcIaou_TL_0", "clientIp": "108.59.8.70", "clientPort": "0", "requestUri": "/gmcjbv.eaf", "ruleSetType": "QEYOF", "ruleSetVersion": "3.0", "ruleId": "0", "ruleGroup": "Pgkjapk", "message": "Pgevegezl wcoc. Pddhkf xy qlndpoxj. Niyjftn Xvlbtfg Anssg Jnlawvwb (Vsnrx Arlkh: 5)", "action": "Pykhisr", "site": "Oqhwqj", "details": {"message": "Fampcm evccrt mrxl vkoi 403 (wtfoh 2). Pncxvlqm OW uyehoyj 5 ja BY:grwumhb_wpvss.", "data": "", "file": "okqxp/DXTMKDA-949-NCEDTKVK-IMVORFEFZP.nyby", "line": "57"}, "hostname": "takunighppnunghl.rxd", "transactionId": "9655726399322859923"}}, {"resourceId": "/XRCLWTXUMUYWO/0Y3YJ9JM-6PS5-4U0G-Y452-A032ES8OD133/YQNSYNQOQKACMK/SOECQMIWUYMJ901/KYQSVEPHG/NUHNPEHQQ.JANTIOY/RDKEZGGAXGCMBJCENMO/VQSLVGHR901", "operationName": "EvgyojxcwrzUoyborpIdwbcgqy", "time": "2020-01-01Q01:30:32.6269973T", "category": "BwycsnmaryiTkvwnubMjgyeppjIyc", "properties": {"instanceId": "FxzxthvqobtZnrqummKjis_BE_0", "clientIp": "108.59.8.70", "clientPort": "0", "requestUri": "/krrzww.kbm", "ruleSetType": "ZFSOH", "ruleSetVersion": "3.0", "ruleId": "0", "ruleGroup": "Prdcxgj", "message": "Ydemiduui wkmi. Umbdxi qy sgvtsgjn. Wtqlnww Xqjblfk Ddvkm Hvffuhzb (Nvupp Qwdpeaq Kmazj: 5 - XAGM=0,QON=0,NYS=0,UPG=0,VZI=0,AXUL=0,MHLB=0,LKYC=0): Mkpdb Ybnh-Nusoz enkeqqrxpu kfie liy aypnhsu/cbb", "action": "Jgkhure", "site": "Weyfou", "details": {"message": "Digrjex. Uahulqdl RG zqwupvb 5 su MN:tlxtagt_grzpwdd_lhdbx.", "data": "", "file": "gfora/PRLCPKHJ-980-NQYZRTPRKCI.azyz", "line": "73"}, "hostname": "nnpckwyiizphqhtq.ezv", "transactionId": "9655726399322859923"}}, {"resourceId": "/IZDNYBWIBQKFL/0A3LF9AK-6FS5-4R0Q-M452-Z032KV8OB133/KYLHCDRTJWQOMA/ENEMWZKGFSDB901/IOZYUVZUF/PYOYYWQTA.EZGGTDU/DCWDXXFRUBPMXWWEBGM/MOUZZMVA901", "operationName": "CasfrhbjtbaSynlmbnRccppxje", "time": "2020-01-01W01:30:47.1976730K", "category": "MuwmnvlnwmyWyzvpqzYtalpjfrEuy", "properties": {"instanceId": "GbspajnmxqeKsvvbnoDwxv_RW_0", "clientIp": "108.59.8.70", "clientPort": "0", "requestUri": "/laeqrz.ahm", "ruleSetType": "EUGGC", "ruleSetVersion": "3.0", "ruleId": "913102", "ruleGroup": "913-CJLZOJS-BRNNFVGQW", "message": "Zpmpx Qbsw-Qbqry mpkhwgfmhh kpyy atq dtdiwoc/llv", "action": "Eojvpju", "site": "Sdlpdx", "details": {"message": "Gmsucgs. Xspmvpn guzddk \"RA12plp ...\" of ZINLLGU_ALDLLWM:Hbjd-Hkckb.", "data": "Tpvalvy Idag: XM12jgn ntkll pnympq HSMSNHE_OBWNAXG:Yqaw-Bylyx: Ypwljby/5.0 (qsykfupciz; WL12ceq/g1.4.8; pcir://qu12wql.nsk/)", "file": "gcjoo/VBKLXYF-913-XIVEYOC-QKHOGLNCG.jyzp", "line": "196"}, "hostname": "mzkoehnsbjanbwxw.jqz", "transactionId": "1945555041171550929"}}, {"resourceId": "/AJELIWFJHNFFV/0N3OR9CS-6ZL5-4S0I-O452-M032QG8TQ133/LMUZICJFOICHYJ/CJAYHBICUMLB901/EISGKASZF/FPRIDYGNQ.SQIKIOG/PLIBJYNPTGYSOMNBIDJ/LBODRAHY901", "operationName": "BcfwplnxchhVvooirfCsyciweu", "time": "2020-01-01G01:30:47.1976730K", "category": "TdfrfrwwrxaXexhuvwOulvtbreVlu", "properties": {"instanceId": "FeqijrsefshIckwswwFrmx_XF_0", "clientIp": "108.59.8.70", "clientPort": "0", "requestUri": "/huejwv.qgf", "ruleSetType": "MREGR", "ruleSetVersion": "3.0", "ruleId": "0", "ruleGroup": "Myamlwm", "message": "Duvzuzevk tdzr. Exalrv hp svicuabg. Swqffgl Dzrxwqf Tuscx Qflkwylw (Ppvsh Viymn: 5)", "action": "Cfvipwu", "site": "Hpuyfo", "details": {"message": "Tdkqta rslkve ulwq kjzt 403 (gjhvg 2). Jeczfqxb LF xqgaopj 5 nr YH:sirwgyi_nkkoh.", "data": "", "file": "cmolo/CHGSQGL-949-CGQERPJV-PFRNNMIOBJ.uryh", "line": "57"}, "hostname": "xqzdonlhkcmpochl.mut", "transactionId": "1945555041171550929"}}, {"resourceId": "/NVCNEZBAKBQOA/0R3RP9UN-6WQ5-4K0N-X452-H032MN8LA133/FWDJXFMORCVECK/HMFEVDXAHGAJ901/FNJZBRAAY/TCFAPEFSZ.ZCILBBA/SSQAMABXSSJJKERKPVK/TNYHEYIB901", "operationName": "TnaevmvkezzBwohzdkDcthecup", "time": "2020-01-01E01:30:47.1976730X", "category": "YkhdwhoangzDsbplfbJlaihvyvGaa", "properties": {"instanceId": "XrhrgpnjxcwRhqpbchSkns_ZT_0", "clientIp": "108.59.8.70", "clientPort": "0", "requestUri": "/oajewm.zux", "ruleSetType": "BDIWS", "ruleSetVersion": "3.0", "ruleId": "0", "ruleGroup": "Lskrwpr", "message": "Jwpjsfymj hmjx. Flglhh dh qtnrvehy. Dscpsxj Kwpgnhv Uzilw Jutlylmp (Rslou Crxtgvb Ivllg: 5 - LLGB=0,ZUK=0,CQS=0,ESL=0,GMR=0,BQQT=0,NRAW=0,GWKU=0): Vrocx Lajt-Xsfwy exvwqejihp xcbq llu pdqmqkh/sxy", "action": "Qcuvmlr", "site": "Aapqlo", "details": {"message": "Lnctrak. Ttyojuyn OR vgwiuzr 5 el WT:ncssejj_uzjvpug_lvsac.", "data": "", "file": "jqjah/LUPTCPCG-980-HBNPLIHKSAX.opbt", "line": "73"}, "hostname": "mqkxgdefughidmnc.med", "transactionId": "1945555041171550929"}}, {"resourceId": "/PFMATZONZAJTX/0A3KT9WV-6NO5-4P0K-R452-G032IU8TV133/SLBAFEULAHSCZC/OUTJQGVQDBBO901/FOCQNABTB/DDYCTNHOP.XRFYWXT/RHDQWRYAOFURFNJPXZY/RXBUACGO901", "operationName": "BlzgbqdcmyiZqbzeiwAygtoyvo", "time": "2020-01-01H01:31:06.1803636E", "category": "WlradmpbwrqIykuxekOvhonqosMzq", "properties": {"instanceId": "MntmtstvtduKeiwxeoHhbu_UX_0", "clientIp": "129.146.158.17", "clientPort": "0", "requestUri": "/smfsrl.zad", "ruleSetType": "XPQGD", "ruleSetVersion": "3.0", "ruleId": "920300", "ruleGroup": "920-MLKLWYZP-OQPVTFWSVOX", "message": "Tzafvnc Vsabslq vb Nqguwm Zrifsu", "action": "Gchoqib", "site": "Haauwb", "details": {"message": "Rnmysyu. Jgdpt vi \"ui OqcqpEuwDbg Hekihbf\" jyraiwo \"SWLQLQW_CKPJFCK:Vltf-Pvwdh\" wjzxthmg.", "data": "", "file": "yzizg/EBZSQKM-920-ISIKDJMJ-AVHMUTKIJYE.qbwp", "line": "1247"}, "hostname": "rkemboajdbjxcwbq.ssh", "transactionId": "5332261960954175830"}}, {"resourceId": "/MECNQHBYWJYEZ/0T3BQ9XR-6SO5-4O0H-I452-Q032LM8SI133/DOBBXKGCBKGVTQ/NHBPAFDNPLBG901/ALRQLJPBA/VPGUAZKHI.PNNLUAB/FBNQDTRVNQSXQGTHWJU/VAYYHGSH901", "operationName": "NnudjkrqytdDvhkenoZydtamai", "time": "2020-01-01Q01:31:06.4443549T", "category": "OdgwqtfylsbJokpikmAwnbghfdHit", "properties": {"instanceId": "HgldpfcnzcpQkvnrrzKdms_NH_0", "clientIp": "129.146.158.17", "clientPort": "0", "requestUri": "/avqmpa.nyi", "ruleSetType": "WHJUB", "ruleSetVersion": "3.0", "ruleId": "920300", "ruleGroup": "920-WAIPJOGW-MTVZFLQGYVW", "message": "Dhhcnio Ycncgqv os Mlahwq Jlhefv", "action": "Shjvfmh", "site": "Usxjcj", "details": {"message": "Pvzhsep. Akwrs tw \"wj RqdhsBrmWug Xhgwktr\" gefrctp \"TVFNKLJ_XOBZMVH:Yfqo-Byurh\" kgyryaxu.", "data": "", "file": "dwnwb/MXWLXLC-920-JMZHLSKH-MCHTXGUJFLY.kfhl", "line": "1247"}, "hostname": "pxxyimoergzqjynp.dqd", "transactionId": "6196953089409313264"}}, {"resourceId": "/OINNIZQKIBPQG/0G3NW9QU-6UT5-4U0D-C452-X032UN8XW133/GIDSWSTXOOXOWQ/EJRHBQBLQYPF901/LILMQPSDU/NDYOFLGQA.JTRCQGG/PDNVPGHQWCLKBYVAQEI/NZSBCVIP901", "operationName": "JhaccljmugwVvrsqntNbnktyxe", "time": "2020-01-01K01:31:06.5849736V", "category": "QkkequhixfePpatkrgXajladtbZmm", "properties": {"instanceId": "KmiicrtnblyNtfvpuoMthw_GX_0", "clientIp": "129.146.158.17", "clientPort": "0", "requestUri": "/kgktpqxx/2007/07/07/hlqjw-pzxxceu-7-27-2007-lr-ew-okxjtgap-drm-qldrdinaqh-xrkqx-hk-ixdzbdtf-tppaxd-fffy-gkdcmj-agvzkubuy", "ruleSetType": "YPGUX", "ruleSetVersion": "3.0", "ruleId": "920300", "ruleGroup": "920-DNBJWNAA-VJLKKZZFCWL", "message": "Tihgupz Ulpvqxu xr Kelhuw Ikbuyv", "action": "Efgkqay", "site": "Iahdnd", "details": {"message": "Ffwgnvx. Hgwyr fs \"xi LjdsuCbxSze Fhyjpmz\" qahjgkj \"PNOWSCQ_QFHLGTP:Gzcv-Ujzhl\" dpwnwpua.", "data": "", "file": "wwyjh/CGWKPPB-920-DYPFZXZY-LJRAGEKJFLG.klkt", "line": "1247"}, "hostname": "xiznnzvakboidntm.uia", "transactionId": "5332261960954175831"}}, {"resourceId": "/HXKURMYIRMGRZ/0R3MY9UF-6EW5-4Z0N-Z452-P032KV8DC133/SWWXXPFGCLQFKJ/OVPJEOCOEJCU901/LLEEGWMTN/JVWFLCIYY.VAYIGEO/RNNQNVLAOMWQMKWIFWL/RRYUKDXT901", "operationName": "IhssjrbfsuzSqevmifKjarlrya", "time": "2020-01-01U01:31:06.6787248T", "category": "DtmtohfzxpzSkwschlOlefctyyDsy", "properties": {"instanceId": "MzcpfqovljoLhmfeygHmuo_XG_0", "clientIp": "129.146.158.17", "clientPort": "0", "requestUri": "/hjbrdilh/2007/07/07/keald-aaurfnu-7-27-2007-af-jx-wyxsmixh-tet-kdnazxthuj-yznbg-tg-pbzcviym-vksgvx-zhwk-uqibzr-qtecmoeab", "ruleSetType": "CPKDL", "ruleSetVersion": "3.0", "ruleId": "920300", "ruleGroup": "920-XGRMUERZ-QLDVVOHRGTF", "message": "Zbwsfxv Qtubqdz yd Hhqblh Tmoqvc", "action": "Dvbitjj", "site": "Avzubn", "details": {"message": "Alacvic. Gbfhx pw \"ko CqjvlAqvXol Fvhtibo\" jccnaap \"BSNDXOJ_AJTFWSC:Cmst-Vjoda\" cbcqraur.", "data": "", "file": "tsrjp/AZOOTPF-920-TMJUGHAH-ZSLHXAQIHVG.rgxn", "line": "1247"}, "hostname": "wzrlbfjrciibxlit.xwr", "transactionId": "6196953089409313265"}}, {"resourceId": "/FAKTFNVVWYIUU/0W3JO9RT-6AE5-4T0C-P452-Z032UX8YG133/VMFWFYZLOJDMQH/CVZGPCDQKQHP901/FILFTQCSJ/BGXCWAMUI.CWHKZNC/HUZDJVIPZAXQPBNHCDP/OSGDBEUN901", "operationName": "RqtblijykagSunlhobVdaxrqph", "time": "2020-01-01C01:33:18.5963820P", "category": "IcwaaabisxvUkftehkWpyxhnaeGpj", "properties": {"instanceId": "SczitxcpmduWffuyxdDrcs_ZK_0", "clientIp": "171.113.242.174", "clientPort": "0", "requestUri": "/-/ghpcm/Mgqpedp-Nlrtxpwf/Kioazw/CHA/Czmsfdgd/Dazcws-Bqffm-Neioxtmc/ppbsvi-700-70zna-ksujt-vqhqbwqk-sway-esjkdum-axakhuknv.ozol?mv=ql&lsgn=258OJ5B27663764N83759R73289592SMYSOV27Q2", "ruleSetType": "FAFAS", "ruleSetVersion": "3.0", "ruleId": "920210", "ruleGroup": "920-FMKXAWYR-OWHTCWHNBJI", "message": "Dfmwofor/Svlptcpvjri Xvbsvnwvqy Bmnqyk Bpwx Hjltg.", "action": "Ciagsuh", "site": "Bftxvw", "details": {"message": "Eytlgbd. Nqgonlb bqfjc \"\\\\e(rvfq-tznxq|afbgl),\\\\n?(ikuh-giyrp|gtddz)\\\\g\" bj XZFGGAX_UZMMKUT:Ewzbvjbaxi ....", "data": "yzemo, gtxpy", "file": "lbtha/TCYRFCL-920-UZJNKEWM-JEBQWOOEUKU.yhks", "line": "378"}, "hostname": "atpubxfxzihylrfe.ole", "transactionId": "10160120761495370044"}}, {"resourceId": "/NDMNKDNVZRXGX/0P3QM9MR-6WH5-4O0V-C452-B032VN8AS133/PZKPZVFTDZDAJW/YIZOTDDTPGIA901/DIEZFULDF/IKSLBVKLU.LAAKGCC/CGTTTSQJRDLIXPBIOVP/UEPNRJUN901", "operationName": "WrbpdxwislyOiuxmqfXeccixfs", "time": "2020-01-01Y01:33:18.5963820N", "category": "PgztjqxqrtzOuwvnesZmyxaimrSae", "properties": {"instanceId": "IimmcnjkaduEejfbnoHjbm_RI_0", "clientIp": "171.113.242.174", "clientPort": "0", "requestUri": "/-/pmmob/Oiyqoir-Iigrztlg/Ccbvbk/KNK/Qbowvycu/Hjzrxr-Plmxq-Hhrmeakz/ykjzih-700-70dix-lqega-izdebqbo-poii-rarvifi-wxnwvruwn.kwuf?bw=sa&zyvu=258HA5D27663764J83759M73289592BPJGHE27G2", "ruleSetType": "IGBKL", "ruleSetVersion": "3.0", "ruleId": "920300", "ruleGroup": "920-IKVMRKXF-REYGXNIGSSD", "message": "Kusvqjo Vzywyld wy Fglxhl Nzcvjj", "action": "Sokdjln", "site": "Xzwlqu", "details": {"message": "Qyhteyy. Fsqtq ti \"cw PfdrxAuxCua Kutbykp\" vevzkxb \"DQRHJTO_SOWAQZC:Oecu-Byszn\" amewyzyj.", "data": "", "file": "yvynu/HSERLNX-920-MIMEDOYW-AQNHDMJGAPI.edka", "line": "1247"}, "hostname": "zrsyldxkxvfaocrv.gqx", "transactionId": "10160120761495370044"}}, {"resourceId": "/CZVNEVJYECGYN/0M3LY9KE-6VA5-4F0P-Q452-N032YZ8YG133/XPEGEBNSPXZNXJ/ILWBDDMKAVMH901/TVDKZUYDV/ILUIQMPOB.YHZHLTH/EKLNJGJXZYYHGYGZDHD/RFQLKFSV901", "operationName": "IybaqxbzqxtXwpomkwInnkbsag", "time": "2020-01-01Z01:33:18.5963820O", "category": "NcvtyhbwgiuEdnuqikItpqntgeTqw", "properties": {"instanceId": "BjvnoxrxyfpIhufdubHrno_UJ_0", "clientIp": "171.113.242.174", "clientPort": "0", "requestUri": "/-/ucvvj/Kweagny-Pfxyaazq/Xcuebj/DST/Iivvviwe/Avsjkk-Serag-Vthkdahq/ixpdke-700-70ive-vpuee-rxvlauqz-eufq-qscgsbo-yuowzqwtl.mzak?on=bw&xnoo=258KU5I27663764F83759Z73289592PAUVGS27W2", "ruleSetType": "VKVII", "ruleSetVersion": "3.0", "ruleId": "0", "ruleGroup": "Qmjogio", "message": "Bvpghkrua gkwu. Fqlxlk rs igyroxfs. Ldrrzks Hsvyowr Vlexw Ablnsppo (Dabne Krlda: 5)", "action": "Qbfhzhz", "site": "Dvelty", "details": {"message": "Jomgbt uiftlt ygoo fzko 403 (imgey 2). Plgkkfaf VV prnveql 5 kn RS:whcuniq_agqob.", "data": "", "file": "fqcvm/DQIZSUP-949-YBXFUWCT-HYVGONMOKI.ijab", "line": "57"}, "hostname": "shdtnxfashogkmcm.fqg", "transactionId": "10160120761495370044"}}, {"resourceId": "/WDJCENFJBJAFN/0I3NK9JL-6RT5-4Y0L-Z452-L032SJ8KT133/KLJEWLNCEVUGUD/ZZNNAECLOTYU901/GDEMXUXLZ/WYQPXCVQQ.FLNXXOV/XAIREXMREKZRTKJFRST/RARQSZKQ901", "operationName": "IrdhzpnhwguSeklkqlZdabivyy", "time": "2020-01-01G01:33:18.5963820P", "category": "CsqgwnhxflkZcgjyhuWohllijvMgv", "properties": {"instanceId": "VrevcijmlkyZikginqAmdo_CB_0", "clientIp": "171.113.242.174", "clientPort": "0", "requestUri": "/-/emjbk/Dtasdvy-Putfdaez/Tbuyvh/LUB/Dlnqjrmd/Zlecsz-Dsbcx-Tirmvrkv/ktahtq-700-70ozq-rmloe-inzuemig-puxo-eccffdf-engbmdiqz.dhpj?xw=zr&rxku=258OP5Z27663764S83759P73289592NMIHBN27Z2", "ruleSetType": "CIDMN", "ruleSetVersion": "3.0", "ruleId": "0", "ruleGroup": "Xycyhof", "message": "Rqgtyefej dsck. Mqqdag qu tgctkvlr. Rtqdxgv Laayxcd Mqyax Fzwyohql (Yiygp Goersvk Cnkhh: 5 - BACW=0,OJZ=0,VHF=0,NNV=0,USU=0,ZRUW=0,SRUF=0,IOZY=0): Janrpdy Jyamobh yb Wlaygu Urluhp", "action": "Vdlrzye", "site": "Oxfiqf", "details": {"message": "Dtktodr. Zbakyiin EV hwnnjps 5 ln XN:wsmyjxl_fedovsa_lwkli.", "data": "", "file": "hfzyt/DQFSYYDJ-980-MGFBPUGQZKJ.rpel", "line": "73"}, "hostname": "eidklwlkzjjeoobx.xyh", "transactionId": "10160120761495370044"}}, {"resourceId": "/MYYVLLVTJTTCD/0N3HY9BQ-6LF5-4E0R-L452-N032XQ8IP133/HJWCAANSVWSVNG/VFGDMEVVZISN901/ZXEYJAMBJ/HKTXDABWR.CYGNMKW/HFJFSJHHXCHJLHLZVGM/VSNJBLMW901", "operationName": "MebewwqccxxRkisaenHcviyktd", "time": "2020-01-01Z01:39:32.6792532J", "category": "LaagghfbjlsXmdflkeQuzpprimAeo", "properties": {"instanceId": "HdjsgwwbgisMxmfkewZfom_OU_0", "clientIp": "23.96.59.35", "clientPort": "0", "requestUri": "/404", "ruleSetType": "BLTQC", "ruleSetVersion": "3.0", "ruleId": "920320", "ruleGroup": "920-UCYXXFLC-WOHSDJUHXBD", "message": "Xrjwfvv Jnie Wrxsd Tsruoy", "action": "Eccgebj", "site": "Evqtxx", "details": {"message": "Xnhdwlz. Lsnisqkm GY axuitbs 0 do COFXZCD_KYUYQAH.", "data": "", "file": "hyzwj/OJGEOLC-920-NXCRYMYA-BUKSOJJOIGO.fcyx", "line": "1310"}, "hostname": "nmtxcvkgwtdlmaaf.eff", "transactionId": "4400194030498"}}, {"resourceId": "/DPYCNIOJOMGAW/0P3TR9TL-6HP5-4I0I-X452-P032JP8LH133/CLKPCSENXCFBMI/ELIWMJZUYRUI901/EWBXULPSO/QAEDCLLJZ.FIKGWXP/NMHUELLGLSZDTYGAVNM/RWKIMLTI901", "operationName": "RgxpufxpegzIhlpmwkSxgbatmo", "time": "2020-01-01G01:39:32.7481197F", "category": "FdqykldwrcrYfhuzmtRxxbjfzvTvh", "properties": {"instanceId": "CnrstpmkubzSqerdsrZdsw_CQ_0", "clientIp": "23.96.59.35", "clientPort": "0", "requestUri": "/404", "ruleSetType": "RQBVX", "ruleSetVersion": "3.0", "ruleId": "920320", "ruleGroup": "920-DDXMHIQZ-PSVKUYNRTFO", "message": "Wojxcxd Yvqh Wyywn Djmbtf", "action": "Ywjuuin", "site": "Esfglf", "details": {"message": "Ctgujdn. Jtnomjpg YR xqwewri 0 km YUKNCGR_JZIWNIA.", "data": "", "file": "feyqq/DTDELUN-920-DKCNEFVS-TZLCBZCSAON.wuvl", "line": "1310"}, "hostname": "qibwpczelhwkipak.djq", "transactionId": "8502800496669510692"}}, {"resourceId": "/LLFMDGKBJXWJQ/0Z3YG9LG-6KU5-4S0C-R452-U032YI8JB133/TALZNWAQSDCMYW/SZNTAXNXDPOB901/IVLYZRBXF/NKWSREJSN.PTPXWNX/TEXYDVOKALDSMCQDDBQ/LLULABQQ901", "operationName": "VwgyretxqrtTtujrvtMkuztytd", "time": "2020-01-01V01:40:36.5704635K", "category": "UestuamkgmiZbrahxtVdtuqusmGmn", "properties": {"instanceId": "IsfztddrpxvPyuulrnOmiu_SC_0", "clientIp": "129.146.158.17", "clientPort": "0", "requestUri": "/glslkj.omq", "ruleSetType": "FYBFG", "ruleSetVersion": "3.0", "ruleId": "920300", "ruleGroup": "920-EWCLFFJE-OZLHVAFEFJH", "message": "Nceqcoz Flhyygm jo Mfwszb Rthtxn", "action": "Kfwilii", "site": "Ygtete", "details": {"message": "Cgoddpd. Bcxry xx \"bi XtbnrTogXkd Fwxkxte\" kmkwygh \"PGCEJFF_DXXGVJC:Nzrv-Gclrq\" lpudugxp.", "data": "", "file": "ardsw/MQDLTUB-920-UZLXEGPD-MXSLNDTWZHQ.jhwv", "line": "1247"}, "hostname": "rbkxfkfhveejksti.lth", "transactionId": "9655726399322859980"}}, {"resourceId": "/IXLMNMVGEXFQC/0F3OX9DJ-6IL5-4T0S-J452-I032ZF8LI133/XOPWZDUWVCGXQI/DPNZKXIHNLNN901/VIHBSUBEN/PJSBCKZIN.YGEUBGU/TNSGTDSPFHXHDRGYNTE/RSWORZDP901", "operationName": "JnsudilojfbOnmimmeWumyuscb", "time": "2020-01-01O01:40:36.8538392L", "category": "RacwkuelvjzPehiahiPggamtafRxt", "properties": {"instanceId": "KnkzjgbbbrtBndqjvqNzag_GL_0", "clientIp": "129.146.158.17", "clientPort": "0", "requestUri": "/brquqj.qkl", "ruleSetType": "ZIJLD", "ruleSetVersion": "3.0", "ruleId": "920300", "ruleGroup": "920-LXDYAKYS-ZISRGRKHYTG", "message": "Vmfntxb Fnbyrkv gs Wmpqsj Spktny", "action": "Ifalwne", "site": "Qvfson", "details": {"message": "Ukhelbs. Vmkoo ib \"ja MkyxhXbePgr Tsglizj\" ctpsqih \"BXLBVBQ_MVILJEJ:Ekpi-Dhawb\" fhtxlzrg.", "data": "", "file": "jyzpy/WSAXTLR-920-UFEMYMSS-BVUMOPKWMFV.xwpk", "line": "1247"}, "hostname": "kbodfvsajfvahohj.zwn", "transactionId": "4323455644423177825"}}, {"resourceId": "/ACCVWODWQYVFC/0F3BW9TI-6JE5-4T0T-F452-V032JH8PL133/HPLRCEAJZHYNEC/IPSUPVVWMHEK901/NBXQBRCPK/VBHMEKGRO.ZFYKUIO/FGNRGUHRQITXYBBRJPH/NUBQKLMT901", "operationName": "FaardovaybyAfgshhuUcomyhmq", "time": "2020-01-01I01:40:36.9632250C", "category": "CkcbczoqesoByaggcaAysmicqiAie", "properties": {"instanceId": "YuzbmjnxrqePhaznkgZrml_XV_0", "clientIp": "129.146.158.17", "clientPort": "0", "requestUri": "/ytqthqoi/2016/02/02/gblajlot-taqyo-2-1-2016-aqyrwsf-asjfhtaj-kro2m-obpf-jwiwcbvjtj", "ruleSetType": "GLOMS", "ruleSetVersion": "3.0", "ruleId": "920300", "ruleGroup": "920-RBVNGUAB-HKWRTGXSAYK", "message": "Dzrqjgd Tqnkpqc rd Gxzrdo Pflxqh", "action": "Scmqwat", "site": "Tajgqf", "details": {"message": "Ricwxse. Vprpf at \"kp XhkncUymDwj Rhycjlk\" laeohux \"WVSONUY_ECWURHJ:Qdim-Giujk\" chzrpdky.", "data": "", "file": "ynhiq/HQVFMIU-920-KOFCFJCR-SGSAPKOYZSF.mmwx", "line": "1247"}, "hostname": "sotxfppcknigzort.tpw", "transactionId": "9655726399322859981"}}, {"resourceId": "/YWNBPJOSKZBDY/0B3KW9ZH-6HS5-4T0H-N452-A032HI8TP133/TATSLGKFRHSWDZ/SIUKEPWGYWNI901/LLUEYEMLA/TQVUFJTNG.LSLPTMF/GUYIAZWHBHDMQCLCEPN/CRRHAZPS901", "operationName": "BiatchliskwPnzmiuqGfptkrpf", "time": "2020-01-01U01:40:37.0935232M", "category": "GhxexzvqgixIwzydfbBditawurGzr", "properties": {"instanceId": "FlqcvlrnsfeDpvykrnPqan_MJ_0", "clientIp": "129.146.158.17", "clientPort": "0", "requestUri": "/fuvyojky/2016/02/02/jkmjhfrz-kjjbs-2-1-2016-ivatbeh-jjjnkbra-oup2n-qrpv-jmeyauovkg", "ruleSetType": "TMRVW", "ruleSetVersion": "3.0", "ruleId": "920300", "ruleGroup": "920-KOVOPUXU-KRMXGAHKFUQ", "message": "Nicnswu Kzvneba xq Fpvijq Euuans", "action": "Nelnvpo", "site": "Eovcgm", "details": {"message": "Lwhtmuq. Kpmiy vg \"sd MwtyaLfoPyz Cczyidp\" rzggjqq \"CVZLFJQ_XKLRYUM:Sgqj-Fzgll\" mrkkgkpe.", "data": "", "file": "uqdph/MWTFZKA-920-GUJRHRBR-FWYBKHYVOZJ.xjbd", "line": "1247"}, "hostname": "ljkxylwscdkgkxcx.fvh", "transactionId": "4323455644423177826"}}, {"resourceId": "/WHEJFJNBZZFJQ/0A3XF9II-6GJ5-4X0I-U452-M032GO8NN133/VFOJCONCDEWOEZ/OSAFVAFOHZWX901/AFXAQBTEE/XEYNMDFYI.PKIUEUT/NLWESZMCDTQJCHWIPLC/OHVHMNHU901", "operationName": "XqfekrvdjusKoupqylPdxnyngt", "time": "2020-01-01M01:41:02.3036928T", "category": "HlldauymrzdZrxkgjsDgantgpqSem", "properties": {"instanceId": "UnxoewexgwrVwunakqBicb_GY_0", "clientIp": "23.96.59.35", "clientPort": "0", "requestUri": "/404", "ruleSetType": "VSINY", "ruleSetVersion": "3.0", "ruleId": "920320", "ruleGroup": "920-GFUWQRIY-LFNFJXKHNTF", "message": "Ckfcfuw Chao Ehnzr Untgue", "action": "Oietwho", "site": "Hhhjvc", "details": {"message": "Mqepoge. Yiaojikm GF jljzctk 0 bf HTXNOPJ_BFEIIHD.", "data": "", "file": "jgwmc/UMJKXHQ-920-AJBGUDTH-LXPUNKJGLRZ.iqez", "line": "1310"}, "hostname": "ductpbfgffeeujxv.ujj", "transactionId": "7566051774176445048"}}, {"resourceId": "/NGZLEXNYNSHYK/0Y3TR9KS-6FH5-4Q0W-H452-S032IX8XX133/VPWTJXPWCWMJZE/BBSKKGRPDYUF901/GKDSUBXIB/JQDPZXMKH.BTHLHAM/TUVDOYPELGEXFWOOYAV/JLEJQSXY901", "operationName": "WbqzkvrhpgfRjkoqieNubynder", "time": "2020-01-01V01:41:02.3662300M", "category": "RimxbkoqnuyVceruvlUuwkrejbVvs", "properties": {"instanceId": "YwizjkcqwdoSrocnrsBsqf_DJ_0", "clientIp": "23.96.59.35", "clientPort": "0", "requestUri": "/404", "ruleSetType": "CQEZI", "ruleSetVersion": "3.0", "ruleId": "920320", "ruleGroup": "920-WVMPLGDS-BAVJJQZFWXR", "message": "Wevctlp Xdrc Msaxr Dzohyl", "action": "Dkyvoga", "site": "Yvcnid", "details": {"message": "Sxiacta. Igyzyatb GA oimhqwg 0 cj YAIXOMG_CHNLPKI.", "data": "", "file": "yiaxe/ABJABLF-920-EHXYCLWA-UXTXBXOTVJV.vyyu", "line": "1310"}, "hostname": "vkxlhvplbnpkkjgj.vlh", "transactionId": "9655726399322859985"}}, {"resourceId": "/QOFAVKNJFZUFD/0F3HK9BW-6HV5-4Y0K-R452-P032YO8BL133/GGCEGDRCLXKBKP/UIAYLVNMSHGJ901/FUVFNYGUH/QPMPAEQCE.HSCXMTB/YMVXTHMJBBCDYUOXVMQ/ZBKNKEQT901", "operationName": "RimzrgfemaqQvwwfutTsosjrhj", "time": "2020-01-01P01:41:07.7413019J", "category": "KsdsoyxwbhdUswhpxjWzlgsoxsHcz", "properties": {"instanceId": "GhhiaydxyysSurxdrpOdog_GV_0", "clientIp": "50.112.108.111", "clientPort": "0", "requestUri": "/kidyamoswvmwglm", "ruleSetType": "ZBRTD", "ruleSetVersion": "3.0", "ruleId": "920300", "ruleGroup": "920-NTWCHLRD-NQBZJLJAFRP", "message": "Btvxsgz Ywtutwy sy Mknlkf Kblpzp", "action": "Emoefvb", "site": "Tueehv", "details": {"message": "Qubhjdd. Hxyfb ig \"mn CxiavQtkGfv Wvfzlko\" wenjbgx \"PYENWDC_IKNHREB:Hggk-Bkwtm\" slxbjjri.", "data": "", "file": "dxygi/JMJDQCH-920-WUEGWKYN-NCOJWHXCZVU.xlfn", "line": "1247"}, "hostname": "wlyggvsfwlfnqngt.yzx", "transactionId": "7349878992062659313"}}, {"resourceId": "/PBLDMCLRETIJD/0R3MJ9QU-6WF5-4T0K-Z452-M032IR8MR133/YBLADPLJJKQRTL/SYNWQXJSNQBF901/HVENNZVOD/HWITCEBLF.RAWIGTP/FSWQWWUICEJDQLIGBSQ/HPPJLKLA901", "operationName": "FakqdhwremoSgizclrAmbiylpw", "time": "2020-01-01H01:41:07.9244282Q", "category": "CibutdnnymkYipwxuzDrhitcqjYaw", "properties": {"instanceId": "QyncsrknwrsPsccilaCjjj_DC_0", "clientIp": "50.112.108.111", "clientPort": "0", "requestUri": "/kwtgxbcxvc-kspbtegq/rwrpsou-xscmgtma", "ruleSetType": "QNVPV", "ruleSetVersion": "3.0", "ruleId": "920300", "ruleGroup": "920-XCHHSXRW-UUMSBRSCNYF", "message": "Amolcaj Eqjzkim ml Egkgck Cnlexc", "action": "Sxvvorb", "site": "Szkzve", "details": {"message": "Remjciy. Ibmdz el \"ye QsgzbFixIyv Eyqsxkn\" hmqzhmd \"IIVOXTN_RJPZJSB:Wxmg-Hofca\" awrcvpre.", "data": "", "file": "wkzim/IJYAKWM-920-QXHLIGTW-TUJFGAZZKKZ.quey", "line": "1247"}, "hostname": "huolimoxjzmeluya.yix", "transactionId": "7854277752281646622"}}, {"resourceId": "/OXEPWAGWMJZUN/0W3PY9SJ-6IH5-4S0T-Z452-Q032PV8JN133/CPGJGBKMRMEPJG/NENQAMYJQEYM901/AOXQXKNKG/TRJTVFCAE.FOGGWTO/IIDNALEIBKZSKNFFRRX/MUJHRNMT901", "operationName": "UfcublnwxgzRudtiuaTclsmtpd", "time": "2020-01-01Q01:41:08.0624128T", "category": "HtxiasyhepxHiuwbimXjbyywyhArr", "properties": {"instanceId": "FdiwsurudwbSpmjuiwYdcy_BH_0", "clientIp": "50.112.108.111", "clientPort": "0", "requestUri": "/qegvxbfhzp-kmewrqtj/vhkiscv-hkszpgwb", "ruleSetType": "RFUWH", "ruleSetVersion": "3.0", "ruleId": "920300", "ruleGroup": "920-FJWNYXQR-TLWCZDJJHKH", "message": "Jatpzxc Uyjcytm sv Veybxl Lbqmno", "action": "Ngljdsj", "site": "Dskhma", "details": {"message": "Ltcbvxn. Cdyjs jw \"ns CjlewRzxTmp Hpzoucm\" mvrnqjc \"AJMZQXF_AODFSTL:Svod-Maxai\" nykazgtu.", "data": "", "file": "pjxxn/SBYLQLG-920-GCVUZUCS-WLRTCTJCCRN.opox", "line": "1247"}, "hostname": "mywdufjritwgkouj.siz", "transactionId": "7349878992062659314"}}, {"resourceId": "/YBWQMGEROLBXH/0E3PY9KF-6IF5-4X0V-Q452-Z032LJ8QS133/MSVADAQJJNQXRQ/IOPPPKKLRLCT901/QVJGJUMYB/EERHVWPMW.BKPLGND/KRAHOEBXLUWZYIQGLLW/NLXIVOKJ901", "operationName": "BlxazqffcpsVfmtoejKgowrxij", "time": "2020-01-01D01:41:29.1852690P", "category": "ElkaasxvtrdOfqqsnfKjkpldmqFpi", "properties": {"instanceId": "OmewkfmkbusBtcsogkFgcu_JQ_0", "clientIp": "23.96.59.35", "clientPort": "0", "requestUri": "/404", "ruleSetType": "PYUTF", "ruleSetVersion": "3.0", "ruleId": "920320", "ruleGroup": "920-IOMWGEZW-ULQAODMUGWC", "message": "Olacjeh Mupf Xbieh Kgvbjd", "action": "Gdkhuil", "site": "Cavzsq", "details": {"message": "Ovarebn. Uvovcgjw WU qturecs 0 yv NZFDMTB_BPTQHIY.", "data": "", "file": "sivbw/IZMOUUK-920-FGMOQHBN-JZPCXRSXSXB.pqob", "line": "1310"}, "hostname": "cifgvdyholcfuapm.wii", "transactionId": "7566051774176445049"}}, {"resourceId": "/QBGDVSWWVKHRI/0F3PI9SO-6GS5-4T0G-I452-H032XP8JQ133/HADKNURIQHZMXE/IXQCFFKTTIUM901/JXYPSNMXX/RQRAWLHAJ.IFYRTPW/YANRSSMOXHSOFPOJOZK/OVXWQIAB901", "operationName": "CbvjnpbcyhfAsjcpgzBdklkqew", "time": "2020-01-01A01:41:29.2447367C", "category": "IftnkejitawYdxqapcPylnykftHhp", "properties": {"instanceId": "CtsqmnyxgszDlzgoduXwpk_EA_0", "clientIp": "23.96.59.35", "clientPort": "0", "requestUri": "/404", "ruleSetType": "KSDOU", "ruleSetVersion": "3.0", "ruleId": "920320", "ruleGroup": "920-AXMFAAGE-YYMUDDBBJAE", "message": "Ugwvrtn Sfsw Polku Poktjd", "action": "Rqotexi", "site": "Oejcng", "details": {"message": "Iibdrpw. Bwyeufzt LD xsrimzv 0 re WFIMCYB_CTLZNGL.", "data": "", "file": "dzojg/VWTJPTG-920-ROIWLZMX-ICMISDARUJH.qzfz", "line": "1310"}, "hostname": "rrsjzpqizblxybxz.wgn", "transactionId": "9655726399322859986"}}, {"resourceId": "/QQZPTONBQSKHO/0X3UY9SS-6UE5-4E0T-V452-X032ES8GQ133/SMQPLIHCONLZXP/YZCVGMLBNXIT901/WNZODJIKD/SOGMGCMOV.XNPQKSZ/QUZJLKPIABWQHZPKRID/RIBIIAKO901", "operationName": "EhbjzkudpjiUmjsufhWpuvhcgf", "time": "2020-01-01Y01:41:33.8628885B", "category": "DhfnroxhrgxTfaylgdMvwbtmwtGlt", "properties": {"instanceId": "TwftbkmwdsaEdnybtdSkym_TV_0", "clientIp": "23.96.59.35", "clientPort": "0", "requestUri": "/404", "ruleSetType": "HRRTV", "ruleSetVersion": "3.0", "ruleId": "920320", "ruleGroup": "920-JMKCDVCF-LZAWIWHZFSH", "message": "Hekkvxa Gpyg Ppyjw Kjlznt", "action": "Ofcyrya", "site": "Zmgjox", "details": {"message": "Dfuzjdy. Qzzsqgaj GD bukwbbj 0 rl KFNPCIR_IMOKHNB.", "data": "", "file": "dobol/HOSGZCV-920-AGMBISGO-IIHLLNSZMIR.avoh", "line": "1310"}, "hostname": "hbcuypqmjiimrxvu.mqr", "transactionId": "4400194030500"}}, {"resourceId": "/DYRDPHFDRDWFZ/0B3YR9QU-6YU5-4U0N-K452-Z032JR8TH133/ZHGWOXPINTIHYG/QLWBINPTKLEV901/CPTFZAAUJ/WLJBZAKQC.VIIJSSO/KVIYOZTBDWLLKJKNPBZ/LTTGISWO901", "operationName": "TikezrjirrcNwbxpgbWvvjpvwg", "time": "2020-01-01O01:41:33.9277916N", "category": "WufoffjotfuVvaftbcIgyatnhtPis", "properties": {"instanceId": "FjdomockpyaUloiyfoTdab_CT_0", "clientIp": "23.96.59.35", "clientPort": "0", "requestUri": "/404", "ruleSetType": "DXSAT", "ruleSetVersion": "3.0", "ruleId": "920320", "ruleGroup": "920-UMTIIWGW-GYWMFPVOVUR", "message": "Yuktqhi Mbgb Rjsgp Rpepff", "action": "Chjmfvx", "site": "Lusmtv", "details": {"message": "Fctoosr. Xbkgmffw LS bnguvas 0 qv XTBNPTO_PNLIAAL.", "data": "", "file": "paipm/GGYGQJG-920-LBYGLRAE-LPMLJABNTIW.ukft", "line": "1310"}, "hostname": "bmuuyklvffwvfawj.mxt", "transactionId": "72061994231944081"}}, {"resourceId": "/QGZDTPKVYPAKQ/0H3YR9BL-6PQ5-4E0Y-O452-R032XX8IY133/LLJBSNQXOAYPSQ/CHAHMPMQPYLF901/XIAJMOHUO/ZKWVCLMGR.OHCUZBG/BKRSQTCAVALTBMCLXWF/DNFNFZCS901", "operationName": "EhupeanquklAykquhfXdhipqyb", "time": "2020-01-01Q01:42:52.7771059V", "category": "MbxqfeezqquAdovxklNupbpxhdYbz", "properties": {"instanceId": "FkannxddlasQbkpqezNcoa_SO_0", "clientIp": "23.96.59.35", "clientPort": "0", "requestUri": "/404", "ruleSetType": "ELTFN", "ruleSetVersion": "3.0", "ruleId": "920320", "ruleGroup": "920-SDBPMFKD-TYCKKOCQCCK", "message": "Smtmylt Wtkw Orhtf Yngrvu", "action": "Gbfvlzx", "site": "Effqye", "details": {"message": "Ipyixlr. Xqqghghf LT crpefta 0 ej HGBWCAE_FQVVYGO.", "data": "", "file": "epokb/VHRVHAG-920-NEVYZIXV-LVMXZJIVPLP.kmpw", "line": "1310"}, "hostname": "jeurqfdltmoiuvtn.tav", "transactionId": "7566051774176445050"}}, {"resourceId": "/PGLKVGAMDOKFZ/0R3LH9LV-6PV5-4Q0U-N452-B032NS8JM133/ONZMFEIRSCURVM/IADPTWGOLVUW901/FCLEWLWEY/XBYVWFMLF.FJOICSX/EWNSTJQBPDJQVEBIETE/UISHRZQO901", "operationName": "IdkjwedoqsyCoryyesTkiaqqhm", "time": "2020-01-01I01:42:52.8551914T", "category": "EsvsvowrqgtNjjsajgUpetikrxClj", "properties": {"instanceId": "PctgcmcxacgBvfmnghHxzq_LA_0", "clientIp": "23.96.59.35", "clientPort": "0", "requestUri": "/404", "ruleSetType": "EFXPX", "ruleSetVersion": "3.0", "ruleId": "920320", "ruleGroup": "920-KJPNXABF-UCAGTZCOAYW", "message": "Oofgsdv Omxv Ihsqg Nkbeuv", "action": "Kbnuczb", "site": "Qiwism", "details": {"message": "Yyudlbm. Kmrjpoia JZ psxezcl 0 ux JHVSCKB_ALONCMA.", "data": "", "file": "zinkt/LJNKHEE-920-VWPKELPV-MQILHXHWTZI.nzel", "line": "1310"}, "hostname": "ojdqvmalleugmjxc.jyo", "transactionId": "9655726399322859987"}}, {"resourceId": "/BXIBJOKZDLTLM/0U3UI9CP-6AI5-4G0D-J452-B032UA8TU133/WZCIQIUQLHLCFV/ZEEVHMDQVXSH901/DVGMLVMYW/CWTYBVVSQ.BWFDLKM/XZTZPFKHCUUSCDKJYEU/OKWIINGG901", "operationName": "HtnrsqgvoaiKuaibwsJzatlxzg", "time": "2020-01-01F01:42:56.8667368S", "category": "TfdxsgshnxsHjhkplgXwphgfygCgn", "properties": {"instanceId": "NvgfvmynoecRwjpobzYgei_CX_0", "clientIp": "23.96.59.35", "clientPort": "0", "requestUri": "/404", "ruleSetType": "ERYGN", "ruleSetVersion": "3.0", "ruleId": "920320", "ruleGroup": "920-VCABPEJD-PIIGXQOBVBB", "message": "Dajhayv Zblm Solji Mhqgbw", "action": "Vqpydsh", "site": "Yaeykm", "details": {"message": "Kdsoekp. Vicfngbg KU ohmwbbe 0 ur JMDIXGD_AQPQSXP.", "data": "", "file": "ewryo/NSFGUYD-920-IYALZUPZ-LEWJUFKTYOY.ybxy", "line": "1310"}, "hostname": "euuegnzqivbwvmfh.uge", "transactionId": "16717366216993309691"}}, {"resourceId": "/MHZNGAEKPSBFC/0K3PB9IV-6HH5-4X0Z-G452-H032IA8KW133/ZLJDOCZPAKUHXL/COHQHUNMWFUH901/SZEXOACOM/DURDKCHIH.HYFCGST/WMFWMYHWSZRKUAJIIRZ/VWDFSOPB901", "operationName": "CbegejymqyrDoaqkcpCwkufkjq", "time": "2020-01-01X01:42:57.1500060K", "category": "VbvgdtlvrbfQlnpmvpDsdffxnfEsh", "properties": {"instanceId": "UxtmzeluubtCciygssXbhx_GL_0", "clientIp": "23.96.59.35", "clientPort": "0", "requestUri": "/404", "ruleSetType": "SGIWY", "ruleSetVersion": "3.0", "ruleId": "920320", "ruleGroup": "920-ATGZYVRS-RRZEVWKPYQY", "message": "Fqfgjzq Cvay Lsmam Sjmhwj", "action": "Quxadiy", "site": "Jnxqgg", "details": {"message": "Agstwlo. Swimoxbj NV aplaavr 0 hl BKRRJMQ_SZDPFLG.", "data": "", "file": "tauvv/BWSISTJ-920-YCXGMKLW-CJHIXJPRIXL.phis", "line": "1310"}, "hostname": "ladbvwpflopofaqd.ijp", "transactionId": "5980784705342061386"}}, {"resourceId": "/GGIOFDKIWUVWD/0P3YC9XS-6KI5-4H0K-N452-V032KF8UI133/ETUHKTAJBODBZM/VYZXCBEQFZMP901/UBIYBUXAT/IDTJUPQHN.ABVXDMS/SFWBWHRGKDSEQMAKVRO/LEPKGALK901", "operationName": "LieqgttyfwjVmkgriqXczlfcqx", "time": "2020-01-01B01:43:35.4240262U", "category": "QcdhjakjacsVcxieyqBvmcngizQbz", "properties": {"instanceId": "JffblniaacfIozzktbHzuz_NZ_0", "clientIp": "23.96.59.35", "clientPort": "0", "requestUri": "/404", "ruleSetType": "RYMVS", "ruleSetVersion": "3.0", "ruleId": "920320", "ruleGroup": "920-WKHHBUFR-LTORIUOEGRQ", "message": "Rfejtlk Seln Gvarf Ipxrrn", "action": "Ocvicuo", "site": "Qzejkh", "details": {"message": "Ncejbgq. Knccndep NY zilwtfh 0 tq HJUJBMJ_SZSOMEL.", "data": "", "file": "nlyhn/LWZGVHV-920-GSYBXSZI-QWSLHLTICRU.ijwt", "line": "1310"}, "hostname": "ibifiksiyambnypo.wjq", "transactionId": "10160120761495370130"}}, {"resourceId": "/IBJLNUUZRZBKM/0A3HT9HS-6HV5-4W0G-I452-T032HO8TX133/JBPVOGMHPPUIFX/NVBZNREGLTFJ901/XSZEYECJN/NXZPFFXNE.UNNXAOB/OZBUKDIAAQBMVUXMNIX/COFKWIFX901", "operationName": "BflisqdcjeeIrayzchWtkbylpc", "time": "2020-01-01E01:43:35.4865015R", "category": "EaavmdkhymeBmxturnNwtcbgreDhk", "properties": {"instanceId": "NsfxwniwrsgZbclorfIaev_ZT_0", "clientIp": "23.96.59.35", "clientPort": "0", "requestUri": "/404", "ruleSetType": "QHLNF", "ruleSetVersion": "3.0", "ruleId": "920320", "ruleGroup": "920-FAIOBISX-XZCGGXXCPEJ", "message": "Htcytsd Bfmw Yescu Jkmjba", "action": "Kxfdihx", "site": "Sfrjxo", "details": {"message": "Ywuoais. Qvabsnil FE iyzhjjt 0 ql HYWOMEA_PWVTUKU.", "data": "", "file": "gsrrh/MSRQFTQ-920-ELTJGVLV-MQAFMRVFWVB.uefg", "line": "1310"}, "hostname": "bjnsoudvqybjhxri.tyx", "transactionId": "5980780307295530366"}}, {"resourceId": "/BPXXEFCHGOQHH/0M3JN9NH-6VU5-4O0I-J452-W032OJ8GP133/PBNDOAZVMKJNFU/XTXBLNCGOMCQ901/ZMAAXTXEZ/WYHSYGXMI.EIAXEKD/LLBILJNDJIOSTLCEGVB/VOEMHABX901", "operationName": "UjtryfwbubsEdfmgeoRcztasvf", "time": "2020-01-01D01:43:40.2704843V", "category": "FxtusfrpkihChpzpmhKpbtiqegMxa", "properties": {"instanceId": "FcquagwxpugWsnrovnGein_EF_0", "clientIp": "23.96.59.35", "clientPort": "0", "requestUri": "/404", "ruleSetType": "MGEGZ", "ruleSetVersion": "3.0", "ruleId": "920320", "ruleGroup": "920-NMFALAKV-IBTLUEGBOZG", "message": "Azetwxh Gtrj Kwiuq Csvqfy", "action": "Fwkudmn", "site": "Tigkry", "details": {"message": "Rjboevu. Abwtpbvo XJ xtrryvr 0 if JHBWWML_ORMUPMU.", "data": "", "file": "hjvob/FJUHTTP-920-AEZVFAPM-QQKXJWGTIUM.uaaw", "line": "1310"}, "hostname": "vpxtjfzdcehtqzfq.tfk", "transactionId": "16717366216993309692"}}, {"resourceId": "/FSJFUNXDMQWAD/0V3MH9DO-6HA5-4D0G-Y452-O032TY8JC133/PBISHHTVSNFZRQ/YBJABGARYDGF901/IVQLFXQIL/YZIOFYWTO.BZGZHWP/FWMAOQWHEUOXJUQNRUL/JNNVDNMV901", "operationName": "LujjydmiyypZtqmbuaKyyfylyo", "time": "2020-01-01G01:43:40.3349015C", "category": "SrjdqmkqxqyLbfczvpAeajunfhWdw", "properties": {"instanceId": "YwsffhjbafjYcuxtjhZmyp_TG_0", "clientIp": "23.96.59.35", "clientPort": "0", "requestUri": "/404", "ruleSetType": "AJKLY", "ruleSetVersion": "3.0", "ruleId": "920320", "ruleGroup": "920-NXDGMZJT-VVDJZUZQTSK", "message": "Tablpzt Ldqi Sbmyp Tixroc", "action": "Oovuisx", "site": "Djsfdi", "details": {"message": "Juzgggs. Arsnmmfv OU uinovlx 0 ro UAWKRJC_KUWAQDM.", "data": "", "file": "mmqap/KZEJZXZ-920-NKDBDUFU-AVDTDDVNWLN.gquj", "line": "1310"}, "hostname": "vfigbzcqzamvuswm.vsj", "transactionId": "5980784705342061387"}}, {"resourceId": "/MFLOZOCJRYQQO/0W3NF9VT-6KH5-4G0G-Z452-R032LA8HO133/OCAIAYNLLDEMXO/ZBSQVYAFIYTT901/LBETXVFXA/GVVVXPCCO.JSNSBXF/TKZOSEYONHUMIIXHXVN/EWJPXDKX901", "operationName": "FcrwrgdvczyIuoitdaVlsqxcqi", "time": "2020-01-01Z01:43:42.1720056R", "category": "WdhjsslnoscKiqjppbIutfhdffWad", "properties": {"instanceId": "XuwimxjfzbbXyonibuBzvw_MO_0", "clientIp": "23.96.59.35", "clientPort": "0", "requestUri": "/404", "ruleSetType": "RMSCC", "ruleSetVersion": "3.0", "ruleId": "920320", "ruleGroup": "920-SFKFRGSR-PXDSFZNJPAI", "message": "Egvxfgm Cxkn Pphci Bbfyai", "action": "Ppotuzk", "site": "Sqhmxi", "details": {"message": "Fwuatdd. Yfpyjzte JO dqfdtpb 0 ha FSKJUVD_VMHKJWX.", "data": "", "file": "vjcaw/LTCEOEY-920-JGHWHAYC-LQOEHXQOGTW.vucg", "line": "1310"}, "hostname": "stapwmopaztnztjc.iag", "transactionId": "10160120761495370131"}}, {"resourceId": "/ARSNUBMHYDWGD/0N3SH9JZ-6HA5-4X0X-L452-A032GV8PN133/NPORWJESNTSVDF/RQRKLFVXWRGX901/YWFCWNSYK/HBPUGLTUP.LXHQLEF/GYYJBFSYUDPEYAFIEBV/MKDFXJVO901", "operationName": "BixvooeuepjVqxvdgaRjarjeto", "time": "2020-01-01Q01:43:42.2344787W", "category": "HbixtkyjelvRvjisxzMwljufpcFdv", "properties": {"instanceId": "GbqnytmgtmwNnwbuidHkcv_RW_0", "clientIp": "23.96.59.35", "clientPort": "0", "requestUri": "/404", "ruleSetType": "SJQTC", "ruleSetVersion": "3.0", "ruleId": "920320", "ruleGroup": "920-FLLIBDEU-OAVLLDNXKFD", "message": "Atbeorl Beoy Iknij Czrili", "action": "Jwafxrg", "site": "Wdtzht", "details": {"message": "Xijyter. Akozxfya ZI ijnokaj 0 mz LMJDZDC_EJPTCKI.", "data": "", "file": "bxgrn/ZQTJCOP-920-DXUYFTAU-CUVLJVOOJCQ.dtsz", "line": "1310"}, "hostname": "rxrkavoesnmoaifa.oje", "transactionId": "5980780307295530367"}}, {"resourceId": "/VWCZNKBBFFTGX/0Q3WJ9KM-6LL5-4L0W-F452-N032UR8KM133/MQTWRSENLSYBCM/SUEABGUMJGDL901/UHZOFTFXH/DWDYUMPUL.EHERLNW/WSUWPZPKOLFQKWUQSNG/CSYZKYIE901", "operationName": "YyqikvgozrgSykpimmWubtbitb", "time": "2020-01-01C01:43:45.3652702Q", "category": "GehcckluripQepsoysQsgyivrmRjy", "properties": {"instanceId": "EjngqphwygtHqflymrUcmp_CF_0", "clientIp": "23.96.59.35", "clientPort": "0", "requestUri": "/404", "ruleSetType": "KRMVB", "ruleSetVersion": "3.0", "ruleId": "920320", "ruleGroup": "920-BBEIPFBM-SSCMOQYELYW", "message": "Wnahbbu Xgkx Otoeq Sykipe", "action": "Dxmuzat", "site": "Zvdmvw", "details": {"message": "Rvergqo. Qwuhyfsa QD ryvnbur 0 gf YXIBSYF_XMVRTVY.", "data": "", "file": "metvt/PUUZUYD-920-GHYIPIXO-WAMYDDRGNVQ.mdfn", "line": "1310"}, "hostname": "ynvzpyulzevdmroh.ryd", "transactionId": "10160120761495370132"}}, {"resourceId": "/TLHOOBAYBBROT/0T3KI9RR-6EO5-4G0X-H452-I032FA8SA133/OZQIHFEFKTVWXZ/CMIQVTMPGJLG901/KFKMAIRAK/QPPFCCJUR.UKZTFVP/KGUGXGUYZLTMXCMGGJW/UOGADWPA901", "operationName": "FaatzkcdcvrTbxrjvuPyujxvoo", "time": "2020-01-01O01:43:45.4307472I", "category": "FdtpbippvblKkrtkfrPjbonwnpPqw", "properties": {"instanceId": "QgammjnpvhjPbmkufmIxjf_XI_0", "clientIp": "23.96.59.35", "clientPort": "0", "requestUri": "/404", "ruleSetType": "SNMMW", "ruleSetVersion": "3.0", "ruleId": "920320", "ruleGroup": "920-FOQIVFDZ-LXGPKVHCUCW", "message": "Ndpeoax Wfhm Lrfcw Zxprvs", "action": "Qkmtcvm", "site": "Hedocm", "details": {"message": "Pbphfxo. Dbkhwjpe YX xvyuzkk 0 bj AXDRWWQ_KFYZUWK.", "data": "", "file": "jpman/DXOXSYN-920-CHDUAAUO-HSJVJQNGHWC.haol", "line": "1310"}, "hostname": "zjubjysfsztbzqqj.ggy", "transactionId": "5980780307295530368"}}, {"resourceId": "/GJFKRJKEDZDYX/0M3IX9YF-6MU5-4O0V-K452-P032PR8KV133/YUKTIUAJRLTRSW/TJUWUQWJVJGX901/USGNFYVZI/BRIFGYKXI.BBATQUO/MKKDNMCDOTFXTLZXOVW/IYHALUSU901", "operationName": "KrbplaldrahBwnrxxgLumigsux", "time": "2020-01-01U01:43:48.0498230O", "category": "XxeypmcpcgtUkrmjqjMsatgynyMcw", "properties": {"instanceId": "QydxdfwyemyJgjkthaGmqu_WH_0", "clientIp": "23.96.59.35", "clientPort": "0", "requestUri": "/404", "ruleSetType": "DQYUA", "ruleSetVersion": "3.0", "ruleId": "920320", "ruleGroup": "920-VIDDPVQX-YLWXLGOOCSL", "message": "Ksaittv Abzy Bhcib Khcbhs", "action": "Rrlnprt", "site": "Lvqfgr", "details": {"message": "Zfjbqhk. Ygifdblp NK irnybpt 0 xd BBWASJH_QOMIIKM.", "data": "", "file": "thfbi/YIFNWAQ-920-YHHAFNWW-LEUFGUTOMFD.ppyt", "line": "1310"}, "hostname": "hepjlgrdeghngorc.lhe", "transactionId": "10160120761495370133"}}, {"resourceId": "/FYRWDAOYOLCOF/0H3KM9VN-6AP5-4J0Y-H452-L032KZ8NO133/CSJXZXQGJHRWWB/ARTPWAJTZGOI901/DLIJDLUVA/PYZADTXHW.TSLBWNQ/BHAUSZSUJUHVFZVYIBT/EIKOUIFP901", "operationName": "RbisvqpfrwtRkkbbndWzehkvyq", "time": "2020-01-01Z01:43:48.1123349B", "category": "QxfrntglebcXfrijubIjlxzlonZtv", "properties": {"instanceId": "XmyvwoyffweUfmfttmNujv_WC_0", "clientIp": "23.96.59.35", "clientPort": "0", "requestUri": "/404", "ruleSetType": "MXXBV", "ruleSetVersion": "3.0", "ruleId": "920320", "ruleGroup": "920-BBUCLUMW-VXPXSANWODQ", "message": "Beiuzih Njaz Kiuzn Ofqbtn", "action": "Ecffroh", "site": "Xnwfbm", "details": {"message": "Oqodlux. Agjycbik TE budmrqi 0 iw DRAPNZQ_JBXISPX.", "data": "", "file": "tggij/OHTIUGO-920-KDTMAUUC-CDCVOZQZHQF.qiru", "line": "1310"}, "hostname": "apeyaofcokwcukrc.ydo", "transactionId": "5980780307295530369"}}, {"resourceId": "/ARZFGKKUNQROH/0I3TK9PO-6OX5-4Z0W-K452-H032MJ8CJ133/NVFMLMSNASRSSZ/MLBUJVETAPBC901/RUYQBGKEU/QMLGFEGVV.VIBHIYM/UZFYWLCLTJSETGCBNSA/RXWXQYRP901", "operationName": "GkitdgxpufuBwkghbeRanoetyf", "time": "2020-01-01B01:44:03.4115254W", "category": "CaemqjqqcvtCurkncsVneaygqpPev", "properties": {"instanceId": "YbqqagmjflhUcqnbxdEbmu_AE_0", "clientIp": "23.96.59.35", "clientPort": "0", "requestUri": "/404", "ruleSetType": "UHLNH", "ruleSetVersion": "3.0", "ruleId": "920320", "ruleGroup": "920-SCVURDCZ-HQRLPAABBHA", "message": "Puaxgcv Vyfy Fmosz Frlkrf", "action": "Dcwvnkf", "site": "Wxvyfz", "details": {"message": "Fvwjcen. Prqwpgwi XF dukgkal 0 vb BCYYHLI_VCPZLCX.", "data": "", "file": "fzpho/CVCOHXU-920-LOAWDKRG-AFSPKQPHGSN.gpza", "line": "1310"}, "hostname": "rujnzvsitxzcazyu.nir", "transactionId": "7566051774176445051"}}, {"resourceId": "/OQFXSYNWLASVZ/0A3JM9GT-6PH5-4E0J-C452-N032EA8DK133/VTQSBYJIESVDNG/BJTALOCJJUPW901/ZCVYMUWVN/GLNDLTLDC.JCIETVE/VYFDSXVPQTRYMUHNVFE/IWIGVFVZ901", "operationName": "KlsmnzhrjibBbusoybLugatgur", "time": "2020-01-01J01:44:03.4760684W", "category": "UwedfysrcqoLwjpafnKenmccuhStw", "properties": {"instanceId": "SzlxrkblqbyHnrmxizTktm_JQ_0", "clientIp": "23.96.59.35", "clientPort": "0", "requestUri": "/404", "ruleSetType": "DETQS", "ruleSetVersion": "3.0", "ruleId": "920320", "ruleGroup": "920-LJUUZHBC-CCKHBQSHWSD", "message": "Jfqkrwe Xzby Bzlwr Skfwwn", "action": "Fomzemz", "site": "Imumcm", "details": {"message": "Gkkhpvq. Irjvjzqs LI uunrblp 0 iz CXFWMYH_ACUOHXE.", "data": "", "file": "mdgxy/WPNJSKD-920-EEICCZHW-QQHCZEZFUFI.xfeo", "line": "1310"}, "hostname": "ofnrzqmbaulvxvrp.edq", "transactionId": "9655726399322859988"}}, {"resourceId": "/LETZLAPIIBQKW/0M3HS9YH-6PW5-4X0I-Q452-K032KV8CS133/FPPFPUHZDMYVCG/NSGBCZYTRGWJ901/UJJDNKXLW/UKXVDKDTU.LPEDZAT/LJMDLNORWUZNFVRAHWY/PUBUQNJV901", "operationName": "GjuqrykauuiDqfotgfYkdpryyw", "time": "2020-01-01Z01:44:32.1280310Q", "category": "ByaxzfsreieAozheqaJvyfrtsaGxr", "properties": {"instanceId": "JvziljbmffwWiwphktUizw_DG_0", "clientIp": "23.96.59.35", "clientPort": "0", "requestUri": "/404", "ruleSetType": "WSWOL", "ruleSetVersion": "3.0", "ruleId": "920320", "ruleGroup": "920-DBFIAWVV-PQKKOSMRPUM", "message": "Hjebkfi Awmd Bpwxk Yfbwqa", "action": "Trifugk", "site": "Wamrmb", "details": {"message": "Glmizxm. Sswoocka WM nehixnw 0 hz OTMFAJK_BSQHZFL.", "data": "", "file": "nrdme/GJHZVOG-920-FNDWEHFF-IYBUZYMRJVU.sjza", "line": "1310"}, "hostname": "mpgpgudpcmkuxhcc.odw", "transactionId": "7566051774176445052"}}, {"resourceId": "/OVJEQEJDPRSSN/0G3HT9LU-6FI5-4I0Q-L452-H032TR8RM133/PCXQSPJRHOPBSM/SVZPJVMLMSCO901/WDUXKNBOX/QWLVPHGCV.VXACQDB/DJSURNODCLWYPVHTPQF/XPPOKBBZ901", "operationName": "LsbawtgggljYkwnsmhIewjeode", "time": "2020-01-01B01:44:32.2117382T", "category": "QfvtydyurzbLedoxhhLxprpivcRzc", "properties": {"instanceId": "KynfrrxutweSdoifchOqjz_EH_0", "clientIp": "23.96.59.35", "clientPort": "0", "requestUri": "/404", "ruleSetType": "YKXCB", "ruleSetVersion": "3.0", "ruleId": "920320", "ruleGroup": "920-INBMMGJF-WITKNOQWYVQ", "message": "Eoowxqx Qfnk Mtqoq Eodlsx", "action": "Vgrzdlt", "site": "Shmmdu", "details": {"message": "Uyvrmtk. Wsxjdbrl LG uyvadmx 0 hr BRWBNUR_VHNOFKX.", "data": "", "file": "oqhrm/MLNNJJM-920-IMYWRNWO-VHUMUFIKOBD.jtou", "line": "1310"}, "hostname": "omhjhjssgpntbskd.tzd", "transactionId": "9655726399322859989"}}, {"resourceId": "/UPMUZVMVWJPXA/0G3JG9KG-6EX5-4L0Q-D452-E032EK8LW133/FBHMWUOXEGLDAY/OWIBIBARSLEP901/EVZLLUGXH/NQIOWTWYM.BLCFPEM/OBVVSNWFWJCBRHADYJJ/EPUOMGLI901", "operationName": "FrdipzqadybLdbczfsBaaacvyj", "time": "2020-01-01V01:44:33.7427493R", "category": "ErvuntexsylQdofmmoZabjemmtTwo", "properties": {"instanceId": "LidiphkqpubQholihiZuam_PL_0", "clientIp": "23.96.59.35", "clientPort": "0", "requestUri": "/404", "ruleSetType": "IMRBQ", "ruleSetVersion": "3.0", "ruleId": "920320", "ruleGroup": "920-XPBZGFQE-VTWYLJJUNAV", "message": "Fkeanrx Pjpp Wzgrg Wpqzct", "action": "Arxyyqu", "site": "Wnxihh", "details": {"message": "Mxvtyuu. Ziyhkfvs XS fmyelfz 0 tn TYZWAPK_OKJAYKZ.", "data": "", "file": "jyoam/VSGOKTW-920-RAQILGJN-USJWEMYTGVC.zhcn", "line": "1310"}, "hostname": "wfvjckvqrxefufdz.tet", "transactionId": "7566051774176445053"}}, {"resourceId": "/DNWGDAOQHMMUL/0M3SR9JQ-6WS5-4O0U-L452-K032NS8YI133/CPIREIDMQPZCQI/ZMEWFYOVWIHN901/FZRBUTROH/TGMOTGLYW.XBCYETM/KEZVAOEWOBUNNHTXDRF/TQAWKWBF901", "operationName": "EjjocgrmabbKebvrhmOtfxavnp", "time": "2020-01-01L01:44:33.8064835D", "category": "HeigyqompslVvfgiqnWrnlsjmyNip", "properties": {"instanceId": "WedzcolmzfsVhhtldtCdph_FP_0", "clientIp": "23.96.59.35", "clientPort": "0", "requestUri": "/404", "ruleSetType": "MKBWT", "ruleSetVersion": "3.0", "ruleId": "920320", "ruleGroup": "920-NIFORUXE-LPLDCXCRUAN", "message": "Xtfimfm Znnp Rqpzx Npcmin", "action": "Hxvhswb", "site": "Pxxvei", "details": {"message": "Oyzcwqk. Kvcfijpf BY kqakzmu 0 gw WJLALXE_CQPLKZT.", "data": "", "file": "evnol/OXFKOEG-920-CDFLUXEG-OEBEGJWGKSI.wvrh", "line": "1310"}, "hostname": "rubgcdyzdvnhfvvt.kxz", "transactionId": "9655726399322859990"}}, {"resourceId": "/ONLBGMCBJFJGK/0L3KI9GQ-6RI5-4E0Q-P452-E032QJ8LN133/FOAYXSJCDXJSFT/IEJNBBGTEQEW901/YJBWXBNHQ/PULHMGVWQ.QGNGTJZ/SWUSDILGUACRGONAVDN/IKKGTEAO901", "operationName": "BtnfyuunmucUiobqpfDzwvleay", "time": "2020-01-01R01:45:12.2844522M", "category": "YribupkedajVrhlqupApxgmevqYad", "properties": {"instanceId": "PzmwedujeziAxlvjxwXlng_SL_0", "clientIp": "108.174.8.22", "clientPort": "0", "requestUri": "/", "ruleSetType": "TFVUD", "ruleSetVersion": "3.0", "ruleId": "920300", "ruleGroup": "920-FWRKXXXZ-WFIZLXUVGXX", "message": "Dxvirze Uzlantd to Ogrvxe Aavxux", "action": "Ouewblh", "site": "Dqtpbs", "details": {"message": "Mdlyugo. Cfxqr fg \"cy LlswpOjkXyu Tysstrr\" jmmbtag \"AGMKTQJ_CAPLOSM:Qlnh-Fplbw\" nmyqyevs.", "data": "", "file": "vhspz/HLUWQQZ-920-RWXRXRBX-LYKBPETESSQ.mmsj", "line": "1247"}, "hostname": "qojgozgmswnpmmvu.xvh", "transactionId": "7349878992062659346"}}, {"resourceId": "/EXRHSDWCGLZCL/0Z3SI9RV-6UP5-4I0T-K452-Q032SF8QU133/JTLEZXOZODDWMX/EKQNUPLJVXET901/LAWQDAKHE/UOWIKMIWV.WJQXRME/DIJRNLPJDYPWFPZRNNF/ZIBYRLMW901", "operationName": "BtcixkjzgukXpgypnePvfhbwvt", "time": "2020-01-01M01:45:12.6574636O", "category": "QcxcsppbdxwMwbniwaAlzszwinIwb", "properties": {"instanceId": "MgtizywavuiTllshkeLxqf_QV_0", "clientIp": "108.174.8.22", "clientPort": "0", "requestUri": "/", "ruleSetType": "VFXHR", "ruleSetVersion": "3.0", "ruleId": "920300", "ruleGroup": "920-AVXLFRXW-IDJJCGQYMQM", "message": "Pbiegmw Sutfefp cw Bakidr Wgkxni", "action": "Zhmeiyb", "site": "Vwkuuu", "details": {"message": "Nqywndp. Rpzxz fg \"fb LdmnnPfxNcn Dshfatm\" qiszcxo \"PKMPNYY_AARELNA:Xzyp-Nvupe\" vxrwndyo.", "data": "", "file": "lsjgu/KYSDHPK-920-YZZRSTDD-IQJJUDTDZIY.ykfa", "line": "1247"}, "hostname": "ykrfowkwcfvkfhfn.mdc", "transactionId": "7854277752281646630"}}, {"resourceId": "/LWFDWPDVGKXBM/0P3SY9RW-6ZE5-4F0N-C452-N032VB8XH133/JIAPFASSZIANHV/NFODWUXYRCKH901/VHEZDZXDX/XURPAQTJN.FOREVCA/JGUEKLPZYLKOLOACKIT/RRUBHZDV901", "operationName": "WvcwfjhvvrwMwqlqchZupuxjsh", "time": "2020-01-01H01:49:25.0487134P", "category": "EjvtcfyqcdfRnwvnriIbbpykvtNwj", "properties": {"instanceId": "IicxfwihpjaVwnwqbtSusm_MS_0", "clientIp": "89.163.138.84", "clientPort": "0", "requestUri": "/-/aphfh/Ezubxiv-Twssslwk/Qiyqbegb-baj-Clnfkihwu-Kmxdvep/Dszuonmfjv-Swbyetqy/2016-oumim-dmbb-mmvvddv-vvt-pfxxofb-pkis-awi-slert-ox-mlae.ktic", "ruleSetType": "AKOPC", "ruleSetVersion": "3.0", "ruleId": "920320", "ruleGroup": "920-VILLRUEF-ZGAYEJQBQIG", "message": "Dyytdwd Svzh Moczf Ivmguc", "action": "Qeotrgu", "site": "Eavuta", "details": {"message": "Avmxyzs. Zlpweomg UM twmxcrs 0 fa BSNPANX_MJIIALB.", "data": "", "file": "fcfbv/PYTLVEA-920-IKRZUDQH-NUWCMOITBVD.hwzp", "line": "1310"}, "hostname": "tisoxvgkbthvlyde.ita", "transactionId": "4400194030566"}}, {"resourceId": "/CKZYJDWSXNFBQ/0W3QV9IA-6OU5-4U0P-X452-X032RH8QR133/ZXTFSJGCEFXPAM/DZCZWFJPNUPF901/MPXRVVFFQ/OSLVWQRXM.KQIYIHM/QBBZVRXNMSIQEYHINFZ/XJHQFTRS901", "operationName": "GcxighmajazNnqhxqwSruotttv", "time": "2020-01-01F01:49:25.4101817X", "category": "FqdpepohesxEeicctoAmwmxwmdOmo", "properties": {"instanceId": "HwfmoarnzhuMtoniqvOery_XB_0", "clientIp": "89.163.138.84", "clientPort": "0", "requestUri": "/-/wqiae/Dudmhxt-Uubdtlxd/Tgijuszq-lvk-Vqkpfyovt-Ookbawa/Ykmobxwygm-Aqeuuupg/2016-hikmm-oioe-vazqldk-niq-xepatjn-aayv-jkp-hhcmo-lb-oeqr.dmam", "ruleSetType": "HKSBB", "ruleSetVersion": "3.0", "ruleId": "920320", "ruleGroup": "920-DITLTXLH-NFBLVZGVRGL", "message": "Fzfeskc Evhz Jczuy Qpkjtp", "action": "Qibmvtl", "site": "Sgzuoj", "details": {"message": "Zllrksr. Becwfliu CL yfmgujs 0 ju TWSSQQY_JYCQAPI.", "data": "", "file": "gjizw/XOYKMVH-920-LAPCZHYD-UEIZIWNQBSM.eixv", "line": "1310"}, "hostname": "etsjqhlroahtpkot.pyv", "transactionId": "8502796098622996687"}}, {"resourceId": "/HNPATGGVOKWKN/0Y3FC9HZ-6MJ5-4F0N-R452-O032EW8RU133/LSJMEWYMRYDRNE/TSHYCTAGFIIB901/LYGKSKUGB/ORAJQKCJV.ILPHYLE/NZBWERQJTZYDBYRMCVO/QHOVRBEI901", "operationName": "EdebxfbqopbQlxbycuBcvyjjgc", "time": "2020-01-01X01:55:27.1141223Q", "category": "DgaglmyitjgBggqqflWqvctddgXdb", "properties": {"instanceId": "UllzzourxtoMbovebvBabk_YJ_0", "clientIp": "45.55.71.15", "clientPort": "0", "requestUri": "/", "ruleSetType": "RGXAH", "ruleSetVersion": "3.0", "ruleId": "920300", "ruleGroup": "920-YDCRSSXM-POXUWXAWSGW", "message": "Nhrzzzk Apkisxo jk Lwlpiw Ikjbpg", "action": "Ajeulnj", "site": "Qcscon", "details": {"message": "Oniocrp. Uucue kg \"xn DswybZcdRsz Eobpqml\" jvtbzoc \"ICGLOAJ_UWVYGBC:Pwpd-Tkuqd\" cxnxfxqf.", "data": "", "file": "mghqa/BWMOPWZ-920-NLPQVOZB-VWNCVVGVHSN.ddfc", "line": "1247"}, "hostname": "shhckcksxjehxyfg.flw", "transactionId": "6196953089409313307"}}, {"resourceId": "/QMNPOTUARXRPL/0B3AL9RI-6SZ5-4I0O-F452-M032KX8BS133/CJUFBCMSYYFJCH/SIWUEBZMLFWX901/KCZQCWSMV/ZUKUWKTIM.KRFKGPF/UXDQCNLPTPIWREQLSBI/DQOCAUMX901", "operationName": "OzjcnztvfkaOurocgdRfkwctmf", "time": "2020-01-01X01:59:28.0658429J", "category": "IfwglxmwpwbXhdgufzKbkoqgacMvu", "properties": {"instanceId": "TrepuaxdebbBdnxoteVewg_GZ_0", "clientIp": "5.188.84.61", "clientPort": "0", "requestUri": "/hshcuchbaekqgwi", "ruleSetType": "FTNQG", "ruleSetVersion": "3.0", "ruleId": "920300", "ruleGroup": "920-AGMGEUAY-QPUDDYTASDI", "message": "Ykvkuch Oqnykyy tk Ifejju Cpthtc", "action": "Uxqxira", "site": "Rngiir", "details": {"message": "Nhxepfb. Gnhnx xr \"rv PczvuCohXxd Jjgbfww\" yssqrlf \"VRDOBMH_UIDORSN:Rokk-Gumir\" yawgrgci.", "data": "", "file": "iaybn/CLXERAY-920-NAZQSMFV-ZDTJGXGCNQZ.hdfd", "line": "1247"}, "hostname": "tmvncqewxnuckgiw.vdx", "transactionId": "13258606101219261321"}}, {"resourceId": "/FIXKKWRHXKDJX/0O3MB9XO-6JH5-4H0T-N452-I032MX8UK133/CSHPALLXXKUVWF/MTCEFLINPLWB901/WZSBRSOHE/NDNTMJBOL.FVEYCPD/BVGJTKRMUKRBFULBHZU/CTKYIZQE901", "operationName": "EgrdlkxrcywUnlugvwAejoawqt", "time": "2020-01-01Q01:59:28.3280270L", "category": "KbceblgbrttRretbovYyxwrfjjRiv", "properties": {"instanceId": "FfzzpeezmcbPfhnnqvYepl_GJ_0", "clientIp": "5.188.84.61", "clientPort": "0", "requestUri": "/dfuonalvxm-znjqysso/xswxtlc-mqufgogc", "ruleSetType": "QSSBM", "ruleSetVersion": "3.0", "ruleId": "920300", "ruleGroup": "920-NXJPIKVW-KZJIYRUZJUP", "message": "Iukishh Yqvmvlj sb Uaqhjv Cotuvd", "action": "Psldeif", "site": "Uubdmn", "details": {"message": "Kqmyzxj. Oiohe lo \"dd CbjfjUhfEvv Nztggde\" uiwnfvh \"VBISMZZ_AHCUTYG:Ddsa-Ctpjm\" nsdnqcvp.", "data": "", "file": "zvmad/CRLLFHV-920-RLAGLDDC-ZGSAFNRKNVQ.evxs", "line": "1247"}, "hostname": "qgdedjgzgokykvtl.fjo", "transactionId": "13258606101219261323"}}]}