{"logs": [{"resourceId": "/KEQGNZOCWWTRB/0A3YH9CZ-6XX5-4S0X-R452-W032KQ8WS133/MCBEOCLTTOQSEV/XTTMPYAWQIKG901/SYPWOVLUP/CCYXAVMNG.QOAIPAN/CRFMXXQDLPJMMCZXQIU/JIUFLWCG901", "operationName": "NhgizlkoyjjPobxgvrXuwftxhs", "time": "2020-01-12F09:00:56.7447549Q", "category": "UejygsvkcyrNgrpojdUrzwhbvuXpm", "properties": {"instanceId": "KbuhvtbnguiNkewzfwPcho_WQ_0", "clientIp": "23.96.59.35", "clientPort": "0", "requestUri": "/404", "ruleSetType": "SZUVU", "ruleSetVersion": "3.0", "ruleId": "920320", "ruleGroup": "920-YIGQQECX-LZGLKYMCPYV", "message": "Aqwknzc Iibh Ibatc Axfjma", "action": "Gmcxbue", "site": "Egjqoq", "details": {"message": "Xbfbogq. Ifxbobxb SY ebfzprx 0 wn BYLIODV_WTIYWMB.", "data": "", "file": "uswme/TBSGQLM-920-ACIPTUSA-UQLIPONDKZB.wwls", "line": "1310"}, "hostname": "hpfgxpypvkzackkn.ppv", "transactionId": "8286627714555718774"}}, {"resourceId": "/OPKAKTBGMZPHW/0T3BT9MJ-6MY5-4H0X-C452-L032SW8LR133/FIZRPZZNOPMDRL/OUTLLTQQJKXL901/EUWIWFWVD/NOXWRQTAR.GJYJPEG/QTVFYQBXLFLELWGJOPQ/HBPXNPYR901", "operationName": "HbfofriqwdeWeygbugXoprnvzd", "time": "2020-01-12G09:00:56.8078305P", "category": "MehmakrbuquWuqmhsiAcaryrnsWgv", "properties": {"instanceId": "OdyxxqokmchKnlksjpSimq_CJ_0", "clientIp": "23.96.59.35", "clientPort": "0", "requestUri": "/404", "ruleSetType": "VNCAZ", "ruleSetVersion": "3.0", "ruleId": "920320", "ruleGroup": "920-TJSPBKSY-JKVRYLVGGEX", "message": "Kupawxe Rvav Bxsfz Fvuvbh", "action": "Dfgnywx", "site": "Hhygwi", "details": {"message": "Mdhfssq. Jzgfqifg XE scjecrx 0 jx JRZRUXM_JJGTCZD.", "data": "", "file": "greqa/JJWZKXQ-920-SIVBGMAE-VOTQFYVNBPZ.kfqt", "line": "1310"}, "hostname": "pvztoqyixudndzwo.aqa", "transactionId": "4323460042469680644"}}, {"resourceId": "/UCQMDBOYOPART/0H3VV9YP-6TU5-4M0G-H452-X032RA8TN133/AWIZDEJXXJYSDN/CUVQOZMMXSSX901/KAHFZIOEQ/WEUWQIDBP.EVAPUXB/UVFGMLMERDZHUJKXNSG/WMDFVBLE901", "operationName": "JuscekdrqjaYfelqegAnsbyemy", "time": "2020-01-12X09:02:33.4276916D", "category": "NzxwvhtbdtwLbjhybvXptaophgYrz", "properties": {"instanceId": "KbrjlzebetkLxyrusdZprq_KH_0", "clientIp": "145.239.2.240", "clientPort": "0", "requestUri": "/arzhlul/hdpip_ksfpr_510_FS_GRQ.ksx", "ruleSetType": "KGBCA", "ruleSetVersion": "3.0", "ruleId": "920300", "ruleGroup": "920-ENRBBVJE-HUWGTVKYLFD", "message": "Cjfxamf Abigpak vz Uhrqza Zhxmid", "action": "Bsoebof", "site": "Ngzvbo", "details": {"message": "Ptcysxj. Ugbyn lm \"sx OytftQxzCgg Khgojjp\" bruslwi \"JUMDWIC_RSFFMYO:Ykxf-Souqg\" wjovdvvj.", "data": "", "file": "bsfsm/NCFRAYR-920-YDIEMYFE-KXOUPQOQVCG.sdht", "line": "1247"}, "hostname": "nnyrotwfkgovawxh.uh", "transactionId": "16861481405069144690"}}, {"resourceId": "/LXCXPSXRWLYZF/0U3LL9VJ-6TG5-4O0L-C452-E032SM8NG133/LWUMQZOOCEBSMA/CROEPEDCKLYV901/DEDLXTCNU/SPHICTVNV.OZIGRMG/GYYDPVNJVCTYCKGKGZY/ATYAGUMG901", "operationName": "OymxkojalfuWdgrrufCcumqobr", "time": "2020-01-12V09:02:33.6686089R", "category": "EshppyrxytdUkeqzmtTfwwpfndNwb", "properties": {"instanceId": "RgshjtuuqruWhimfvjMfpq_EY_0", "clientIp": "145.239.2.240", "clientPort": "0", "requestUri": "/pjomlqh/gsxyn_qvenu_ausdc_ocixyk.vbe", "ruleSetType": "CACOL", "ruleSetVersion": "3.0", "ruleId": "920300", "ruleGroup": "920-MOFHGHHD-FBYKWUZIWXU", "message": "Ytkdvml Uezqjcx fd Ypsxfn Eaopbj", "action": "Uucmvve", "site": "Hdkcnn", "details": {"message": "Ocwikjj. Fglvv yy \"bb GmgorAojQvy Hlbhsur\" vksbfem \"AABPYJK_YJRLPDF:Cnig-Oyail\" gydltokb.", "data": "", "file": "bpaiw/GQJRXVB-920-DNZOVTMG-BRHSKAKQGUO.xqjc", "line": "1247"}, "hostname": "plowcgukqzparnro.jq", "transactionId": "16861481405069144691"}}, {"resourceId": "/ULTWTTMQDXUUM/0V3PQ9CR-6PS5-4W0F-V452-K032MC8NT133/GAYKLFOXEGZDBT/PVPEOQGSJPCT901/QVPIGAVCL/EOQTRMUQJ.RRZJPOO/TWNNMMNEQBZKVUOSDRJ/JBQIHUUZ901", "operationName": "LwgywpwmqfiQgopkflYemkfrmg", "time": "2020-01-12I09:02:33.8783901N", "category": "IiqsyrkbswoTocrebfOwxobhvnVpb", "properties": {"instanceId": "GtecnembcvvEeghkitZfeu_GE_0", "clientIp": "145.239.2.240", "clientPort": "0", "requestUri": "/hazkwbv/qbbzb_igyjf_510_GC_GGB.umf", "ruleSetType": "MMKFH", "ruleSetVersion": "3.0", "ruleId": "920300", "ruleGroup": "920-JNQZYTDB-GOZZHTSDCAI", "message": "Zptxxaa Btpjjsk of Nzszhg Zbbmoi", "action": "Cgefcll", "site": "Nglici", "details": {"message": "Zseizzt. Juief vs \"jf KgzsxEyxIcb Flfjeor\" gikocoy \"AKHCJPA_NANYSBB:Jqxw-Ujxry\" zrxibwxv.", "data": "", "file": "bjuim/ORXRFWO-920-SWGISAGT-UCNMHGFNCFP.duco", "line": "1247"}, "hostname": "lzppdaqubxwkqajc.mo", "transactionId": "16861481405069144692"}}, {"resourceId": "/FATHODJJNLURO/0V3VI9DR-6RA5-4F0L-R452-I032NY8NO133/GZKMQJTFUBMIXA/ZYXFZGGMRSSC901/XTXCNZLUL/BNRAMBCXN.DHHXCNP/EQMOYJTCFCVOBGXRBEP/YJYVUGER901", "operationName": "EvbwnwtfkagNcdpchaHylouxnq", "time": "2020-01-12N09:02:34.0033929F", "category": "GaroddjvljgRqyyomwKpfgpcmiTiu", "properties": {"instanceId": "KrfvfgnhvraUyuwqwuUmjw_RL_0", "clientIp": "145.239.2.240", "clientPort": "0", "requestUri": "/aaxbsqk/qhjkm_sfgji_nzicg_vbkvtn.xar", "ruleSetType": "HGITG", "ruleSetVersion": "3.0", "ruleId": "920300", "ruleGroup": "920-BZRBKPLE-OXLATJIQMGB", "message": "Bpneyol Cnpblwt nh Dwinqp Iqquoh", "action": "Sejdqpg", "site": "Bauqvs", "details": {"message": "Ogsanvv. Irmwb wh \"wx VuedxJvmWmd Txfusbt\" ntbsyve \"PJBVWZM_RUYQIXA:Ltog-Wowum\" noacmtbi.", "data": "", "file": "whxsa/SLYHOZR-920-XVFCIICT-UQXAYTRFKHH.qxoz", "line": "1247"}, "hostname": "wzbcpwauhwlnobrh.aj", "transactionId": "16861481405069144693"}}, {"resourceId": "/IJNGEKSUCCZBQ/0M3LH9BB-6OV5-4Q0P-T452-G032AK8KZ133/JMGUCNMLJDRYRC/WJCFDKLBVYLY901/BMKGSWMGJ/VOKMCNRRJ.ICBGWMN/EDQOZGOLEKSCPGPEHBG/LIPQFWLK901", "operationName": "YvbigyhjdqcXervmtjVbhrnxgw", "time": "2020-01-12Q09:02:43.2055161F", "category": "IagszfufzefOwevsjkKrwmzvidVhm", "properties": {"instanceId": "JjdtyduzvgkYejoxroOvjp_OA_0", "clientIp": "23.96.59.35", "clientPort": "0", "requestUri": "/404", "ruleSetType": "BQNWV", "ruleSetVersion": "3.0", "ruleId": "920320", "ruleGroup": "920-JHARQIGZ-YUQPKXZWTTF", "message": "Nqtbwar Eyih Dzsrr Wjeqlc", "action": "Xvyqcrx", "site": "Vfbvie", "details": {"message": "Yobjakl. Znbnrelc SM kgpotor 0 cj YXKGKWJ_EJVLVEY.", "data": "", "file": "nihmx/JFKBVUW-920-NODZKEWB-CGBFPAZCYBJ.umzl", "line": "1310"}, "hostname": "tyktiwnfobtzbydf.gxa", "transactionId": "8286627714555718776"}}, {"resourceId": "/XSJUPVJERWJOC/0I3TK9DS-6AT5-4I0Y-Y452-O032XB8AA133/KNWEFUZIOXMGLW/UXUUHRXOQQAV901/FFHFPTVVY/QQEWIISTA.VHZQPXS/LZTAZLRDPFQBXUALBJT/YBIYVEXB901", "operationName": "LtlgjiiqubdKghbbxdAgjxjxtz", "time": "2020-01-12G09:02:43.2836557O", "category": "MnhbokbewkwJydrnlcDrvljqedIqu", "properties": {"instanceId": "YagtjsofxjaEoejxueEviq_UB_0", "clientIp": "23.96.59.35", "clientPort": "0", "requestUri": "/404", "ruleSetType": "MMSHN", "ruleSetVersion": "3.0", "ruleId": "920320", "ruleGroup": "920-JPPJTSKZ-JZZTDAPIIRQ", "message": "Tualaka Sxjx Rdmqu Oqficz", "action": "Isrmvlg", "site": "Wjphye", "details": {"message": "Mevfuhh. Axmlrkmv GW jgzasyj 0 lp AVBCRCA_SBQHUJL.", "data": "", "file": "zerok/BKDFHJB-920-ATAOTEAR-ALMPSJPCIJU.vwfl", "line": "1310"}, "hostname": "sadspzlihqwzuqwe.qpu", "transactionId": "15636506704470873563"}}, {"resourceId": "/USIGLLDBQMPYE/0Q3OG9PV-6SH5-4V0O-Z452-Z032LY8KH133/APBZVBFBVHXQGY/RYRNLCZOISEN901/LIIFPMUSW/XSZDGZAAZ.YKGPWJX/WFEQXKKGZSACNHFOSDQ/KRGPUXVN901", "operationName": "RkvwflxmjiaXxgujpgUwljlqgf", "time": "2020-01-12Q09:07:43.5780848S", "category": "NnltpdhagrlRkgfqcsTzubdxrxEam", "properties": {"instanceId": "PccuudpdftxWxuzapoTeia_CO_0", "clientIp": "23.96.59.35", "clientPort": "0", "requestUri": "/404", "ruleSetType": "FLDYU", "ruleSetVersion": "3.0", "ruleId": "920320", "ruleGroup": "920-YARFVUXU-UOWDXOZQYXD", "message": "Vqgtqps Sjge Luwdp Jzygnj", "action": "Acqscvj", "site": "Iwxdgb", "details": {"message": "Lrutnsv. Arlbonjs UY uhytywo 0 pw JOLEQTR_YHQSKPN.", "data": "", "file": "dcift/UPRYXCK-920-VUJAFYCT-WXJETECYXXU.sqoh", "line": "1310"}, "hostname": "qvtgdpnvgwuazbem.lx", "transactionId": "6989586623826501803"}}, {"resourceId": "/WMGUWSJZZPQTZ/0Z3JO9BB-6QW5-4Q0J-J452-T032VN8NM133/LMZRJNQJHHHXTC/PIBMTNMXVHAC901/VSJCEXFFM/RFSVRLEWP.EUGEGWQ/LUEYEDSIYIAALZNAKEI/QKNISZBI901", "operationName": "SdlnfgiuuciYxgvzgiXuzjjspg", "time": "2020-01-12B09:07:43.6718345H", "category": "FthwnqsczujJqjkddhCbbkgmgiAjl", "properties": {"instanceId": "EnhnukgzlciSxuxzhzVdqm_OD_0", "clientIp": "23.96.59.35", "clientPort": "0", "requestUri": "/404", "ruleSetType": "FBBOX", "ruleSetVersion": "3.0", "ruleId": "920320", "ruleGroup": "920-ZOILAFTI-YFOINVARVUA", "message": "Hsqqazi Rhop Wahqd Mmpzoz", "action": "Vlxyeaj", "site": "Hcsvgh", "details": {"message": "Yylylyu. Ewqtfokg RG wrkjoqk 0 hp DVEOBUV_UNPHWHO.", "data": "", "file": "pavle/XYYMXOJ-920-VZCBVOAP-XUPMGEIUUEC.wlgm", "line": "1310"}, "hostname": "zjcbgybrygtonfqh.mq", "transactionId": "15708555502415784132"}}, {"resourceId": "/FLFGLKMFBTQQL/0R3YR9QO-6RJ5-4Y0I-R452-U032WX8LY133/OSUPZTFOTYDWGL/YTCFIZUUPSHO901/JOTEYMCLD/GNGEQQUXM.EFQTWYV/OFVMYHKNJHAANUQLNQY/CLTNSCHH901", "operationName": "QurtkrbwgbrXffljpuQcnnzrgv", "time": "2020-01-12R09:14:23.1151432R", "category": "XtmbplwlrmbEmnghwqPxspowomErl", "properties": {"instanceId": "SwbcpzofxzrCbixmqaWumt_AX_0", "clientIp": "66.160.140.184", "clientPort": "0", "requestUri": "/jiinh-em/nrykf-jwauzxkad/fejoadmtjp", "ruleSetType": "STHXL", "ruleSetVersion": "3.0", "ruleId": "920300", "ruleGroup": "920-VWIIGEHJ-ZOUEEOHZWJM", "message": "Whxpljc Hszdqvh ie Jwnxwr Fxcauw", "action": "Fhjeivk", "site": "Hokqqt", "details": {"message": "Yifsrbn. Sxyzt ll \"gq UlmrnAhzBdy Qhvzlwi\" bryprvj \"DWSCYEZ_YXJACZD:Lbrv-Etrgc\" dfokwtsg.", "data": "", "file": "zeqht/FQAMTXG-920-FBPPBIJM-SLQIOHKTCPH.ndbm", "line": "1247"}, "hostname": "qsyzmwlpjwpfnjtn.qbt", "transactionId": "15636506704470873595"}}, {"resourceId": "/DWEUWUTNMFSKZ/0S3AU9RW-6ZB5-4J0W-E452-X032LX8WN133/MCJRVPZNMEPQVV/UQEOXCAQETLW901/BTQKKVACC/BVQTRHZOU.QULRQPP/GWWFQFSATBHKNZVQPFJ/MVFMDMRG901", "operationName": "NiaammmrkpaCfawuelJguarqgh", "time": "2020-01-12P09:18:53.9408808E", "category": "OdgvjandlgdSpuqtosIgkwbmuaOyc", "properties": {"instanceId": "PdlydponnxbVlhmiqnExwb_ZW_0", "clientIp": "23.96.59.35", "clientPort": "0", "requestUri": "/404", "ruleSetType": "PJWOF", "ruleSetVersion": "3.0", "ruleId": "920320", "ruleGroup": "920-RAMLQXES-IWKKBIJCHQJ", "message": "Qgkfjoz Dlhc Bprbv Vysfut", "action": "Umzslio", "site": "Vubcph", "details": {"message": "Ohspbrv. Gdtjtiuc IO gxjpjhp 0 hj ZCVMMLQ_ZRPUUVI.", "data": "", "file": "eryok/AWUKHEK-920-JBWJTKVO-KTUMFXKBYBF.kspd", "line": "1310"}, "hostname": "rmirtvxvifefgiqg.awe", "transactionId": "12249795386641760404"}}, {"resourceId": "/OEFBWPZNJQUHL/0K3VD9LG-6ZR5-4N0Y-N452-B032KL8ZT133/SMGDLHPAWGEMGF/ONHFHEIIWBBH901/SOWXAUAYG/FGOEYFLTX.IWLEZMC/JCYGXGCEYVVOOKZGCNZ/RXHQGXXF901", "operationName": "VjitpmqddjwVvyoqqfCgifxexp", "time": "2020-01-12K09:18:54.0189697L", "category": "CyiukhdhwmdXywseroHpolbbjoEri", "properties": {"instanceId": "KrziaapnmqoAgqlepcXbnv_QS_0", "clientIp": "23.96.59.35", "clientPort": "0", "requestUri": "/404", "ruleSetType": "TGEJX", "ruleSetVersion": "3.0", "ruleId": "920320", "ruleGroup": "920-JUTDPSSU-TYDWPAMDNVR", "message": "Jfwqmdi Xmnj Khabz Dprjhy", "action": "Asrtwcm", "site": "Wcmgxb", "details": {"message": "Fgpebss. Fxhwoxiy FH hgyfjlr 0 bg ZNXMMDU_VADTMSX.", "data": "", "file": "zsorh/NYOQYBA-920-XILYYISN-TPSSHABQVPC.yaip", "line": "1310"}, "hostname": "jlyewjzffaqmgwrb.hwz", "transactionId": "16861481405069144759"}}, {"resourceId": "/BADGZYSHCDZJH/0F3ZX9ZI-6JR5-4V0E-L452-I032JJ8JK133/EULIMXEUYGHJCQ/AUOYPZIVSMCH901/MDTLVYZAX/GKMWEUCHR.STFGTPE/DSLZOFSJNFWRLYQAUIV/KOYQGEYI901", "operationName": "DqrjnlpwelcPkffubqAoyvsttf", "time": "2020-01-12X09:25:01.4339123Q", "category": "WtkpgkmqqyeVuebpmpCnibupohIyl", "properties": {"instanceId": "NrkotufrqcwDwjcoyaGjpc_JF_0", "clientIp": "185.25.35.9", "clientPort": "0", "requestUri": "/ucxjdptn/", "ruleSetType": "KZXJJ", "ruleSetVersion": "3.0", "ruleId": "920300", "ruleGroup": "920-YPKMXLZQ-CESIWSZDWON", "message": "Fgvmhfy Ggqfjsv qa Ceihjl Jvwhcs", "action": "Qxahlje", "site": "Wmyhpp", "details": {"message": "Pjccfkm. Jodfi zs \"ea SsmtzTivNsw Rozctdn\" fuyflcr \"ATLBSED_WIMWKNP:Vfwt-Jlaiu\" zsovkvgx.", "data": "", "file": "kvujw/TUILBQQ-920-JHVRRHIW-YFRSXALPVXO.nugd", "line": "1247"}, "hostname": "sjoacmfecqkfywct.xkx", "transactionId": "2377905003445627718"}}, {"resourceId": "/MMVXPCBDUFVSD/0K3TD9ME-6ZJ5-4D0Y-U452-F032PT8JB133/LZQEXSVMUCHRBX/PJOTQKRXXIUB901/TXUHVSKBU/GXZVIISUL.SFCBXKC/CGYHXRIHVYBQOIGMGIT/KIIUVVBL901", "operationName": "RsdwvoxczkqMukcmfeLtdrgloq", "time": "2020-01-12G09:25:03.4732207T", "category": "MqkrxwnogzaXwdosrnDneunotaDhp", "properties": {"instanceId": "KjbmsmcxdakRuxldxmMfnh_NP_0", "clientIp": "185.25.35.11", "clientPort": "0", "requestUri": "/hkrgryuggmsdoj", "ruleSetType": "KLYWH", "ruleSetVersion": "3.0", "ruleId": "920300", "ruleGroup": "920-CXHDLOFJ-OSTZALIFAKP", "message": "Oyexiay Tzgazer hi Xhkxyp Xxsxjk", "action": "Awvxzrv", "site": "Ogvshr", "details": {"message": "Tchfmkl. Akcat ko \"fi VfxvwIbrVuy Xblsbco\" tcxwgpn \"CKDLIBO_JVJFJXN:Mhfn-Eqsfo\" jirewlgn.", "data": "", "file": "hvmah/DFYXMWN-920-QUGXXAQN-OAIIEPFWXVP.gwfb", "line": "1247"}, "hostname": "qndpefdyrhdadsfm.veu", "transactionId": "9151323241057363804"}}, {"resourceId": "/NZLQGTSZEFLGJ/0U3HN9OU-6GF5-4K0F-W452-Q032AI8DA133/ZCKXNCPRTFBEVF/CKNVQEBKSYZM901/HBSFNFLXN/SMALRMZUH.RFOYTNW/FLMMVVVDSUCYNYUQXIJ/OSNUICXV901", "operationName": "OfzbytfpexvNjbkpiaPxkkgooh", "time": "2020-01-12D09:25:05.5101597C", "category": "EqdhwfwzplvVolnrscOvclpxsoQxl", "properties": {"instanceId": "TsunwgxfxdkUwbxribGcno_BI_0", "clientIp": "185.25.35.15", "clientPort": "0", "requestUri": "/dhipjolfuhbmqq", "ruleSetType": "DRTDV", "ruleSetVersion": "3.0", "ruleId": "920300", "ruleGroup": "920-ZNUPHSFA-OACGFSZSNWE", "message": "Bznxnbb Wnjcdje do Hymqlc Xgcykj", "action": "Hodyoit", "site": "Briurx", "details": {"message": "Rvuszzu. Isadz js \"wj GyqsjPteXjo Jtvwbxe\" kjpniex \"AQGZMTK_MHHUNKF:Lgap-Nqujx\" tfcxcfot.", "data": "", "file": "preqg/ZPEOVGW-920-WCLWVDSF-ITGMBIMJHLX.zytu", "line": "1247"}, "hostname": "hrrnzhfvqhatltyv.ejc", "transactionId": "9151323241057363806"}}, {"resourceId": "/LRULWFBMFUHPO/0S3AH9OS-6QR5-4L0X-M452-S032UN8HK133/ONYIBDPQUVLRMT/YWZGJDVMWEBX901/MUKEQYCWV/OQPPMXMGA.JJGLGCO/OUBZZKHIVICAYQJLRTK/HSAIQWJN901", "operationName": "KgueyhgvnkbYncsfgdNjohdhcd", "time": "2020-01-12O09:25:08.6669843I", "category": "KfqjeknlvdhQsrhzuuWagkcfqmBdb", "properties": {"instanceId": "XxfsuzjhvrlCqlbisiDeca_RU_0", "clientIp": "185.25.35.10", "clientPort": "0", "requestUri": "/-/qibvk/Amtrelr-Millvoit/Pyufl-Aj/Smxfmlb-Futaspmu/NN-Hcqiypn-Aiim-Gzbgsyrwyu-Vcoydojngx-Swaufg.rune", "ruleSetType": "MZXIZ", "ruleSetVersion": "3.0", "ruleId": "920300", "ruleGroup": "920-TGAAQRYT-XUKDFNRBJSL", "message": "Fpflnqq Nzhuypk vz Nevbnb Izwkfi", "action": "Xphmdob", "site": "Qsmpqr", "details": {"message": "Qetfkgu. Vmplx rt \"ff VwqsiCymRxe Ggmjqwf\" kbsvuie \"VKGXSCA_BKVMSFP:Xxnn-Khsli\" cuedxjtw.", "data": "", "file": "bfdxq/HBNYVXB-920-YXJPMWKW-FKIUCTSSQWA.sdoq", "line": "1247"}, "hostname": "dhieapffbkoingsi.ert", "transactionId": "8286627714555718816"}}, {"resourceId": "/ILDOUOOJOAHJM/0W3BX9HJ-6VU5-4F0Y-K452-L032TY8ZG133/LZGFSWRKOHPMHE/KQUWKUATDUZQ901/ANRRKJXVP/ODGYXVCJG.XYNPJDN/REUCTAWLQJGEEAMULLZ/UBRLFSBW901", "operationName": "HhirakruykvBlkfrqwTjbqjghy", "time": "2020-01-12N09:25:10.4187449L", "category": "VquyweerpxiBhdmcjvHvytyuqpPyp", "properties": {"instanceId": "BcfqmmooymqImmwnggMkdi_CX_0", "clientIp": "185.25.35.9", "clientPort": "0", "requestUri": "/dcysiotb/2019/12/18/oalgemgs-lqklj-bnikzfh-egjjxudp-dibsztmv-bjrdwbzna-iwe-100-vbkjz-pozmegi", "ruleSetType": "FSJGM", "ruleSetVersion": "3.0", "ruleId": "920300", "ruleGroup": "920-BUPFXAZZ-PGKZGLGFLRO", "message": "Jutqreb Hjtfosj xp Uvmotv Uxjasy", "action": "Hefmlhn", "site": "Xjtrue", "details": {"message": "Arkqcfs. Shien lb \"us YxujfXwgDew Wsgdlni\" nhqjwyw \"HLKQWBY_DNVPBEH:Hoib-Qbhho\" isglsamv.", "data": "", "file": "sdtgd/WQWPUNC-920-QNLBMPZU-NWLFIUIQLGC.zxqz", "line": "1247"}, "hostname": "objcgpzbcoqldxum.nus", "transactionId": "8286627714555718818"}}, {"resourceId": "/WLDLDCVELGWUA/0Z3XU9GP-6LB5-4Z0X-D452-U032PJ8QS133/DUATRCJFXASXQK/LVPBNLKFIHHB901/XUQMONREA/SGOEDUYHV.YUXRGBW/HSMPBKMCAEWEBRCFFSH/OORBGESY901", "operationName": "HuruojiywuzZipcowbYwnistaa", "time": "2020-01-12K09:25:11.8404729P", "category": "TeyvxngxvcuQsixqidQqflitxnCed", "properties": {"instanceId": "JljreimasilJyghztvYwou_YY_0", "clientIp": "185.25.35.10", "clientPort": "0", "requestUri": "/vuaykbqg/2019/11/06/ibbm-cvvyyzu-rrunfnn-kmxfwfoh-afa-zboblk-lwuduisi-vkaa-itznro-eh-ckyynls-hlhh-hreb", "ruleSetType": "VBHPK", "ruleSetVersion": "3.0", "ruleId": "920300", "ruleGroup": "920-YUBGTTRG-NYKTOKNAHQF", "message": "Pbybwgq Sbdbsky lc Rtxwah Lophbt", "action": "Hkqmdvy", "site": "Rsfijq", "details": {"message": "Rqtzebv. Kiyxk pu \"ne GgnutQroGrc Oaukcun\" xybjfzw \"GYIEMVO_OQWRPFQ:Lnaf-Mjnxx\" yslmdaxg.", "data": "", "file": "ndymw/PXRFMHL-920-THGKVXMR-KHUXYGSOHZR.fllj", "line": "1247"}, "hostname": "rosaqqsyatwfnauc.mws", "transactionId": "12249795386641760419"}}, {"resourceId": "/AWSGAKFFQQXGA/0J3EY9DX-6XM5-4M0G-Y452-Q032IA8SX133/UBGSKURXKOGZVE/YFPJUVLZAGSX901/XFVFKWMFL/UXFVPEADU.EBYHHTV/DHBMJAYXFGSXWAFQDEA/QPPTEKMW901", "operationName": "TydqumiivwcCmeusujMrhggrae", "time": "2020-01-12M09:25:12.1293050G", "category": "TjzaozvbuhiKcqktkmLserajnzSly", "properties": {"instanceId": "WgcoklgxkeyLpgwbetDiao_TG_0", "clientIp": "185.25.35.8", "clientPort": "0", "requestUri": "/ednmeuyx/2019/10/21/suzy-omyhfgh-qprk-jiyqqwjng-flktgcjngmnsfx-hzwqho-oofxp-zxu-dodc-pdsuukmbpop-saz", "ruleSetType": "GHDID", "ruleSetVersion": "3.0", "ruleId": "920300", "ruleGroup": "920-EKTLZSWU-SHXYZFMAKGI", "message": "Zvxfsca Obmqcbv qw Tlyrxl Xfewid", "action": "Cjotcxe", "site": "Pzlomi", "details": {"message": "Dgpiveb. Bivzn qh \"et IygykNflZom Jgybxpf\" yibcddl \"YKIQSQG_YFNQPZE:Lncl-Mugvd\" bfixvsmt.", "data": "", "file": "eptuc/MZSCQDP-920-HZIPKLSY-PKYEJTSWSZL.lpji", "line": "1247"}, "hostname": "yzegztnxhbpowwaf.hfb", "transactionId": "12249795386641760421"}}, {"resourceId": "/ZAZNKOOJNVSBE/0T3EG9ZR-6LW5-4N0W-Q452-U032HP8LG133/ORGAYMPRYXGMFK/EZIEHQPBNXOW901/SMVWMUNEO/YLXATUQGQ.WZLILDZ/GNZSBMWUNBQZHEGHTCJ/DACULCDF901", "operationName": "SyrglrnjdjhSwbmyhuBqfrgyhm", "time": "2020-01-12P09:26:18.0661028S", "category": "FbrimmnduucBqitgxvDajljvmnOky", "properties": {"instanceId": "UsnsotnbkttEmfkuwzUeal_ZK_0", "clientIp": "23.96.59.35", "clientPort": "0", "requestUri": "/404", "ruleSetType": "DKGIH", "ruleSetVersion": "3.0", "ruleId": "920320", "ruleGroup": "920-QIMBHVBM-LSNRAOCHQPF", "message": "Ffiwjvu Omyt Gilay Cakgjk", "action": "Zjxklnn", "site": "Wnslri", "details": {"message": "Dokdduu. Kfpiyvvv WY qcgobry 0 wg UOJJPPJ_BCONLFQ.", "data": "", "file": "bgauo/VPLLIYD-920-NFSPVLWP-IUNYHPBEKJW.wefw", "line": "1310"}, "hostname": "rowfoigdhcelomdt.lgw", "transactionId": "16285020652765717773"}}, {"resourceId": "/MMWTJTSBWRUSI/0I3XE9SU-6QB5-4L0D-S452-V032DA8QD133/ULFCKDEOSVSCFG/RJXHAYIFQFEB901/WPJYNKQFK/VVRPSZFDC.WVOSCNI/NQFMKQRHFRGJOCMXPRX/DKQNASDB901", "operationName": "LgvajmtqsaeQhuxuyiQjxvsorn", "time": "2020-01-12D09:26:18.1333056R", "category": "PzwjedyqkksOgxhrfsUaitgbcqDva", "properties": {"instanceId": "WsmerhfhxgbEwnwedwGlyc_GJ_0", "clientIp": "23.96.59.35", "clientPort": "0", "requestUri": "/404", "ruleSetType": "WKSIX", "ruleSetVersion": "3.0", "ruleId": "920320", "ruleGroup": "920-SMXGBDLD-NPPLSHSRBRM", "message": "Xugcfbi Xgmu Nrzld Ycwnqo", "action": "Vdwhigz", "site": "Rtdqfg", "details": {"message": "Brgvykq. Plrmkuck GL deaawhk 0 ol SMVQANO_PCJYOXT.", "data": "", "file": "lhcqy/SJBSMPA-920-VSBVUNWX-URKPXFFURQF.zkja", "line": "1310"}, "hostname": "likbfuabdupviipi.xup", "transactionId": "11601272642253885440"}}, {"resourceId": "/WPSHHZVUDFQIZ/0U3QM9LZ-6LS5-4D0F-I452-S032HA8SH133/VWFJEFNQLPQWMM/IIJKVSLZZSCP901/DBBTGAHGL/XEXHSWCRA.QBHXAZT/ERHJDXUIBSJAWMGIBWQ/ZRBHAAKA901", "operationName": "KcjvtxomdetLfozscvLmocubud", "time": "2020-01-12W09:30:13.5902814P", "category": "VkjcsknvagvLyahjmtIqkgnkiiJxu", "properties": {"instanceId": "XrdcuyfausjVcqzefzZsqq_XR_0", "clientIp": "151.138.13.148", "clientPort": "0", "requestUri": "/llvidv", "ruleSetType": "FAQTK", "ruleSetVersion": "3.0", "ruleId": "920300", "ruleGroup": "920-JEUITJUT-QLLXMTOKHPX", "message": "Nahcmuk Vghhzrb ss Nevksx Kkstmj", "action": "Kpwwpqy", "site": "Qafwws", "details": {"message": "Zjltnar. Gwvfv xl \"bs FxhilTwfAfw Jgkgsqm\" ypdvswl \"FMMDYLG_MIMVBGD:Fczv-Ghtfe\" mirryeja.", "data": "", "file": "vvxcn/WYYWBTE-920-FHJMYMPO-LXGXNAPUKOQ.vhlc", "line": "1247"}, "hostname": "hhtedmtycvciobta.eky", "transactionId": "3746999290166256136"}}, {"resourceId": "/KVCZKXCXKKQVJ/0E3NR9JO-6AZ5-4I0H-Z452-N032WW8TU133/WMVGSEQRSKDHWB/UGPCMBAUAXGX901/FSYQVNJPO/TEPJMNSVB.RQZBWXG/BGNYKUVYKUVYJGJYNJU/WIEBXZPE901", "operationName": "GkmyffjmvpgPbwccntOtizdmni", "time": "2020-01-12A09:30:13.6996607W", "category": "BiddmmmlebbLdmoafiCbguonasDru", "properties": {"instanceId": "UwvsrycfofzSxbyhgnMfyr_JE_0", "clientIp": "151.138.13.148", "clientPort": "0", "requestUri": "/nngipy-ucoyekejovhl", "ruleSetType": "KEIFD", "ruleSetVersion": "3.0", "ruleId": "920300", "ruleGroup": "920-TCSBGYGZ-SOCBMLKGPFP", "message": "Kzsrvcf Ozpwghx vt Epdnry Lnxobx", "action": "Wsraklx", "site": "Vrvnxq", "details": {"message": "Ljejguj. Sghsd lv \"lf VjnurQjgWgy Berwljk\" ynoaucx \"HTKVNXF_CSCNCME:Vcsz-Xyxcr\" ccmwkbpq.", "data": "", "file": "veyjv/WWTHZAO-920-RPEFYHHP-WPZJWYLQUFE.oakj", "line": "1247"}, "hostname": "bbnkflcvojedkiqb.jly", "transactionId": "3746999290166256138"}}, {"resourceId": "/FYELVHVNMMDYV/0N3MR9LK-6KO5-4L0E-Y452-S032LY8MB133/AZDFATGWZLBLGQ/NNIKJPLWTMSO901/EOUGTKTLT/CRAELWHLW.ZYGAPDP/RFFMZOMPOYBLKPRYKNW/SXBEYDDT901", "operationName": "MlndzdhofsjDbpjdyvVapzhqtg", "time": "2020-01-12A09:30:13.9673392U", "category": "SulttuqytaaUimpobiXdhkoumeEpa", "properties": {"instanceId": "XleweywhgzpOgizcguNqyw_TQ_0", "clientIp": "151.138.13.148", "clientPort": "0", "requestUri": "/uobjaa-rvowbmmcbbhq", "ruleSetType": "PLYTY", "ruleSetVersion": "3.0", "ruleId": "920300", "ruleGroup": "920-NXIKYZBI-JFULBWOFXHN", "message": "Hiwpixi Dxfezxy xu Vwltsx Mzoxph", "action": "Rwqgznv", "site": "Ywsewt", "details": {"message": "Ryuicjz. Keczk dd \"tn BaifqDjyXwr Jeijgzj\" msgfwlh \"PJXFGAC_TOBXUMD:Vmge-Pcjrh\" hbjpcclh.", "data": "", "file": "ggjob/NODJAND-920-EJMOPMCN-WLQFFMPSTBH.orlu", "line": "1247"}, "hostname": "njjmuppgrcepaqfc.ovt", "transactionId": "3746999290166256140"}}, {"resourceId": "/NEFEJAUVVMMJB/0V3IX9AS-6SB5-4J0G-E452-Y032XI8ZI133/YJTHHAUAPGQCDQ/BTTJTEVXUZNY901/ZXQCZHPSZ/UZJGGYXTZ.EVHSPPI/HVTOEWKPRTETTRGHLKF/QEPWVUWV901", "operationName": "KbwilxpljdfAjnjapaRsjajvru", "time": "2020-01-12I09:30:36.2350721B", "category": "YqrzptnznarMlgacmoLxhxuqepUgn", "properties": {"instanceId": "IrkievhpgwcZsahjolTpgs_XJ_0", "clientIp": "85.93.88.106", "clientPort": "0", "requestUri": "/", "ruleSetType": "DECNE", "ruleSetVersion": "3.0", "ruleId": "920320", "ruleGroup": "920-GYTBFYRF-KXGYTZJRGRV", "message": "Duuydlb Sqgk Evzkv Wksabn", "action": "Fbmyvsf", "site": "Tcpgqr", "details": {"message": "Uooatom. Ytyywnex ZS jjqxjjz 0 ip CARFFTH_XCDUNVC.", "data": "", "file": "cvvxu/FGOHSFV-920-RBKMEUBP-FERUERBWNWC.puua", "line": "1310"}, "hostname": "jzvnpqemeuoakknx.ihs", "transactionId": "2810250567673188128"}}, {"resourceId": "/GSVDMZPTBSXXD/0X3HT9PT-6GB5-4G0N-Z452-M032LL8OA133/IZLAYPTXQZTETA/DYGPTVVWDMIT901/TGLMWFIZK/IJICBGCKZ.DKATFFU/HBAUEUVXLMRIMFNHKWZ/YYNGWLWW901", "operationName": "EyfsuiyeotfCijlmssRzpgudqr", "time": "2020-01-12O09:30:38.7419876C", "category": "UextuvvcxfeHsnpekaWkowjjjtVqm", "properties": {"instanceId": "RggxatpioztJfkgfppEimh_VJ_0", "clientIp": "85.93.88.106", "clientPort": "0", "requestUri": "/", "ruleSetType": "APMYD", "ruleSetVersion": "3.0", "ruleId": "920320", "ruleGroup": "920-NGEUSSFE-PPQZNAKZLCQ", "message": "Dgvpuua Yotf Jcnce Plcesh", "action": "Vmrylol", "site": "Byphvx", "details": {"message": "Hptaldx. Vuodidwb HE bynjtba 0 nl USEJQAW_EGITGWG.", "data": "", "file": "xrerd/KTISGPP-920-HTJNDRFT-GUSVWQSFTAM.tcjk", "line": "1310"}, "hostname": "bfpknaztidbljokm.iyd", "transactionId": "2810250567673188130"}}, {"resourceId": "/ZSDXQWZCFCMKJ/0Q3OX9AW-6EU5-4J0F-X452-R032YC8TI133/MYAMHSNSOBXZLA/ZMSVTFHXVWZN901/IOJGAQWHX/XRFIPYUBN.YXWKVBM/MMVYCUCMXLCTSKAJFGF/OYDDKCPN901", "operationName": "QqhelxbpeilDgmrdpsKvjpanxq", "time": "2020-01-12P09:36:41.9357316E", "category": "BcqhkfjcnjkVouyqjiYwmiqrthVai", "properties": {"instanceId": "FlaicxreojiPpcuxbeXkzi_YL_0", "clientIp": "23.96.59.35", "clientPort": "0", "requestUri": "/404", "ruleSetType": "JHJKH", "ruleSetVersion": "3.0", "ruleId": "920320", "ruleGroup": "920-LPTDTLPM-PABCVITWKCO", "message": "Davimkt Mkwx Uajzx Uhkvsp", "action": "Nvwsqcu", "site": "Zezjdz", "details": {"message": "Diodxeq. Irfflymk MJ coodszw 0 ne SIDYHNZ_DKTIQOQ.", "data": "", "file": "kowug/XNNPGAV-920-NSSFCMYT-MBHWPAWUYDP.rqzm", "line": "1310"}, "hostname": "tntcqbwphczlwusl.quk", "transactionId": "864695528649142021"}}, {"resourceId": "/ZGYMYSLSFZHHH/0Z3PW9CL-6ZX5-4Y0G-L452-A032SW8PK133/NQMYKZVBCPLJHC/MNTHYAASZCUV901/IHHARJFFI/FYXDMHFXQ.QJONCVR/DHWFYUEYJTBMCKYZYAM/PHUVDFGZ901", "operationName": "TjtxjhbdafcEsrrmikVdfteuxi", "time": "2020-01-12K09:36:41.9983846E", "category": "JlwndtydwcpYocyrjcRqsmqpbzGhd", "properties": {"instanceId": "MvkpofqeofqDcouqngFhog_EH_0", "clientIp": "23.96.59.35", "clientPort": "0", "requestUri": "/404", "ruleSetType": "IFQLM", "ruleSetVersion": "3.0", "ruleId": "920320", "ruleGroup": "920-LFMARQSH-ACPCHSQQFLY", "message": "Oymlucr Wtjz Ierlh Luixvh", "action": "Nlqzzxw", "site": "Cikkgw", "details": {"message": "Tnxvytr. Buahtxyl TY kiknsxh 0 if MLOHQPG_ZPEWPPN.", "data": "", "file": "lmiza/TWXAKEI-920-KBGFERIU-ZEWJOSYGILA.sadz", "line": "1310"}, "hostname": "djzxjzlmwnzhphil.vqt", "transactionId": "5476381547076522669"}}, {"resourceId": "/IFRLIHQMKGXZH/0P3IU9VV-6EH5-4A0N-E452-M032WV8XW133/ZXJTZPNQZSZLWK/PXZNKFJUIIWO901/THPTOJIYJ/QLEXDKKRW.LSREAEQ/YMZELEPRKHGEYCNCKCI/EPTJMYTT901", "operationName": "IebnkutofgtSrwzrknLfupnohb", "time": "2020-01-12M09:42:48.6627915Q", "category": "VendtfxbratIwvritsPcysxbggDam", "properties": {"instanceId": "BdhhdnjkgxrEydjyxbGzog_EI_0", "clientIp": "94.61.125.200", "clientPort": "0", "requestUri": "/sy-mbijy.fvt", "ruleSetType": "PUUIM", "ruleSetVersion": "3.0", "ruleId": "920300", "ruleGroup": "920-NUTNXOVN-FIIXHZCFVLD", "message": "Ctxjbwo Xnbbwyo wg Fgetwl Rjbmgy", "action": "Zuzrcnl", "site": "Ujwoma", "details": {"message": "Mmozrrp. Rxhlp ed \"yq NxtqyQzdFtx Ybalvmp\" pcyxpga \"TCRFLNU_NKBKREZ:Lznx-Dmkav\" xvssslag.", "data": "", "file": "okxhh/TLUOVJL-920-GHBJYKRF-TYAFATNELAE.yxsh", "line": "1247"}, "hostname": "ckxedegrtfzlnchy.yqj", "transactionId": "12393906176671093861"}}, {"resourceId": "/HDWJMTYLZCUPT/0B3BV9ZK-6LN5-4X0N-S452-B032PS8VG133/BACUPVTOKUDSXD/KNHACKDAYBKC901/KETDKFBPY/FUXGMCGHL.KUYDPKQ/PIJRJAFZLJVTULKFESJ/DODAHMTV901", "operationName": "SxajvijixizCujilvpTuhybgys", "time": "2020-01-12K09:42:49.1921728E", "category": "GkrzksgnmrpOdkasqlWkzaabrrIgz", "properties": {"instanceId": "JcqzxlhxtjzAsgyceaSsri_CT_0", "clientIp": "94.61.125.200", "clientPort": "0", "requestUri": "/ra-rhwjj.ere", "ruleSetType": "BNRHL", "ruleSetVersion": "3.0", "ruleId": "920300", "ruleGroup": "920-BBZUGDSH-XIRHDWXYHGY", "message": "Bpjvznr Qgopvpr dw Mxexzz Kbnlnj", "action": "Drclznr", "site": "Qnrpbm", "details": {"message": "Abgbtqx. Ctrkw eg \"ss HdwwrGhrDav Eevikki\" vhwejxk \"BFMJMQK_QFIEITE:Ncls-Tyvth\" bjhncorb.", "data": "", "file": "klyrw/HNYABXR-920-BHDDQPFX-YGGPPIPRFLD.ghzz", "line": "1247"}, "hostname": "cqcqxgsvbazfysvq.vac", "transactionId": "13763009259484745319"}}, {"resourceId": "/ZPPWVJXMMUJJQ/0B3PH9NW-6NW5-4Z0L-Y452-L032ZI8IO133/PQZLMZAZDHIANH/BTIZTDRYRTSZ901/LMVIWPCGI/BZXTIDLWF.ZHKIRZH/RVWRPXYOZXTVUGPDKBK/TEUJIHTA901", "operationName": "FccmlhgiviwNdvnkllJrxaxgiv", "time": "2020-01-12M09:44:35.0186815U", "category": "JcvpgrlatpkVorgnleGqbxykruYgt", "properties": {"instanceId": "UfzzafsfsjoRieghfwIbro_MW_0", "clientIp": "23.96.59.35", "clientPort": "0", "requestUri": "/404", "ruleSetType": "SBEAH", "ruleSetVersion": "3.0", "ruleId": "920320", "ruleGroup": "920-HFGAMORB-QBCMYOACGIR", "message": "Vsuotzu Pznl Cdkeu Sopisd", "action": "Rsutsqk", "site": "Bmfkke", "details": {"message": "Sqcrdlv. Helgvphw AX bqnvclw 0 sp MTDBIZO_XUBJAFK.", "data": "", "file": "byahi/LUHWIYA-920-TTFGFAQD-UCPJTWYKYLG.edyd", "line": "1310"}, "hostname": "ziaxouysevjhbxkf.oyw", "transactionId": "12393906176671093865"}}, {"resourceId": "/GDLPPKCHWZUEO/0S3NJ9HH-6GS5-4N0F-W452-E032YO8ID133/CGKKAIOFRTZRCQ/OMDWCVYKFZUB901/NSWYEHTKD/NTVWHOIYX.VJFUCCQ/UCKGETRPNLJTWWQTSEV/ZKWHDNDV901", "operationName": "GdqmjaogslyWmmgdrzTtznnmmb", "time": "2020-01-12H09:44:35.0815852Q", "category": "JhzsflkuovxRqrspjmYpemnbudGxe", "properties": {"instanceId": "RfqjpnsbakdLgciirbTbel_CT_0", "clientIp": "23.96.59.35", "clientPort": "0", "requestUri": "/404", "ruleSetType": "WPYVL", "ruleSetVersion": "3.0", "ruleId": "920320", "ruleGroup": "920-UKMNTIUG-MDSZYFFCAGW", "message": "Gapytob Ldny Mecqh Xslhta", "action": "Rjfkcka", "site": "Ygrxha", "details": {"message": "Bqvpahs. Xzwjserl FM arptpmu 0 np NPWEZGA_TYDGCMZ.", "data": "", "file": "xszpc/SXBHAGZ-920-BZICFRZW-JUNRUDWNSHH.jajn", "line": "1310"}, "hostname": "tmsotfaxahhqjwix.gge", "transactionId": "864695528649142029"}}, {"resourceId": "/GWFGOJVFABBRC/0T3QC9NA-6JJ5-4Z0U-Z452-U032XO8UW133/PNHDRKNZVDKVMW/QXRXJMOOXHHJ901/YLSLGJPAB/IPMARNRNC.ZLUOXUC/UYLSNYGVBLAQOMZEQIB/TYSVFAYU901", "operationName": "GqingedyasjBivqxsoJacrpkzz", "time": "2020-01-12N09:45:24.4604894O", "category": "DmuwdhyofwyLdylltkVvkkulpuQkz", "properties": {"instanceId": "YjrmwdbptdrAkyrmxeTmzl_FC_0", "clientIp": "171.83.124.90", "clientPort": "0", "requestUri": "/-/tqsbr/Bvdqjju-Szbmftsh/Nyxhq-pen-Jrajbqdjlxiq-Qnwpbxp/Mfdaw/IUA/Zbekniqgih/sdfgiqh-ttjdmz-jovtjrfvm-amkq-jajxaqdfhy.chyy?cv=sg&ziht=Q4BO9552OS2537T76724BZ2F0LP33WC4", "ruleSetType": "DDVPC", "ruleSetVersion": "3.0", "ruleId": "920210", "ruleGroup": "920-ZWFHRNWJ-ZBMSWFSAHXZ", "message": "Veyrnrik/Spylalydvad Lrkfciqkil Zggwao Mfke Dkdzi.", "action": "Uorjmfp", "site": "Jhqvlh", "details": {"message": "Apyqohb. Xcfnthf dvjmt \"\\\\v(hwqr-hqkpc|txdiz),\\\\v?(ohka-kzobk|wrcbc)\\\\f\" xk JHUKWXA_SRCABCA:Xmegnhczil ....", "data": "dmidp, fgzyi", "file": "uliwn/KFOEXHH-920-QLDOPUPS-RWQRCQRTWBY.ywcv", "line": "378"}, "hostname": "afgudtzwgosxbfia.ztx", "transactionId": "1585267070981911339"}}, {"resourceId": "/ZEYHDDXYCNFRX/0E3VP9NG-6PW5-4I0P-H452-H032ER8OP133/KPQZBHVWRJXKYZ/TAYTXZPMAWUV901/RJZNOOFMK/GZHHFKVRC.XWZNFKN/STNFNGDKURWTKXFUDWF/ZEVNJHFL901", "operationName": "EwxnvgkjqudMmkhgxhRglrolod", "time": "2020-01-12E09:45:24.4604894A", "category": "CyhpuhjccjaEoqkipoKdacimsoIap", "properties": {"instanceId": "SqugmmbmsqvMqpttojPdzo_FY_0", "clientIp": "171.83.124.90", "clientPort": "0", "requestUri": "/-/aipqs/Dvsvcxu-Nogbqcap/Bfgkg-yaz-Ytehysjbcytg-Wwvvayb/Efbky/QMA/Cpkvmujlrm/nioxxak-lyolsw-bvymkwjev-kwxm-gmczkgqqkv.xupy?du=tj&jddq=Z4MO9552RR2537S76724DY2U0DO33FX4", "ruleSetType": "LXVYY", "ruleSetVersion": "3.0", "ruleId": "920300", "ruleGroup": "920-HPQOKPTA-MTZMSNSOIUW", "message": "Yvhduxw Fkaxwud fq Glpyxn Aqbbvj", "action": "Ndkiaxw", "site": "Objfjf", "details": {"message": "Dlvcozd. Yyzkp sz \"zt QletiDgfSxp Hguwfyq\" rqukddn \"ISTMTFA_KYBVIMB:Dapa-Fohih\" gofotppl.", "data": "", "file": "wwzja/GJKHRDB-920-WKVXJAJA-ZEDGNHQGQGG.teim", "line": "1247"}, "hostname": "ubczlaxcpfquqlcp.jzb", "transactionId": "1585267070981911339"}}, {"resourceId": "/EIPTRVTGGZBWF/0U3IT9QZ-6FM5-4U0X-O452-Y032NQ8UV133/ZOOTHXOVSLGWHI/PFWYCRWSHVNX901/MJVPDWFFN/RYDJSFUWV.XQYTGFX/VLUNKMXAXZUTCKCXLWP/NUWFNVBL901", "operationName": "FlbcahwkavzCjbvcreNndqoxvv", "time": "2020-01-12U09:45:24.4604894E", "category": "VzaqjggdlwiShnxhhcDmyggoqqXpy", "properties": {"instanceId": "KeejqvrwmgtUehruojEeht_BK_0", "clientIp": "171.83.124.90", "clientPort": "0", "requestUri": "/-/hmxlq/Raluiox-Giupswfb/Njuqw-qpw-Wamtxwgeokoj-Dsnayxm/Yalfd/CYU/Djdyogxhlf/frxwgdy-rcvwey-asgtjhudm-vhbg-uwtpbseajo.nyez?js=gv&vmca=C4GY9552FR2537E76724RS2G0YN33BL4", "ruleSetType": "QMBDW", "ruleSetVersion": "3.0", "ruleId": "0", "ruleGroup": "Fgsgvtw", "message": "Hdyfpprcp ehor. Rxrxzb sc tvmguvom. Uwgbjkp Kbjjgvk Osebn Snigujot (Nbfnn Tpflq: 5)", "action": "Vnivufx", "site": "Ztddgp", "details": {"message": "Muntqw ravuxj ockv ffec 403 (xusjc 2). Wtypuaew JC jhgflwu 5 sg BN:rabetfu_ytidt.", "data": "", "file": "jjjgw/FMAZRQD-949-OELGEMBM-UIBYKWPPYR.lkrd", "line": "57"}, "hostname": "bxczuhqehwhvphey.nbj", "transactionId": "1585267070981911339"}}, {"resourceId": "/BQSFQCGVIVDUO/0G3WP9LE-6RT5-4P0X-C452-B032NJ8HP133/YIJBPLKPRNQXXM/CRKLVRJZGYWB901/IBJMOQOLZ/HVJYACSGU.FGKGHNL/VTGBDIHNVUZQOEYXNRP/WBRVELRA901", "operationName": "FyxdmwkrzxhTxcmgisKotutdiv", "time": "2020-01-12M09:45:24.4604894P", "category": "TblvwnswowhObfqxnkSzabhknmYmw", "properties": {"instanceId": "EvlcjlyhdekJfegxmvUyzn_MT_0", "clientIp": "171.83.124.90", "clientPort": "0", "requestUri": "/-/jrutm/Eiznpjr-Hirpbpsp/Gjlmv-caf-Ppigcbvdigzj-Filuqsq/Majlx/BMA/Neulfntjab/qurbbau-dpsppc-xvmujmkjl-poin-fdynsnovgc.tccj?vn=it&nrzx=T4RS9552LM2537W76724ZY2P0SM33MG4", "ruleSetType": "QDYWK", "ruleSetVersion": "3.0", "ruleId": "0", "ruleGroup": "Rhlglpm", "message": "Gmckfdpwb jdjb. Wipwde ol qxtwepzb. Puzpszu Eyrsbsf Agwes Vqkaarin (Kvavu Rxtjvgm Lobon: 5 - MFSU=0,ZIQ=0,USV=0,GRB=0,JRX=0,QYFR=0,YGQH=0,LWDT=0): Bvwncph Zztgduk bi Tvpnzp Xhrqow", "action": "Hfbrrcf", "site": "Rfjqch", "details": {"message": "Lcvsxpz. Ygkixcsm SP tlgptpr 5 xq PU:wtsffxm_kszwmhv_fsbxs.", "data": "", "file": "uniky/FUAALWJK-980-JFMMRORZNBP.jwrc", "line": "73"}, "hostname": "ynivlhnmowouuhcp.rxo", "transactionId": "1585267070981911339"}}, {"resourceId": "/DVSDGISXNKDZH/0L3XB9XU-6ZZ5-4W0P-E452-Y032QG8KX133/HUHTCSERNVQAZK/ANHALZOBQRPW901/QKPLGTLJT/SDSUPUYIB.WPEOAES/NAEQLNNOOTDSPVRFWIG/QTQMUHDE901", "operationName": "DuxdgqodsqxTvjurcrRecqhsot", "time": "2020-01-12M09:45:43.6032556V", "category": "CqjxpskierqVtwyskiBwbkjdrsAre", "properties": {"instanceId": "CrcoekhdvfbZwdjsgtBexy_MQ_0", "clientIp": "23.96.59.35", "clientPort": "0", "requestUri": "/404", "ruleSetType": "YXQVE", "ruleSetVersion": "3.0", "ruleId": "920320", "ruleGroup": "920-WMJYARDZ-ZSJGOHINLGY", "message": "Rtzfoap Cypi Yrgbv Xqpwun", "action": "Gdostaw", "site": "Lnvrbz", "details": {"message": "Duwxjqa. Emlnuhaw NA ubvalmw 0 qc CKCMZOZ_CWURHSH.", "data": "", "file": "neoyi/XQLRMVH-920-NWTZQEGZ-ALCTIJPXKLD.ykpv", "line": "1310"}, "hostname": "rgvdzcmmucikpqfw.qqp", "transactionId": "15636506704470873665"}}, {"resourceId": "/VWETIVLNMDSLN/0N3YI9GB-6NL5-4N0J-W452-T032ZK8AI133/HPFBEPPKAXHOQL/TGZKGKKJRIJS901/SPDNDUTPJ/UQABQYZSU.IMOGHII/GWIFQMFZZPZNCCZZBEI/LAXFKILN901", "operationName": "HfznsqebdjjZxiggejVxvgpfxb", "time": "2020-01-12E09:45:43.6676753E", "category": "KhhazlvarrjIhvoafwCfnplwynAga", "properties": {"instanceId": "YmqgydgblpoSsntqenGqqo_JK_0", "clientIp": "23.96.59.35", "clientPort": "0", "requestUri": "/404", "ruleSetType": "SPBPE", "ruleSetVersion": "3.0", "ruleId": "920320", "ruleGroup": "920-XTAJPHHN-XENBFGROXXB", "message": "Tcglcqj Hixd Bapqc Rvkuqh", "action": "Gkneatr", "site": "Eyjvhd", "details": {"message": "Xnehksq. Xsnjrmse QI ikbxmsk 0 vk ANDIFXN_OXQZHVI.", "data": "", "file": "lpmuw/GSHGXZB-920-ZUJKVFZW-CHWAOWITOUW.dmbz", "line": "1310"}, "hostname": "mjfrkwdkyjgwbfxb.vrk", "transactionId": "1585267070981911347"}}, {"resourceId": "/GAUMDVLJGSXZF/0Q3ND9PN-6OS5-4U0K-U452-K032PM8KY133/FTTSXIFOCKKPAA/WBAANUYOYUXF901/NGBBUYGDF/XLFIHMRUW.HIEURZL/MJHNRMDJXWWPPWAMDWF/HPNXRKSV901", "operationName": "SmzsjdrpdtlAhbukwqOfiyeijb", "time": "2020-01-12R09:45:48.1284449V", "category": "SrgjqrncdfbCtcarpqJmykrnfxCbo", "properties": {"instanceId": "YffckvevywgJpjriqiOdof_CC_0", "clientIp": "23.96.59.35", "clientPort": "0", "requestUri": "/404", "ruleSetType": "HKCTU", "ruleSetVersion": "3.0", "ruleId": "920320", "ruleGroup": "920-SMYNTFZD-LAUHTMUVJGY", "message": "Yftcxub Qlkx Mintc Pgbfbc", "action": "Foczuxk", "site": "Rschmr", "details": {"message": "Evuolen. Ljjaoiko RL nrooelz 0 my UZFVPKM_XCHRBJC.", "data": "", "file": "smdaw/WSYJWXH-920-IPMEFSRG-CYSTCSLZMSY.lcic", "line": "1310"}, "hostname": "rogpndkddpadahvk.wbw", "transactionId": "12393906176671093866"}}, {"resourceId": "/WPVCTJYAOXLEI/0U3FN9PS-6OL5-4E0Q-L452-M032OR8UH133/XMORCPTUYTFBVZ/TYZAVPZTHTGH901/BAXKAPOJN/CMFOEOILB.KXRAXFL/MNDCRGQMMTKLKDCCBGC/BMZYDKWF901", "operationName": "TjxgvyugvyuAmdnttcWoaifxbg", "time": "2020-01-12R09:45:48.1772597N", "category": "IkzmrhjicjuHpwwbucQqhylfxjGjv", "properties": {"instanceId": "XuswtruooayMpussnvIleh_OX_0", "clientIp": "23.96.59.35", "clientPort": "0", "requestUri": "/404", "ruleSetType": "UPNIH", "ruleSetVersion": "3.0", "ruleId": "920320", "ruleGroup": "920-HVSMRUCQ-AGQKUMGOICO", "message": "Jvglfcm Egcv Nkzrx Jwgmfa", "action": "Xdehyme", "site": "Kjbnxu", "details": {"message": "Lhgvvtt. Fyiiemkv WE skcobzs 0 yi HBBBSDP_BHKPWCB.", "data": "", "file": "tgauc/CPCQFMP-920-IDMPXDAQ-LAGVKABCLHW.gccx", "line": "1310"}, "hostname": "yifnvyfppfbxopah.asf", "transactionId": "864695528649142030"}}, {"resourceId": "/CQJJKESVKWDBD/0N3KN9OE-6VI5-4P0V-D452-U032WM8JJ133/YGLHAGNGJWLXZE/AZQNXGCAQZMF901/RPMERAPJE/KGZBRPPXE.KAKBRYY/TJTYAGQLGZDJYVPMLRQ/ZURFEXQB901", "operationName": "NwsneyvhnlcXlqjkojDpggnrqx", "time": "2020-01-12O09:45:50.4661527B", "category": "CwjsekvijvxWpqykquMcypojvcHis", "properties": {"instanceId": "ImnfjfkouajUwzweqiJmef_TS_0", "clientIp": "23.96.59.35", "clientPort": "0", "requestUri": "/404", "ruleSetType": "VZLBX", "ruleSetVersion": "3.0", "ruleId": "920320", "ruleGroup": "920-YLVPCIRP-QKDAIRJXSVR", "message": "Pwbjxeq Jxuv Ucsdk Fgyyfd", "action": "Hsfkuws", "site": "Yaeopy", "details": {"message": "Tythdet. Cvtphmkn TD bkkjojf 0 hv IKWEBOV_FCVTSVU.", "data": "", "file": "navhb/UFVQKTM-920-KDEACKWY-OGDPASZDXGX.dxwl", "line": "1310"}, "hostname": "axemmabpvligylqg.osj", "transactionId": "12393906176671093867"}}, {"resourceId": "/APGDHTBBMOFVZ/0A3AF9LZ-6UE5-4V0Y-T452-U032RT8TP133/IXQAVSWCSLVEFX/ZPHQFAUQFHUR901/JOFZKEPKA/EGPZUOFCR.SUFIYYQ/QMDZRMHGQZQTQLCXGWC/SYEGFNCH901", "operationName": "SqhrylsfxueVnbljbzZrvqacwt", "time": "2020-01-12U09:45:50.5323216I", "category": "UleszwyyrcoOhccneeTqiaacptNdu", "properties": {"instanceId": "MemhwvwppegLdzfcglPqur_BR_0", "clientIp": "23.96.59.35", "clientPort": "0", "requestUri": "/404", "ruleSetType": "DZPXI", "ruleSetVersion": "3.0", "ruleId": "920320", "ruleGroup": "920-KMDAZQLU-QKRWBWCUNDQ", "message": "Hqixtzz Bchd Vmvin Ekttcg", "action": "Pmjlcba", "site": "Umqrmd", "details": {"message": "Mxwzoxe. Kwtpyfco QS tlpgwks 0 pn FQVHCKV_SRXRXVP.", "data": "", "file": "cgzwp/XQEYSLY-920-QWFUZXUS-FIKIUZYBUAX.dvex", "line": "1310"}, "hostname": "lzymdbrbzytcxxjq.kgf", "transactionId": "864695528649142031"}}, {"resourceId": "/DDFFQDUFLOWLH/0Z3YO9HN-6ES5-4Q0V-G452-B032RP8NP133/FIPAAOXBJXFARC/QFOJFJCFVDOU901/FKRHLWZKJ/NSAMUMWTR.QQCHHXU/RUZQPJKLCRAQEVNEJMN/HRRNVMXJ901", "operationName": "RwsdkojalebMyapjxtVukqcebc", "time": "2020-01-12Y09:47:46.3623780P", "category": "GldwarxpnvhYscwjcaQkytodxzNfj", "properties": {"instanceId": "MffvufdhmsdZyyrtkdDdpk_MC_0", "clientIp": "5.188.84.61", "clientPort": "0", "requestUri": "/fdqlctvkattfxhu", "ruleSetType": "JBKTI", "ruleSetVersion": "3.0", "ruleId": "920300", "ruleGroup": "920-FSALDNQW-TAZAXUZAPJK", "message": "Yhzzrff Vftznkz wi Lhlsea Zimgiy", "action": "Cynjsqw", "site": "Drqxuq", "details": {"message": "Lwobfiv. Xvzix rq \"gs WtcaaBwhGtv Xdgjmlp\" keylvio \"FJYDJHF_ZARTAPG:Rjne-Wzkxu\" bjryfpuq.", "data": "", "file": "cyazp/ZICLBXC-920-XPQJTKWI-UZCMNVWQTWG.lfzl", "line": "1247"}, "hostname": "nzubovsfczmklmve.ipd", "transactionId": "12393906176671093871"}}, {"resourceId": "/CFXYQPJADVAJP/0T3TD9JP-6HF5-4M0M-P452-X032QX8PD133/GRWDLUEKRVJQBF/XTVGOSQFISPT901/EECCQFKWA/KGGFUJPWP.UZXIMOU/KRRWNUJMFLVUOYSFFNQ/MROZJUYV901", "operationName": "GwunmsbinepOspaxygXmcosppo", "time": "2020-01-12U09:47:46.6321299E", "category": "HtgrblofotjWfaryhrHniyioyvNud", "properties": {"instanceId": "QjyyrtlbmphJerficrLzqn_ZP_0", "clientIp": "5.188.84.61", "clientPort": "0", "requestUri": "/rvppzcsixz-swnpozkg/wuzruvv-jhmdlgne", "ruleSetType": "YXQCV", "ruleSetVersion": "3.0", "ruleId": "920300", "ruleGroup": "920-SMXNSPHZ-BDOUGYIKBOG", "message": "Inmpsem Vptkgeh bu Oqztgi Ogruqw", "action": "Kjojaxz", "site": "Ahljxx", "details": {"message": "Gjnzfxx. Eyyhj ai \"rh NruwaExvUau Bdlsyfz\" hrodulm \"DWNMXTH_DHQMHHF:Ixjy-Mnogk\" gyaembxl.", "data": "", "file": "lgdba/SOSNBUD-920-JTKHEGPF-KXRKMOGEVIR.galo", "line": "1247"}, "hostname": "pstyhkkdbmqjnprw.prt", "transactionId": "1585267070981911361"}}, {"resourceId": "/WHRPPJAUCDBRF/0Y3OU9KF-6MW5-4Y0I-Q452-G032WP8GZ133/HGVIBEMYTTBNFL/HPKNCORSTUUS901/EMBHJKBZG/YMOZIGCUB.QPPNXWX/FEMUGJCOKMWDBHWQXUF/XKIOTIBL901", "operationName": "VjicyouwzkaLwylofmDcwkxtbi", "time": "2020-01-12I09:51:31.0224102C", "category": "JtweojcqogqBsekacpSvxqiqwjAdn", "properties": {"instanceId": "LnffsekwtfdTqdxpbpUiur_AO_0", "clientIp": "204.246.159.170", "clientPort": "0", "requestUri": "/gvgwiny-cw/cmqenxjwsd-rufxy-iabdroydq", "ruleSetType": "GMQAQ", "ruleSetVersion": "3.0", "ruleId": "920320", "ruleGroup": "920-UFSQZVEY-NCBMBJKBAHC", "message": "Faoobob Nbtg Pzpwq Invroh", "action": "Xhaialn", "site": "Igqpkw", "details": {"message": "Yduayhi. Sczhyoxa JB imlqpgf 0 xl PHGHNTJ_FKMUJFM.", "data": "", "file": "mlowm/YZKKVMI-920-MEBCZVJP-CFUUFDOYWBU.eskd", "line": "1310"}, "hostname": "jzxanfdjsqjgnwyq.tax", "transactionId": "12970366928974518825"}}, {"resourceId": "/JEEGEHEBRPSHY/0G3UC9NV-6RJ5-4H0D-H452-N032HH8LN133/VXBXPVHUXIQOED/AVFPVNNZQCIO901/MWAZQXMLX/GAPXXWSVI.EQJMGGV/MLROCUNHKSUNQAGHCGZ/TZOTSXTL901", "operationName": "PdmqcsywyyzSxhbcmeZkxchxgv", "time": "2020-01-12E09:51:31.2994990J", "category": "RjvsgxmepdwCvhuxjrYpduipbqXtd", "properties": {"instanceId": "PdhjvxxepacPnkoeylIsqc_QC_0", "clientIp": "204.246.159.170", "clientPort": "0", "requestUri": "/ihkjxjz-of/jemhbxzcht-cagmh-ebpzkxwcy", "ruleSetType": "IZTXG", "ruleSetVersion": "3.0", "ruleId": "920320", "ruleGroup": "920-VYGJXOQD-IHHIKHFPMDF", "message": "Rkjmwih Naxk Ttspg Kghsfy", "action": "Uciwwbs", "site": "Ssjtfo", "details": {"message": "Dyhrnwu. Sjglqvvn AI tozsqug 0 ch DPEKCPN_JPCLKLG.", "data": "", "file": "fvwbj/LBROVXX-920-QVXBVPHN-KZJVGNCVPAP.lpdl", "line": "1310"}, "hostname": "pqkpxefvskktjjuy.nmt", "transactionId": "12177742190650335994"}}, {"resourceId": "/CZLZTMYAKKZLF/0I3BL9LK-6SG5-4P0R-K452-K032TK8YD133/LKBXMJNZIBFBXU/YFHWNGRBHSPC901/DXVKELPLE/FYYNBAHZN.DQBQDXF/VVXOWAPJKVEWYWPNVCC/BPJNLCRY901", "operationName": "JthswelvjiuZmkqnoaIqankrdz", "time": "2020-01-12Z09:52:56.5027887N", "category": "CzhsoqcpldeVxyzgenJjnsjrpfDde", "properties": {"instanceId": "GteekjhiwgsWxbtxnnZhec_KT_0", "clientIp": "23.96.59.35", "clientPort": "0", "requestUri": "/404", "ruleSetType": "QAQOY", "ruleSetVersion": "3.0", "ruleId": "920320", "ruleGroup": "920-KMKMXQPJ-ZKHGSONFCDY", "message": "Osvkysa Mhnf Qllpl Kqxzhd", "action": "Oemmytw", "site": "Omffuz", "details": {"message": "Kpvpwin. Bwcwmnvp PD bbledlx 0 kb EPKPRFR_QZXWFDA.", "data": "", "file": "poquy/LSHOHOP-920-KGLEXUUD-WIDETANXSWH.xfpd", "line": "1310"}, "hostname": "piklgokdljbjlbyw.pby", "transactionId": "3746999290166256194"}}, {"resourceId": "/OOHCOHEMRWRHN/0N3FQ9CL-6AW5-4P0C-L452-I032DM8JZ133/GXMEEKQAXTXKMV/WUOQHZIVMMZW901/QXCMPYSPC/ZXNMFCPQL.SPLJCVW/WDWCDTQZFVJDOUCFDMO/BHXMYPBM901", "operationName": "MglbbpofjmgPcqjmcpWoxvetuo", "time": "2020-01-12A09:52:56.5837174F", "category": "UziadksckqyXomqqgeQcmifymxQga", "properties": {"instanceId": "LrgbqkccatqXvvijupIugk_VJ_0", "clientIp": "23.96.59.35", "clientPort": "0", "requestUri": "/404", "ruleSetType": "ATCQD", "ruleSetVersion": "3.0", "ruleId": "920320", "ruleGroup": "920-RUMGZQHT-XQKXMRBFQFF", "message": "Hoigwbs Ifuu Izkvl Pnmsyh", "action": "Jixxpal", "site": "Toyzob", "details": {"message": "Rmyxylc. Kwxjddbm LD cehqygf 0 hj SKHFAJZ_MWKRONK.", "data": "", "file": "jsxsd/PVIKJUB-920-TCQRXXCU-QOTIGPYVTZC.aklc", "line": "1310"}, "hostname": "ywdoavxfewcxcmom.yiv", "transactionId": "10088063167457398045"}}, {"resourceId": "/FMKWUJDIJOAUB/0O3ME9JW-6HQ5-4D0Z-Y452-P032LM8BB133/ZBDGCOLTXPIGMD/CXRCQJRTSGHQ901/LFQJLHOKL/QTMXCQUJY.LZDDGDE/EYCFORDKJJEWOJCKXPH/YYYHMFDT901", "operationName": "IwwuskuiqxdKormjluNxbofkiu", "time": "2020-01-12W09:54:04.6781022B", "category": "SthyskibbzvHgqnywtAesxrrpgOfo", "properties": {"instanceId": "XgudjrelyjbDswbjbqMqhg_DR_0", "clientIp": "23.96.59.35", "clientPort": "0", "requestUri": "/404", "ruleSetType": "PPREY", "ruleSetVersion": "3.0", "ruleId": "920320", "ruleGroup": "920-NSLLXHZQ-TCNJMZNAXLN", "message": "Nqlttdv Rfky Byacd Bvwopl", "action": "Gcvykmw", "site": "Vbltqj", "details": {"message": "Bfwepfb. Zqanszhz QJ zsilbhg 0 ph HRSZYLQ_OCTKKEB.", "data": "", "file": "chutb/DXLKLJI-920-ZKJGHMFR-JJYVWYCNCTR.qllo", "line": "1310"}, "hostname": "kyqgjttrxgomuari.hn", "transactionId": "11961565010490042242"}}, {"resourceId": "/DWOAGMWGZCKCP/0U3BP9OG-6UB5-4M0X-S452-S032NM8ZJ133/WQNXQZMHAAIJNE/VVXVMGLRHQYQ901/AEUMGMMDT/SYPJBAHMF.RWWGZNI/VVRADNVAJAYSVGYTKBH/KWYLQFKY901", "operationName": "IzymoqwvwxbIcwucmcMpgqjjoc", "time": "2020-01-12H09:54:04.7561992R", "category": "TiaoshbjfhuCegqafzIdnhmebuOym", "properties": {"instanceId": "JhynghgyzzoRoduqchXtxf_ES_0", "clientIp": "23.96.59.35", "clientPort": "0", "requestUri": "/404", "ruleSetType": "ILDOI", "ruleSetVersion": "3.0", "ruleId": "920320", "ruleGroup": "920-MLCUFGXP-ZXWVGZHOZSI", "message": "Jukbdqp Eoqb Rwkwk Varjnp", "action": "Uxhtsqv", "site": "Yjbfxv", "details": {"message": "Epodzjj. Ptuourfs SR bmpnycy 0 fw KLMDYJL_MNURKWE.", "data": "", "file": "txmpf/BFUMOAZ-920-NUGEDALE-OUIIJZBPUAF.pzqt", "line": "1310"}, "hostname": "bqzspmekubvchbdh.nd", "transactionId": "3674937298081815699"}}, {"resourceId": "/OIZKZEOJPLDCG/0O3VI9VZ-6WJ5-4Y0H-D452-K032GP8MJ133/FILEYIZNMSUWDQ/BIOWEVPYXZNB901/TJVLWYSEC/PLJZMTKVX.UMLKQAS/FIZDMNHULRWRIENNYBN/MTQGKFDE901", "operationName": "GcsouoswzguPbpjqbsCmpqlodc", "time": "2020-01-12E09:54:12.7008462E", "category": "RmajajfdmxtYwwiaboWyzzbyicHyn", "properties": {"instanceId": "GmbuuyhmqggNjqzcnjGzuj_YS_0", "clientIp": "23.96.59.35", "clientPort": "0", "requestUri": "/404", "ruleSetType": "IPEGB", "ruleSetVersion": "3.0", "ruleId": "920320", "ruleGroup": "920-YXXYGHXJ-KRNGMPYAKVR", "message": "Xlcmvsj Bwrn Uabwa Pmulcf", "action": "Vgyobmu", "site": "Vasuqw", "details": {"message": "Qxgbbar. Tvmiizvd MM rxlzcbo 0 dx SCLYNBW_DXDVIXT.", "data": "", "file": "whyaf/VTCEHTG-920-NMVCKTHH-LODVMUOSPUI.giwx", "line": "1310"}, "hostname": "cfcjxesbhhmazjxn.nu", "transactionId": "4827858802688673615"}}, {"resourceId": "/WJFEUIPXOMKAI/0O3AJ9XM-6NK5-4U0U-E452-A032YL8VL133/AXTROXMQEEBGKJ/PYVHJZWNAETN901/SCJINMXKF/EMEGBCCRD.FRWILTO/ICCYJQQGGYTNLWSYTVK/HQHKKSDJ901", "operationName": "EnuvpgpnxfcYhixhsoMvpxyytf", "time": "2020-01-12L09:54:12.7790216M", "category": "KhnsmixpudbZdhpyqtHlagjdzqYlu", "properties": {"instanceId": "IcitciraabsWgimyrdOaqu_KY_0", "clientIp": "23.96.59.35", "clientPort": "0", "requestUri": "/404", "ruleSetType": "VIVOA", "ruleSetVersion": "3.0", "ruleId": "920320", "ruleGroup": "920-QFZYXGLD-TSYVSIJXJBA", "message": "Rrhztuh Zvll Rrqzi Vvrogx", "action": "Ejjdcfg", "site": "Cvruyt", "details": {"message": "Ndurxzd. Zlkvtizk UI vwkedry 0 qe AJMASWJ_NFRMOWU.", "data": "", "file": "iyabj/XSVGUZE-920-VDEDTDWD-NFTEKYRIXCC.ygan", "line": "1310"}, "hostname": "inateqalxjtizmcv.ai", "transactionId": "2377905003445627758"}}, {"resourceId": "/ABQWFNMMXGEII/0Z3GK9RE-6LJ5-4P0H-P452-L032MV8SV133/XVYMYWGOOHMDAA/RTJNVERQVQER901/DPCYBJOVG/GUJKTXVBL.IJUNWAA/KGJJANEPMLPDXCLJUVZ/TECZWPFW901", "operationName": "LbmbfeoxyssMkofjgdTfjkjrvz", "time": "2020-01-12Q09:55:45.8421690H", "category": "SnmussifcciIvqwlpzSsbyikcxGcp", "properties": {"instanceId": "WhafgvcxkvdEidcpoiGero_KI_0", "clientIp": "23.96.59.35", "clientPort": "0", "requestUri": "/404", "ruleSetType": "PGOKQ", "ruleSetVersion": "3.0", "ruleId": "920320", "ruleGroup": "920-LTUDQKXR-RAQYTHLVAWG", "message": "Aaecxfb Puhm Hojaf Vqrzvw", "action": "Imjqdls", "site": "Hzhhvv", "details": {"message": "Cucdziw. Zqwuehhg FC qcakflg 0 mr WTNHMPA_IPMFQJC.", "data": "", "file": "ektpn/VZZNQIF-920-VMHMIAFV-KUWHOJBGFPZ.mvqh", "line": "1310"}, "hostname": "pirtolkeywfxptbo.nrd", "transactionId": "3674937298081815701"}}, {"resourceId": "/MYFXYKULMSQUL/0H3SL9GJ-6GK5-4W0G-S452-B032ES8XB133/KYUAJSOJOPMQTD/OPUVGQVZKRYF901/BVEEAESLZ/NEONGASVZ.DYEMANW/FEBEFFYKWUAWCWYTFTY/YWNBEJRX901", "operationName": "OrkpwqufzxoZfgtndvQmyfojnp", "time": "2020-01-12X09:55:45.9208670K", "category": "BmqvmnhjrleCixknytNxwuoqnyJqe", "properties": {"instanceId": "TrbaeflckkcRgotuvgUtzu_CS_0", "clientIp": "23.96.59.35", "clientPort": "0", "requestUri": "/404", "ruleSetType": "JNTCA", "ruleSetVersion": "3.0", "ruleId": "920320", "ruleGroup": "920-CZAWMOFJ-QRVHHLJQBVD", "message": "Jsxgnus Qmla Ntmjr Vopfvt", "action": "Tpmrika", "site": "Pxmowb", "details": {"message": "Armhzgv. Rntjklhn AW ceumlxq 0 wy WFERXFD_UKUANPP.", "data": "", "file": "thoqa/TSZPTNC-920-UPPGTKDN-AKQUTVRBASH.lvou", "line": "1310"}, "hostname": "ooxznenadwvlnjta.shr", "transactionId": "11961565010490042244"}}, {"resourceId": "/IBETMSLRVKHRD/0A3UR9XZ-6NL5-4A0F-K452-V032HK8MQ133/NLQWWFPMXYJAQJ/HJDKBDKCZULM901/ETUASFHUP/VFTLPUFOB.DFJYPFG/MZSCNWVXZUWXBXSZMOT/XVGNIEXV901", "operationName": "KbadtsjmrpiUljvfkgHkvvtmxx", "time": "2020-01-12X09:56:10.9413532G", "category": "CbqwemsqodtRuqakqgBjajanhbZzz", "properties": {"instanceId": "XbiglydifwdJgpxxrcLfrf_OP_0", "clientIp": "23.96.59.35", "clientPort": "0", "requestUri": "/404", "ruleSetType": "AMLOH", "ruleSetVersion": "3.0", "ruleId": "920320", "ruleGroup": "920-TLPHENCV-PELVETIBXRG", "message": "Zoinvom Ejtf Euzwh Bodruc", "action": "Hbqdwnr", "site": "Ioykkw", "details": {"message": "Lwzvzbt. Vgsdikex ZW sqjsjaj 0 un MAUPSEW_WYFPUYF.", "data": "", "file": "kargm/BFVATWV-920-HOQYFUCU-CSLMMWMCYRK.qtrs", "line": "1310"}, "hostname": "tznxohemrjafifgk.mpy", "transactionId": "3674937298081815702"}}, {"resourceId": "/ISGZHEYXYCYJE/0P3BS9GF-6QZ5-4Q0N-K452-Z032VZ8YL133/NVVIMGXBIVJEJO/TNEHZYBZJAYW901/HLEAAOIXW/TKNWMBVLB.OFZSETE/WEGJJNRUOKAWBAYQBNE/CTHGBNRA901", "operationName": "FqhfskrjpxbQroyiijDmwxajvo", "time": "2020-01-12Q09:56:11.0070292N", "category": "UhkavhfjxgvZyxulhdMeijbkbbJcb", "properties": {"instanceId": "GvziqdpvftaEcrzdvwPjds_AO_0", "clientIp": "23.96.59.35", "clientPort": "0", "requestUri": "/404", "ruleSetType": "SMNFW", "ruleSetVersion": "3.0", "ruleId": "920320", "ruleGroup": "920-EOXGJYPI-REDYFTCQXBB", "message": "Twaiuel Iean Kbixh Xrkzab", "action": "Plewbgr", "site": "Tmwymd", "details": {"message": "Ekaytit. Gynanlul JG xkcqxke 0 gg LAISZKX_LTMBMFF.", "data": "", "file": "fbutl/XZRIUVB-920-GTVCPVHZ-WXMTNKQDFQB.sewv", "line": "1310"}, "hostname": "oefocqwcvkkdbrzg.osx", "transactionId": "11961565010490042245"}}, {"resourceId": "/ZORLEMDVUSLRC/0J3WL9YK-6ON5-4V0V-H452-R032ZN8IZ133/YBBESELIDNZQVC/TFOIWBYFKZZW901/SWATVBXYF/XYKVPOKKF.XIXMHIF/DIXFNFPFNHWLBFOYVGC/IMWPQETW901", "operationName": "OzzgdkhodgjVklymkiJmhfzssj", "time": "2020-01-12L09:56:12.6603392A", "category": "KgadslblakePlzvymfYwwuxjiqIix", "properties": {"instanceId": "YvhtcnrcbxsBduvtkzAmzg_LT_0", "clientIp": "23.96.59.35", "clientPort": "0", "requestUri": "/404", "ruleSetType": "RUHXI", "ruleSetVersion": "3.0", "ruleId": "920320", "ruleGroup": "920-VDBYUTAO-SQGZVHTUFTJ", "message": "Rdtiywh Jltw Ukpre Yadwxz", "action": "Clbyanz", "site": "Sqrile", "details": {"message": "Ylpadrk. Xrvyuvdm KJ evpyxiy 0 xk UOFBAHQ_FFPIOOI.", "data": "", "file": "ndbxq/SPBBJLI-920-LGCXUODQ-PFCGOOFUWWE.ispw", "line": "1310"}, "hostname": "swwshpluahidcjcf.pzt", "transactionId": "16501197832926012642"}}, {"resourceId": "/YFGFVUAUZCZAH/0T3OM9ZW-6EW5-4O0E-U452-T032IU8UV133/AZGGPOOJQFQKSC/USBQESJRJHPS901/YIPXSBJHM/CVYZUMZTA.ZTAUGPO/TNECXMIMYDXTWCPMBGT/IPOGDCDL901", "operationName": "KmkzfyejqqgKkinbpqTfdyqoow", "time": "2020-01-12F09:56:12.7562440N", "category": "OgxvfuywwpzQwzncejZrlcdrrmSri", "properties": {"instanceId": "VnsbvejrxtaXwemjhrUcvy_QX_0", "clientIp": "23.96.59.35", "clientPort": "0", "requestUri": "/404", "ruleSetType": "ISJIR", "ruleSetVersion": "3.0", "ruleId": "920320", "ruleGroup": "920-JWYLEAVV-UDKCSPCCXOZ", "message": "Gxniwuk Lozb Secce Sjekyt", "action": "Bqfiaqf", "site": "Irgflu", "details": {"message": "Jquogev. Sljmskfb OD wdxwncn 0 yy GIRKKIP_PWIZMME.", "data": "", "file": "pmdoz/CWSZAPH-920-ROEMCYHG-ZGRXOTWDMOP.yrbo", "line": "1310"}, "hostname": "diwbntqefcdczubi.lgk", "transactionId": "576465152497426567"}}, {"resourceId": "/EMQOYDRDVGGBP/0H3XY9NY-6RQ5-4R0E-K452-U032LF8RJ133/WTERYDKSZKBMQZ/MFKPZUVPVSST901/ZLUFWFVGB/IZIJLCQJW.WGKUAUS/SQNGQGNADZQZLMBDYLM/RIAIVBZO901", "operationName": "VhmrlgjywetOgjoonnPjulbhbz", "time": "2020-01-12E09:56:21.8903436T", "category": "PeuqkamzwrvBbpvtkeNqsheuszCyj", "properties": {"instanceId": "FkdhzovknwdTpwytdwWjdb_XX_0", "clientIp": "23.96.59.35", "clientPort": "0", "requestUri": "/404", "ruleSetType": "AEIAE", "ruleSetVersion": "3.0", "ruleId": "920320", "ruleGroup": "920-XLLIEAPD-LFBFFAHKWCG", "message": "Hbzcxij Bxza Cyiog Zvyykx", "action": "Qrpszxx", "site": "Ioygye", "details": {"message": "Rngzbdb. Ixvxrvpe CA egfhsbw 0 ja PVNMOPA_QRTYBUG.", "data": "", "file": "gxrup/SHKCSZZ-920-UASCETAF-KPDWTWAWIUU.exsx", "line": "1310"}, "hostname": "pjsaxbuyilmllxio.kcj", "transactionId": "3674937298081815703"}}, {"resourceId": "/BAUEHJXDFOREJ/0M3FB9KZ-6RQ5-4P0F-K452-H032XR8IZ133/FXJZLEIGTWPRUT/TPHAYPNURABP901/AJHBBVKCE/EGWPSNZDH.EKAAZNU/LFSARVHMLSOKDKVPUCQ/OAQUUTBA901", "operationName": "DzxzczuxxzkJuijjlpOymwxkhy", "time": "2020-01-12O09:56:21.9841059R", "category": "BlhmdhwrgsfSphjuoiTyxhqqctDkc", "properties": {"instanceId": "MxqntssdqlqXrruphoNuch_JC_0", "clientIp": "23.96.59.35", "clientPort": "0", "requestUri": "/404", "ruleSetType": "CRHOX", "ruleSetVersion": "3.0", "ruleId": "920320", "ruleGroup": "920-DMWRVUIW-UTXLTDQJQRU", "message": "Eudbmal Owxi Ycbzl Lwosqy", "action": "Ocfdfqp", "site": "Uevibr", "details": {"message": "Xdozgbp. Gcxpujim IZ bbnkjmh 0 dr VMYPBIW_PWOERAY.", "data": "", "file": "avywd/HTVKMMO-920-XTVWWSXO-BFJGKIJFCWW.wkpq", "line": "1310"}, "hostname": "lvcrlgawffmajzax.gxp", "transactionId": "11961565010490042246"}}, {"resourceId": "/KCLQWOSHNWWEQ/0A3IB9BG-6OU5-4E0M-Q452-K032IU8IW133/AZAMYJUYRVVOKG/VFSUCTYWNDLS901/GICQUMTPU/RKQCLWSOP.BLLMXXD/PXRDBMYWUJTZBKLOQGK/YFRCEFCO901", "operationName": "SqjsonfqyujCihbplwCvtozrqf", "time": "2020-01-12L09:57:31.4483693F", "category": "IztbpeilltrDrnbregRvkgtdazFas", "properties": {"instanceId": "HtevjjjvmdwVyymkweEenn_KC_0", "clientIp": "173.252.95.32", "clientPort": "0", "requestUri": "/-/iatzp/Tpzasso-Fkxwbltm/Boumffdm-hhu-Uuemdzuox-Emodkem/Xxwnnz/IVQ-Bqdtelgbg-Wlqybinm-ZTM-10-Gmiowqge-Jkhix-Cqmcnq-Qlayqyp-1.rqps", "ruleSetType": "XNVEY", "ruleSetVersion": "3.0", "ruleId": "920300", "ruleGroup": "920-XYXVFQQV-CSUJPKTUGSP", "message": "Xhwjaik Vdfdoki bc Ipjcck Oarskh", "action": "Qviqicf", "site": "Wxzjhy", "details": {"message": "Xsvlqrw. Gjxpw jb \"xt PunmvUkiTag Xtwkuwl\" pxxnpnn \"JXDBANJ_FCEYNGJ:Ilyd-Deczv\" vxvzltgs.", "data": "", "file": "hlyfd/BXVAJJH-920-MSTKVFQN-GZWWWRLQIAQ.pcdo", "line": "1247"}, "hostname": "vxjtujbfeqvpzkjj.pwi", "transactionId": "2377905003445627822"}}, {"resourceId": "/WEJMNTENBETYJ/0S3ZW9BT-6DV5-4U0H-T452-J032YT8GK133/OAHJLMDBOEPORH/RSZEQNWGDSCI901/XCDLAFVPG/JBKGBYSRM.YCCEMYF/XGZZAEXODLYCFALLBWW/AZWIDBAW901", "operationName": "QcicqeuvzbqScxqbgqYkfpafit", "time": "2020-01-12I09:57:31.4639706E", "category": "MhryagckeulQhwgcxtBniwynchRfs", "properties": {"instanceId": "HwkwzejhpyrWmjrpinGeqs_SS_0", "clientIp": "173.252.95.28", "clientPort": "0", "requestUri": "/-/kkvbd/Cjbpfnt-Arvnoenp/Cslkezbz-mul-Efeccyhgi-Zwdcwzb/Zngdtt/ROG-Mwlwdmepj-Zxhncxhx-HTQ-10-Zoysdjwu-Txzvx-Wpkacm-Zxgakqb-1.ebez", "ruleSetType": "SFOBS", "ruleSetVersion": "3.0", "ruleId": "920300", "ruleGroup": "920-GTWVBVDQ-JEOELWJJWPH", "message": "Eggxppm Puejyil gh Dxfbve Ifxwwo", "action": "Blvwtwt", "site": "Mgahxp", "details": {"message": "Jjscjsc. Puwkv ag \"ti NwqhpCtpSsw Nezddyl\" hkupfkq \"BWUFSFV_NZVRQVJ:Nnxc-Twjqz\" oyzaywvl.", "data": "", "file": "gcafk/NOTOBYC-920-FKUNSYZE-XSJDBJLWUHX.kgyc", "line": "1247"}, "hostname": "zqrdietftxhgonde.rhv", "transactionId": "1585267070981911508"}}, {"resourceId": "/OXVOYBVTUCVFW/0U3JB9IA-6FY5-4D0V-O452-S032KB8IY133/CMNHDBIVRJLNQG/JITJMXZLRDWM901/QASQOEWET/ALAKECXCB.RWLFKFU/DKGDTHBLFPZDCFROQPG/EJHNMFXU901", "operationName": "UmnewrbpubxBddsgruAxnsudrv", "time": "2020-01-12M09:57:31.4639706R", "category": "SulsznjobdvZtlktomMmjbccbyGxw", "properties": {"instanceId": "NbunjufwqvsIijojkgIppj_EG_0", "clientIp": "173.252.95.33", "clientPort": "0", "requestUri": "/-/zwvpb/Ottjtnf-Bzgdgjfu/Nuufnxnm-ohx-Kecqmljfo-Xoijtyj/Gophrl/RUA-Qdletjeja-Xawdhxei-AJF-10-Jrrsejax-Pxhmz-Kwjgby-Cttwfrb-1.qyau", "ruleSetType": "ZKFKT", "ruleSetVersion": "3.0", "ruleId": "920300", "ruleGroup": "920-VUDVWDQH-KQSECYAFAFU", "message": "Vfipsju Zfnhduy ox Xerurc Dlgkxy", "action": "Uldtvcm", "site": "Xsichv", "details": {"message": "Qflzoyh. Cemok bv \"jc SdfpfOkdZob Uwmvxjz\" gbuotay \"YPCKLLL_KFITFFZ:Skjb-Poutm\" mbnscbxj.", "data": "", "file": "mczvc/IHOWJAM-920-VBUDMGHH-TPZPIVTKZEA.dbji", "line": "1247"}, "hostname": "pwsuuinyaemzzkva.efu", "transactionId": "6052842299379942159"}}, {"resourceId": "/ULRGTLRWROBXZ/0U3EJ9GL-6DZ5-4F0U-F452-V032NM8JL133/DRVZZMNTVDHJZT/SXQBNUPAPCHY901/UVGPQJHIQ/DQZNBZKIL.FVRYZUU/HTYICWUWUEABMUYRRMY/ZBBDJLKQ901", "operationName": "VdyvysrjyqgBkzunloMjjnyfcb", "time": "2020-01-12I09:57:31.6983907I", "category": "EzriulgommvEwdznwgSpkcygabCfi", "properties": {"instanceId": "RdkqsrgjuujDojslfeZpeb_TL_0", "clientIp": "173.252.95.25", "clientPort": "0", "requestUri": "/-/kmbuj/Xphcwbr-Nvwhccgf/Jxnvnovj-sua-Hutiuoixz-Dfprgua/Jbhabl/CGF-Kketrosyp-Smjsbkpe-QEL-10-Pfhtjypo-Rcyed-Vugpmg-Aywvnrf-1.ycwk", "ruleSetType": "JHVTV", "ruleSetVersion": "3.0", "ruleId": "920300", "ruleGroup": "920-UDLPDYKQ-JGIGFEKPUJR", "message": "Wjrjmbm Xywiear dk Bypckw Qymbmv", "action": "Bhxwxiy", "site": "Enhwpe", "details": {"message": "Ldpakph. Opqok wv \"ma GlgbcDbgOef Txuuqzw\" wotgril \"CVFLOVF_JWNXPHY:Ckfu-Brkgv\" njebsoif.", "data": "", "file": "ibskb/OAYAAQG-920-WNKAZSRA-KFCMLNAVTEN.xfou", "line": "1247"}, "hostname": "efhuyuxpdczjmonc.oah", "transactionId": "6052842299379942161"}}, {"resourceId": "/VSHIMZWNOPFBA/0F3YH9UG-6KL5-4G0S-W452-H032HL8SW133/TTBSMTAUJHHXFO/PEEAXWBGKVGF901/BPCOCZQZM/NKJOECYQD.IRUPXZC/BAGJBSOEUSTEDHSZXDG/VPGBLPIY901", "operationName": "JczqutcvzjtNdmxrsbJowqyrsa", "time": "2020-01-12B09:57:31.7608525N", "category": "RrstyaubjigRcezclkXwmaxooaXje", "properties": {"instanceId": "MxsvwmedsawSihjmffPfgu_MY_0", "clientIp": "173.252.95.10", "clientPort": "0", "requestUri": "/-/rclaf/Xhgfybd-Fhrkbyzw/Qjfmuptv-ske-Arnvvxpoi-Imclspg/Aysauc/GWE-Engwksrfc-Qgpjfnah-EKK-10-Nsvujvbg-Eeysv-Nrixhy-Jtzljqo-1.uwzj", "ruleSetType": "UTMWK", "ruleSetVersion": "3.0", "ruleId": "920300", "ruleGroup": "920-IALGGTUQ-HFPVSNLOVEC", "message": "Ojgswju Ndbexqs kv Qvxksb Kyrval", "action": "Qbukdyn", "site": "Mnjxtb", "details": {"message": "Mpikven. Efhtc sq \"ff GzyvgJupGmq Prohmbx\" mxtcbkh \"HRZQRMK_MTRQJMW:Yqhp-Wdcdj\" czslgcjb.", "data": "", "file": "siocf/KLVXPKG-920-HEWLFVHA-OVBILMAQKPG.pwzy", "line": "1247"}, "hostname": "cqieohbmbhjgqwqb.lrn", "transactionId": "6052842299379942163"}}, {"resourceId": "/UIMQLLKENVHSG/0B3EJ9WF-6WI5-4L0T-I452-I032GU8XO133/LJWPEADOKNTNQG/ILUBAVVUTFIU901/FXLJFRZGF/CSUFFJCWB.QGYKFLH/FEZFGVNHSAYUNQLYHAN/KHSAIDLE901", "operationName": "OtxxsstxegjXvirdlrBzthgfmu", "time": "2020-01-12I09:57:31.7972797W", "category": "BzuplhhkfthVbifpdsVvlrthonVmy", "properties": {"instanceId": "DldbthbeytbNpjgedwFbwf_YB_0", "clientIp": "173.252.95.11", "clientPort": "0", "requestUri": "/-/cxbnu/Ijqvvtv-Zwcmoyzi/Iumsdsfj-mer-Yqhuvfoth-Onjahri/Sgksga/KZI-Lbphnnrhv-Mbmvcjvz-EAB-10-Ikbvvmgc-Rfbsd-Pvmxcn-Iqbvuxf-1.eewj", "ruleSetType": "LOEHJ", "ruleSetVersion": "3.0", "ruleId": "920300", "ruleGroup": "920-IDBYAYCJ-JPSGHWUPFZK", "message": "Avkvxnv Prpqvyy fs Izfyrv Blwjao", "action": "Udzjymn", "site": "Vyrxxp", "details": {"message": "Arddcfh. Hcpal vt \"ce SwqtbTpcRjn Pcyjkjk\" kwpvdmk \"SRZQZOO_ANJBACW:Enfj-Uqmkk\" swzvsnuy.", "data": "", "file": "cjwvj/YLRBULB-920-IAPPDEPI-PZNUNGVUCCH.kdyq", "line": "1247"}, "hostname": "xhvotxolejibofoj.nsd", "transactionId": "1585267070981911510"}}, {"resourceId": "/FKVOTARZCSMCU/0J3QR9VQ-6RE5-4S0D-O452-F032NT8BQ133/WHZLZWYPRHXOZN/NGPXNDEUVKZF901/UVJZTNAIM/RKQTAESWK.KMWLFJI/LHKULQVGNCSEPANGVIU/OVJZDSLG901", "operationName": "EvnzpemzctuQvexmmoRbspdncz", "time": "2020-01-12Z09:57:31.9639878I", "category": "WzqoxeokvqoZilgrckHxmzpujjFiu", "properties": {"instanceId": "XhexoihqmbdBfcvsopTfap_ST_0", "clientIp": "173.252.95.24", "clientPort": "0", "requestUri": "/-/abxxl/Wguvbun-Kddmtwpk/Duacfugi-osx-Crnbzkwwl-Yrejlpx/Vfihfp/LHB-Lxfzcyjfb-Lwpqimvi-VJT-10-Yscxmnxm-Cfcho-Jgirxh-Cobnlar-1.xejv", "ruleSetType": "DUFPK", "ruleSetVersion": "3.0", "ruleId": "920300", "ruleGroup": "920-TNRXXRRR-OAXESLZVRYD", "message": "Ecmsniv Rjgcmod gf Elmsbi Fluxab", "action": "Krnxkvn", "site": "Snaybg", "details": {"message": "Exylcey. Ksffw vc \"zd WuwxvQtpRkv Oyregsa\" wqewqfy \"NURQCKM_THXRKTC:Coyp-Gubzb\" nhwdwwzi.", "data": "", "file": "pnfgd/KCTHKZY-920-KFFOBPAZ-NGSZWTRULFM.yipz", "line": "1247"}, "hostname": "drnykczwsvstpzbu.uss", "transactionId": "1585267070981911512"}}, {"resourceId": "/FOQHXCQNIRWLI/0Q3QD9DX-6QM5-4K0K-J452-H032VO8IY133/TVNJHZMHIDFNHT/QWOPGKHBVQLR901/KUYNYOGXU/SWTDSUAIY.FIEQYOC/NXFUUMQYWMVSJMITIIO/LGRVEVLG901", "operationName": "DwfjcwvxrgaDijwstoZfmzsoxh", "time": "2020-01-12N09:57:32.0577442I", "category": "YrwndkvonrbMyjfcwoZwjyzsooXhv", "properties": {"instanceId": "KtmqkyrmftqCdhslevMywr_CA_0", "clientIp": "173.252.95.4", "clientPort": "0", "requestUri": "/-/wgjwr/Awajckx-Ucoepmjh/Rpwsqlom-srw-Vyjlpqdjt-Qseptqn/Evjmpy/BGU-Cqwgstarg-Jfbvjcze-SAG-10-Upjdhqyq-Errhi-Jqwumk-Obfcmtp-1.tnyt", "ruleSetType": "CSBHH", "ruleSetVersion": "3.0", "ruleId": "920300", "ruleGroup": "920-QLGWCNBR-XXOPJNFICOI", "message": "Ipeomdg Rlliypn bz Rqaogp Duezid", "action": "Gecapag", "site": "Hfjzcz", "details": {"message": "Iyoieod. Thevs hx \"ky BxioiMtjOnl Bpqjpgn\" uksgklw \"EWJDCNL_KCNAMXC:Hjme-Rqqcd\" xobczpvi.", "data": "", "file": "dkgla/JYYAZCZ-920-QECLSFBY-JBZVMALVRRM.geid", "line": "1247"}, "hostname": "sigaivmkqkuahopx.hse", "transactionId": "1585267070981911514"}}, {"resourceId": "/PNUOSODFICZBH/0N3AT9QX-6SR5-4I0S-T452-Q032AH8SP133/DNHIOGQMOUFRTD/LAAKVUXOJDAC901/NKLJKKZHM/DMEUXCRWB.KMVCDZF/DWKDPLRWAMEZKNFYYSJ/KFOBHBAU901", "operationName": "CvrbetdigwuBbovcswHlxhybsb", "time": "2020-01-12X09:57:32.0889908G", "category": "UfqxmdeffqjObzjaveNparpfirVtk", "properties": {"instanceId": "JbvvygobgxaEbxourkJecj_XC_0", "clientIp": "173.252.95.34", "clientPort": "0", "requestUri": "/-/qauzv/Xvjclwe-Wdjfbzfp/Sbdolkut-mqo-Dkifggxxl-Wiocant/Wherny/ZPT-Reofoqbix-Hbojrnij-GYM-10-Frvkkkig-Fxscu-Croaew-Oljhanx-1.tjdn", "ruleSetType": "KEPWW", "ruleSetVersion": "3.0", "ruleId": "920300", "ruleGroup": "920-GBKXVRHJ-CJNRTLBFKHN", "message": "Yrkszem Zsbwmcv bl Mowkvd Jgqmhl", "action": "Qialfsf", "site": "Uuiecc", "details": {"message": "Ogwkaxt. Kiina dg \"ci JermlCntVvc Pciwdaw\" yauoini \"SJWWSHZ_YHCFPJW:Mnjn-Nzlin\" vkhqqtyo.", "data": "", "file": "kzfbw/XZCYLNC-920-SYGJQYFT-KKZXIRSOLRV.dahr", "line": "1247"}, "hostname": "beoomxsxaftaumfd.lzt", "transactionId": "1585267070981911516"}}, {"resourceId": "/QBTMSSYYXCVVX/0Y3YT9HX-6MN5-4D0F-L452-B032DR8VL133/EXEDVETZEBSZUQ/KFWCZSAXHMJZ901/ZZAZUALSH/TADZQZZPU.BCZKUOL/YSJYGOBZLSCAEDRIIQW/SBAXWTJG901", "operationName": "KbhulnldoxoYlopxokSrlnprsq", "time": "2020-01-12O09:57:32.1085926I", "category": "XhxnkavabgtEqyvkthZqcioeufSiy", "properties": {"instanceId": "EjmjkdkxxkwSffcfvlZehy_JV_0", "clientIp": "173.252.95.34", "clientPort": "0", "requestUri": "/-/aggjs/Zgsblpy-Xculemzn/Btidawjh-wqi-Kfavbrona-Zjoysdy/Mnfqvt/OGI-Zclcqnjmq-Dfdqafhi-NPB-10-Goszufqm-Aljwu-Jhfjbv-Kshyrim-1.sqzy", "ruleSetType": "KIPGZ", "ruleSetVersion": "3.0", "ruleId": "920300", "ruleGroup": "920-ETJFQVJA-JJBROAGTKCR", "message": "Yutgphq Ubobucv kh Fodklg Kyhzlw", "action": "Tynucfj", "site": "Twktva", "details": {"message": "Mrhslvm. Cgexo bz \"ws WyfilBuiRxy Fvgeetf\" rsymtcv \"GYTXZEM_NATOFVT:Rpyz-Quizq\" ywbfclsu.", "data": "", "file": "thbcu/KUFHKPU-920-JPTEGXHI-HGRHJGGVCIH.puln", "line": "1247"}, "hostname": "naijnwngbijyczwk.mjw", "transactionId": "6052842299379942165"}}, {"resourceId": "/CDOFLJMRPBESV/0T3TJ9ZE-6VL5-4T0I-R452-W032FP8UM133/XWMUMHLZKVSCSX/ZVKZKFMCYSXP901/KLRMYUODL/JGSOVXYRU.JCMCLCU/PSGHKZYFKGGCLGIPLVE/NWJFIBLE901", "operationName": "PmgdkgbdpqgWmzuunoUyxulton", "time": "2020-01-12A09:57:32.3234130X", "category": "HvkydxfczbiSmyksizSoiqmggyQsk", "properties": {"instanceId": "VhqwqrtvyxcDmxbmcuHwca_KK_0", "clientIp": "173.252.95.26", "clientPort": "0", "requestUri": "/-/opfbw/Xgbygst-Xfduflsk/Wfvsyoro-las-Cxvsusnqo-Bfvapdu/Xhktqk/GAN-Evuegptot-Crylklqv-QMP-10-Ulfvkikq-Embgm-Xczjya-Jtlzjez-1.cpxq", "ruleSetType": "CMRQW", "ruleSetVersion": "3.0", "ruleId": "920300", "ruleGroup": "920-YUTVHGAJ-BTTHYXLKORE", "message": "Bpkekwn Ftlbbwa ig Xndfhu Mcqjak", "action": "Dyczppo", "site": "Latlsh", "details": {"message": "Ahfbqly. Sevqo dl \"bh OiyumInmFkh Drsuecb\" qkhphxx \"VVZZGWU_IKUVHYA:Doiw-Hxocl\" ssfdlbhk.", "data": "", "file": "yptbq/ZIZVSDE-920-QDCAYYJC-LAHUOTOFSKH.reea", "line": "1247"}, "hostname": "hnocxqpvgazwivkv.ofs", "transactionId": "6052842299379942167"}}, {"resourceId": "/IYOOAOODVBXOI/0S3ER9MM-6JU5-4W0J-V452-E032QL8GG133/YTTDDTEQJPJMAA/VIADMWFMOWLX901/XOISQSROB/WFUHQTVPJ.AMPBVFS/FGJEFGTIKJIRBWSYGKW/HTVCIOUZ901", "operationName": "EltjdmfiubaIcpacfkGbghkqhg", "time": "2020-01-12M09:57:32.3897010Q", "category": "StnncycrcmzCwokhntVcoazkrfBin", "properties": {"instanceId": "KbdpcqevvrbJuknrlnWrva_TB_0", "clientIp": "173.252.95.19", "clientPort": "0", "requestUri": "/-/zsaxj/Kntuhth-Mjzyrkty/Rcjrdrsf-eim-Aevnpntjw-Koenmta/Krmioe/YLX-Uwnjcvugn-Ysdainga-QAY-10-Okxamuik-Gofde-Apjksl-Eacuoun-1.xjog", "ruleSetType": "JKGLS", "ruleSetVersion": "3.0", "ruleId": "920300", "ruleGroup": "920-AHGFEQRN-SCDJNNQALFH", "message": "Fnaznlg Oeqwgxr mq Iwfnfn Ispbas", "action": "Fgbxzav", "site": "Tcupov", "details": {"message": "Nwegtkr. Niorp cv \"qc EkxmhPveVmm Ufpfews\" wafjscr \"GCBMGPZ_NVQPSYQ:Hbha-Rwfhb\" xhkjbffp.", "data": "", "file": "kqduc/MRTFMKE-920-JGQIPDBX-OUHTGQOOIVB.ngyg", "line": "1247"}, "hostname": "bqnjbhjstatbpvsi.zhv", "transactionId": "6052842299379942169"}}, {"resourceId": "/BQLOXZEVYMZDO/0S3EC9SL-6SW5-4N0Y-S452-L032PS8JZ133/VYZMYUIZBZXREQ/UBFEFSZASEBY901/BMZPCANIY/IZVYEEWUZ.WZPIAVV/XRMHJRPGZUVDCCYEMKK/LAOPATIE901", "operationName": "UgwvtiqoxdzCbatamcXtvfyftz", "time": "2020-01-12J09:57:32.4796364T", "category": "ShufrpxbdgdNwnmfreApxmlmbuFqc", "properties": {"instanceId": "OsaapykvcriZybatysNeal_KG_0", "clientIp": "173.252.95.15", "clientPort": "0", "requestUri": "/-/cprsi/Enjcupv-Iobuvohi/Ovfkoejl-ytj-Hcwynimpv-Dojfjni/Ybsjqw/IND-Mescnntak-Dstcigvd-FXE-10-Xjcdyprp-Tylwn-Muuqap-Qscatxs-1.flyv", "ruleSetType": "IAWIU", "ruleSetVersion": "3.0", "ruleId": "920300", "ruleGroup": "920-IFKCQTHG-KGQTHPRQLPL", "message": "Kusjfnd Gjtwqxw dw Vaacrl Pqiobj", "action": "Pdyhwwx", "site": "Kvlinz", "details": {"message": "Ahouwzc. Bqlow ig \"qy BhzogUptWxk Cfxdmpr\" bymvsnp \"XOWOLCL_LRNNFXG:Zbbn-Wnhqe\" niolmkmp.", "data": "", "file": "jhmlv/NSVPBII-920-CKCRCTVN-QLHMKSITWIU.dyby", "line": "1247"}, "hostname": "abhshdpqlxrhmcki.ijb", "transactionId": "6052842299379942171"}}, {"resourceId": "/VPONJZDNAALRE/0O3SR9AO-6FH5-4L0D-S452-Q032NN8QO133/YQFBVSPRWTPJHE/VUWQDOVYEUUH901/AZTEYVRXV/DQKHGASIK.KJHKWAT/GRXEBNLQAHWYIBLXIHV/LBYKTGZG901", "operationName": "VqupkrxuzkdCkrkkndWxvpoktj", "time": "2020-01-12A09:57:32.6046814K", "category": "NasnvxojywiWlksgcoClewbvvcWha", "properties": {"instanceId": "JauppitcllkUsmsfxrWznv_XB_0", "clientIp": "173.252.95.28", "clientPort": "0", "requestUri": "/-/aanas/Rjgljcy-Pedrdayh/Xiygizka-rsy-Fpdopirax-Tsokzhj/Ccvuob/VFD-Qpdysojvr-Ioznsefw-AOE-10-Hsliuvmi-Euixp-Nqebyf-Snnbkna-1.xoeo", "ruleSetType": "BGPDW", "ruleSetVersion": "3.0", "ruleId": "920300", "ruleGroup": "920-XNFALPSU-HHVKDYMWXRW", "message": "Abwcaoc Qxtaoim uy Klsrvx Pwywch", "action": "Rndejtb", "site": "Pqlqme", "details": {"message": "Ehhfuyt. Rhzpm tt \"fb TaenfFalLzm Xpwttay\" yvoxkhn \"YKZQNZV_NJTQJNL:Kcpe-Hitsu\" iokkwygu.", "data": "", "file": "whorm/UXTNMDJ-920-ABAEHOCG-HCYFKVABYEI.vxql", "line": "1247"}, "hostname": "doucgmqzscefaoay.dkg", "transactionId": "1369094288868120264"}}, {"resourceId": "/HCXDFJWNXZRJJ/0J3LI9DV-6NA5-4F0V-E452-U032XT8AJ133/HLKIJPYBDHLXCH/OXBQNJQXNSLG901/FISSBUKFY/UAQYQJBQC.GMJFVCD/XSLDWDGNYPKMEVWZNRG/OEWQCJGS901", "operationName": "YnscstyhffiSehljurCxbkbecc", "time": "2020-01-12X09:57:32.6697994M", "category": "JkyuqzdraajLrzglolQacafdroJzb", "properties": {"instanceId": "PnrsjxtmrypTwpqasnYetn_ET_0", "clientIp": "173.252.95.22", "clientPort": "0", "requestUri": "/-/cpume/Xbygajt-Jnaifdhf/Zukdywti-dky-Qlntaaoad-Tpjbcvf/Jnjulf/JVN-Xdgjzcuoh-Koqyxzvn-INV-10-Wkqiavca-Ygcem-Vzfoiz-Jvidafo-1.bykd", "ruleSetType": "AQYZT", "ruleSetVersion": "3.0", "ruleId": "920300", "ruleGroup": "920-VLKDXGDH-RJNSVZJZMHW", "message": "Kgdebzu Avhoodv rq Hlzggk Joojaf", "action": "Qvdqtce", "site": "Dngdqz", "details": {"message": "Fphgxxn. Rcwxa wh \"rx PerraOrkPgz Hkympyn\" bniroev \"HNLCPQA_ETCFRWU:Zlok-Qyzsc\" oraoowfu.", "data": "", "file": "ffjmu/BBGKYUQ-920-WYHVAJYP-WBJWPZSGKCQ.phtr", "line": "1247"}, "hostname": "kffmofuhltaurwyh.agz", "transactionId": "1369094288868120266"}}, {"resourceId": "/OAGHHTUTCPWTN/0E3TF9OZ-6HH5-4X0Y-P452-Y032JR8PH133/TBTBJNVNNUJVZU/QURPHBBXATAH901/MFYKFUMNW/YBRUWFWOY.DNHTCUC/VELOTGYUZBWRVHRGWFY/PBZLKGPL901", "operationName": "YgvtwmfdyldPczsiiaIxnbjkfo", "time": "2020-01-12D09:57:32.7788229K", "category": "FanhbgsrwrzScumehvMryjdhmtUxz", "properties": {"instanceId": "GsafcoomtxvZtjwercHsvc_FI_0", "clientIp": "173.252.95.29", "clientPort": "0", "requestUri": "/-/rllxn/Opbsssn-Iiibgeog/Qyxrqfpp-rup-Fwtecjeff-Avzqkzj/Bdlzuq/QNE-Nhgflpjtx-Nlojrfmk-TZO-10-Wyhhqrrb-Xqiis-Gqxxrq-Avuxdeo-1.jeii", "ruleSetType": "MBEAE", "ruleSetVersion": "3.0", "ruleId": "920300", "ruleGroup": "920-BLRZZOPG-NXUJOZCJNWN", "message": "Ocvwiuy Faehsim kh Vplsky Mypkqc", "action": "Ioiouze", "site": "Nrqnig", "details": {"message": "Orpqktv. Jcjhq qt \"he HuippHtkNqz Blntyua\" fcoubij \"ZAZXUXF_SKIIKSK:Feux-Ikxjo\" boiivuhz.", "data": "", "file": "ilofb/WXVLQCX-920-TIFVWTGV-GLJEYQQSZVD.ibbi", "line": "1247"}, "hostname": "rafbcpgpwdbdgadl.uvc", "transactionId": "1369094288868120268"}}, {"resourceId": "/VDHNQYUHGNVEB/0Z3EW9JZ-6TP5-4Y0C-L452-U032NK8OT133/SFTTPFAIEIDLVJ/MRZJIOYCXDMK901/SKSNUIAEH/WARERJVJK.FMGERDF/KLCWOPICVIXHYAPGFKP/UEBCLGJS901", "operationName": "MajiqxpjfapNpaquliVusiimnd", "time": "2020-01-12Q09:57:32.8859117H", "category": "RczvkpcipceHvvsosvLmswbbmqNlj", "properties": {"instanceId": "DytykqpuvpeWmgxdjuUdcw_GV_0", "clientIp": "173.252.95.30", "clientPort": "0", "requestUri": "/-/jspnb/Apvwboy-Pprwplud/Urcrxcyc-dcq-Fxzrkayrm-Ujajpea/Azrhkf/RXO-Iofxqwxmj-Yvihbvkl-JJK-10-Ggnxuput-Vpqmm-Plfrai-Pxcbljg-1.rnxy", "ruleSetType": "BBBCB", "ruleSetVersion": "3.0", "ruleId": "920300", "ruleGroup": "920-YTXKYEDO-KQHLLTQOCGY", "message": "Mhdniww Ukmqlgw ub Iuprfv Lkczwn", "action": "Jhrdwol", "site": "Iaamcx", "details": {"message": "Dewbehs. Fxiox qd \"zp UmtbzOziQqz Yzsahfk\" ulrzoon \"KSCFYVX_LFPIZDV:Pftg-Pdwpl\" ozvnctxp.", "data": "", "file": "hcwtk/ANMCWKR-920-BIVKBELN-ZRTYVLWFOYA.whcq", "line": "1247"}, "hostname": "ygdsmqufuccykbwz.dqc", "transactionId": "1369094288868120270"}}, {"resourceId": "/APQLSHVIZPUJW/0E3KI9CS-6RS5-4Z0V-C452-W032AV8WO133/NHDJNKAOIGZZGH/AEVGCUDGXDBB901/JKRLPFQJC/HJTJDWGNJ.LZYRCPP/CEBWRUYDSXCIBXNAKVM/LPGCFLRY901", "operationName": "PqvoaxibgfsXrnjkleQmbfkesv", "time": "2020-01-12N09:57:32.9484182X", "category": "QyvoekhbuhyVwhbubjYfpmjjosJbt", "properties": {"instanceId": "XhumxgkffuvTquhpnvUimi_UW_0", "clientIp": "173.252.95.1", "clientPort": "0", "requestUri": "/-/bmjys/Tzpstqi-Yftlxxhp/Dvwlfkxz-orr-Gmkbgnonl-Ciclorg/Czhkmi/EAF-Zeefukgwa-Uepnbhqw-OMJ-10-Xbwdiemu-Ditxa-Adaldv-Xrfwnek-1.nkil", "ruleSetType": "RAWMX", "ruleSetVersion": "3.0", "ruleId": "920300", "ruleGroup": "920-GLPXGUTR-YZMVXVOJSBB", "message": "Dzvcyac Dsilzyp bg Yoouca Qjvlrj", "action": "Ebmsmbi", "site": "Xjjlff", "details": {"message": "Lqooosu. Awppa bk \"cu YcwvmRyoEyn Cbquwqi\" hlvaaid \"CFDLGFP_XYSOHFE:Cvkv-Lpgsp\" ejwsrlgm.", "data": "", "file": "eycfn/AYWRCHZ-920-VZTHDDHZ-STPIOAYRGOO.zsok", "line": "1247"}, "hostname": "mjiapeahikahxhfk.piz", "transactionId": "1369094288868120272"}}, {"resourceId": "/WHKJWKCTZNXQG/0S3IK9MM-6DE5-4N0S-K452-G032JN8II133/YIZZDWIMJUGPIK/ZQVANDPUHSYK901/HUJHFPATE/USOKIUVWE.TKNLJXF/QEVTZIXCWQUBWFTQVAF/LUZQEYQI901", "operationName": "XmvakmiumdgOrbodbgDmfaqpvq", "time": "2020-01-12O09:58:10.9907428C", "category": "DlkiseigoacIrhqhkwAmhouwcqIpd", "properties": {"instanceId": "RjesfyevldrJkbceshBfmk_MJ_0", "clientIp": "120.132.20.190", "clientPort": "0", "requestUri": "/", "ruleSetType": "HNEIM", "ruleSetVersion": "3.0", "ruleId": "920320", "ruleGroup": "920-GCZRFWPC-TGRRDYINVPC", "message": "Pwiqpzs Hbss Udyed Ebjait", "action": "Vdaszos", "site": "Iqlsyj", "details": {"message": "Fbhzbvb. Aamaolji XV dpufjlu 0 gk AQNPIJY_DWHVRHN.", "data": "", "file": "abtml/DWXYWKR-920-UTWZCSPQ-JXQMKKUBKGE.jhdr", "line": "1310"}, "hostname": "tzdoflnwhjqnjjko.af", "transactionId": "17654119337532859061"}}]}