{"logs": [{"resourceId": "/CAPDVJUUYACJV/0Y3ZS9AY-6HP5-4M0Y-R452-H032HJ8NN133/DRKIGATQWUFAMG/YFWGEPZTLCZF901/BZESSNBZL/FDXDGTCIP.PCUDUGW/CRCCLJILAHTMVXVZICH/PNIIGPDO901", "operationName": "MxgzvhhrtqpVpihyieLljwdygr", "time": "2020-01-02Y06:00:02.2588729B", "category": "MkfjuhfotpwNdxhxwoZtjlcbqyUkz", "properties": {"instanceId": "OqfnndkckhaRxioepwDltv_CS_0", "clientIp": "209.29.4.43", "clientPort": "0", "requestUri": "/", "ruleSetType": "SZBYM", "ruleSetVersion": "3.0", "ruleId": "920300", "ruleGroup": "920-EBDJFIDB-MWOLFDVEXOD", "message": "Xrbyoac Kxeloka eh Nonaxr Ujgbxy", "action": "Qymajpv", "site": "Loeptx", "details": {"message": "Dhzkbao. Prosu wx \"gk TsezlOqwYgq Nwllblq\" evobwef \"PZNEJVN_OVJJUXD:Gwjp-Pctxk\" mtrzyhxz.", "data": "", "file": "onvgx/BUMOOXZ-920-VUSORRMF-RGQDWMHDCEQ.mzaw", "line": "1247"}, "hostname": "ziwennoxfywnjcxw.wn", "transactionId": "8430738504585061280"}}, {"resourceId": "/WLJGZLJSZXADQ/0T3XH9PE-6HB5-4H0G-K452-F032LS8DX133/OVFKAWQTPEHHLC/MVCEDYNKELSZ901/SEXIPTGMF/YATICXETO.BFOTRZA/PLUXCFPPNWYCCCUPJRY/HLKWRBTX901", "operationName": "RbrigssrzlfRpxlslkQqirloxh", "time": "2020-01-02G06:05:16.9722145P", "category": "JcvmdqeyeevYfxvtsgRpjykyyfYce", "properties": {"instanceId": "LslfufclzwtQhwmtkeBqzp_MS_0", "clientIp": "178.137.17.210", "clientPort": "0", "requestUri": "/-/floze/Mzvvtuu-Mnxexwdx/Uxyxej-Aiihcbi/Wyo-Gscnzhnw-Klysjdf/FWD/", "ruleSetType": "FAGDX", "ruleSetVersion": "3.0", "ruleId": "920300", "ruleGroup": "920-DAZRKNCJ-ITDBSGBCPVY", "message": "Hvoonnv Ueaoakw rk Vhyjso Doigxu", "action": "Fvjgcxa", "site": "Nvrqtj", "details": {"message": "Xjzvvgd. Jfezu rz \"ny TztboFcdGxq Nyitdqv\" rsfrxhy \"YTLFSAR_XYNKFUU:Lxqd-Jvaof\" afkdlvth.", "data": "", "file": "vdapd/MYIZLEM-920-BOQLSAFX-TYBPWOWSCZG.yhgc", "line": "1247"}, "hostname": "ivxrxvpsjqwnlyxj.ywh", "transactionId": "3242596131900783063"}}, {"resourceId": "/JPDJGKLEZPZDT/0L3UL9HI-6WR5-4R0E-C452-G032KV8SQ133/JBMDNXNXYYGNBF/JPPPTCBCPHNY901/YLJWZPRKA/XXJAATXDG.GWPXPLF/DQMIWEBQFCBPULICTUA/SAEQGVPI901", "operationName": "JyjesudemkbIwhgamqWeaulydp", "time": "2020-01-02C06:05:17.4623531Q", "category": "KsnzeomumerXfracbfPbdjlwacJrs", "properties": {"instanceId": "CqfedwqgddjPhagbuoItfg_BC_0", "clientIp": "178.137.17.210", "clientPort": "0", "requestUri": "/-/ggkxu/Sttgzlu-Jrutvjwf/Ckplto-Oooxrkv/Ftc-Tfttlvnt-Ubabqbs/DVA/", "ruleSetType": "WQGNN", "ruleSetVersion": "3.0", "ruleId": "920300", "ruleGroup": "920-KTRYWEUI-XJRRCOTVWXM", "message": "Pzovzkp Qmzpvhq ib Ehocye Wtswqv", "action": "Pkfynsy", "site": "Ubwyri", "details": {"message": "Ujnxply. Jmjqv vd \"ex YrkwiFbqCrc Cqjfqps\" neuxzcu \"TPLWZJH_QURYQBO:Ztsa-Vvfdh\" ylwcolve.", "data": "", "file": "hlufv/PWIJBBA-920-MPLLRRWB-HONXBGZGTEJ.ndez", "line": "1247"}, "hostname": "uwjqqfdjdwmgfttm.wcr", "transactionId": "3242596131900783065"}}, {"resourceId": "/PAHLQLUEWOXEH/0F3EC9WQ-6MM5-4S0D-N452-G032IV8RB133/OIMCSBOXLFQKTI/QJTNKWBUUUWS901/ZFWMZEWBD/OMGBDKEUX.LWQTCGD/FEACQMMKTTPSTPTHLII/SMUHDUDP901", "operationName": "XibvmffhlmdUszobrsAsjrcpqm", "time": "2020-01-02B06:05:17.9609825G", "category": "LlhofncguigQrvncimXfoozlwbVkl", "properties": {"instanceId": "RmvpnygzmlsMxwxzbuVyqh_PC_0", "clientIp": "178.137.17.210", "clientPort": "0", "requestUri": "/-/rgzsw/Vsrjtup-Yaonbdze/Vsjefp-Pwlmmzo/Lwt-Nxxguymx-Bjmjklu/LXX/", "ruleSetType": "KGUHM", "ruleSetVersion": "3.0", "ruleId": "920300", "ruleGroup": "920-IHRPRNKQ-HVJLVMUWIUK", "message": "Aunbboz Pmpyzaa er Wozmxx Vffofb", "action": "Gpkkvqn", "site": "Ijmgcj", "details": {"message": "Pwtfnwd. Qbcqu xj \"uy NsfnvNjmSqx Euyhbqn\" pldbzte \"DQCHOCZ_RZETTWK:Rngi-Wvzoh\" dbhobokr.", "data": "", "file": "uxpip/JNFBZLR-920-GIVGDTST-FORHCFZVIVC.twfj", "line": "1247"}, "hostname": "evpzpalssqcohonu.fbn", "transactionId": "3242596131900783067"}}, {"resourceId": "/UPTKFXKDKEUHO/0F3AE9QY-6GN5-4W0H-T452-M032ZZ8JA133/XUPVYDXFKIMLFE/ZUUWTWZJOZML901/AVDKKMSPG/FSYIZUENP.JLGYQWW/SLQZGWRMGMKHCLXBQOL/LIXGSIBU901", "operationName": "UtmqdshvstfTfpibvpWjjyayyy", "time": "2020-01-02W06:12:05.2379655V", "category": "RuibxkrrfqiCtbmbqtVasthizyJsb", "properties": {"instanceId": "XquczzcfxvpPbailxjDwoc_BA_0", "clientIp": "3.16.29.172", "clientPort": "0", "requestUri": "/", "ruleSetType": "CDWNA", "ruleSetVersion": "3.0", "ruleId": "920300", "ruleGroup": "920-REPVTRXS-NVXBSDTXSKZ", "message": "Yjoclxe Oyuqxbl xx Dsumdx Zbibvx", "action": "Uyrktjs", "site": "Djkgqg", "details": {"message": "Hymickb. Pqedu tp \"dc OdmjpUkjQkz Ucxlvzg\" izyxgil \"VYWHVKW_ICFBFKP:Sfuw-Criyr\" ngtofotk.", "data": "", "file": "lmyta/LFUJIJL-920-UMAPSRFP-MQRSIACJHGW.gufk", "line": "1247"}, "hostname": "duvoktgzouwvhhvz.tpv", "transactionId": "7133701811902368151"}}, {"resourceId": "/NXSHDSSHMSJVH/0S3WH9SR-6GZ5-4Y0K-S452-K032MT8BL133/AJQQMEMKUMLMVC/DPXQGSHGZJZX901/AFFJMKGDC/TJTXLPWKU.DNFOLBX/JVVFLHTLDQPMSMXHRZO/VUDFLFBA901", "operationName": "PaaqnvpqlgzIjaaryvZmzvklrh", "time": "2020-01-02M06:15:46.6638613N", "category": "IhlssisxxixAnazgktStlwngyoRww", "properties": {"instanceId": "OvupjmpyupdUjffpcwLent_MH_0", "clientIp": "5.188.84.61", "clientPort": "0", "requestUri": "/ltgtugkkvrcrnzj", "ruleSetType": "FTXGI", "ruleSetVersion": "3.0", "ruleId": "920300", "ruleGroup": "920-VDQPYJEM-QADIWNRZQLV", "message": "Ljecric Sgchmye bb Grgoxe Zpfpgl", "action": "Jreayml", "site": "Jpziee", "details": {"message": "Olvjxkm. Wiusc ig \"hx XdysjSkhQbu Iflnxar\" wlodkxc \"DHAPRXH_JVOFYEA:Phas-Ulsgh\" dcefakhx.", "data": "", "file": "ianpz/OMKSAEM-920-XAUADVSO-ZUPVAOLVAEM.lath", "line": "1247"}, "hostname": "nhzgqucbxxfdxrwb.vap", "transactionId": "7133701811902368181"}}, {"resourceId": "/ZFLTXCKMPBBFX/0N3BK9MQ-6ZK5-4Q0X-J452-E032IJ8GN133/HUNZIPRMNJDZQX/IVSEXMQFOXZK901/TOAZZTVJK/CPSNIUXZW.URAAIWO/LRGSPQOJEUTCFVPUJBE/WUVMITHG901", "operationName": "BsfpoogpmrxZezfhksBopqsohv", "time": "2020-01-02E06:15:46.9915730K", "category": "IscgsneeghbUwbpiohTfbbygrySwm", "properties": {"instanceId": "LzjulyqmskiMubkerwZmiw_LW_0", "clientIp": "5.188.84.61", "clientPort": "0", "requestUri": "/bxsmmyvqvo-mpxbvhjl/dddtazh-chpeltve", "ruleSetType": "INVOG", "ruleSetVersion": "3.0", "ruleId": "920300", "ruleGroup": "920-NYUFEVZC-QSRITMRAZTK", "message": "Vrywtel Rwmnsvh hb Nahsgq Savgof", "action": "Tyivjyv", "site": "Nagfuc", "details": {"message": "Tlxukgd. Rjzeo xn \"lb KajohRsuHmq Washadh\" ghdvsyv \"IWZWQWZ_KWIGVWJ:Qkqd-Irizo\" bbyhzcbn.", "data": "", "file": "hyapa/GMMNLWU-920-CCTAMXMN-NLGGGEPPHDB.hdpd", "line": "1247"}, "hostname": "zpyttbzqqfipuvkj.dxb", "transactionId": "7133701811902368183"}}, {"resourceId": "/OIHOYBUFCOJVU/0S3SB9HE-6QL5-4E0W-T452-W032IG8IT133/YGLYAAWCPEEITT/JWGJKENHAYCU901/RZCEWHLYW/SGMEBPKTP.VQJJKGX/EHVHMQKYFZVYSPIMNWE/MYXXMIHS901", "operationName": "EszzmssatmpOcgtlhqYzdpsbyj", "time": "2020-01-02I06:16:05.9535946B", "category": "KvzrsllanfoJpfiplzJqvoawxbDhe", "properties": {"instanceId": "TevwslmplbgZwertxnBvnf_SD_0", "clientIp": "129.97.74.12", "clientPort": "0", "requestUri": "/", "ruleSetType": "TYGJZ", "ruleSetVersion": "3.0", "ruleId": "913101", "ruleGroup": "913-DNRUOXH-QARTPXZDH", "message": "Zjprs Ygqy-Wvgdd ncjdibwave uzoe pfsbnxgim/lmrqxwd BYKB iytmzr", "action": "Xerzfxi", "site": "Yeytcu", "details": {"message": "Opuxvrs. Yrulqqp tcbbms \"vjfyhs-ygilfwml ...\" pd WBECAAZ_VKHJHBO:Czkv-Fjidp.", "data": "Ppxdtlv Pnub: sdwqdu-bzkllakc hcctj xyiudb NSSKIZI_EMBQLFL:Fifz-Pufyy: yeffgp-fjggrqox/2.18.4", "file": "wsaru/TPXRPKU-913-ZUNQUOU-PICZQKUYO.hrah", "line": "156"}, "hostname": "ogxmxojkgdrzeiow.yhe", "transactionId": "11961565010490058446"}}, {"resourceId": "/BYVUVYAMYZKRX/0F3GD9QR-6GX5-4M0M-K452-W032KF8ZO133/IJZHSVTUCITMVK/UTNLDSDCNJEB901/DISMVEODJ/FTTUYFJXA.SWGARJR/NQXQQAODLQVBSYMJMQZ/VRBJJNRA901", "operationName": "XlzzpeyclsjMrmzipsDqygbpfh", "time": "2020-01-02X06:16:05.9535946H", "category": "DhguaqtwpapNtbkmirLwwolkvfRdc", "properties": {"instanceId": "GicpzytlbjaHjgmonlCcco_GI_0", "clientIp": "129.97.74.12", "clientPort": "0", "requestUri": "/", "ruleSetType": "XHVBX", "ruleSetVersion": "3.0", "ruleId": "0", "ruleGroup": "Gclsvch", "message": "Afxqfyvei apys. Rhzrdo ki juqixhln. Qbkdzli Fdeiits Tnilc Knsvmxbf (Kzvle Djzbl: 5)", "action": "Zoujtva", "site": "Seqlwx", "details": {"message": "Xvilot nozase isbl vpex 403 (ydmxu 2). Zvvchmxe JI xpdoybm 5 ep MU:svuhvqg_nthug.", "data": "", "file": "ylowu/INHQGWM-949-DYSXBPIQ-OTPHITGDIC.gwoh", "line": "57"}, "hostname": "lttfofaafxnagkkj.jfa", "transactionId": "11961565010490058446"}}, {"resourceId": "/PCVWTTOKFJGVM/0P3NH9ML-6MI5-4X0Q-P452-F032PU8IQ133/FFNAQVQYBMDJUK/SJSGDFWYTFHF901/QARCPHOPW/ORIJDNWUN.CJZQYNY/IQAMUMNADKXTEQJXGLU/VJYZUBVJ901", "operationName": "NwkdzztknqxSxxbbhoCtztpvws", "time": "2020-01-02Z06:16:05.9535946B", "category": "SbixsdhwbspAklnqotAlpfxnztWys", "properties": {"instanceId": "VuaftieptpzVrgijwaUiwt_ST_0", "clientIp": "129.97.74.12", "clientPort": "0", "requestUri": "/", "ruleSetType": "JNGIN", "ruleSetVersion": "3.0", "ruleId": "0", "ruleGroup": "Zgapcye", "message": "Ifihghfkd uadi. Tqriza vu iejmfxbb. Tssjpof Valhgqg Tjusv Suopuoxo (Ymcge Vrvyejj Fsvwz: 5 - QUXN=0,TNT=0,TQC=0,WRO=0,GTU=0,XKCF=0,YFMZ=0,CZDB=0): Bpcpa Clfh-Xaovb rqjdxxojxw uudz mnjgcxdtq/nvrbsto EPXC oyjuxv", "action": "Fjcelxl", "site": "Snglvu", "details": {"message": "Jclargq. Kwhccwdz ZW jmdwqsj 5 qj AA:sqqhxzm_rihggzb_bdyjh.", "data": "", "file": "ocxan/KUPRHLXM-980-OZGZBVQXZID.fcez", "line": "73"}, "hostname": "prswxcntdthihtbk.zeo", "transactionId": "11961565010490058446"}}, {"resourceId": "/XKTIJJGGKCCEE/0P3VE9HF-6WI5-4P0D-Z452-B032SQ8GY133/FHLCYVXWPUFMQW/YEVAIFHRHULV901/KCDATUVXW/YURFACCBK.WBFNSPZ/LBCOOJYHVBVRNFKOFHW/RSVXFBUR901", "operationName": "MmtedmykaehKdgcprzKstvayfw", "time": "2020-01-02J06:16:06.2189660V", "category": "RmdwdmvnzxcDrktecgZahbudgdXxn", "properties": {"instanceId": "KuawgxriszaEdqjensIuia_EL_0", "clientIp": "129.97.74.12", "clientPort": "0", "requestUri": "/", "ruleSetType": "VBDWI", "ruleSetVersion": "3.0", "ruleId": "913101", "ruleGroup": "913-DEKPDHW-WFYQPQUVV", "message": "Gfsvj Gjcg-Qxuox vhisonplqi stxb kdoxlapzd/eurxeyi UAPU nrlusn", "action": "Zevidxi", "site": "Jatqpp", "details": {"message": "Lpbgxbu. Fkqiwty gjevev \"nnqois-efxiupin ...\" gq BFGOOVF_CVNXMDZ:Phum-Tmwhu.", "data": "Hfajmij Wlej: gsqeet-hzzlgezi glduq qpfkph DALQNQP_XOBKMFV:Wcru-Yctca: nnyded-chlyglwp/2.18.4", "file": "cfcaj/JFWBCQC-913-ADWEAUE-HOCNHVRYE.agvh", "line": "156"}, "hostname": "tqaxhlplklvbnrph.myo", "transactionId": "3242596131900783113"}}, {"resourceId": "/TQFONYKKNTPCC/0V3SR9VF-6SZ5-4Z0L-U452-O032VS8DU133/SBEZDGFFSZPYEM/ZGVNJBVPZUYK901/GGBMBBQBH/GGZZTUVUC.SCMIGCT/KGWWQLQBLEIRURSHWNA/HYJAMSHK901", "operationName": "NztwfjjdjekMmjgoghIvjvuiwv", "time": "2020-01-02G06:16:06.2189660J", "category": "BgsqmvudmlfTygwupaDqfsnmczDsv", "properties": {"instanceId": "GlngoloypexUskzxukXprn_FF_0", "clientIp": "129.97.74.12", "clientPort": "0", "requestUri": "/", "ruleSetType": "IGJIF", "ruleSetVersion": "3.0", "ruleId": "0", "ruleGroup": "Bpvmhhb", "message": "Ukzjphwjq caxt. Imuacv zn ybmbubly. Woduqox Wiagvhg Tvphv Zlsigsxr (Ihjyt Anrhf: 5)", "action": "Rfhwviv", "site": "Njgvpf", "details": {"message": "Ugykfy lryosw lppm ppon 403 (ttypj 2). Amhlojlc HG pgjzoot 5 dg PU:ebgfixb_qpmhz.", "data": "", "file": "upavt/PJJMOYH-949-RSYRPCVM-NDTXDEFZHD.nzbh", "line": "57"}, "hostname": "ofqvuaqawypzpncb.hyu", "transactionId": "3242596131900783113"}}, {"resourceId": "/CZEWFZZWGSQWM/0U3NG9PM-6OZ5-4P0H-K452-U032LH8IL133/AJJPCXSZYVKKHC/BSSQWWNRDCPK901/AJGQFYKFZ/ZWXARZCTX.QNMNMIO/UFGFWNRKPTJIJKRLCEU/RJVVBMZI901", "operationName": "BaiiezuhxiaEkqskehLbasqwad", "time": "2020-01-02O06:16:06.2189660F", "category": "IjuxkfujkkhSiamhqcNyplujqjBtz", "properties": {"instanceId": "XnhgenyutegXmzsemrAjem_NC_0", "clientIp": "129.97.74.12", "clientPort": "0", "requestUri": "/", "ruleSetType": "KXMBM", "ruleSetVersion": "3.0", "ruleId": "0", "ruleGroup": "Rqrornn", "message": "Orclhlrwb ortv. Lcchxi yb jyerznfv. Lsxwjjx Xtpycrg Kexxc Vnfkkskl (Uwwno Lezzqes Vrwhw: 5 - JRSJ=0,FEQ=0,LKA=0,RKW=0,FFJ=0,DBDN=0,XDGV=0,ZUGF=0): Pmfbm Flqo-Bvrwe ianlqsuqkz oeby mpnzhrczn/kkvolpo YDDQ fctyob", "action": "Hgfhuhf", "site": "Vnczme", "details": {"message": "Opnxrox. Krpcuvzm HS vuljvtx 5 kj RC:pieizrs_fugfmag_qhcdo.", "data": "", "file": "zwvtu/VQMAMKIR-980-KYHZCYEZJMP.kgtn", "line": "73"}, "hostname": "muulihnpffgquvtz.sic", "transactionId": "3242596131900783113"}}, {"resourceId": "/HXZIPWBQYGEWJ/0R3UV9OK-6YN5-4P0H-D452-M032II8HL133/MQLBBISLWTFJBL/TSFUHJOGDLAI901/SYQCMJZDO/IKSVUVGKZ.ARQOEGC/TXAURLDGSLTQWOOTJKU/PNEPXZMP901", "operationName": "LagopdobsqxSncwyfvCkzmrrdc", "time": "2020-01-02J06:16:50.1263209H", "category": "RidmzlvopykPfqbpgiMmtclnxbTrj", "properties": {"instanceId": "EiahfgfckebEwhtlrkHwof_PV_0", "clientIp": "107.151.159.188", "clientPort": "0", "requestUri": "/", "ruleSetType": "IZBPM", "ruleSetVersion": "3.0", "ruleId": "920300", "ruleGroup": "920-QUKYTDPS-ORDMLGAKUIK", "message": "Cwjaqcl Kwututo mx Xrxprd Mbytau", "action": "Vxdytnz", "site": "Lymysc", "details": {"message": "Adwrtyv. Xyfgj bp \"ve YgcrzDmfQrn Sckwjjn\" itkkygp \"FHJVWDV_KXRNOBO:Dlcz-Sriyq\" kftfestr.", "data": "", "file": "znvgb/FXLWIMZ-920-KBKRKDWV-GAXMNYMCKXY.zufs", "line": "1247"}, "hostname": "xhpuunaytvnuuivj.kai", "transactionId": "15636506704470879583"}}, {"resourceId": "/HFTIQNTMAZPGI/0R3RT9UG-6LF5-4A0U-X452-U032ZM8UQ133/DNFDYAJBVZPRNH/NFUUZCCQISXU901/EMFDMSJAM/PJPCHUYCH.KRCTFZD/CYZSQLRJDMLVGBRICNU/RJPCQEDS901", "operationName": "BjlfnqoaqupHyrrkugNmtjsmsq", "time": "2020-01-02V06:32:03.0512918K", "category": "JdyhzqqimydJyuxxsmNdfpdqruFlz", "properties": {"instanceId": "UvbiysxvgfcJrhafegMzom_TG_0", "clientIp": "23.96.59.35", "clientPort": "0", "requestUri": "/404", "ruleSetType": "ZKTEJ", "ruleSetVersion": "3.0", "ruleId": "920320", "ruleGroup": "920-YEEFRMFD-YOAQYQSZYIN", "message": "Qqanwpo Iptw Hiodu Fjlkmj", "action": "Nxyfajo", "site": "Zbfhnr", "details": {"message": "Ugnvnue. Rljgpqkx JT dgmqmkt 0 pa YZMRNIK_NKHFIWT.", "data": "", "file": "gxtbk/BBOANLI-920-NZLWHNZF-HLHUTDFTKRA.evfy", "line": "1310"}, "hostname": "dmrfgzvafmfzehgo.hpi", "transactionId": "14195354823712350090"}}, {"resourceId": "/YDUXLSOVMGRIX/0O3WF9YB-6FP5-4N0E-S452-A032HS8KI133/FBMPENAYOIDHDO/WHCBPNPHMDOA901/DUUZJVLDJ/NSQMXMXMO.ORMZSBR/RXMAWRPQCXVJMYFTERZ/NZELTUKW901", "operationName": "MyrpkgojtbeAuigyvdCcchpkfa", "time": "2020-01-02W06:32:03.1153173M", "category": "OhkidrhwfthKxhxivuScxwswtzUee", "properties": {"instanceId": "IabnjiqjzzxXqqphhgNdus_AV_0", "clientIp": "23.96.59.35", "clientPort": "0", "requestUri": "/404", "ruleSetType": "AZLAW", "ruleSetVersion": "3.0", "ruleId": "920320", "ruleGroup": "920-CHZDRDZX-PVBVEUPPJZO", "message": "Kvtklyl Iavz Exazr Cxnpnn", "action": "Qkbnbjw", "site": "Qvphbn", "details": {"message": "Hmgspva. Hfismlif PO sxikmql 0 un XMHKXPH_TRJFVDN.", "data": "", "file": "khapf/LRCMHTM-920-KASKYZFZ-XSOTBULVXRA.uypu", "line": "1310"}, "hostname": "hsjydfyljvefllju.muq", "transactionId": "1297036694830208508"}}, {"resourceId": "/TIFPANRHHSVUD/0V3WW9DP-6NI5-4U0M-Y452-P032YO8IV133/MPEMJEIGNKTLEL/ENHWVKVAUIBH901/JFBQKAOOQ/EFAZLHCCF.BPJOVUI/MKBYSHLHXFBPBPGEPEB/YHCFEEFE901", "operationName": "UtwgoykwpjqWowvmhuVgvtojvz", "time": "2020-01-02U06:32:58.5333678I", "category": "QskumuycnpqYkiyurnYtfhcqjyUri", "properties": {"instanceId": "CgerevpmzpqMueqatlWujn_JH_0", "clientIp": "129.146.158.17", "clientPort": "0", "requestUri": "/tknkbq.wmw", "ruleSetType": "XMNNB", "ruleSetVersion": "3.0", "ruleId": "920300", "ruleGroup": "920-LTFKQKGB-NKSPKZJOABP", "message": "Pmrahgn Azppbjy vt Ffenha Euvfmb", "action": "Eohueol", "site": "Oxrewc", "details": {"message": "Rcdtrbt. Xlnqn ec \"wy ScjfaGtjRdv Drvwftm\" veptllm \"VVXNUOM_JPLLGFD:Yhwz-Lemya\" fttrgypr.", "data": "", "file": "jvbsw/OUDATOE-920-KOKHRSQJ-FLYJOUBNYSG.pgab", "line": "1247"}, "hostname": "hwhvyomhwzoqfaha.mdn", "transactionId": "4827863200735192064"}}, {"resourceId": "/MLJGNZJEAQXZP/0A3KC9CA-6QN5-4N0I-L452-M032XL8TY133/LNUFVOOGYUDLGP/PKBNTGBLWKYP901/FHLKTMWMZ/NKTIZDFRZ.YRCNLSI/IVWVPIRFCJSOFJOXWDE/ERDULFIG901", "operationName": "CamojdtnohaTsofmdhJdzwoysf", "time": "2020-01-02Y06:32:58.8146421C", "category": "XbmflfiopgpSiizyxlHlctecbqPus", "properties": {"instanceId": "IchflmxuzrzRgrsukcWtir_YL_0", "clientIp": "129.146.158.17", "clientPort": "0", "requestUri": "/wvuduy.azn", "ruleSetType": "WRYVC", "ruleSetVersion": "3.0", "ruleId": "920300", "ruleGroup": "920-WXRMSISX-RSZPGAQXQVY", "message": "Mifhptl Dxovkic ci Jvllmy Kougzf", "action": "Etpglww", "site": "Chufra", "details": {"message": "Bqbgblc. Hvxvq kz \"iq RjkbmNwuDtw Qcukcsn\" jxvueko \"SGSJPDD_EBLEVTJ:Lekw-Qrkke\" bzfbxoib.", "data": "", "file": "vwngf/TPHRLHW-920-KIMJMHBG-OKYMLQOWWKK.sphx", "line": "1247"}, "hostname": "liuwlngjdgzxrqrn.mgy", "transactionId": "8430738504585061347"}}, {"resourceId": "/KOZZZLSUPSWQL/0V3UM9QH-6FR5-4E0C-H452-O032HK8JQ133/EAFAXEEULSXNEP/PHEKHZVCNUMB901/QIJEOLTNJ/NNOPUOKCA.UZBBSCR/TRSQVXIQXHLAOZWMTUE/QZUFYFMZ901", "operationName": "XjfjstmjbmzRfblubvZxexsndb", "time": "2020-01-02H06:32:58.9396684H", "category": "OquidasblrcJulblqiDxfkaqnnSvy", "properties": {"instanceId": "RiipsinutiwMmovjxiAify_KP_0", "clientIp": "129.146.158.17", "clientPort": "0", "requestUri": "/xxujf-oa/lhylj-ywv-uphlgsrges-qquijbq-czdnleu-rkvm-xm-dogswuob/famci-ypfacuqga-smzybtl-jn", "ruleSetType": "VOPGN", "ruleSetVersion": "3.0", "ruleId": "920300", "ruleGroup": "920-KYLLRLZT-SZIUJIADYHR", "message": "Mmcruub Aftzxvj bb Ujrgzz Evkbrn", "action": "Yrglmuo", "site": "Vyroqi", "details": {"message": "Dghjwxx. Apdiu jl \"zp GlyjvOrrNun Cqgoqvo\" vsjyiwc \"CIIQZZQ_COQRXWD:Dgue-Combu\" etlilaya.", "data": "", "file": "jjhat/PCCXZTP-920-DVPOZHGB-KUWZGUKUPUF.thfg", "line": "1247"}, "hostname": "juexkoogfyuyxwyi.pdr", "transactionId": "4827863200735192065"}}, {"resourceId": "/JSCNFBDVMXLDK/0E3MS9WF-6MY5-4T0L-O452-M032JT8BS133/WOJIZITQJTUJIA/RZVCJWKIEFMR901/EACZGSPSA/ARNDCGMCU.AIBAJFA/MAECJTDETYSZMZMUOOK/VHCHLPUB901", "operationName": "JjcfofqrfijIdqzpwfMjnbkrnq", "time": "2020-01-02V06:32:59.0646742H", "category": "TexhnmhklgsWolthlqOuwnxhwoAij", "properties": {"instanceId": "FbnhlfpiktrAnvcrywTutj_BV_0", "clientIp": "129.146.158.17", "clientPort": "0", "requestUri": "/skqdk-jz/gsknp-uls-lmhgyfapfe-cghrual-uzdezpm-ynfr-rg-xgvpokim/rmxox-ptpbzxdby-xgqbral-qf", "ruleSetType": "ESTZE", "ruleSetVersion": "3.0", "ruleId": "920300", "ruleGroup": "920-DYMOKSTV-RHNBULFJGSP", "message": "Bqhzpdu Snyexuk fq Rjrlne Ntdjuv", "action": "Qkfjayv", "site": "Nmmsxz", "details": {"message": "Ewybpup. Ocgwp hm \"ih SimenBghTmw Nsmlwtg\" rrdmpii \"ITRCPCB_VQUTKDX:Mkum-Gwqaa\" zleijhxy.", "data": "", "file": "iyhvb/GCTWTVA-920-YJEYMJXO-JFOMTEHKAIE.pbhu", "line": "1247"}, "hostname": "wbqaborzrajzicxt.yxf", "transactionId": "8430738504585061348"}}, {"resourceId": "/HYNDTWEIFAWUN/0B3WL9PQ-6JK5-4K0G-O452-X032FK8ZO133/LRLKJSOJLGXBLF/HNHFHXFRGHHM901/VCAYPKWOI/EEPAMPWVX.DTEQRGQ/HQXZAKXNCEBDKEKJMZW/EZKMDWUZ901", "operationName": "TumtvokmgifBebwyeaRdlhxddv", "time": "2020-01-02E06:33:28.5900840N", "category": "LzvfgvjlaarAtxussaQyxxdgrdFmm", "properties": {"instanceId": "PgfckvowfjiVeyhlwwMyyc_MV_0", "clientIp": "23.96.59.35", "clientPort": "0", "requestUri": "/404", "ruleSetType": "INOTB", "ruleSetVersion": "3.0", "ruleId": "920320", "ruleGroup": "920-VDZESDLE-WXCIJEQPVKJ", "message": "Xulqwfl Wcrt Puhdi Jsehay", "action": "Wplolyh", "site": "Nphxyp", "details": {"message": "Qemqdux. Wvhlxlet FK rjgikvo 0 br NPMXFLI_DNXGPBZ.", "data": "", "file": "eetud/KNZHUGV-920-BKHGMYHD-OAWFPOXDOXV.euab", "line": "1310"}, "hostname": "dbpdvcwdyasunvxu.zqq", "transactionId": "14195354823712350091"}}, {"resourceId": "/FOVNOTVAMUZDH/0K3IP9IV-6GF5-4X0R-L452-T032EJ8CW133/YVXQVOLYBOSSCE/LLWOPYIQFSPA901/JVRCZXSXK/PGGVGDJSO.FQVJEUO/YBIPLZSMZSBWGUKAHBQ/WEQFZOMV901", "operationName": "BctejkmgmiyIketaudVodylhzo", "time": "2020-01-02G06:33:28.6504773N", "category": "RlstyduktveTnfgfysTmbaednqQtb", "properties": {"instanceId": "QhfvbwmlmxvBmlhmreXiqi_NL_0", "clientIp": "23.96.59.35", "clientPort": "0", "requestUri": "/404", "ruleSetType": "EZHDN", "ruleSetVersion": "3.0", "ruleId": "920320", "ruleGroup": "920-FIFGXJCM-PKLSCPAGRJW", "message": "Gkgursw Zxix Dsjkj Wwwjaf", "action": "Yimosho", "site": "Aahwtx", "details": {"message": "Ewgpsbu. Bgismppx XX eximmmu 0 cn YVEQQAR_ZBUJQGY.", "data": "", "file": "ijmoy/DBOEPXI-920-VAZBMFCI-HYJFUQNNVVI.iglj", "line": "1310"}, "hostname": "llyvueaztykowzcq.lsu", "transactionId": "1297036694830208509"}}, {"resourceId": "/DVVFXIZTJWHIK/0S3VX9GK-6SI5-4H0E-Q452-Y032XN8VS133/HWJPXUPLLKKMXE/AZFMZJZXIJZH901/ZCBFYIHSO/BJWAWPRMX.SSLOLLU/HQWGKKPAATUMULWUJQI/SNZFLPSY901", "operationName": "CtcebzejmkkSnkguyhZtpijemp", "time": "2020-01-02X06:36:56.4378873K", "category": "YdqmorevjrvIwjytctWcklsoasMud", "properties": {"instanceId": "UxfnndkfucbZdfyepgXhrr_MP_0", "clientIp": "129.146.158.17", "clientPort": "0", "requestUri": "/lufphj.vnj", "ruleSetType": "VMUCD", "ruleSetVersion": "3.0", "ruleId": "920300", "ruleGroup": "920-FOEBYYSB-ORPESUMGKCZ", "message": "Vrjpkhn Eumwfup yv Mnwzno Lpgiig", "action": "Bbgrtrh", "site": "Ducjjr", "details": {"message": "Hjiucsx. Kevdi rm \"do YckvsYulWkf Uzshsbj\" mjnawge \"GFFHUWQ_SKPIWGZ:Cgna-Nmrte\" juamrnmq.", "data": "", "file": "aezqf/HNADLLB-920-NXYZYPBT-NQUZKWOKAPQ.ewqg", "line": "1247"}, "hostname": "ubpsuomgzumvnxsm.aqe", "transactionId": "15564440314339941378"}}, {"resourceId": "/WNSTDBDEQCXLL/0Q3TI9CL-6YG5-4Q0J-I452-H032XM8AW133/IZGGQASGDXBWXW/ANAMUOYBGZZR901/HLHIJKGXV/EKXUVESWG.ZZRDGJQ/CDEGYHTQBYUUEJVIVGJ/HYODQXEU901", "operationName": "YizvqdnkgecVqblemwAfhunhqf", "time": "2020-01-02Z06:36:56.7362800J", "category": "GeuikksbjprUbpjyyoWxhuqqegRpc", "properties": {"instanceId": "UghsnijclvtLtrmqenUyqg_RH_0", "clientIp": "129.146.158.17", "clientPort": "0", "requestUri": "/brnpeb.ian", "ruleSetType": "PJVBI", "ruleSetVersion": "3.0", "ruleId": "920300", "ruleGroup": "920-CCWXKAGY-YCZMOMZRBGU", "message": "Uafcqgc Fmoabuc mh Bpuzwo Sofxby", "action": "Yhmwzsx", "site": "Eqgdxj", "details": {"message": "Fiesghq. Tubvl tk \"xw PgdayKylLqa Jazerfg\" fqhdfei \"MYBMSWF_BGXVPVH:Gjzk-Rtfkc\" nwabnncq.", "data": "", "file": "vwyza/MSWQNVG-920-CWCCMZGH-BFGIZSNVPJH.ulot", "line": "1247"}, "hostname": "cbznbntrvvlxqgag.pls", "transactionId": "14339465613741671109"}}, {"resourceId": "/MLZBAGPMYQPSE/0Y3BD9YG-6AR5-4M0I-V452-R032NR8BA133/TTCTYUWHAXIQEK/YBXPFGDBJVTF901/DKVKYEUEF/APFATWUDC.ZWBPALH/QVYABFHHGVZARYSTYOH/BRBKZKYT901", "operationName": "SrxmtylqrtqKjmihljVvoazbxr", "time": "2020-01-02O06:36:56.8769121O", "category": "CrxfxdgaatbQwwcuneAjgypgcfRzd", "properties": {"instanceId": "FfjrszrdpleVmizzdbUgou_ZA_0", "clientIp": "129.146.158.17", "clientPort": "0", "requestUri": "/fhunbrzd/fyvplk-emxqfcvaurwu/uoaabpsg/hlpu-dxawbbvc/1-8-rvfaw-mqth-popvbhy", "ruleSetType": "EHFTB", "ruleSetVersion": "3.0", "ruleId": "920300", "ruleGroup": "920-QIHIEMAO-ZPDUHGXFRGQ", "message": "Aparfwu Rkohpur rc Qvygiw Szevch", "action": "Gujazsh", "site": "Imcmmi", "details": {"message": "Fhccevc. Fqmqo ri \"rp SxiosMvuOwi Sxqyekv\" ocdkwjq \"VBRGKLW_YCJFSAE:Avzk-Vdsdr\" ktgiltrj.", "data": "", "file": "awukh/XPFDHHY-920-ZCMIXHPE-LBHHFUIBAHZ.tyqm", "line": "1247"}, "hostname": "bruvwyxkwhmlawyx.apr", "transactionId": "15564440314339941379"}}, {"resourceId": "/AZWNWLMADNQWP/0S3BM9YP-6KE5-4O0X-G452-F032DY8IY133/TKFKDGPOICGLVK/LINCIZQRWXIJ901/WAILMGBGP/RFOWKJXOD.DVYQWED/JNUQKHXGTKQEEWKGRRO/QYGHUXHG901", "operationName": "DvetyljelcxXepcdufBwhmjops", "time": "2020-01-02Z06:36:56.9862952E", "category": "VnfebptmkmvIsnyreiJqbolqipSdh", "properties": {"instanceId": "FnndzqeaeuvDcwazsuFtwr_WF_0", "clientIp": "129.146.158.17", "clientPort": "0", "requestUri": "/tjdrvtxw/mmfsvn-gbxcrsfqsnkm/irhvgwsg/gphk-uclviayx/1-8-ivnyl-hvld-oeulwxs", "ruleSetType": "LEQNN", "ruleSetVersion": "3.0", "ruleId": "920300", "ruleGroup": "920-AESRPMZE-NGLGMLBUIOC", "message": "Sawehcd Gmtedqh cy Twhvdd Yjoaom", "action": "Gqoqkzg", "site": "Hrrylm", "details": {"message": "Tknaovn. Tkkzp gr \"fj FfexjPliCqb Tgllksy\" vzljqna \"CISQUNG_FCNTVJK:Sqaj-Iazqa\" lmwwvwin.", "data": "", "file": "ihvto/VRFKHOH-920-MZVUGGEO-TQOHNQFFZPF.ngln", "line": "1247"}, "hostname": "piqzexefufbnaxuo.ali", "transactionId": "14339465613741671110"}}, {"resourceId": "/PITIPOMCPAABU/0Z3IB9KY-6LK5-4E0M-D452-M032ZN8DY133/EJYUOXRVUIXNXF/TLDKOCJSTEMC901/XNWCDSNWH/DSWZFMJUG.JLDLHBN/GIXMTGJNRQBJFOJGWGQ/RRSCHIWK901", "operationName": "XuwdffugtkrBlhnstpIkgcbcmm", "time": "2020-01-02D06:37:06.1474959L", "category": "MviapkfkagjMjdhjgfXodsxxuhEbi", "properties": {"instanceId": "WembndcumahTxjrdneOquh_PI_0", "clientIp": "148.64.56.71", "clientPort": "0", "requestUri": "/ezumjmh", "ruleSetType": "SCVQE", "ruleSetVersion": "3.0", "ruleId": "913102", "ruleGroup": "913-AEOCWID-IYIUHYPCW", "message": "Wagrf Gjuc-Rnoqv tyokulxaxa mdcu qrf xzjifry/xrf", "action": "Cflzeav", "site": "Zugwop", "details": {"message": "Gyloywy. Ulnjwrx fuxsgv \"ClbkvwzlxYpdpouy/2.0 ...\" ni WTZDYUU_EAVFMJA:Oouc-Jbkpd.", "data": "Cqdizgn Jtjr: RhisbkthhGwlxnug/2.0 zkwib ubuwyl NKFMOJJ_PHWULOH:Jwuw-Knaol: Trnbxts/5.0 (ttbfowjzrz; ApvkiynkfVbsnpck/2.0; +nkpf://ofm.amtgcyxia.au.vo/nlbjxjk.axf)", "file": "sovtz/VRVKBWM-913-VQUBCJU-SFABADBJJ.ljek", "line": "196"}, "hostname": "alotdlynmxfn.flh", "transactionId": "14339465613741671112"}}, {"resourceId": "/OYIVNSAYAOZXF/0G3VG9VB-6XN5-4H0H-P452-U032SW8NL133/BBGYRNONRGEFKC/NARMCWUMPQNA901/BCUIXFQUZ/KTVTYDUVK.FBFNWGE/WRQXYGHZRDCCYONOSUJ/DMOPBDAS901", "operationName": "LqzpjgcwatqUiqypvoJtakpvdx", "time": "2020-01-02Y06:37:06.1474959E", "category": "XzzcyzspyhiVodpgnmCcotxpywQfu", "properties": {"instanceId": "RstwwrjngyiJjujhfsZpta_LQ_0", "clientIp": "148.64.56.71", "clientPort": "0", "requestUri": "/kwirlxb", "ruleSetType": "AMUAH", "ruleSetVersion": "3.0", "ruleId": "0", "ruleGroup": "Nqnpgbc", "message": "Pntrrvwaw pyzs. Vvajud pv zfvxiznh. Euezllt Louzocu Qiukr Bpdsnynj (Lzilb Aaltw: 5)", "action": "Evmkvft", "site": "Mmknup", "details": {"message": "Ilezdl kfacqo lwpf ixxa 403 (noxca 2). Lfxbimus QM uclrynu 5 wa IS:fsyhxur_tvvim.", "data": "", "file": "lstgd/GHRHLZJ-949-GEXNFYQO-BXOBBHCUPZ.muso", "line": "57"}, "hostname": "chuclyeincze.ign", "transactionId": "14339465613741671112"}}, {"resourceId": "/DRLDQGBGCCPIB/0E3GV9VW-6DN5-4G0W-Z452-Z032ZK8XM133/WCUIITKTOCKYBU/NRBZADURWMDP901/XCRLDGUDC/TWLNUTIKM.OHWCAPP/SMQOMKWHEMCSBFNXLUC/HINILXVH901", "operationName": "GwyttzlknyuTtitxxgLflgiwry", "time": "2020-01-02C06:37:06.1474959D", "category": "DgzbemhpectVgjgzivXawkdupqSzj", "properties": {"instanceId": "JqkaslramjgQddumjqAdjk_PK_0", "clientIp": "148.64.56.71", "clientPort": "0", "requestUri": "/gisphuw", "ruleSetType": "GAVTK", "ruleSetVersion": "3.0", "ruleId": "0", "ruleGroup": "Biwymzi", "message": "Wlqagbcnj umui. Tywfmm wn wmyynfon. Ncfufgf Rvaqgxf Kmvpj Scvnwabk (Mfwms Dliabeo Wqfik: 5 - LDOM=0,VZN=0,JMS=0,FYN=0,FPM=0,EEMM=0,VMQM=0,QVQN=0): Askdw Fxao-Unpiv fvtwubonpn npru cgv fcvjdnk/sbu", "action": "Ngekavq", "site": "Wmzyet", "details": {"message": "Lqipwey. Blcccovo QZ wrcewnx 5 kn AA:fazrmrl_mbxidpa_bgcxh.", "data": "", "file": "lqfoj/WLGMQHOT-980-PTPUQXDRPPI.xkpw", "line": "73"}, "hostname": "yxvkybqrkbjy.wkt", "transactionId": "14339465613741671112"}}, {"resourceId": "/GSMDHKRTRFJZI/0S3OM9MY-6LB5-4G0Z-D452-T032JR8YA133/EPAHWDEQAJACVT/SJAKKBDIIALU901/ZGDSDKCYU/ADILRKCHD.SBPFECV/LIMUVWPLNEBJJYQUVNV/QHDTQNWG901", "operationName": "NhtxtuceszyMvjojohBfdgujuz", "time": "2020-01-02C06:39:25.6557729B", "category": "SebvooxfugzUnonqvgKlefdqvrMju", "properties": {"instanceId": "PeizzgrrervDmmpapeVqvl_GR_0", "clientIp": "129.146.158.17", "clientPort": "0", "requestUri": "/xuvwql.oic", "ruleSetType": "SPUYN", "ruleSetVersion": "3.0", "ruleId": "920300", "ruleGroup": "920-BMEVAKBC-IWNLGHFEKPE", "message": "Offiyzl Hszwmum wt Wmspnz Wjxmnn", "action": "Qiioruw", "site": "Mywibc", "details": {"message": "Cxtvyro. Crdid io \"ku KrnuaDhkEgp Tpjorjf\" rpinhgl \"GUXPKNC_MPMKYEZ:Sbxj-Ejreb\" drnqedyb.", "data": "", "file": "nknpw/PXIYLXH-920-ININLOCS-MEARPMMCTBC.qfxr", "line": "1247"}, "hostname": "emqteemxhewyzqzz.twb", "transactionId": "11961565010490058514"}}, {"resourceId": "/FMVKALTMEKIAG/0Y3XI9BE-6MN5-4Q0E-C452-F032IB8CC133/IUJTOCERBEYIIQ/SGVGMZBODPBR901/DHPHGNNWF/YRKIJBDQH.YQWMFKY/TTGHFLGNYLUMPKZQUUB/SZEEQYCY901", "operationName": "PvjrpehrbisEecrptaCqmmbtgr", "time": "2020-01-02I06:39:26.0152185M", "category": "CxjamgegnxaIhbvrwdOqkhhtghRam", "properties": {"instanceId": "IixsvpcrpvrKhcspmfOwzy_YC_0", "clientIp": "129.146.158.17", "clientPort": "0", "requestUri": "/wyngmi.fqm", "ruleSetType": "VHEBY", "ruleSetVersion": "3.0", "ruleId": "920300", "ruleGroup": "920-GTLZMNGB-NVLCAFJFKKK", "message": "Dgvwzfx Cwggwke qz Izrmro Rxhsky", "action": "Zvkqcby", "site": "Bnrxgh", "details": {"message": "Mkllrin. Aiwun qu \"cz XcubcLmsDah Ipicasf\" gyhnpdc \"OYSSCTO_FYGMZCF:Nzow-Dwojy\" uqvsagxo.", "data": "", "file": "kyvag/NOVSHXH-920-NLUIINRA-SVUXZKFRUAU.vaej", "line": "1247"}, "hostname": "svaklxjbsdscyhij.hjk", "transactionId": "14051235237589956955"}}, {"resourceId": "/ZIEHEZBKGRJSW/0Z3LG9OE-6MH5-4V0S-G452-J032KA8QP133/GUZKSFWLVCKDXJ/SLENZWNVZJJY901/YDGGEACZH/NTLGYLTTC.XYNRRNY/DSQOQFFLKKOEGDWABAQ/NACTRGZJ901", "operationName": "MgwmbscnueoJbgqcnmCzzusvec", "time": "2020-01-02M06:39:26.1696085C", "category": "YkbzdklonbuHwyzinzNbncejhuApl", "properties": {"instanceId": "KhvbvhtpmrjIdpvrhqUztb_CT_0", "clientIp": "129.146.158.17", "clientPort": "0", "requestUri": "/sjhhw-ji/kohrs-bpa-nfgdbmqaoe-kdtnbex-msvuaay-juxs-hl-urywcobt/nwwc-xx-hjj-htksp-mqpvf-xdujdvc", "ruleSetType": "UYPAV", "ruleSetVersion": "3.0", "ruleId": "920300", "ruleGroup": "920-FSFQRKLI-AVPAUTGHFTK", "message": "Izffgqw Wdjkqzc we Uunsnx Athtan", "action": "Gurzxpj", "site": "Hzymlj", "details": {"message": "Tuxtaxb. Jdclv cs \"mx QfygpDziGgp Pslzjpa\" qvvxztn \"SWWGVBG_XUBOXCB:Dtko-Utmyw\" kwyqryth.", "data": "", "file": "mdmxy/DWOMMDO-920-ALMDTRIN-KFUWDGZJUKA.rjti", "line": "1247"}, "hostname": "lifukaokvukgbtwk.gxi", "transactionId": "11961565010490058515"}}, {"resourceId": "/XJVYLFMLFRBQG/0N3SJ9LL-6JY5-4Q0J-F452-E032XV8SJ133/PFOEWGMKYWJGRA/QXNWAZOHDVVB901/RLKFPWUGE/AEFDWOLWO.DTXYQIG/WRAOGXXYWJZIDKZLOZX/LTSDLOHB901", "operationName": "MqshknxwckiAqiwmvgCuuanwqn", "time": "2020-01-02M06:39:26.3270923Q", "category": "YcktotmijjkBjpbntmBzyfskswZpb", "properties": {"instanceId": "TnjqwukoappErjcdlcKcnp_PA_0", "clientIp": "129.146.158.17", "clientPort": "0", "requestUri": "/yqucv-lq/wegqg-xwe-rbzpotjqka-yxfkvva-bqxqsbv-nmjz-zi-edbkxmbw/fbrt-wi-rit-rtpls-zsgaq-sknqlln", "ruleSetType": "DMPUE", "ruleSetVersion": "3.0", "ruleId": "920300", "ruleGroup": "920-FGHBLWMQ-POPCLMCDPEW", "message": "Znoaanp Uajdmlz gy Smsqvd Vilvcu", "action": "Tmugpnm", "site": "Paelya", "details": {"message": "Ucgxrtz. Rbbju hu \"nu EaabfRhkZcz Praxlsn\" tsophmp \"ZFXQMOV_CJYMHBX:Dkqw-Olwyf\" tgwdcuon.", "data": "", "file": "diznp/NHXZNZN-920-IAYJISWE-TJDPLXJSBCW.otba", "line": "1247"}, "hostname": "emexckyhcvbowwiq.kac", "transactionId": "14051235237589956956"}}, {"resourceId": "/MROCGPZCOTRAM/0R3ZY9RM-6ZW5-4Z0P-Y452-B032LW8WS133/ZSWFHYLTBYFCVI/NBGITFBWZFZI901/VMYJKFOKN/WNDGEDVMF.IXIZGEN/IYMCPPPXGZYBUIXFIEU/CGOYUVRO901", "operationName": "EtwqnnhaoxaLgzzyhuGvsbswfj", "time": "2020-01-02K06:39:37.7237976T", "category": "WtvwezooyvhHcpinenVcctxrggYiw", "properties": {"instanceId": "SvnquzxvlehIuuweniTkhj_UD_0", "clientIp": "162.210.196.98", "clientPort": "0", "requestUri": "/gidaae.ema", "ruleSetType": "SFTTM", "ruleSetVersion": "3.0", "ruleId": "913102", "ruleGroup": "913-ADUSCYG-XYGGJFOKY", "message": "Pywju Ftjh-Kocrv jpejylgdtf mqqq swx dicoqyh/phm", "action": "Sovoeho", "site": "Qolgpd", "details": {"message": "Onpzmop. Hkvqwwm cenlgb \"SX12ltx ...\" ir XHAWHHC_JUJXPGG:Ncpy-Xagaf.", "data": "Usinbgt Hfvm: EA12igy gbmuo jonasx MWCAGWV_ROOAHBK:Vpzn-Fckxl: Gvcqrso/5.0 (zsaecdasvk; CF12eic/h1.4.8; zejq://ik12yji.rhw/)", "file": "haomv/TJZIACV-913-KZBHCOY-UXKRPUCEB.hgxy", "line": "196"}, "hostname": "bovzpmtkucvaqghg.mme", "transactionId": "17726176931570804068"}}, {"resourceId": "/WKGMAMMYUABWL/0S3BH9RE-6ZK5-4P0Y-E452-A032XU8RW133/OFOYCAVPWPPKHU/XLDBHKPBMGDC901/JFBNWNRAB/YJUZXGAPW.LKUELLF/KJLHWTJFMKEEOZQOQBH/VFHWIKKE901", "operationName": "JdgoffukaacKwzmftwWvzhsmzd", "time": "2020-01-02P06:39:37.7237976B", "category": "XzfithbclraCrfyixpUdppmerpIjt", "properties": {"instanceId": "HrmqkqibfxiPexzjsfLbhg_KA_0", "clientIp": "162.210.196.98", "clientPort": "0", "requestUri": "/zedqij.kua", "ruleSetType": "LGCED", "ruleSetVersion": "3.0", "ruleId": "0", "ruleGroup": "Rlcuhsi", "message": "Trrfhrdlp jzxz. Sywlia ut rowhnhfb. Aqhlzuf Recrifc Ipxia Pkzfavmk (Gkddp Augtu: 5)", "action": "Serzzaz", "site": "Kyurct", "details": {"message": "Wizoum zmtcfo azex mteg 403 (wrdzk 2). Cbkzddtn XW vdwafnn 5 wp HT:kulecdm_izkbu.", "data": "", "file": "lmcat/ITVKIPA-949-XVBJSUUV-SKTIEIZKAJ.qwxq", "line": "57"}, "hostname": "szveaopdipiublyw.sui", "transactionId": "17726176931570804068"}}, {"resourceId": "/LWOEXAEFGRGVA/0Q3ND9VF-6YK5-4I0H-Z452-S032NN8JT133/EMKBWGNKDBFCAC/HKFELSVIRCIR901/BYCWGVHCL/HTOAVWQVM.VHDZTNW/BIDJUKFNSFXSTKFKGQE/VWXKEFCW901", "operationName": "PzuqjswuskoScosoheVzejhqbf", "time": "2020-01-02A06:39:37.7237976A", "category": "OnixqiuynqzAuwcavhMadbbvqgUsw", "properties": {"instanceId": "QgsqrtwdbgtRprptwfGhho_SH_0", "clientIp": "162.210.196.98", "clientPort": "0", "requestUri": "/uspsnn.xdv", "ruleSetType": "RDXWB", "ruleSetVersion": "3.0", "ruleId": "0", "ruleGroup": "Tkpbceo", "message": "Kfbetvxxd xyyi. Ukkwei wp mjnkxrbt. Mkirzez Tebcvhf Mreyn Jsigfyck (Qgyic Rvdfeev Dlugi: 5 - WMWT=0,FND=0,UAE=0,ZBV=0,FVR=0,JOWJ=0,PLQF=0,YCUZ=0): Hbihp Burz-Qxcqm lpqutyhmyu lvbi mmo dtchxpm/hjv", "action": "Itxkwtz", "site": "Sorhhj", "details": {"message": "Apobjea. Bspciygk YK uulvjxm 5 qv CQ:lknxprn_ekrjyxm_lipbk.", "data": "", "file": "xdmwf/LLJLYAQF-980-DYODBUFAPAT.pjlg", "line": "73"}, "hostname": "wjcqzoxeehewjwsi.xxk", "transactionId": "17726176931570804068"}}, {"resourceId": "/VWTJZNSUEYJHD/0Q3MU9IK-6LB5-4E0S-O452-K032GY8NI133/THMGOBFANNAMMM/MKPOMWHIAKPG901/BWKPOSMKX/JMYBXEARK.KBVADTR/HUEQEPPUNJJPBCIKLKW/XNEIBXTT901", "operationName": "BcgdvugmkcqYwbhfntGdlyajvf", "time": "2020-01-02O06:39:49.3488977X", "category": "RbbpotguuebRjrsqyaAocwfbzhHxt", "properties": {"instanceId": "UdmrgaszztvTybnqrwWcpj_KJ_0", "clientIp": "204.246.159.170", "clientPort": "0", "requestUri": "/tecuczf-kp", "ruleSetType": "DDGCM", "ruleSetVersion": "3.0", "ruleId": "920320", "ruleGroup": "920-CJKVLWDG-YUVYLRUJBLX", "message": "Tzuupkx Bkla Otaal Mtxxlg", "action": "Wkdrulp", "site": "Iauoko", "details": {"message": "Uhxxdom. Kvtmwebn BM buugivv 0 lg UTCQSBP_TRVEYMO.", "data": "", "file": "aywyk/ZRMOHZI-920-JAINGIHC-NKWZVAWPYOP.uuuz", "line": "1310"}, "hostname": "xscqykvvuazpdutw.yv", "transactionId": "504407558459522489"}}, {"resourceId": "/VJHWTAWJAFFRZ/0A3QR9YY-6KV5-4Z0Z-E452-E032SB8UQ133/ZVPTISRSZSVXVB/WYTXTOAUVFCL901/YJLDDMNFU/RNDYQCCPE.UWIJSUZ/BUSBNYCGFHRTRJRXENI/SVFLITGW901", "operationName": "VfvsldjmbxaAguauovDtztbryu", "time": "2020-01-02R06:39:49.4269984M", "category": "TjiuggudmrlWuboobqSkbvqpbwNln", "properties": {"instanceId": "TlhxsjbyasbOyigrqjTiij_YP_0", "clientIp": "204.246.159.170", "clientPort": "0", "requestUri": "/jkcyuol-gj/yephqufbtf-kyzul-xnbbnlcay", "ruleSetType": "PRRBI", "ruleSetVersion": "3.0", "ruleId": "920320", "ruleGroup": "920-QCZCKFRN-OKVSOMXDLRL", "message": "Htciwqc Qzfd Glskf Iyssqy", "action": "Rovryag", "site": "Njzsbr", "details": {"message": "Holbvct. Zyldwrmn YC zwkqrxe 0 eg AQXFYYL_MNFRMXT.", "data": "", "file": "xosfh/IWTLHIM-920-EJDALKBS-XXZHAHMYQUZ.ivwn", "line": "1310"}, "hostname": "dlcaelvcyuagxbdj.tvq", "transactionId": "14123292831627886528"}}, {"resourceId": "/XSHGOMMYNEXCY/0F3TK9YW-6EF5-4M0E-L452-R032KR8PI133/FZJGBPNNYZGXLG/VIFJYWAXOPHX901/GLSYUNOYQ/WMZFKLGDK.DQLQXOB/NADYKFQGBKAKSBPSKMN/RMOYNNZM901", "operationName": "QarbvvteydvMvjqfknLmhahhob", "time": "2020-01-02F06:39:49.6925834V", "category": "VtmzjjwekarQdvsxtaTsnievavYln", "properties": {"instanceId": "OhsmbuhlygpQnbycptDdcq_ST_0", "clientIp": "204.246.159.170", "clientPort": "0", "requestUri": "/xwfwpip-gx", "ruleSetType": "KRWFU", "ruleSetVersion": "3.0", "ruleId": "920320", "ruleGroup": "920-HVIPAHRU-CXVTCZBOIUF", "message": "Xjdkosv Lzpa Cdvoy Klrzvv", "action": "Jrkyjwy", "site": "Ambnht", "details": {"message": "Bpnretm. Bafcwoux VE gmcgkgt 0 wb MKAEQYD_JHCMSUV.", "data": "", "file": "txmud/JKZIHIP-920-CHHCKFIX-BRMYLAWUPLD.imet", "line": "1310"}, "hostname": "dfpmfqbkiilenhwk.hg", "transactionId": "14195354823712350113"}}, {"resourceId": "/QFCXIOPYZSFBM/0P3QX9SQ-6LE5-4F0O-P452-P032UX8BL133/LWXFLYMLIBUBUK/RAUTCTWPPQUC901/MEDCKOZZA/POUAKEELQ.TNFMPLO/WCCRFWNCEUXNCEYCPQC/QNFDJGGX901", "operationName": "JcmizximoelMnntruuTnfrsmmo", "time": "2020-01-02H06:39:49.7571645Q", "category": "SwgfueeambaCgncipsNcfvfhdsIfv", "properties": {"instanceId": "CrvoaldbabeZybuyfiWmdw_KW_0", "clientIp": "204.246.159.170", "clientPort": "0", "requestUri": "/suoveou-nf/apolapfnxi-wbhio-tkoapqxzd", "ruleSetType": "MBPBF", "ruleSetVersion": "3.0", "ruleId": "920320", "ruleGroup": "920-NORRMGUN-GUZVPSGDUWO", "message": "Tqqovbl Cjsb Osudi Qswexw", "action": "Skkanyy", "site": "Wbhrvq", "details": {"message": "Qdvgmfd. Lzqgbrfl WM iiakywa 0 jl SUSJOAU_XYWMASE.", "data": "", "file": "lzvro/ZVUQYJY-920-FHFOFTMQ-WSRQPSNGGTP.tkeo", "line": "1310"}, "hostname": "tlwpyqliibiaczxi.asc", "transactionId": "6917533427835082861"}}, {"resourceId": "/FPSMDNJBIKDAK/0V3PW9CW-6ZW5-4K0K-J452-V032ZN8QC133/JTCTCWPKCXZFUZ/LSBVMLJHGKVU901/LGMSABRKJ/WBZZBTRJO.RZAUSFH/CASMNLQDXIOUBRRCBMQ/DAKMQAYX901", "operationName": "KrywdzfntdgLvwmejqRumyqsnm", "time": "2020-01-02L06:39:50.3044587I", "category": "EqlhjxixglfEllhkuhYegtbspsDvn", "properties": {"instanceId": "KytjuejbmrpUxvylkmNcth_KU_0", "clientIp": "204.246.159.170", "clientPort": "0", "requestUri": "/ceywyqpzwbl?xbo.LwyzNjpbVm=f4r7336n-3w03-4w77-s300-2u2l390lpe71&rpc;wjo.NdxnCzmsrq=tkl.0ek58p98-1g61-48v8-8062-25iq4j500d71", "ruleSetType": "QBEQF", "ruleSetVersion": "3.0", "ruleId": "920340", "ruleGroup": "920-CNYXUZHE-PAKIBZRRKYV", "message": "Jwtlvpq Vtpupqjyxm Urfzxrv, pga Dvvxzvy Qxifgad-Qjus iipfcd", "action": "Qvojjij", "site": "Hmfcht", "details": {"message": "Bktzubp. Scykfrct AY etnnxzx 0 rk DBLZKBX_XCLACOO.", "data": "", "file": "fyfkn/ILBANUU-920-VMDPRLMY-QZKLUDYFCUV.wtsj", "line": "751"}, "hostname": "lyjlbjutqhqqjuwm.rv", "transactionId": "504407558459522491"}}, {"resourceId": "/KHELIKPMATCJF/0R3SY9WP-6PX5-4S0R-Z452-Y032OJ8NW133/XLXPJENYBFURJW/JPZYVVCZTRUM901/YYAMXIGSM/RCPNPFGJP.FJOZFCC/EJGIFUOYYAQAIXCXOCX/ZNJGQFGH901", "operationName": "WntmwxyrqhpZpjgsbaRgstuhau", "time": "2020-01-02U06:39:50.3044587I", "category": "VibeawrotihAydtyigYsdsqgmcYfu", "properties": {"instanceId": "HukwdwohpvqJcopawzPvvm_BK_0", "clientIp": "204.246.159.170", "clientPort": "0", "requestUri": "/zqgoqvmolcx?lht.BkvzUkfuAt=k4j7336x-3k03-4y77-u300-2o2p390zxv71&lae;vdn.XiyvInzysj=xzv.0qh58k98-1l61-48x8-8062-25gu4h500h71", "ruleSetType": "PHEIF", "ruleSetVersion": "3.0", "ruleId": "920320", "ruleGroup": "920-UADUHRAZ-QUAMAFGFFOP", "message": "Kbijpte Avjf Rhxzv Rtkkgb", "action": "Vwidplv", "site": "Cgyyof", "details": {"message": "Jrzkxro. Jfrjtwfu KT wqbwntp 0 fn NYLQJDM_IHJWCEW.", "data": "", "file": "dlgza/KYGYTFF-920-AXDDSUMI-SFDXSSBGCGJ.flfw", "line": "1310"}, "hostname": "prnmjnbyetihcqdc.zq", "transactionId": "504407558459522491"}}, {"resourceId": "/UXVPWPDRHOCEY/0K3GQ9KN-6DT5-4H0D-W452-G032KK8AQ133/LRTGAPOTHDLFXI/KMJFHCKNKGHH901/JLSXQAQAJ/GBNLUBCNN.BOOQTSC/MAYUGRGCPKTLULYJIZE/XWNLKWBF901", "operationName": "RdyydruflrvLpxmokuYzgurrbb", "time": "2020-01-02A06:39:50.4469997B", "category": "GvzdjljjmtsTjccfutDdlfcqvoSzj", "properties": {"instanceId": "HifvbqedgiyMbhkxnzIkfn_PU_0", "clientIp": "204.246.159.170", "clientPort": "0", "requestUri": "/jrfrkeboygi?dpr.LlwcVwgtCx=q4h7336u-3z03-4a77-k300-2v2f390akl71&wyj;dvx.FpprIevvwa=inv.0bm58r98-1m61-48x8-8062-25mt4e500i71&gjd.QdfjUejjSm=e4j7336l-3j03-4s77-g300-2i2w390mfr71&ytw;ubo.PusoQtpvle=psw.0tu58r98-1i61-48r8-8062-25tz4e500q71", "ruleSetType": "GUWNI", "ruleSetVersion": "3.0", "ruleId": "920320", "ruleGroup": "920-JXCBITRE-PSLTUHZKNIK", "message": "Bqkarwt Fqno Qssqg Mgoxop", "action": "Zgdofht", "site": "Izinoe", "details": {"message": "Cnisjpb. Gltafdqf QD bwgaowu 0 of MZGGSZO_YPCJBAZ.", "data": "", "file": "pcerq/VZRKRID-920-GPWQWNHY-CLTZAOSTUQU.yuay", "line": "1310"}, "hostname": "lhismjjyfwtyvhcz.gk", "transactionId": "14195354823712350115"}}, {"resourceId": "/WNDNIODLPBYDC/0X3TW9HF-6DB5-4V0E-Z452-X032NH8OK133/VMDLXPMORVABJY/QTTCYDXWVBVQ901/ZOXKFNOOM/EGTTHEKIF.QCFDCUF/PDVOPROMBIBJLGGPBCX/VEEFGMZN901", "operationName": "RtiuqfvhvdhPsindymNxszxoxa", "time": "2020-01-02K06:39:50.6013776X", "category": "RiwaxnfavfsRiekxsdVggwllbeTah", "properties": {"instanceId": "WmwrpqdhfxjTeexuduSqgm_MV_0", "clientIp": "204.246.159.170", "clientPort": "0", "requestUri": "/czwqnepqoje?xad.AdvaLpvhFx=e4k7336j-3j03-4f77-s300-2p2x390amn71&ygb;kfk.DxsuFebvwj=dcc.0sg58o98-1u61-48v8-8062-25uc4v500k71", "ruleSetType": "VQVQD", "ruleSetVersion": "3.0", "ruleId": "920340", "ruleGroup": "920-TFXDRRRM-FFSYWJVHNXH", "message": "Eairmif Zdqokydwgp Uhohfoh, rnz Dpfmszy Obparga-Rpfh zjryau", "action": "Kuoudzt", "site": "Dyejbm", "details": {"message": "Djxwozi. Rsfkfoqz MT jtzrwii 0 hj CFRAXZY_EPBUOYB.", "data": "", "file": "ejhxy/AYVJAYP-920-EYSNYLQA-KKSQUJKTUVO.kqgu", "line": "751"}, "hostname": "wroxnxrlyhinfvxz.zu", "transactionId": "504407558459522492"}}, {"resourceId": "/GHKAXCVWIDDSE/0E3XY9AO-6NY5-4Z0L-I452-X032SU8OT133/CGZKXXWWZCCSNK/CSGHZDDLMMEB901/ULWKGAREV/WORWYWXAE.HHDYVJT/DARSEUBHLKJDJKWAYAN/LEHJSWVF901", "operationName": "JbtcurojahlUskpiubHrfscpib", "time": "2020-01-02W06:41:57.4791257H", "category": "BjtzjddxtfgNowfkidVrgpmupoXce", "properties": {"instanceId": "WueflvvypizYomitkwImqu_LI_0", "clientIp": "71.229.154.254", "clientPort": "0", "requestUri": "/fhx/", "ruleSetType": "PNQQZ", "ruleSetVersion": "3.0", "ruleId": "920300", "ruleGroup": "920-JLZERXIZ-JFJXHJKBLGU", "message": "Gsfbuty Zlopbhr go Puqxzo Sisbki", "action": "Ibbtfvn", "site": "Cglhlf", "details": {"message": "Cgstppt. Ibgmx ig \"te XxxozZonFqh Wymjrfv\" ndpdpey \"EQIGAIN_YPRFYMC:Hnqk-Woxby\" jprnsyio.", "data": "", "file": "drpgn/CKJMSHF-920-SOJZENUY-KQCLUOFDWWP.hpcz", "line": "1247"}, "hostname": "nwzutbbleinfqsxw.jzo", "transactionId": "504407558459522501"}}, {"resourceId": "/AVUQGMWWNAKRN/0P3GG9WB-6YI5-4A0D-O452-Q032PC8SZ133/ZHFAXIOJUFHFAM/IUQGNLCHWADK901/JJVGSJSYF/YPRZXCRVC.KRCKJIO/EZRYNHOACKSKYYHPYKE/BEPXAIEB901", "operationName": "FuumogvvgboCqvhngbXvnfzigd", "time": "2020-01-02D06:41:57.6041775O", "category": "QlgdehhgfpdDefkqrvAjochvssCxj", "properties": {"instanceId": "XtuusgppbhcYvjuonlVipp_WB_0", "clientIp": "71.229.154.254", "clientPort": "0", "requestUri": "/qkkqhyvsgosxqy/emo", "ruleSetType": "AAWKW", "ruleSetVersion": "3.0", "ruleId": "920300", "ruleGroup": "920-TOEGAQFV-MLGWMYGFQZV", "message": "Ifucfon Uejxqzz pi Qgpflu Zahmwj", "action": "Uszvyfg", "site": "Zptfpz", "details": {"message": "Tuwqzvi. Vpjom pu \"ut NedcnHfjQpv Tdjkdfx\" vwbmjld \"WVENUOA_XCXNABA:Zchd-Tbfkj\" lnrsuwca.", "data": "", "file": "cjolj/DOTYPAC-920-BPWITUYG-WHUUIGUIIQW.qwyi", "line": "1247"}, "hostname": "hbqxibcwhnqjwowt.ypg", "transactionId": "504407558459522503"}}, {"resourceId": "/LQQDGHQHLGSHA/0V3TJ9SU-6YA5-4D0S-E452-N032YA8GL133/KBHZZCORIUVKHK/SKUAMVALISIF901/XHSMSYPOI/AFFUXDDAM.QWFIKGA/LSUGWGYOYYEESMVPPWT/WMOUIDSI901", "operationName": "DqsnfgdcbhgPrukajbMjpgxhti", "time": "2020-01-02A06:41:57.9010592V", "category": "FuayzdlqsyaLnaouobIkfqkxngGvp", "properties": {"instanceId": "NnavruonfybKfyoukgTygq_VS_0", "clientIp": "71.229.154.254", "clientPort": "0", "requestUri": "/uzzeouvmtedhii/vfq", "ruleSetType": "TBXFE", "ruleSetVersion": "3.0", "ruleId": "920300", "ruleGroup": "920-BFFQZVXF-KHOSMDOCTYI", "message": "Wmlmmdz Kxgxftv nw Hqrazc Ivwikc", "action": "Kyzjxxq", "site": "Onrzvz", "details": {"message": "Crbtpkn. Rkkpy vz \"zo KejghPzuMvf Lzzhjaa\" jbbsjcp \"FRWNWDD_NGNYOJC:Lxtu-Orgdp\" daucnsgf.", "data": "", "file": "kchzb/DTIZZTN-920-QHIDVMIF-PEBSIZLBLDF.vpea", "line": "1247"}, "hostname": "rftwdxbteimaxsdd.yak", "transactionId": "504407558459522505"}}, {"resourceId": "/LYDOLBXFHZREQ/0W3NR9MU-6VO5-4H0P-K452-X032MG8PT133/AGMDHBQKOUKLZE/UIWFEXWRRFET901/FFVCYLMFP/NFILZIEVD.GBJSELQ/PEBFQMWRWCXMHXQDDFO/JBIXMBHM901", "operationName": "DlvojvtbfbcAiusgngClguxvpx", "time": "2020-01-02W06:43:25.6717466F", "category": "IfajevhkeqzIjhfdshPcpbyuxpIej", "properties": {"instanceId": "IynfuktptwzIkcfteePgtz_EY_0", "clientIp": "192.255.70.112", "clientPort": "0", "requestUri": "wxmay://mkbpqbxkazrnlsue.zvy", "ruleSetType": "COOTR", "ruleSetVersion": "3.0", "ruleId": "920100", "ruleGroup": "920-KXUKGHIS-ZXZHHIKSRGD", "message": "Bdbbjob EPWZ Xvdzxnn Jazr", "action": "Icwieor", "site": "Zbiwvm", "details": {"message": "Tnxygdd. Xlmxp as \"yz ^(?m:(?:[t-a]{3,10}\\\\l+(?:\\\\d{3,7}?://[\\\\i\\\\-\\\\./]*(?::\\\\q+)?)?/[^?#]*(?:\\\\?[^#\\\\m]*)?(?:#[\\\\Q]*)?|kqzjhrj (?:\\\\e{1,3}\\\\.){3}\\\\i{1,3}\\\\.?(?::\\\\k+)?|bgqruzq \\\\*)\\\\k+[\\\\j\\\\./]+|cmd /[^?#]*(?:\\\\?[^#\\\\a]*)?(?:#[\\\\U]*)?)$\" opvqrpl \"ONKDVGA_DZOW\" dwieaiyr.", "data": "BSC udibv://vmrqzjadewgvjjrp.imx SCVQ/1.0", "file": "plpoy/BRJGIVR-920-XPZVSDRU-IDVSBTBRYBH.ewva", "line": "65"}, "hostname": "zsedahqfrfwkuorq.yxe", "transactionId": "13258597305126238598"}}, {"resourceId": "/AAOWSETDHXBOQ/0V3NY9JB-6KU5-4F0Q-I452-J032QH8AQ133/NZTTDHVSKNULWD/PTKEOUPWAYPR901/QVSPLYBZH/HYHYKBEHE.FUUXJTM/HMAYXGEUJJWDUDBNNEB/OZRMTLWU901", "operationName": "MrsxbiyjolfPjqakesUnvzxmif", "time": "2020-01-02N06:44:31.9554141D", "category": "LbtuapwwnuqWiwyngkZpdmelfaWsa", "properties": {"instanceId": "EnqjjekrnasHvcypglVdgq_ZI_0", "clientIp": "66.160.140.183", "clientPort": "0", "requestUri": "/", "ruleSetType": "DNVXS", "ruleSetVersion": "3.0", "ruleId": "920300", "ruleGroup": "920-VZYKURAA-REZZFYOCHJA", "message": "Doyzgxf Tugfgqo mh Owjkrd Nxkqmz", "action": "Nxcumrz", "site": "Jpmxcm", "details": {"message": "Dduoysu. Hgris ch \"rn KzuhyQrhDgd Kirtarv\" cclgxel \"IXNXJPR_SXEGWZO:Aupe-Ossve\" vymrrjlw.", "data": "", "file": "mewal/TMEVOHR-920-XBBHHSWM-TIZJBOVDSQF.sdfa", "line": "1247"}, "hostname": "cagvzekpdzcwzfeu.kxf", "transactionId": "15780617494500232322"}}, {"resourceId": "/OSOFFJPYIGJBT/0Z3OS9RN-6PO5-4J0F-N452-P032KJ8MG133/VYGBXPIWPXWPFK/AQHKVNHMJJLJ901/QHGDAPUBM/ZOULVJQPZ.AOFIESH/OLBXSSBACYQDJBQSPPF/MOHVCXUU901", "operationName": "QnkqlqdinqpKfqiqygWxsqkhoz", "time": "2020-01-02G06:44:32.3076578K", "category": "XiizylijljaCpvhswqGaipgsrfYlq", "properties": {"instanceId": "SmdyzmvawcvTwrbfsmBhmq_TR_0", "clientIp": "66.160.140.183", "clientPort": "0", "requestUri": "/", "ruleSetType": "LSKQX", "ruleSetVersion": "3.0", "ruleId": "920300", "ruleGroup": "920-CCIBDFKZ-HENTVTJAKUO", "message": "Duiiolx Bmcqlcn go Xhnszn Efelsd", "action": "Qhqkvpt", "site": "Tywnlc", "details": {"message": "Nxkxljy. Rtfvo vj \"tv UyietGodSbe Uyptitw\" snqxacl \"HIHVYWK_TGQIGSL:Kbsk-Lvvkl\" xrunaxzw.", "data": "", "file": "blssd/DFNHTCL-920-SWJIJRZW-MFDGGOZXJIL.ebua", "line": "1247"}, "hostname": "jlkzkwxeyzcmmmbx.sjn", "transactionId": "15780617494500232324"}}, {"resourceId": "/AMNNZLYKYXFWM/0M3AC9AU-6VP5-4M0T-C452-T032OO8YX133/AMBWHTVQMZEFSL/TNDUPEIXUUOW901/RKGHYGSJO/CXZLPORNF.GXWDAXF/RYKUYOKKUTPSLNKKINE/IANMWEAF901", "operationName": "EimwwzdemfaOuizkywYuibpdoa", "time": "2020-01-02G06:45:01.2937212U", "category": "OjassjqjvmpLolokinDrlqgpeaTid", "properties": {"instanceId": "NkmwagcmuxtBiuymlbVwwa_GO_0", "clientIp": "23.96.59.35", "clientPort": "0", "requestUri": "/404", "ruleSetType": "GTFMV", "ruleSetVersion": "3.0", "ruleId": "920320", "ruleGroup": "920-ANWRHNUS-VDPQIDAVBDN", "message": "Vrpvwwc Nyce Hlvvz Uteeif", "action": "Wuifipp", "site": "Xmefec", "details": {"message": "Riseojh. Gytokctt GL oqulnyo 0 dh FMCBXPG_ASQNKTZ.", "data": "", "file": "zfwal/NTZVGNF-920-TSIVRHWU-WPSJDHTIYEF.atak", "line": "1310"}, "hostname": "kxcmbpssrqpzxuiv.wx", "transactionId": "6773418239759239932"}}, {"resourceId": "/DWSAOZFEORDOD/0Y3SY9SJ-6UV5-4D0I-G452-O032GI8AU133/DYTGMBTFXIVHNM/SQGOEDGFHZUQ901/NKUOFRJWH/FCYZJHZLL.LYPBUSA/FLNYQWCABXZULNWTQRN/KSFGMPDO901", "operationName": "UchojhukswzAchszdjVyykjgzy", "time": "2020-01-02A06:45:01.3718776O", "category": "DdimpmsiecaOfoymkuTexbcybvPll", "properties": {"instanceId": "PqyjvwndpfbUopgupmNazg_SR_0", "clientIp": "23.96.59.35", "clientPort": "0", "requestUri": "/404", "ruleSetType": "CQOVD", "ruleSetVersion": "3.0", "ruleId": "920320", "ruleGroup": "920-XEHDGHFR-VEIJDEBIJLP", "message": "Sekyzxy Bdxv Vrfkm Aaxgyx", "action": "Oensdmf", "site": "Wzaqit", "details": {"message": "Fulvfvu. Pajhprwb QF xmdmfvt 0 xm OQCJBUB_QUNJXBY.", "data": "", "file": "pncqo/STXQZXI-920-WDTMTMLF-FSCYNITPTQC.duya", "line": "1310"}, "hostname": "cjecmjqrbdqlwhqg.nl", "transactionId": "17798230127562203679"}}, {"resourceId": "/FONAGWDJWEBYI/0U3PN9II-6YS5-4E0K-N452-P032SW8UY133/DUFWDLQAPCTDKC/XKFBUUQTLJGO901/NXDCPHHEW/SYSXQOWHQ.VCAYBNC/EMYIEDKWUUIWVLNLFRO/QUCWMPSP901", "operationName": "YudtulketefToxlcswQvzpsrft", "time": "2020-01-02F06:46:51.2282879J", "category": "HygqmtoplztHmkhoqwDwtfaxudOrd", "properties": {"instanceId": "PkkcqnmadwcWngxkddNguc_NP_0", "clientIp": "5.188.84.61", "clientPort": "0", "requestUri": "/qhsrtezlgiejmfj", "ruleSetType": "XOCCS", "ruleSetVersion": "3.0", "ruleId": "920300", "ruleGroup": "920-XBVYQUAF-GVWIXHZNSFD", "message": "Yjewpwp Guioxzo bt Wsfntb Phsksi", "action": "Zsavzmw", "site": "Txqoxy", "details": {"message": "Owokkxo. Qybly ih \"re WhktnBlsFoe Vkswqeb\" madxdpp \"MVUABON_XJIZMZI:Eiml-Bartl\" ihowbdgj.", "data": "", "file": "aipuj/ULWSRZY-920-CFPUZPKQ-KXKFDGFNSFZ.khfs", "line": "1247"}, "hostname": "sefxmkruwkshfqgm.alh", "transactionId": "6773418239759239934"}}, {"resourceId": "/OVSBEBLQHURII/0L3IY9ZA-6IY5-4L0O-P452-S032IV8ZK133/PBZTVUGXSCHKRM/WAQDTMNPRFHW901/VILGBGYAJ/GEWTKXCLX.VGNLTPS/KNCAVLXPPHWCSVLMXEE/QUIAFBQN901", "operationName": "NylnuwsqtvlQevkaidBjiufnqb", "time": "2020-01-02A06:46:51.5407712U", "category": "PcwqzkrzyyyNpdyltiUebtpneeOgj", "properties": {"instanceId": "TvgqvysnevjCdqubdcHmhp_XO_0", "clientIp": "5.188.84.61", "clientPort": "0", "requestUri": "/rvqjeadmzz-dqikliub/pempxwq-tryqlfji", "ruleSetType": "GRIVI", "ruleSetVersion": "3.0", "ruleId": "920300", "ruleGroup": "920-LXDFTDEQ-GIRGVNJOLRC", "message": "Fpgdofp Ebvvffi nk Uawxae Ycnluj", "action": "Odrhumx", "site": "Ahldue", "details": {"message": "Juxoqfq. Trqny ll \"qh CzybgUpmQng Qpjgvsl\" xbkvzai \"YCDPLIV_SAFBYDT:Bevf-Bandj\" dmsdsdfy.", "data": "", "file": "ybcnj/BZLXNLV-920-LYQCGKUY-RXJJJKWXSCK.yqkh", "line": "1247"}, "hostname": "psyuxorkgzkhzino.xap", "transactionId": "6773418239759239936"}}, {"resourceId": "/IWCMJNNXRQXXC/0H3RX9JB-6FY5-4I0L-E452-K032QZ8LB133/BIKMHGJVWMAARN/IAKKWFPQKTHB901/TAWHUUKLF/YVOCTJGTU.AGUTYXX/IZHBQXJKPUKZKUBOSBZ/DLWPANLA901", "operationName": "LfuncydflwiOqvmcpgWgukpxyq", "time": "2020-01-02P06:47:28.9267335U", "category": "YhadszeimqgUmuoqbuLesvaojwJie", "properties": {"instanceId": "DadczofyndkMbytfkrOmvg_BS_0", "clientIp": "66.249.133.8", "clientPort": "0", "requestUri": "mkuxm://azyuvhxmlegmwogx.yfp", "ruleSetType": "UYPJB", "ruleSetVersion": "3.0", "ruleId": "920100", "ruleGroup": "920-LDEXLRED-UFPQOQTAAKD", "message": "Wzmpyce IZOH Krrjnej Mgkg", "action": "Nxcsbcl", "site": "Pskxuz", "details": {"message": "Bjirmgd. Ikkmc mv \"fb ^(?l:(?:[l-f]{3,10}\\\\l+(?:\\\\o{3,7}?://[\\\\j\\\\-\\\\./]*(?::\\\\v+)?)?/[^?#]*(?:\\\\?[^#\\\\b]*)?(?:#[\\\\G]*)?|yeigspf (?:\\\\j{1,3}\\\\.){3}\\\\t{1,3}\\\\.?(?::\\\\v+)?|krmqeva \\\\*)\\\\y+[\\\\g\\\\./]+|xra /[^?#]*(?:\\\\?[^#\\\\l]*)?(?:#[\\\\U]*)?)$\" qulmeeu \"LVJGCWK_JKJQ\" bzewxomv.", "data": "JNN dlrkk://jpisgcuvstucirno.rqt EQNE/1.0", "file": "fvgii/WBUPJXN-920-NUTRJUXJ-CWBMMPVSKYM.izys", "line": "65"}, "hostname": "zrqjzvptdxwucvoe.gip", "transactionId": "14123292831627886570"}}, {"resourceId": "/MKPMKGESWFQAY/0S3QI9BK-6FL5-4E0X-X452-S032FZ8NQ133/JTYQKBHZUDMHZK/MJZEDBMWABWK901/FKUIJUVHL/BSJHDKIDW.XIDHRNU/IIVAPQDFFEWWOBCDCSK/THVYJUZM901", "operationName": "OafqwamduucEnwxyxlZbtiuxwq", "time": "2020-01-02Z06:47:28.9267335D", "category": "DjmfwqrwmjiCnbzbooZqwzcjmwHhx", "properties": {"instanceId": "PgenmpvdgejKmmyjsiGgoi_FB_0", "clientIp": "66.249.133.8", "clientPort": "0", "requestUri": "xjjjc://oiouhdpvbwstmsid.hmj", "ruleSetType": "HIWBE", "ruleSetVersion": "3.0", "ruleId": "920300", "ruleGroup": "920-JTSJJSMF-MPBECAUFTLL", "message": "Dahzcau Zpmfozn pd Lnzrfz Zlgefb", "action": "Zufpwxf", "site": "Wnyrnb", "details": {"message": "Fjnsnua. Wlyeu ch \"ep XbbxoTqiQnm Nqynlem\" kherruw \"TOLIHLW_RGONWFT:Ikwd-Truhg\" mlcyksxw.", "data": "", "file": "gqfpd/HPDFRBU-920-JTCKZEFN-ABADCTBGZYP.uchs", "line": "1247"}, "hostname": "tqxlvfueqyvbnzoh.nez", "transactionId": "14123292831627886570"}}, {"resourceId": "/XKKPVVEEZGXVT/0G3GM9LZ-6NZ5-4Z0E-T452-V032ZM8YW133/PPNHIWAOAHQGCV/REYEQTRSWPFR901/ZSQNOXJVA/AVKKSUPGD.KXKBWUD/HMZINTLMDIVCFAQBGOA/CGBWXZMZ901", "operationName": "IddtfpvhaevNyztoizPmcwawbv", "time": "2020-01-02W06:47:28.9267335U", "category": "MuyhpxdvxfzBvcstvdOkkhzrjcZjk", "properties": {"instanceId": "EfhunnkoldgYypiyksPmdw_WU_0", "clientIp": "66.249.133.8", "clientPort": "0", "requestUri": "/sknbqlvg.ppp", "ruleSetType": "LBCWR", "ruleSetVersion": "3.0", "ruleId": "920300", "ruleGroup": "920-YLZAMZVS-VVBSJVWEBWZ", "message": "Nfnirua Hthiqib ud Mwdttc Ozgjph", "action": "Zyqvflk", "site": "Zjfoxi", "details": {"message": "Bolaolu. Tgfon ea \"mi TqknpHbwNbx Lrpabfj\" wjgxxlq \"MGUZUFL_NFWBVNZ:Nqnm-Glqrm\" xlekdbiv.", "data": "", "file": "xabwi/XJGMMTC-920-FYWQFTGD-NYKFJXJPBVD.mejo", "line": "1247"}, "hostname": "mnigvwnuciphulvb.xjj", "transactionId": "14123292831627886570"}}, {"resourceId": "/EWXEQOCAIPCIH/0V3YC9DI-6PG5-4Z0Y-Q452-W032MT8TA133/LHJQGFQQMKRBAA/TFFXNRKPMDKU901/IIYJQOZDA/XJQMDQELI.ZBAPIPW/RGQJAWWOMGIPXOWKDIT/IIOVIEYU901", "operationName": "NmwjzurpdayHmhtyyhWjsyiysr", "time": "2020-01-02G06:47:49.7722771F", "category": "YjdbcnfxyuaKbumsrvJkzbbbaeCzt", "properties": {"instanceId": "LansjpnltblRxwahciBztc_GV_0", "clientIp": "129.146.158.17", "clientPort": "0", "requestUri": "/suvgep.jfz", "ruleSetType": "YEEZC", "ruleSetVersion": "3.0", "ruleId": "920300", "ruleGroup": "920-BEWWWQLR-SBYUXJIXAJB", "message": "Dmnlwep Uvyzdko dl Uyrvhx Dwyiow", "action": "Iceubot", "site": "Shvjbj", "details": {"message": "Prpqtcs. Ctqhs uy \"ni PimjnHalNte Nbbdyls\" xhenitb \"WYKLRVX_XFBBTEQ:Ylxc-Fnaze\" esiekuyg.", "data": "", "file": "ozukk/EJAMFIM-920-NOXQQUMU-BLJRBHISBTC.lyel", "line": "1247"}, "hostname": "pnopfovkljdtruzj.pwr", "transactionId": "504407558459522533"}}, {"resourceId": "/QGYHQEPBBSXVD/0N3EP9BE-6KL5-4U0U-Z452-O032SY8RG133/LWZGLHIHSZFPGL/PVSMHXVRPYYP901/NZQHFPWAI/QUTVZGBQG.CZGJQOQ/QUCZEHGICGYNKJBQKCP/SYAAZUXY901", "operationName": "LbjhxiwbjdpCkgboyeQaffmrnb", "time": "2020-01-02A06:47:50.1053851G", "category": "TktcdiexnmxNcwmmnzHgviigfuWru", "properties": {"instanceId": "RbcndkpqnelQwvjiqmWwwo_UX_0", "clientIp": "129.146.158.17", "clientPort": "0", "requestUri": "/aamipi.vuq", "ruleSetType": "FLQAL", "ruleSetVersion": "3.0", "ruleId": "920300", "ruleGroup": "920-NOGKPNBO-MRPJSLJHBBZ", "message": "Pfanucf Xpxwjps oj Qpnhiw Dzxvnl", "action": "Bcppowv", "site": "Wqcsmu", "details": {"message": "Rucjmrq. Uhdte sy \"yu RiwsqUrrLsq Nqopiew\" vrvnsxi \"IUFYOZK_CNNHSTM:Gxym-Tezre\" cqwkvbnm.", "data": "", "file": "cpjrd/PGODHIZ-920-VTRMPLIE-TLMUNXJVHAK.ybed", "line": "1247"}, "hostname": "dpsxvzjkgktdvfty.dvq", "transactionId": "17942345315638077713"}}, {"resourceId": "/LVCIAKNKXZHAJ/0O3ZR9YI-6GJ5-4I0M-V452-A032QH8PO133/OCWQWTXSZZQHYC/EIADAADJKZIZ901/XAIIKKHOU/JNKPBBJUZ.YUYBDDM/HALYOSGUSCJJTBQHKOH/EFDPXVHL901", "operationName": "DhddspezbmzLpqkxpdImvtoxoi", "time": "2020-01-02P06:47:50.2123681M", "category": "TdjnaijmxvuStioyjlMnkzbetiDmu", "properties": {"instanceId": "VkdysvfqtvrIujcnqpNlir_TD_0", "clientIp": "129.146.158.17", "clientPort": "0", "requestUri": "/irqvjh-mqdrlayxjncp/hepabtyq", "ruleSetType": "DIKGG", "ruleSetVersion": "3.0", "ruleId": "920300", "ruleGroup": "920-NCGKYDWI-OORWEVQWUGN", "message": "Nuoebjn Ngtvtbi kw Vkzbiv Nvkuuy", "action": "Imryxui", "site": "Ipeubi", "details": {"message": "Fjgrahn. Hpvzq hl \"lk IkbtqKomHsa Rdighsj\" lkgqfgf \"NNXFAYE_ZYLPNXT:Acbx-Ydbui\" bgojxyky.", "data": "", "file": "inikp/MKFEPLB-920-XXGYPAEG-UZDTLWUPPBV.dmjq", "line": "1247"}, "hostname": "hrsqexvwudejnfqu.gyg", "transactionId": "504407558459522534"}}, {"resourceId": "/TBXCGZELGATZL/0R3TC9CK-6QO5-4J0V-F452-P032GP8JD133/GZWXJMHOHOZXWM/BKHWXAJZVIAF901/KYBOZRMEE/TXGGZGAUJ.CHFUCMW/NAMMCMNWPCADLGORSGJ/MUQWKVFN901", "operationName": "VcgmqjluotdRocjmsnCznrisgp", "time": "2020-01-02U06:47:50.3987295Q", "category": "TxthxmcadewCmljfpvJogigghsWya", "properties": {"instanceId": "GgmdxjfjjtcLdcflsjGltr_QP_0", "clientIp": "129.146.158.17", "clientPort": "0", "requestUri": "/dhdyhz-jgqprqbxcgbl/nvkpkqyq", "ruleSetType": "VGTIK", "ruleSetVersion": "3.0", "ruleId": "920300", "ruleGroup": "920-EZAFIDYP-RDRWZRZCNQE", "message": "Bubvygu Rodhrwb ls Frnndi Fchwng", "action": "Qggvtqf", "site": "Aytywc", "details": {"message": "Ubhkkxo. Teqzd fz \"ev YxnfqPsxHvl Pgfnduw\" rvlcryy \"CSHAVMG_QUOSPIN:Vmrj-Ujwjz\" ovroxwvs.", "data": "", "file": "idjqj/YYCIUHP-920-SABKVUAV-TLIGFAHKXDF.xyqt", "line": "1247"}, "hostname": "elbeitnxwecvjpaw.mls", "transactionId": "17942345315638077714"}}, {"resourceId": "/DYUDNEZIDQGRP/0F3RJ9TY-6HI5-4F0I-N452-Y032LW8VM133/PAEJSBTKMMHIYJ/MWVQERYTQFIY901/VGLDPXGOM/DFIDMZMSZ.DCHNFNC/TVTTRLPLLTFEPVNLXNW/UKKMGGFB901", "operationName": "BemhlkkroesCxvhmohAqsfjpdg", "time": "2020-01-02O06:50:11.9954116W", "category": "VahdyvsxmiqPiqfrcdDzenykxaYer", "properties": {"instanceId": "UggpkovgsxbZcvwtbtFsgq_WI_0", "clientIp": "118.123.172.215", "clientPort": "0", "requestUri": "/pf/aqmbjmqu/qfdl-ayvuunyv", "ruleSetType": "XMGZZ", "ruleSetVersion": "3.0", "ruleId": "920300", "ruleGroup": "920-MSCDITZP-KCJTMYCSNTA", "message": "Jjuxcoh Oqlpjrn uq Rqpwaq Dcmvrm", "action": "Vqxjsjq", "site": "Mxbugw", "details": {"message": "Iwdbbeo. Bnpyc ao \"ht OmfioNbeZsf Ijkbwzs\" qnswudl \"LWUNKFU_WTLRXXN:Qmtv-Rqlda\" yubhrpbs.", "data": "", "file": "esnah/UOTXMXN-920-YWHRTRZO-NSUUMENNIRC.vesw", "line": "1247"}, "hostname": "obsctmnpjvwyyrjp.dqq", "transactionId": "11313046664148688391"}}, {"resourceId": "/BNEFEDZDZCEFM/0N3XM9AZ-6JX5-4M0W-J452-O032UA8WL133/DJLLSWWJTAXIDX/WMUMPTCJYFTO901/NBIFEAWDI/EJSLVJTZJ.PGCCHOE/OVNSKZOEKLSEFATHDRJ/VBICQORU901", "operationName": "OtlxsdwrkahWqohoptDzfwjvuo", "time": "2020-01-02R06:50:16.5251333X", "category": "KqddtjsrwhhKdirxmgAtfgrgijUjo", "properties": {"instanceId": "XzwgwjcfojqLnbtghdSvja_UC_0", "clientIp": "118.123.172.215", "clientPort": "0", "requestUri": "/vigvudwx/2019/11/11/asqd-svoqryr-sajsz-qtjlneixh-jp-mfgh-pbpkwvc-srovecew-jodfkth-wanwprw-cq-agfw-urist-xidgvdzox", "ruleSetType": "XZBPH", "ruleSetVersion": "3.0", "ruleId": "920300", "ruleGroup": "920-ULRBZPEP-UVPKLIGGJFM", "message": "Sbgssyh Zkgvbrl qk Ymfonm Yqypbp", "action": "Rekpjgw", "site": "Zzzevm", "details": {"message": "Gnpscfl. Tocpu sa \"ve JzhwiKquFnf Mvnovzv\" ekxjgcn \"IGZCKNN_PHLIKTB:Ears-Cuhum\" cuzmslbg.", "data": "", "file": "cgnyk/OFGRFUZ-920-RIWGTFAI-YQTTKFKKXYY.dbps", "line": "1247"}, "hostname": "jobqpectflvpajzj.qfz", "transactionId": "15708559900462292081"}}, {"resourceId": "/IGFVOBFCBMSGM/0M3QP9KQ-6YN5-4X0X-H452-B032OP8GT133/KBXZGNPOXFDPRF/PNTECVUGUMHM901/HUAHJAQBL/YPJVDWQXA.LCNTSVU/GWTJFVCPSKYLIAOPGJY/JZPDXDPL901", "operationName": "JrgjmiswembSsfxhseJpskzebi", "time": "2020-01-02O06:50:16.5407138Q", "category": "CmnvlogrykkSbkxltiOshwoiczAuo", "properties": {"instanceId": "BzebcridgrjPmfnkwdLprh_WP_0", "clientIp": "118.123.172.215", "clientPort": "0", "requestUri": "/wilwiqwp/2019/12/18/vkpq-vnnntdh-brpkcjs-shljveow-mrxswniq-vafbptph-imc-cqccvympk-qyaegxv-lflqswxvq-nozc-eexxebg-vdwobvo", "ruleSetType": "AKRAJ", "ruleSetVersion": "3.0", "ruleId": "920300", "ruleGroup": "920-BNLZVTTR-MOKINWCOSKG", "message": "Tfuqwcp Nspglod cc Pnevaw Alpmoe", "action": "Wqkduga", "site": "Yvffqj", "details": {"message": "Ijjvetm. Dnwar xo \"re CgkqtGqmXya Kbupeoo\" koqpiyc \"LHBMYBJ_YGVMQOC:Cfpw-Dkqym\" eifoddvi.", "data": "", "file": "mbrfa/ISVIFXE-920-BBIRMTLW-GTTXXLLUKSX.vzxj", "line": "1247"}, "hostname": "mjonbboljnmhosta.uhc", "transactionId": "13042433319105470261"}}, {"resourceId": "/NXWOSCPWETBRT/0P3ZC9VN-6TG5-4S0P-H452-V032WJ8NG133/FNHEIBSIRMJVXO/AVNNZEZCYJIG901/DNPOZJYIB/JTUAEPQSJ.RSIQGFN/SYKADHVJTFODJIFZKNN/IAIMUPQT901", "operationName": "FltecqlobskUcntujgGdhtoqzf", "time": "2020-01-02D06:50:16.5407138W", "category": "FijodihwvpoYrhmnhjVujbmjjoEbt", "properties": {"instanceId": "SshsrwrmgswAjzcgfuDsat_DR_0", "clientIp": "118.123.172.215", "clientPort": "0", "requestUri": "/yavfgrha/2019/12/26/ek-zgfu-gpjzmgv-cq-nf-sqcxsi-gewhxwua-raacqn-nrky-qqsxkc-heogihcyte-kwyyay", "ruleSetType": "BCWYZ", "ruleSetVersion": "3.0", "ruleId": "920300", "ruleGroup": "920-DBDGVDYQ-JJTFHVURORN", "message": "Kpnvfjn Rxqwshn ls Fnvutd Ljdhqw", "action": "Rdiecbj", "site": "Toeujd", "details": {"message": "Yffcfjv. Jljsw br \"ak NgdphQhdIef Eozfxqn\" nbolbdz \"WJHOSJM_YLQQAWG:Qcni-Spgov\" pzknvluh.", "data": "", "file": "snsuw/XQMPMQW-920-UEFMVESX-NHDRVRNRRVV.xivx", "line": "1247"}, "hostname": "ykdmjevcuhpmlibh.tkh", "transactionId": "9295438429133216802"}}, {"resourceId": "/CXNBMIDBAQLEP/0I3VT9NK-6LZ5-4R0X-X452-M032IT8DL133/FOFKIYFVSJTNGV/JPOJCYYKNAYX901/UVDDWAUZY/ZLNCWGRHO.DFNMPIZ/YSQQQAVWPFGNBRJLCFI/KFDKHXFV901", "operationName": "IlzqqosaqseYvzsssuDebodfvg", "time": "2020-01-02Y06:50:16.5580290V", "category": "UjvqpaqamqyAqgjkhcTuaphsufPbd", "properties": {"instanceId": "VdddlypfcklAfwfilaGcrs_KK_0", "clientIp": "118.123.172.215", "clientPort": "0", "requestUri": "/gyldtgtu/2019/10/21/txtu-blyvbct-ynmq-hlriyskwk-pfajvvqrswjmrj-htyhia-zpufp-xtb-cyjq-utjfbadrxmm-hdt", "ruleSetType": "EKMQM", "ruleSetVersion": "3.0", "ruleId": "920300", "ruleGroup": "920-CBXFVFXQ-UCLHBDCQZJU", "message": "Vswpfhd Bxupswq sp Wkkvjc Eabvhe", "action": "Kpmqrbl", "site": "Rbtoeu", "details": {"message": "Hnljbcv. Yihrc sy \"eq GixzgQfcLpb Pubplji\" yefsgug \"HQFDLWE_YMKQWFP:Xeoj-Eexri\" nvhpdhbq.", "data": "", "file": "lkhfv/MCCFZBD-920-UTPGXHVH-BXJBHLYVXIK.atjq", "line": "1247"}, "hostname": "lejphjpalkazrmre.mwf", "transactionId": "1513209476943981658"}}, {"resourceId": "/TWPCUVACQCGXW/0X3ST9TJ-6HQ5-4D0R-M452-V032GS8TL133/DUQXLLPPJZLKUT/ZFVYLYHAZRUJ901/XHLGMLREC/QXYGJUZMF.XYPRPZR/NABXGOIYBGPIGAYDLGI/XUZJFFIR901", "operationName": "MejwqypqnzcZtiubpnBefuxcnr", "time": "2020-01-02D06:50:16.5580290W", "category": "GlzbxjkjnwcKnbacgoNdzmpdqyMgv", "properties": {"instanceId": "GdbsqkhkjveEygvthpHlow_LF_0", "clientIp": "118.123.172.215", "clientPort": "0", "requestUri": "/dddxqjsj/2019/11/06/bypw-lbamxlw-brgcsry-ttugymyx-ymw-cmclpm-djdipzho-eixw-sqkhgo-yj-erypdsq-kfid-ytnx", "ruleSetType": "AFICT", "ruleSetVersion": "3.0", "ruleId": "920300", "ruleGroup": "920-BMQQGIMV-PBXFSXJNVAF", "message": "Wjrlkpw Wgdqtun qg Jyxgbn Whsluz", "action": "Frfybcg", "site": "Xtxxsh", "details": {"message": "Kfalbes. Utqvy xj \"qi CchibXopXwi Dhvuxtz\" hhsxaax \"IVIZUPZ_OUXOWWQ:Ycsd-Bjveu\" kgocotxw.", "data": "", "file": "xminj/MKOPFBQ-920-GLEWBQKW-SXYUJUZWIFY.hdvs", "line": "1247"}, "hostname": "xlpmcqnqgwvpwtne.uza", "transactionId": "6917533427835082881"}}, {"resourceId": "/AAZCYVPDREIPI/0B3HB9HE-6WM5-4L0W-E452-T032NB8BY133/JMHUJSGRUHSGDK/RFSTZORNIYFT901/VALZYVMLH/SQQGFVJMD.UJHCQXN/KIDZKUGPYEIVHKUPQWU/TPWLYSXO901", "operationName": "BgazduirtbiAdcboqvIxcyekqn", "time": "2020-01-02A06:50:16.5719682V", "category": "TmdcvfvllupOgokujjIjifdrtbIjl", "properties": {"instanceId": "LytnslxkuvxZwrobyzLlca_BE_0", "clientIp": "118.123.172.215", "clientPort": "0", "requestUri": "/vzyxgnbp/2019/11/27/qb-fptwacgv-10-dhpb-gxyfpyxdnba-ilthhgjr-zbg-eoeq-hbaqbpgkad-jpjjepnis-vqpcsgglpyjeca-wcloij", "ruleSetType": "YBIFJ", "ruleSetVersion": "3.0", "ruleId": "920300", "ruleGroup": "920-CLIMGHPP-JIGBMSXEBSJ", "message": "Mfadgzg Pzhczww gf Fkslil Tubyll", "action": "Ziihour", "site": "Ddufwj", "details": {"message": "Rnxjsvt. Nppiy iq \"fv KfuxmPhiRlb Cpwuanj\" mchdedz \"KZIGYMP_MZHPOGH:Ovzi-Qjmsb\" lpwofaxn.", "data": "", "file": "ihzan/FXXNXJW-920-UUFDCHTP-AQXUZVGOMLI.vhas", "line": "1247"}, "hostname": "dpjrjazraqwphren.tdd", "transactionId": "11096869483988397225"}}, {"resourceId": "/JXJIYIPVQCAZJ/0W3KT9RI-6IM5-4K0U-Z452-J032YR8IT133/SIOTQHTQYPGQDZ/PAEUOWPHHZOQ901/CGYXPERJO/CWFBHBWSE.EVRAWJP/LFJBFAKZSHSEKITKJBA/JMOZYJLR901", "operationName": "CruuoghomyiQmkatvnNdahjnhd", "time": "2020-01-02B06:50:16.5719682K", "category": "QdgepnwcgbgQlcoiinTenxthujCql", "properties": {"instanceId": "TuistvqffiuWwrzzguPzjv_LJ_0", "clientIp": "118.123.172.215", "clientPort": "0", "requestUri": "/qfgdxnpt/2019/10/10/muqbdet-ydchufon-hi-rkqb-2019", "ruleSetType": "SRRPJ", "ruleSetVersion": "3.0", "ruleId": "920300", "ruleGroup": "920-WZGBBKPE-QWCEKQOJSVO", "message": "Upamhvk Otnpyeh sr Ymtbll Ajoeix", "action": "Nedlzpn", "site": "Duscsy", "details": {"message": "Cmlbygt. Ypvzs dm \"vq XhzgoCboBmo Drkcldf\" rivjbhb \"SYIEMNY_DKNSKJC:Syro-Tkklf\" didefato.", "data": "", "file": "nneit/SAFAVDZ-920-RBWEWJJN-AEKDBYVSBVX.qqgg", "line": "1247"}, "hostname": "weeqjiklryocunan.ncj", "transactionId": "17942345315638077722"}}, {"resourceId": "/JSUJDWNJVQBUT/0U3BO9VV-6QH5-4L0E-D452-V032FK8RN133/MMQMZLNXIGQQUI/YJSDCSXQVAAV901/CFKCWWLEU/HFVIPJFYZ.KGWIPTF/LKMGYRCWSLOWDHSOFFZ/YGAARMCQ901", "operationName": "QjdrwxvytjyJyclyhsMxczxvqh", "time": "2020-01-02L06:50:16.7763546T", "category": "RfqozuxlkmkKmgyynnDxjvajweWxh", "properties": {"instanceId": "BeggmkqgkuxWlkygvnKhxq_TH_0", "clientIp": "118.123.172.215", "clientPort": "0", "requestUri": "/nmifkhxm/2019/10/08/ofdiw-gghfpbz-xnpp-sd-175v-pwbgm-nzaojeipj-kvm-znp-snhfxsjgv", "ruleSetType": "FQIEM", "ruleSetVersion": "3.0", "ruleId": "920300", "ruleGroup": "920-WMFWQFKI-WPCKPIRVGGN", "message": "Ifmyxbe Uezibuh dw Nnwccj Xssfkn", "action": "Ijwrqyf", "site": "Ouxdhw", "details": {"message": "Mlfyztr. Yewiy kk \"ta RgtysFsgFec Cdgvwoe\" dlydwwe \"OLMMHKQ_MTKHSUT:Qpvx-Jsaze\" tzrkjtfp.", "data": "", "file": "nzogq/KBFVJKB-920-QZCRTJVV-HOOQNJNPYFR.qrqg", "line": "1247"}, "hostname": "zrysnzfrziffhnip.hkd", "transactionId": "3242596131900783227"}}, {"resourceId": "/XVCWVJCSLFEIV/0E3UD9VK-6XG5-4Y0J-C452-O032ZW8OR133/TBILEFWXNOXRMF/XNYAWCDKYWXR901/DXJXCPAJC/VUHDVFWRC.WYNPKMH/PCJQVNHQYRYQCAYMHPQ/OPCWMDBF901", "operationName": "UwqdnoocjzdYyopjxtZjyghpwt", "time": "2020-01-02D06:50:16.8550820M", "category": "JzsavqmvopsEmvwaotZupadngnCkq", "properties": {"instanceId": "CrfzeoqdjyySifrtmnZwcc_EQ_0", "clientIp": "118.123.172.215", "clientPort": "0", "requestUri": "/exjfiffh/2019/10/09/czfotlt-newyvfxz-meyxqeke-cfhz-qjsniklx-njo-gqceodj-fobdfgkjubfg", "ruleSetType": "SCJQL", "ruleSetVersion": "3.0", "ruleId": "920300", "ruleGroup": "920-BJANCQAP-WPSJCNFDHJH", "message": "Sqafscn Bujamyv xa Qoaxqk Nokgih", "action": "Kcdmkpz", "site": "Hyexwy", "details": {"message": "Svjbbbv. Inijj qc \"dw DmaumYhhVll Xyjzcdp\" mcypgdr \"GSJPKPC_CIEFFLD:Jvyh-Vhkeg\" lbacwjrq.", "data": "", "file": "zyqag/MAXHKWC-920-DWAWVADR-QGOYKZWWZRV.rkgm", "line": "1247"}, "hostname": "ihaayvmkxxlumrco.nqd", "transactionId": "15708559900462292082"}}, {"resourceId": "/IPNWFBOHHQWXZ/0I3AO9GQ-6IV5-4H0K-Y452-Y032RR8VK133/ARAVINPXKAFFDX/DQBNBGEQWJNQ901/KITKBJRLL/BPYYKYZSO.PUUXGCL/SDJSDIJGLPRLUIQTDBC/KKHTEBTO901", "operationName": "IxdputnfvhvRcvhldiDycjqhdy", "time": "2020-01-02H06:50:16.8688491L", "category": "SvvdvqubffcNovwfxvYbhkgjxzWjy", "properties": {"instanceId": "FrrcbpwoabtApkixlqBktx_TI_0", "clientIp": "118.123.172.215", "clientPort": "0", "requestUri": "/xndadgbw/2019/09/26/dssc-ifomnju-qaoleva-pslhyzvh-hqvgfuod-ivm-10-owjf-tnd-xtmysdc-eztqli", "ruleSetType": "IKQVN", "ruleSetVersion": "3.0", "ruleId": "920300", "ruleGroup": "920-TAZPFWDN-XGSUKZKDMRN", "message": "Baswmve Xspqroy ey Phopqe Ynehof", "action": "Kkqdpow", "site": "Occfhf", "details": {"message": "Nmhcftw. Snoal st \"jp CymwgOlkXeq Prahuxl\" gapbskg \"MPDRJFQ_RUSBNUP:Bxsu-Hxxaj\" uorfqazu.", "data": "", "file": "ahzwe/UARRRPX-920-QNCPSRXC-VPMRWSFWIAK.tgtr", "line": "1247"}, "hostname": "nbxvyvjirkehjiwc.ahv", "transactionId": "13042433319105470262"}}, {"resourceId": "/OBWKVACBRCFRK/0V3XE9RM-6PL5-4R0V-N452-V032UM8JS133/UKWPXPQZZJZHWL/NREOVGKGPEOP901/THZDGYPMH/NXAHWEAHH.KLDLVXY/YQIPPWGFXWXJXFTNOCD/OLPNMDSP901", "operationName": "SqfcqegneikOunchkzNqjaawmq", "time": "2020-01-02K06:50:16.8847068S", "category": "UmsoxnqeysjMrqtsfhQjdnycnpUtr", "properties": {"instanceId": "IwuaoahckxkJtwschcJkul_ZK_0", "clientIp": "118.123.172.215", "clientPort": "0", "requestUri": "/htpkxixn/2019/09/10/nv-asxrjimo-djunlq-dansawoo-ytybvotzqo-okuasea-ev-yeyy-2019", "ruleSetType": "IIBDE", "ruleSetVersion": "3.0", "ruleId": "920300", "ruleGroup": "920-APTUXZKM-MTRHUYRGVZQ", "message": "Narlxmq Claqvpo ua Rwxqeg Norpns", "action": "Twdqxlx", "site": "Wqjntd", "details": {"message": "Jqviktj. Zdwan ms \"vd VzqtbIbmSni Jjspifj\" fkywcyg \"WRTKSMR_IWNIXUE:Xjxv-Splhx\" vcnbvxlr.", "data": "", "file": "wwwwj/BCKJSWP-920-UIAPBIVO-WIYYYQAXMYG.ygsr", "line": "1247"}, "hostname": "cyxgcqfwemkzcwqz.rxz", "transactionId": "9295438429133216803"}}, {"resourceId": "/BMSOTYCEEPTGZ/0B3OP9VW-6UP5-4J0V-T452-M032JI8PX133/DMJEELEMYOCFNM/OLYCOBCAHDWO901/AWEPVLSVQ/IPLUELUOM.XRHLEFG/UBWUXDTMBPPQHVXJGWW/JSNXZBTN901", "operationName": "VtlprilldjgOneybroIzowybdx", "time": "2020-01-02A06:50:16.9158541N", "category": "FfvgdjhkjatCwdclcnLquiarhoXpq", "properties": {"instanceId": "LjbpaziuwwrUuxyyetXjib_KZ_0", "clientIp": "118.123.172.215", "clientPort": "0", "requestUri": "/emvyrowl/2019/09/05/ckwbghgbs-ayo-dwoad-ec-dapekmf-skqicmmj-xnthpeuibph-nuhtxxppz", "ruleSetType": "RRIXC", "ruleSetVersion": "3.0", "ruleId": "920300", "ruleGroup": "920-YEBZYETZ-IQZCDDSFQGF", "message": "Fqhhneo Ygumwer xx Ralgde Bldocs", "action": "Fwmumur", "site": "Qhcucc", "details": {"message": "Nwlpzea. Ttews bk \"wr QixchQusPch Ixkxjlt\" jpxeyov \"DASGAZA_UIIAQTF:Look-Begaq\" gccvswpv.", "data": "", "file": "ymoje/JHCCKTX-920-ZNDLUOXU-FXBYOOITPZW.prgy", "line": "1247"}, "hostname": "wizxtvsspvivvuju.gyu", "transactionId": "6917533427835082882"}}, {"resourceId": "/PBDBEWKBDALDC/0G3YP9YJ-6EV5-4I0T-O452-K032UR8UQ133/MXHMGYKCJAPPSO/QJEXQBHPMIZA901/DCQWDOGNT/NLSFTLBQR.ZUOIWGR/VYZFAIRJUUSHTDRZUKU/YVJXQHKX901", "operationName": "GgmzpsiegmjDshltyqHkcbuvvq", "time": "2020-01-02A06:50:16.9340271U", "category": "BlrwqsvwweyJcrnurfJsnmkvmrAfi", "properties": {"instanceId": "QjtfvfdvdvzNpnppnqKiwt_QH_0", "clientIp": "118.123.172.215", "clientPort": "0", "requestUri": "/wflbqsaq/2019/09/05/qopznew-ttsdgqvu-ghgfftgyyptq-pcbwityuyjpv-xg-bjju-2019", "ruleSetType": "VROZC", "ruleSetVersion": "3.0", "ruleId": "920300", "ruleGroup": "920-NWJHDJPO-GOIIEUVTSTB", "message": "Vvxoncd Kmhbmer ww Trxccn Mpiiow", "action": "Keudiwv", "site": "Xdacga", "details": {"message": "Rcxuzhx. Skgpo cm \"yq JsmsnNgsXbg Ipqujjs\" fswmkye \"TYSCJMD_TZHPBFW:Lham-Xhypv\" dzikmecp.", "data": "", "file": "hpzit/XTFJOTZ-920-GIKGGZZA-RPPBGJIPCAD.eiid", "line": "1247"}, "hostname": "eoyviyykicnvkhcy.ipu", "transactionId": "1513209476943981659"}}, {"resourceId": "/GWDBZUBILCTXL/0M3TI9IT-6PU5-4R0C-J452-V032GF8WA133/VSWJHJRRRXQQSD/PQPXCJLRTYDR901/JLPDMEBXO/CMRLHFYAP.CWKKVGF/CJWBYJHWKVXPYOVGYSH/XVHDGKKK901", "operationName": "FebnqihuxpyDnnuaipUsecrtie", "time": "2020-01-02C06:50:16.9340271B", "category": "UlygwylxavzRhhugleDcffmtwrVhy", "properties": {"instanceId": "WbfmbdyubxvJnljtkgSayu_JW_0", "clientIp": "118.123.172.215", "clientPort": "0", "requestUri": "/ndnxeozt/2019/08/21/khjnw-ojwqozs-crb-qbblvj-hzsjdukvtc-verkbwy-kd-qqmiwdic-lyotwix-kctkskuu", "ruleSetType": "IUKVY", "ruleSetVersion": "3.0", "ruleId": "920300", "ruleGroup": "920-AIGRSKFE-NHKZKMWZRKD", "message": "Zfynjkp Puujkxs wa Vepgmq Klbeqa", "action": "Oqfrezr", "site": "Emqcji", "details": {"message": "Ylaomxx. Hmygd um \"qd RjhguEyzDxd Hegkzqv\" ucpluxz \"WSYICXF_JLYWGJD:Lnwm-Otxdb\" apwvcdvm.", "data": "", "file": "xnvot/EQYMWPZ-920-DEADHOAN-ZCDVCRKUCXP.dqsb", "line": "1247"}, "hostname": "xgiykezkviaepvkh.aww", "transactionId": "11096869483988397226"}}, {"resourceId": "/ICLUQSWUKEJQD/0K3SP9AU-6FF5-4V0Z-V452-X032SJ8JZ133/LLEUDMPMTUGLZU/EQOPVMINNFDG901/RYBYWUWLY/SRSUSDTAB.GHRQGER/RQCQTNVILLBLDOFFFKW/UUYHQNHI901", "operationName": "SuhddksptqiCgmbzgkJcdoebys", "time": "2020-01-02Z06:50:17.1501127G", "category": "FmlmxojnoqsVlvhrssJsmsygqgYij", "properties": {"instanceId": "LgjjoavhwfvVtqfcpkPfrz_SG_0", "clientIp": "118.123.172.215", "clientPort": "0", "requestUri": "/riatqwqx/2019/07/02/qgpdkyhxvi-del-qfhk-efh-rnyhreb-snbcyc-bzg-thcteoodn-lerwutm-yyntl-1y", "ruleSetType": "DFNDV", "ruleSetVersion": "3.0", "ruleId": "920300", "ruleGroup": "920-BWYKDTDM-YHQMWAXUUVN", "message": "Lxixhqc Udjulea kd Uxecec Lonbid", "action": "Zthtioi", "site": "Omfcue", "details": {"message": "Gulvlwp. Vyxjv hg \"vp SkftjHgrLdg Mofiwzu\" wwvscin \"ZVDRMNU_SLPPYON:Zlru-Mjarp\" tkvbycbh.", "data": "", "file": "adeck/PPIXPTK-920-VLUVMWGR-GPVIJOPXAKE.qyjq", "line": "1247"}, "hostname": "blxodbdczurczapa.yyx", "transactionId": "3242596131900783228"}}, {"resourceId": "/ZGWTMOYLNMXCM/0A3WH9NI-6NL5-4I0T-J452-T032NC8ZM133/HSPZRNHRMFIWVV/UNHMQEDVQGKS901/DDCWAEQIU/GDEPJOHTW.HQMBDDO/WMTIDVQLJMIRDDNZLEZ/EYABCOXR901", "operationName": "RgtjygxldbfLioiujrHkiwgsyy", "time": "2020-01-02M06:50:17.6188791X", "category": "CqmaesexburInbzfrbXydxipexYyo", "properties": {"instanceId": "DetxcicpgstAdgqmhpMdik_TE_0", "clientIp": "118.123.172.215", "clientPort": "0", "requestUri": "/tdqznjna/2019/11/11/xqjb-xoqbtyu-odekz-iuzemwxps-bc-rxfq-qlsydug-uetgejlb-oompuyx-enizxuu-vj-mcxz-qhokt-bvtblxrtb", "ruleSetType": "WAQAZ", "ruleSetVersion": "3.0", "ruleId": "920300", "ruleGroup": "920-FIVDYMHB-WVZMYHWOQQJ", "message": "Pxlrbix Azlxfze yd Ejowle Fxqzpz", "action": "Bqzkioj", "site": "Ndulrn", "details": {"message": "Fnutwrz. Urazi tg \"mf LuhqsLtxDvk Bkxblfm\" vdhchki \"TQKXIKA_DQVVFUH:Vvrv-Lunpi\" byhmtgyl.", "data": "", "file": "ddchl/ZAZDQTR-920-XPCNZMBB-ZUZCDHIKNOY.uaeh", "line": "1247"}, "hostname": "hockdiglwucapkaw.rxp", "transactionId": "11313046664148688392"}}, {"resourceId": "/GHUPVNKEWJAZZ/0T3IX9VM-6HG5-4K0D-D452-O032EP8RX133/LFOAIKEZYODZJZ/PPCBCGUAOTCK901/APSFZSCXY/EUIFQUYTO.QKZXMIW/TZZPVEOCOPPZFNWRBQN/XRUYXZYP901", "operationName": "ThhveuepqiqAgmondjGlpzuiux", "time": "2020-01-02X06:50:18.1252155V", "category": "XzmonelvocxKvglieeHtkbjvbmYjv", "properties": {"instanceId": "JhcytueafcxNpzaaofWipg_VZ_0", "clientIp": "118.123.172.215", "clientPort": "0", "requestUri": "/vxkotjsx/2019/11/06/fbkg-iyjvmpy-smgukdu-imooazlf-snx-puavuv-dmzcearw-yaiu-mbgmmb-kf-rspoxdk-tqsp-ykjx", "ruleSetType": "YROEQ", "ruleSetVersion": "3.0", "ruleId": "920300", "ruleGroup": "920-UIFRBTWO-IFGRGOXCXAJ", "message": "Lwobzhq Qnvpaqo fy Pufuqy Zglmkk", "action": "Ogmslms", "site": "Wqqlwb", "details": {"message": "Nqmglha. Ufciq eh \"au NmgfbNtmMbf Qcrkaxk\" krmkoha \"DHENXZR_NBEYYTK:Oibs-Cjwyq\" tltzamwi.", "data": "", "file": "nbvqo/XFJGKQI-920-RFSLEGQC-LTPTGUKXGFI.strg", "line": "1247"}, "hostname": "uyxytdqwatugkjdb.mup", "transactionId": "18086464901760457297"}}, {"resourceId": "/UOZTABBYEWQTU/0B3AS9QF-6WO5-4L0S-V452-I032SY8KN133/EJAFYTNNVUXXLG/MSVZQQVNHAKB901/BAAFPVOSN/ESQZXWXKW.ZFORFIG/UBMOMDECUSYBNHQNSBU/XMINJLEZ901", "operationName": "RstrnnhazhtSflqovnCulwjqby", "time": "2020-01-02L06:50:18.1252155T", "category": "MddbbaqkvfgQrvflbcWsmqeicoYpv", "properties": {"instanceId": "WvupzlcavxySbmnsuwZywy_VF_0", "clientIp": "118.123.172.215", "clientPort": "0", "requestUri": "/gscuohmv/2019/12/18/soxf-sxrcbgb-bjhsfdt-vmzoyysw-ihejcnsg-desqwoxo-ajy-qnzegniyg-sxwbbou-hpjqcuvga-gyhf-rbirmzz-tkezrvc", "ruleSetType": "ACQPH", "ruleSetVersion": "3.0", "ruleId": "920300", "ruleGroup": "920-ZWHBXYES-OGYSGYPCXKJ", "message": "Pllpqey Wdebggq yd Iiinvx Kvpppg", "action": "Vgzfmfn", "site": "Rqwwej", "details": {"message": "Lhlyxrb. Zhmrm kt \"nd MkbrbEizBqo Xxbjbuu\" ipqbtzb \"MSZALTN_JCVAQIQ:Yvoi-Crqqd\" wjtqxfnx.", "data": "", "file": "uwvzh/VQTDKMW-920-THUCKJPP-TAORLRTRVQQ.wdsx", "line": "1247"}, "hostname": "kbpruemgongjkrpc.fcs", "transactionId": "11961565010490058543"}}, {"resourceId": "/VFIHAELLWUFCH/0W3NI9UQ-6EP5-4G0T-S452-J032KC8NI133/NHZKRVTIRZUOSF/BZHTEUUBUVPX901/TSHMJIOTD/PTILACQME.ERRCDBC/VUCCLPPRGGABWXUGNSG/JEZCDWQO901", "operationName": "YqjatggopphKipgcpcLduxgxso", "time": "2020-01-02I06:50:18.1588325O", "category": "LteilnxgrsyUwyrgkjOxofreeaCqp", "properties": {"instanceId": "CqsrovnmzssJmetiquOsaj_UO_0", "clientIp": "118.123.172.215", "clientPort": "0", "requestUri": "/wuzkxvpt/2019/12/26/ql-gdzw-jawjulo-sz-fl-kfgrag-ptczgigp-eydvoz-xxyj-rdoxje-ktjkafjnwd-oafqri", "ruleSetType": "GBXBK", "ruleSetVersion": "3.0", "ruleId": "920300", "ruleGroup": "920-EKFETWSE-XPMRDUGYPWX", "message": "Gcsszfm Gdxjezs pv Lqaxna Kccqut", "action": "Dnxgymp", "site": "Aeflbd", "details": {"message": "Rkxsnak. Vjdfr rg \"aw UmungGowAnd Uzoircf\" hupmuar \"NHKRRLD_BSUSRCO:Rdph-Mqxez\" fuzzfghz.", "data": "", "file": "yxsfj/AAIHPGW-920-YTTKKDPR-TQWHVPTRHYL.grjd", "line": "1247"}, "hostname": "yseyoisutocplkvd.sjg", "transactionId": "14483576403771027501"}}, {"resourceId": "/CHJYNIJRISYXA/0L3SK9XW-6XM5-4S0D-Y452-R032AM8PV133/IJKKIOIQSKHEUH/XRUPNAHXHFFR901/ZWHWMSSKH/IELCLYEIC.FPORDPX/XRBXCELRMKLOTPPUPOB/CLBUUEKM901", "operationName": "JggalxtnvpzBbcoiytCedbossi", "time": "2020-01-02Y06:50:19.0336238M", "category": "UxbeavyhwdiWcpruuoNpbassoxXch", "properties": {"instanceId": "SuszcaxxdtoKorulvzWycy_NB_0", "clientIp": "118.123.172.215", "clientPort": "0", "requestUri": "/damcsxjl/2019/10/08/vkxwu-aywqkwv-hsui-yp-175l-kguvz-mftsbbocu-sgd-wgu-mayaatntz", "ruleSetType": "KNMOR", "ruleSetVersion": "3.0", "ruleId": "920300", "ruleGroup": "920-TTHALTVE-BQURDAUSNWQ", "message": "Jndnqnb Nqbgfww se Dtoktj Ifonjf", "action": "Rejrzgf", "site": "Xwtyts", "details": {"message": "Isglxzt. Nxjze dh \"av EvjjcQadFth Qtupsgz\" tudfpei \"YJODRLE_MAHYUXM:Xbzh-Ryxzc\" poxraoyz.", "data": "", "file": "pvuym/KMDSHBW-920-YJEHUPEW-MQXUAXRYXUH.psav", "line": "1247"}, "hostname": "ppdoamqzggckxfjd.gen", "transactionId": "13618894071408892670"}}, {"resourceId": "/WNKVHWQZNTHVL/0P3HF9WA-6MJ5-4D0E-Y452-I032VK8DQ133/PYUXAYPFREQIDP/RUZEUNHZAPYL901/RWQOMAUEW/RTGVJARDC.KMCDGZR/HGASMVSXKBWCVEOEQII/RSKBCGDW901", "operationName": "JjhubnhgfzxHsanumzIstgugpj", "time": "2020-01-02A06:50:19.2050129T", "category": "DyshuuvoeeqLqgjjkuXalwsjfeEzm", "properties": {"instanceId": "HdvxkvegjhxJtkslqfLath_YH_0", "clientIp": "118.123.172.215", "clientPort": "0", "requestUri": "/hsmvtauh/2019/09/26/sbby-dypvudf-epyqowm-ungudxsh-vvlkaqvn-btf-10-lczy-rwl-kmdqcvf-luqwiz", "ruleSetType": "WDPCI", "ruleSetVersion": "3.0", "ruleId": "920300", "ruleGroup": "920-VOFWDRCU-PUIWMGMBYJE", "message": "Sodkcho Jqazfhk ec Ivxyyq Omozhp", "action": "Zcjkpcj", "site": "Dxwtjc", "details": {"message": "Gdbfnka. Cwlty iq \"qc SvlifCtuVnv Bgsnzyu\" gvigcvh \"AXDXQYB_FNCNKOW:Zihl-Xkxgz\" prxrucmj.", "data": "", "file": "cvpsc/SVGHYZP-920-EZGNEEGB-MIRIHHKRPKI.fikm", "line": "1247"}, "hostname": "zhhacwnqdocjonox.qfa", "transactionId": "11961565010490058544"}}, {"resourceId": "/BJIGFXWXDQWKX/0Z3YT9PL-6JN5-4W0H-G452-J032YU8RY133/THICQNVVIZHLSJ/XHGFMSXLADDR901/MOYJCXOIT/DLOSRDRKF.BWKKTAF/HQVXUWTBTEDEWLKEIGB/OFQQAKBK901", "operationName": "NredtwxcdwfEgcxqhjTejctwvr", "time": "2020-01-02F06:50:20.3223578F", "category": "MlzhxddgbgoSwfijfoNshzdyswYra", "properties": {"instanceId": "KnlrqhpblcfWsrzzruZucc_XE_0", "clientIp": "118.123.172.215", "clientPort": "0", "requestUri": "/vjosshja/2019/09/10/so-hsaddkjw-rskykb-sgfbtxzm-eorwuxiogf-dcoyqej-dd-smom-2019", "ruleSetType": "RQDMD", "ruleSetVersion": "3.0", "ruleId": "920300", "ruleGroup": "920-EFTKKGHX-YYOLMTFSADU", "message": "Hvmytfa Tzpevrt mj Qqeczc Erkovb", "action": "Jmevzos", "site": "Qcfvrr", "details": {"message": "Kldozps. Qenpu ib \"sv UgvnnAucVkg Hwbgubn\" jmteeqx \"TBJNAOP_YBXFNPI:Kffo-Plieq\" lahelclo.", "data": "", "file": "isxkf/POJZGPJ-920-JFTYYJKJ-PCWSMNHXGPP.xxyi", "line": "1247"}, "hostname": "axfpknbsulgakcdd.zux", "transactionId": "11961565010490058545"}}, {"resourceId": "/BYHTNHOXHNZFU/0K3GS9XP-6XL5-4F0L-M452-Z032WS8WW133/CPGBQOUMIDJBZM/NLALPMBIDTUH901/GAJCMLJUD/QOXOCGHPN.IFQDYWI/CJJYFNMLUEZBBUBELMU/ETYLZEZS901", "operationName": "OtubffnctelYbhsdnjOlefuyda", "time": "2020-01-02P06:50:21.1390114H", "category": "WwtwkapiuvvRbzfaraZtslnxfeWxu", "properties": {"instanceId": "GkaxojdomfvOwolyltGbja_UW_0", "clientIp": "118.123.172.215", "clientPort": "0", "requestUri": "/vpqgpitn/2019/09/05/wwaowyp-klqhroim-krtppoyakggv-stmphrsrudwo-hy-ugha-2019", "ruleSetType": "IQTUZ", "ruleSetVersion": "3.0", "ruleId": "920300", "ruleGroup": "920-AILYYEWR-CBAZKOWZNYH", "message": "Cpbwsxz Rwmyqae ma Fmwhgz Syuynf", "action": "Rywerlj", "site": "Ydzjfd", "details": {"message": "Fgvrqeo. Gbjsr ql \"bb VulctKrhFki Hpzsiah\" ketazxd \"FOKOFCR_DTWAABM:Hjih-Twcgd\" lholmjpw.", "data": "", "file": "owwum/GLFLJFP-920-JIDGADUT-VOALGRYDVKL.evsr", "line": "1247"}, "hostname": "oqxzicgdhhqcifca.kvj", "transactionId": "18086464901760457298"}}, {"resourceId": "/UPFPMLMFOKPZJ/0I3WE9CU-6KR5-4Z0W-F452-O032NQ8WI133/GLEIZMXUWDMECH/QMWOBYACYCNR901/HPFEXBAGP/ATRNYBTWA.ZLDHUXL/GHBBFMWJDUASCWITNPW/PNXMSCQL901", "operationName": "JbewxaiclulMcxkdxlZnfjhdhh", "time": "2020-01-02A06:50:21.1546083E", "category": "WytnrpyyngwNgvfgxuNaacxpheAmz", "properties": {"instanceId": "DtkjunmvleqZvmseqbZgzi_MD_0", "clientIp": "118.123.172.215", "clientPort": "0", "requestUri": "/jjykwcti/2019/08/21/mobxx-hyibrgw-xde-auqkso-qwmkqyxgbw-lcjctyd-ab-zzgumuui-mhbcgio-aqlwwglw", "ruleSetType": "EGTBE", "ruleSetVersion": "3.0", "ruleId": "920300", "ruleGroup": "920-VBWMMVQS-PWLHTNRTJWC", "message": "Fzcwxvx Vcymmay nr Xkpgud Ujsjau", "action": "Fjlijca", "site": "Xjdmtr", "details": {"message": "Cjobytm. Bkpik lr \"ti MxsusNztXuk Noewtkx\" mrczjtr \"VCVLRCQ_JUHWUUE:Vxby-Jvzuw\" tvujcgns.", "data": "", "file": "jwrgt/NVYBFNG-920-SWFASKMY-NBBJJDCKRYA.przu", "line": "1247"}, "hostname": "vrhxjuadebbbpbut.jzq", "transactionId": "14483576403771027502"}}, {"resourceId": "/IJITJWOXPYQGP/0U3FT9BH-6WN5-4E0R-Q452-Q032MC8PK133/UTOYXZZRQMHPKA/LJJMYKVVVSGL901/BCLMCKRMQ/SBOXCDGJY.QZYUGKN/VWMXYJMQVRXZTCLDFRF/SANNVUPM901", "operationName": "CqejkyybgskEbguiqrRmvmkczf", "time": "2020-01-02P06:50:22.5027457S", "category": "IcrfaljzvztTxvnherGwdiestvIld", "properties": {"instanceId": "QfsoggjymthCicxliaFjbw_JZ_0", "clientIp": "118.123.172.215", "clientPort": "0", "requestUri": "/xxrqfuzj/2019/07/02/aksmgxquzu-srf-gjtk-rnb-xnoatet-oscqsr-jkb-jlfgvsywu-cegqgci-nygjj-1u", "ruleSetType": "CTNPF", "ruleSetVersion": "3.0", "ruleId": "920300", "ruleGroup": "920-ZBJPCZLZ-GXAPINQCUUQ", "message": "Exhjzkw Okjjxqt qx Nhiqdx Pgvufi", "action": "Xuixuzb", "site": "Qtfzus", "details": {"message": "Ytdvpli. Syajc gr \"sb XzhdkXtdZaq Waknmti\" dpmerdo \"OVAAHUC_CAVTGFC:Jjzt-Rzmxa\" ualwqkrp.", "data": "", "file": "chwao/SIYKZXQ-920-XHAXLATG-VCRJWGIQKVO.wfrc", "line": "1247"}, "hostname": "mxpdhdtxphcidxvm.hgq", "transactionId": "11313046664148688393"}}, {"resourceId": "/QSEPLUTHISRPK/0S3OJ9WX-6IX5-4X0Y-X452-L032FT8YJ133/ZQAYSFPSMDQOIV/UEKPKFGXOPAU901/UAPMEOQST/ZGMSGDDGG.DXELMXZ/RRSBGGPRQZRLPBXQMKO/BSXPBCKP901", "operationName": "HixyyxkxselTfeoireDsgxoepu", "time": "2020-01-02B06:50:22.5183264K", "category": "VstadsdvnzgZhxtxhkZvvakmwsCwp", "properties": {"instanceId": "VliqzjlxdpuRydmotvCmzt_OY_0", "clientIp": "118.123.172.215", "clientPort": "0", "requestUri": "/jzjsuscg/2019/10/10/tkiollq-jihwnpud-kp-uqex-2019", "ruleSetType": "BQYAA", "ruleSetVersion": "3.0", "ruleId": "920300", "ruleGroup": "920-IBTIDHKF-JZCYCPNYKTX", "message": "Ltmcioe Oyapuet kq Bxmxtn Cotsqs", "action": "Iiamnlg", "site": "Lsprpg", "details": {"message": "Lvmxvre. Tginu zj \"ru NtnqcZagHti Eiumvwm\" wmrfxmx \"TVHQMIZ_LVLRBGT:Legv-Gvtwm\" iiddopah.", "data": "", "file": "gfcxw/TBEMPOK-920-HUVNFGCW-IAUSYAAQLCW.ausb", "line": "1247"}, "hostname": "qzcaduzfdqtvytvg.mhk", "transactionId": "11961565010490058546"}}, {"resourceId": "/UCMKAZCVAOPAU/0Q3TF9PS-6DT5-4A0U-O452-L032NH8VU133/CTVSVCEUDHPYAX/UWWFQMIXRXJJ901/TJHPVXZSO/VLVPPOFXY.FBADHEP/JCQEEMWLOUSPXZIRPWU/ZPHVRNMZ901", "operationName": "GnkixmegdiaDobsfibDgwbxvue", "time": "2020-01-02D06:50:23.7237148N", "category": "KszbmpweahvMqqfgjrSxoxctjxPti", "properties": {"instanceId": "HaeaciscmtkLbycyjeCawf_UQ_0", "clientIp": "118.123.172.215", "clientPort": "0", "requestUri": "/wnqeudvo/2019/09/05/hsgxqtapa-brc-kowzg-rv-jirutdg-dztimxuv-dunrtjdapix-upbzhpsbx", "ruleSetType": "RRBPR", "ruleSetVersion": "3.0", "ruleId": "920300", "ruleGroup": "920-GXCQTWKD-IAOEBQGWOKA", "message": "Kwvchmv Ykdivpd xf Ndstvv Rhbmpt", "action": "Axyvmcr", "site": "Jvgpto", "details": {"message": "Alwubbu. Qfuja vn \"jp SanguQwtYew Oifuulz\" xtrybww \"WPAVNNF_BATVCOJ:Yhob-Cdfkl\" sywvrsvs.", "data": "", "file": "srjzh/IFVJWUV-920-WLQWXVFV-IUCRFEWUMHH.fddu", "line": "1247"}, "hostname": "whjxyoyxvcuuhyzn.xcu", "transactionId": "14483576403771027503"}}, {"resourceId": "/YJWANYRWPFSRJ/0J3XR9AI-6GQ5-4I0P-F452-X032GZ8ZD133/JHYHNHQCYCMYWF/KBRJKBFUWGEN901/NZPPMPYUT/SZMXBEEZJ.PXLEBML/JKSPQPCJWUZHFIFMOBP/TUHMJUCS901", "operationName": "NiqxerjqqmsAqvpsjaUvdkcuob", "time": "2020-01-02M06:50:23.7400456X", "category": "PrvawgdusbrHglwiduNezydqwhFur", "properties": {"instanceId": "CzmdbrjhrvdSulvqooNunx_QH_0", "clientIp": "118.123.172.215", "clientPort": "0", "requestUri": "/mhkvjhvt/2019/10/09/roozoxb-gzsshmyp-cfyndaii-cnkh-dfovxrwc-wbi-fjmkjob-urwlncdwmkwe", "ruleSetType": "YIRVT", "ruleSetVersion": "3.0", "ruleId": "920300", "ruleGroup": "920-QOGXCJIG-ZBCMDNTZNAM", "message": "Obvnpnf Fmfycjp hs Jiqmkv Wzmkkk", "action": "Tygxeae", "site": "Wgidpb", "details": {"message": "Dpyrnpl. Ascvs ck \"qp GqaohPhuOky Uosuamz\" uqszfdj \"JWHBQFC_EORHJTB:Wooi-Hriqh\" hbcvvjom.", "data": "", "file": "oghnq/SMGYWFC-920-EKULXLRN-WZNLDXAVYWY.vjrx", "line": "1247"}, "hostname": "tugoylthvqgzcnbx.zlf", "transactionId": "1297036694830208539"}}, {"resourceId": "/DZNBTTBZPJKXT/0K3KU9JW-6WO5-4R0O-D452-F032AW8AA133/XYDYAEXVUXZBSX/YKNYXCCFSXHQ901/VJFWPQOWW/WYXDQCUMW.QVHDLHS/HJSAQHONSQYEXWYTUCU/WGIILURJ901", "operationName": "FevvvevhdysSexluypJdxikrai", "time": "2020-01-02B06:50:24.3433684M", "category": "JucjlxhongsMucoedtQjvmuymvDbm", "properties": {"instanceId": "WfibrsmoutyJeaqekkBsit_CV_0", "clientIp": "118.123.172.215", "clientPort": "0", "requestUri": "/vipcjsuj/2019/10/21/dvne-flibpns-dpeb-xcmlrqspn-spijfidoqhldxj-jkuilj-famlw-kae-szhc-kyjtvexegqg-cur", "ruleSetType": "CQOMW", "ruleSetVersion": "3.0", "ruleId": "920300", "ruleGroup": "920-GPRBUWKM-HYWZWUADLHN", "message": "Gashimk Cwjbuqo xw Sowitv Zqqrle", "action": "Dyprpgu", "site": "Luimpz", "details": {"message": "Oqsedtn. Srvrx hl \"la OcipfJgdUqy Jwepbub\" khcgvhz \"MCIQUFY_BJBMCJJ:Lisp-Dswdy\" ptdkupar.", "data": "", "file": "nnzhq/HZLLXDY-920-NOPPXZJY-LDZFSLRRCEO.sjha", "line": "1247"}, "hostname": "chkupdalvbznlhha.ysv", "transactionId": "14339465613741671196"}}, {"resourceId": "/MVDLRUQWICEZO/0M3OM9LO-6EI5-4R0R-J452-X032IP8DC133/IFOPBVXVJULGLF/PRAIOGFXLDGG901/VXAPWUPZP/ZYTNRLAPR.INLNCDO/ISCSERCHUBCZXPGZVCJ/NRBVUNXF901", "operationName": "WmwoeedfqypJgzukhmWldcktxf", "time": "2020-01-02C06:50:27.0964849Q", "category": "DbksqqqrsvhRqanbttHkwlquoqWxr", "properties": {"instanceId": "HwrtjtvfypcBhcroquSaug_YJ_0", "clientIp": "118.123.172.215", "clientPort": "0", "requestUri": "/sbufeilb/2019/11/27/vm-ynowdrqx-10-fibg-icerstpzpeh-rprdpkrq-guu-zvii-sskmvflrvo-deiucfmlc-pqaymcwadgsjbn-oaphnq", "ruleSetType": "GYDOV", "ruleSetVersion": "3.0", "ruleId": "920300", "ruleGroup": "920-STULUZWQ-OSDXKWGZLJV", "message": "Pbezcbk Uewpobw nf Evdymf Lbqunh", "action": "Gnxzmpz", "site": "Ixtwyx", "details": {"message": "Aejiybt. Flrfr bc \"ev RhhciYnsWpf Serhrgh\" uokdufc \"FQEXAAA_EFWRYCI:Wtwf-Kamsx\" mpfpgthg.", "data": "", "file": "wzssk/MBKVQAC-920-XJLAKGDI-OROSEQKSUFL.wmvk", "line": "1247"}, "hostname": "saqbflkvftkaqtwm.uxa", "transactionId": "504407558459522542"}}, {"resourceId": "/DXGDZCAWJAZGM/0W3FI9ZV-6OK5-4M0N-E452-Q032MH8IC133/GGZRVGSOIYROKH/HHAUQPUZTEYW901/LPAMFJZOI/IRWJUBHWM.TSGOECA/LNBUGDVCWDUWVUNCENX/APCVUJQY901", "operationName": "WiwifnrbbykPljvrbdJlgpkiyj", "time": "2020-01-02Y06:52:55.8685949Q", "category": "InyvdehuwfbZtkoqdlWevbmwhcOcs", "properties": {"instanceId": "YsfevxxzfrjYgkqkrkSfmc_US_0", "clientIp": "108.59.8.80", "clientPort": "0", "requestUri": "/trhhmp.ilv", "ruleSetType": "TQRTX", "ruleSetVersion": "3.0", "ruleId": "913102", "ruleGroup": "913-PTNGPQZ-KZUKIFGJR", "message": "Clkak Sbnl-Fofyg emiaqniffq ucuk gne visxqjz/kpq", "action": "Oinuczy", "site": "Iwxgpb", "details": {"message": "Tdwkbos. Kxdvkwq cszknc \"AO12vhf ...\" gl ZISMJLD_IREXHNM:Aaqp-Rqbal.", "data": "Uxfzblj Ldfm: KF12ggz glheo cpedcy VOXBPIH_KCRRFVB:Vgox-Yaoeb: Fyfpgex/5.0 (yzbnipeesu; GH12zbx/k1.4.8; bmdw://cw12tmp.qzn/)", "file": "kcxig/KLJIYLC-913-XJTXPCE-JSBVXEZVW.attm", "line": "196"}, "hostname": "thbzynpthhhcbuhg.wsb", "transactionId": "13042433319105470270"}}, {"resourceId": "/JOHEKJMLKAVQP/0O3FW9IH-6YO5-4H0D-M452-I032ZY8UI133/DWLVHOEXCPFAST/PGADTVUGNWCA901/HOUHAINDW/WGVLJHJGW.IMQOMWR/WRAAWVREYBFKLJNLDOW/OJZHXEQM901", "operationName": "SlxnnoeavgbLbbkqlvLczvmhvc", "time": "2020-01-02D06:52:55.8685949O", "category": "RicgrnycoxaOrlliwvNbdkyowdPja", "properties": {"instanceId": "KkbgtwscqigPuymlpbEcgy_OX_0", "clientIp": "108.59.8.80", "clientPort": "0", "requestUri": "/nfnsvg.cvm", "ruleSetType": "JUDQN", "ruleSetVersion": "3.0", "ruleId": "0", "ruleGroup": "Hkxuyyn", "message": "Jtiqhplvs indg. Ixbbam ru hlqftgiw. Jxggayk Jpfgsnn Hethb Gawmyims (Crcwx Eejiw: 5)", "action": "Ebtnran", "site": "Xgewoo", "details": {"message": "Hwqmgq zfeyks fcpa iusz 403 (nkxal 2). Yluxjlbw UA agznvzi 5 ud JF:ebtbncz_lmrwq.", "data": "", "file": "kbmpm/WIKHXBA-949-MDYZLLGP-PBGHLMDJRP.jlrj", "line": "57"}, "hostname": "oywujnuluirbqgjw.fmp", "transactionId": "13042433319105470270"}}, {"resourceId": "/IIDIGWPGZFUZN/0T3NR9OU-6QH5-4A0H-V452-Z032AU8YS133/KJBVYGFVNPGLTN/XGVDLDMOPPAK901/EJIZWYZJK/HLVABFZJN.DQMXIVU/KMTEPNKXXHFDSGMBHPW/HJVEUDHI901", "operationName": "MigsqmclshwIfbrkesDfsjfpxa", "time": "2020-01-02I06:52:55.8685949O", "category": "CkkweyczlfeLyxcztzMldcbktrTfb", "properties": {"instanceId": "PemfwkevserUbkujblXchm_BE_0", "clientIp": "108.59.8.80", "clientPort": "0", "requestUri": "/wsgzrb.ugz", "ruleSetType": "DDBWU", "ruleSetVersion": "3.0", "ruleId": "0", "ruleGroup": "Aldfngu", "message": "Xfhpvhmzr vkhw. Rxutim rz fmtojjtb. Bsujnao Mrqwiep Inicm Wovgthwp (Grzre Cxdwotv Peetw: 5 - CBRP=0,FJT=0,KJR=0,HMG=0,SLC=0,CJUK=0,VICE=0,VSLJ=0): Yxzgp Owgu-Cakyi qhdedbfray ufei ggj kyscxgb/eiz", "action": "Pukganr", "site": "Arrkhs", "details": {"message": "Htjqmzx. Daxlivvl JI htmjihj 5 wf HO:tevbczw_uktxsmt_xvmxw.", "data": "", "file": "brqoh/UFPYGDXQ-980-WYHTYIQMFLD.isfv", "line": "73"}, "hostname": "npfvvpudsokinnhu.ydh", "transactionId": "13042433319105470270"}}, {"resourceId": "/CAUTZJZMQVLKD/0T3ZX9DH-6PO5-4T0S-P452-E032SW8UT133/YLHTSETNBLCSKK/QJCZJAQNVILW901/ISJXKRNYD/EUZSKVMGJ.BAIXLNL/TNWVPDIMPUAWDZCRDWZ/ZFZGUIYI901", "operationName": "IhysarxgnwvAvgpkvaAbbkinwn", "time": "2020-01-02Z06:57:48.8338627D", "category": "YnnmwsqyodlXhfpkdhWqiypighEqo", "properties": {"instanceId": "QaletwvhbbsJifntttXxxb_VU_0", "clientIp": "129.146.158.17", "clientPort": "0", "requestUri": "/zmmtuk.nnn", "ruleSetType": "VZWWI", "ruleSetVersion": "3.0", "ruleId": "920300", "ruleGroup": "920-RTTLHPQD-YFQBTVMIZKN", "message": "Fczgfuk Ysbjtow ud Jumsbw Ihlemt", "action": "Amcfkbv", "site": "Vrbvpe", "details": {"message": "Yfpuoex. Jpyvy fl \"gb XciwxSxiPzj Dzltedy\" sykvicc \"BLWQRKN_PFCMOPA:Yzrl-Vdhag\" svyrbihm.", "data": "", "file": "jjblu/BPIQZWU-920-TVDHITJA-RWPMYJVFBRM.esei", "line": "1247"}, "hostname": "tqaaqkeqwvly.fls", "transactionId": "13186548507181332279"}}, {"resourceId": "/XGJTZTDQKSCJH/0F3SG9MV-6FY5-4A0G-L452-Y032QZ8DZ133/DSTWNEMJKNRHXZ/VHYNGECRQGGF901/UBAJFSUVU/KNDWQYQYX.GBEYGEG/FIGNWKMQMLZOQGWIDGK/AQJMNYVR901", "operationName": "DjgbymkpschSwntzrzHcikyewq", "time": "2020-01-02X06:57:49.2190475P", "category": "UglhqfcqspcCixbzrvBtwzmogwUjw", "properties": {"instanceId": "QjsujmpxugkKfcssbeCmyg_GI_0", "clientIp": "129.146.158.17", "clientPort": "0", "requestUri": "/pmtyjb.ctg", "ruleSetType": "VGIHU", "ruleSetVersion": "3.0", "ruleId": "920300", "ruleGroup": "920-IPLBUJQS-OAUDGGIDRYM", "message": "Vceizgu Qbqnpok up Yzaoma Jlnaqk", "action": "Xdnlfrk", "site": "Jtfkii", "details": {"message": "Uxltkyd. Nmonm ph \"fb TumojNimXpc Lgyxkdu\" migqtel \"MYWSWGQ_BJPNPHX:Qbim-Ojmiv\" ouspcxzw.", "data": "", "file": "onmoh/NXVBKTC-920-ZFVLIDXG-JOKBLXKGZUP.zkex", "line": "1247"}, "hostname": "ikclouigylya.sgu", "transactionId": "13042433319105470274"}}]}