{"logs": [{"resourceId": "/HGEZXHFCOEHLU/0A3EV9KA-6GK5-4H0L-D452-Q032RK8UT133/PQEUIURQPJVPIM/IKNKVGGHXFOP901/KJWDYMPSX/RGUSUFCXU.LQFFELQ/QTVIBQUCPAKQIQXJVUC/UVIOBTDB901", "operationName": "GnetltcqsdtAdcasrwNrnxehsr", "time": "2020-01-05E05:00:44.2764490J", "category": "EcwrvxhlvhbOhjxlmqDplqqeznMfy", "properties": {"instanceId": "HzdantmdbllAjnnlhfHcvv_JD_0", "clientIp": "46.185.69.181", "clientPort": "0", "requestUri": "/-/wyfcc/Jixixei-Pfemzzsm/Ptmlk-plm-Gyhiwdldfi-Dvuwjul-Ltddcbz/JWJ/Awfmr-Ucdqc/", "ruleSetType": "XXDGT", "ruleSetVersion": "3.0", "ruleId": "920300", "ruleGroup": "920-IZYCLIXV-OXDIKVQCOBR", "message": "Ogegzeg Qpbupro jt Pqstcc Ncspas", "action": "Sdzdahy", "site": "Kwmcdt", "details": {"message": "Yfgzpys. Blasf qq \"hx XrmzfDlxWjz Qylfcdu\" tvgeapb \"DOBDMLM_AXYXKBN:Xwgd-Weqym\" fuzhghgp.", "data": "", "file": "ygqlf/LCZSAQU-920-XYKXCVXU-LHYTOKLWKYO.qyss", "line": "1247"}, "hostname": "jvgeiqkqgckhmhpt.kih", "transactionId": "14915921967998567448"}}, {"resourceId": "/KVLIFCLSZVIPX/0U3EF9QK-6WV5-4S0C-S452-E032EZ8IB133/FRWXVYKKHIPWLP/VGSEIULPORWI901/EGRLMZQFP/VUPJANDGK.KGBRWOB/MFAMZZRFKXZEJZWZMEM/XZRCZVHX901", "operationName": "NtgzgigvyxoSyqfxufWjjwsthh", "time": "2020-01-05D05:00:44.7912026M", "category": "MlgntfigylpKpflprkXdbqiwiwRzi", "properties": {"instanceId": "OubgvmumkkpUiltpqzBtxy_DG_0", "clientIp": "46.185.69.181", "clientPort": "0", "requestUri": "/-/uvzwl/Bbvivvf-Futnumux/Tjmqd-kdw-Fhxgjbvolg-Iidkixo-Owfqffa/YEG/Hxoto-Xxqql/", "ruleSetType": "KLJBF", "ruleSetVersion": "3.0", "ruleId": "920300", "ruleGroup": "920-LATHWQER-LRTJBNJELJW", "message": "Hnmcwjz Befhaae qx Gnrlue Wctvbx", "action": "Pgkxrga", "site": "Bvjykb", "details": {"message": "Peyqudo. Rrxoi jr \"jf WusxsZkuNnk Npedxvh\" ouukwhq \"PSUCVHJ_QXHXVBA:Kutc-Bwrvj\" etreriga.", "data": "", "file": "gftob/GQZOHCY-920-XBWVVUTS-AGNJGMMUWQH.rfah", "line": "1247"}, "hostname": "rknqpjeitmliyvhz.msx", "transactionId": "14915921967998567450"}}, {"resourceId": "/JJYDICFKZZHRU/0N3TL9BS-6SB5-4P0M-K452-H032FC8VV133/ISXJIBJBDCKMCY/PWXCPOUXEVNM901/NSVEMOGAX/GRVGLDPVR.EAFGJND/VTCTSVMRDPKMVIRPFCL/MVJJZWXV901", "operationName": "IuddpftdopuKluwkumHrtqjicw", "time": "2020-01-05N05:00:45.4455261L", "category": "KmqmqwrdsrkBuktfdoBtnkqvwzTfj", "properties": {"instanceId": "YdmejixlwqzYnzodeeJctf_TC_0", "clientIp": "46.185.69.181", "clientPort": "0", "requestUri": "/-/zyzdk/Itrgvpw-Fhygqvkt/Xoutx-lum-Ppglouhcmi-Zfvywgq-Xrjqneb/STI/Twbgi-Dwkel/", "ruleSetType": "VMLQU", "ruleSetVersion": "3.0", "ruleId": "920300", "ruleGroup": "920-AXXULFQH-IKCCVKUDZRI", "message": "Pqlmvmz Ulvtwjp vi Edqnuq Npvkfs", "action": "Bxdvsfp", "site": "Zbbxbc", "details": {"message": "Zpgxurh. Bnyyo io \"so GsbmhPngOjj Lpmcgpu\" flefhhx \"TSVAPZU_VRSNTVY:Acls-Wdoth\" zhdpxxws.", "data": "", "file": "wgrgi/VZAWQNK-920-JFWFYZVU-XDJCPIBCYCH.akhd", "line": "1247"}, "hostname": "caqxlhaxkfaejmym.hgn", "transactionId": "14915921967998567452"}}, {"resourceId": "/YBZPRDKECUPDD/0S3FN9RV-6AY5-4V0H-S452-G032LG8VW133/JWPQRMFTWNHLSJ/XOYTTFGGVFLC901/ZMEOORMPW/AAVFFPGKN.TLJMSXT/WAXBRWDNNFKAYQANTFF/BKIYJHEY901", "operationName": "QmkykoyhylvCcrfjnnZuspxiob", "time": "2020-01-05Y05:00:56.9026712X", "category": "MyivkhteapzWpgprvfQdlhfcjhCgl", "properties": {"instanceId": "NrzujpymzuvCjxkqqtUzrn_EV_0", "clientIp": "54.213.178.216", "clientPort": "0", "requestUri": "/-/gljzc/Dzdvpwp-Qfyyyjgx/Usafcyup-soe-Nkcvvouxp-Liagkue/EIB/CIZP-Tplpvpbak-Gykzdd-Imxfdfeih-Ubqeeef-mr-Wnswrggi-Ojyeyzg.mcmp?vs=vf&ldqo=C429Y814HB4I54GB5VUR70N3LM3NZD184277212I", "ruleSetType": "CNJBG", "ruleSetVersion": "3.0", "ruleId": "920300", "ruleGroup": "920-LGEQSLHH-JKWEIMYGYDU", "message": "Lsaipha Hodczyj gr Fkkifo Kixosk", "action": "Jcpdayu", "site": "Undtvc", "details": {"message": "Hsljbdm. Tmkar la \"md JixprTrsSqp Kzeibbg\" xsfeuzf \"IRAOLXI_UGGSAKK:Yjfv-Rtzqo\" bmcwfjvt.", "data": "", "file": "geiaf/JRRVIPA-920-SIHOHKQY-KHTJAJVPATG.skgz", "line": "1247"}, "hostname": "jkplzpzjebioevaw.fef", "transactionId": "8070454932441926572"}}, {"resourceId": "/PYKKNBQFYRPQP/0L3AM9OR-6FJ5-4J0C-O452-T032LT8SG133/GGFAPLTYAJUPFA/XFDGCWIMQLEW901/KSAGBSKDK/YSXVKAJZJ.XUKYYOD/LAFNRVXBTCOSDWIOGPD/RTEZCFHR901", "operationName": "QdqignsigrgOdjhfqlRxhldupv", "time": "2020-01-05G05:01:07.4937355M", "category": "MsuanxhnlhlSccfzudDeckrxrhNmn", "properties": {"instanceId": "UijszquevzaMjvfddvGbez_NF_0", "clientIp": "54.148.170.80", "clientPort": "0", "requestUri": "/-/zglnx/Mydvhgi-Vwopzexz/Uqkrw-oeh-Gjyzroiyrp-Pqzxujt-Bgjuaew/BON/Epzwtckbn/rbyrv-ecjj-iwg2-chzrwyruwa-wlghfqjnxmax-nxvewobz-kbgxgdfbf.jond?ye=cw&cjfb=09A565G60T0V4H6F6Y7J8143G3MG3F705LR56830", "ruleSetType": "AMDHR", "ruleSetVersion": "3.0", "ruleId": "920300", "ruleGroup": "920-CSRJPMPB-USDDUTFXSZC", "message": "Vqlfhyw Xcwofie ub Egrrgm Dwerqj", "action": "Djhucfw", "site": "Petgqa", "details": {"message": "Qphhrsa. Vurzx ln \"bo SjtvwCloVle Bxzerri\" eijveoe \"UIIFWBD_LZBUGVM:Jhfz-Kyiar\" itgopegn.", "data": "", "file": "lewkj/GNTSLDY-920-BOKGANTJ-UYNYVTYAFZK.rfsl", "line": "1247"}, "hostname": "ypqcbbtqgjffuusy.fwn", "transactionId": "8646911286698838014"}}, {"resourceId": "/ICVBMTNXPWJQA/0F3WJ9HW-6IH5-4I0P-J452-E032YR8RU133/HCXDKXRSJNCNCV/TTFOQEKRUHBN901/CKWMFVWPX/PMGXLGXLM.QNZRMWZ/FTUIMXKMLEAUPBAAKAD/YRZQCLFJ901", "operationName": "DmcsfndywuwHxagebaXcyxuowt", "time": "2020-01-05F05:05:16.4910344H", "category": "YwtoztydnaiJcdmieoNqdjnsneDbk", "properties": {"instanceId": "GckqwuefmriMhfzabfGzsz_ES_0", "clientIp": "107.77.203.130", "clientPort": "0", "requestUri": "/WUE/UxfjaekVcupryw/BvpWefrxcDvqyLgMmskdzwo?ikxcisaiLe=2975|125|179|85|1294|154|3012|60|78|156|2962|157|148|133|185|86|2694|575|LA-Gz%20Nglbwuzjbfcro%20Yjcoa-Gi.%20Cbhadf%27p|PZ-WN-Yvun%20Lvywyjsvub|HU-YE-Kvxqw%20Bocpp|ZD-IS-Pihxlw|XA-TP-Laxurxpcm", "ruleSetType": "XNWNF", "ruleSetVersion": "3.0", "ruleId": "942430", "ruleGroup": "942-UWVRPJCJJEV-PUFWFN-BFNO", "message": "Whuuucnnyy FJX Pmrdnwkud Mcxppab Qvwftcutb (rpyi): # gp cihpqix scxajxaooi znkinjsn (12)", "action": "Dsvfeiy", "site": "Lvlkbo", "details": {"message": "Tiidgaa. Epnulbj zfftb \"((?:[\\\\~\\\\!\\\\@\\\\#\\\\$\\\\%\\\\^\\\\&\\\\*\\\\(\\\\)\\\\-\\\\+\\\\=\\\\{\\\\}\\\\[\\\\]\\\\|\\\\:\\\\;\\\"\\\\'\\\\\\ux2\\bj4\\\\\\ly2\\t80\\e99\\\\\\bj2\\y80\\b98\\\\`\\\\<\\\\>][^\\\\~\\\\!\\\\@\\\\#\\\\$\\\\%\\\\^\\\\&\\\\*\\\\(\\\\)\\\\-\\\\+\\\\=\\\\{\\\\}\\\\[\\\\]\\\\|\\\\:\\\\;\\\"\\\\'\\\\\\je2\\gm4\\\\\\rc2\\y80\\l99\\\\\\eq2\\k80\\r98\\\\`\\\\<\\\\>]*?){12})\" sh JZHH:vchnwjhfTk ....", "data": "Jonmwlu Xdbk: |125|179|85|1294|154|3012|60|78|156|2962|157| ozyxs zzbvdp PBUP:nhkvidwyJx: 2975|125|179|85|1294|154|3012|60|78|156|2962|157|148|133|185|86|2694|575|TS-Fu Qmgnwthzvujil Ektzi-Qp. Timhsg'b|VI-YO-Wdgo Zqqjqapoxw|DY-KF-Leyrx Rlxxc|LV-WI-Oymzzf|MP-IV-Zlrkladxu", "file": "wbzyf/NKHZGDQ-942-TFBMDHMRTHQ-CXXEJA-WJAQ.peox", "line": "1002"}, "hostname": "hvbyfaqbpelmxucu.xyc", "transactionId": "14411523207779587430"}}, {"resourceId": "/YVHGSONJQLGCQ/0Q3TB9OA-6OX5-4J0F-W452-N032KQ8VL133/XQCPRASMSIAVRD/BUGOAEOUPBOZ901/HKUYWEUXZ/WJZOUMXLR.UXELGCD/JQWFQKSGJZVELFASDPM/HVSDSXGE901", "operationName": "UvxddtjuxhiKnkopgnMtfoubsh", "time": "2020-01-05V05:07:18.1531864C", "category": "BjxdbktxwxpEsefsxbGwywkgzxIxr", "properties": {"instanceId": "PnzwjpsjbtjPfpwstaNcvg_KB_0", "clientIp": "107.77.203.130", "clientPort": "0", "requestUri": "/TSL/AgzgxscEwtdmyc/QknDmfspaGzweKkZhgsychk?gaknobyoGz=2975|125|179|85|1294|154|3012|60|78|156|2962|157|148|133|185|86|2694|575|QJ-Tk%20Szvnhynwvikbq%20Qhpfq-Pg.%20Qhdmls%27d|NI-MC-Nkgi%20Uyqxbjzrnn|CF-TE-Fbiqh%20Wlepk|YU-JU-Hhxqka|GB-XV-Xcmfujxch", "ruleSetType": "FUQJX", "ruleSetVersion": "3.0", "ruleId": "942430", "ruleGroup": "942-NYNVLJTRTXE-MZAPFA-XIOJ", "message": "Suyhyoomly AZQ Sodxpjqyy Fsphnyv Qxirazwyb (dndn): # as ygcfzgc huxzhggpfz xfsslzzt (12)", "action": "Tedoiot", "site": "Cgvhkq", "details": {"message": "Zwewyuj. Hvyipus wmked \"((?:[\\\\~\\\\!\\\\@\\\\#\\\\$\\\\%\\\\^\\\\&\\\\*\\\\(\\\\)\\\\-\\\\+\\\\=\\\\{\\\\}\\\\[\\\\]\\\\|\\\\:\\\\;\\\"\\\\'\\\\\\ld2\\ce4\\\\\\jy2\\u80\\k99\\\\\\zr2\\a80\\v98\\\\`\\\\<\\\\>][^\\\\~\\\\!\\\\@\\\\#\\\\$\\\\%\\\\^\\\\&\\\\*\\\\(\\\\)\\\\-\\\\+\\\\=\\\\{\\\\}\\\\[\\\\]\\\\|\\\\:\\\\;\\\"\\\\'\\\\\\zq2\\yk4\\\\\\nl2\\d80\\u99\\\\\\ft2\\a80\\v98\\\\`\\\\<\\\\>]*?){12})\" bq UYBL:epqsmfllRr ....", "data": "Tuzspgq Kgpw: |125|179|85|1294|154|3012|60|78|156|2962|157| ddvlg knapae GXUY:omydyjcpGx: 2975|125|179|85|1294|154|3012|60|78|156|2962|157|148|133|185|86|2694|575|II-Bh Kzsnrtquyuozb Afpjg-Ye. Kibnjc'z|VU-YW-Phaa Pfzzxgwyxo|LW-RT-Lfpdp Uqrup|NK-IT-Fepsmt|CZ-JD-Hlwglewbm", "file": "nyznw/BMZQTQE-942-ERIGMMUUXYL-TLBXPL-QXSW.nhao", "line": "1002"}, "hostname": "kjvuuqafdwejmrxp.fiq", "transactionId": "8070454932441926617"}}, {"resourceId": "/PCXNTHJQUJGDU/0Z3KM9CP-6HJ5-4S0J-G452-B032ZK8LA133/BTBMIZTOQGVQWQ/NONPYPUKNDXN901/KGITGLCAE/JSWTKLCMG.HWBXUDY/FDGQFYOVBDTTIIWKRPA/UAFPCXDJ901", "operationName": "YxuznlxaggbViyttmiYowrffrv", "time": "2020-01-05H05:09:34.3949649T", "category": "RnqyelvfsvsHwxhqxqVokcqvpiJbu", "properties": {"instanceId": "HxasfhuqomaMrellxwTwxs_TZ_0", "clientIp": "182.92.85.121", "clientPort": "0", "requestUri": "//tkuaao/amwnxorsew/kvk/fdkxrojwluneigp.xqg", "ruleSetType": "UREGW", "ruleSetVersion": "3.0", "ruleId": "913101", "ruleGroup": "913-VEECVYF-BBMVFJYCB", "message": "Bzmca Dmhd-Tiwyn obfgucmris dcry eauptdkil/llcqbck KIHC vodzca", "action": "Qslsfas", "site": "Bmeukt", "details": {"message": "Lhyyrhh. Ffpxzal xqdrdv \"wsbicq-dxlyyvcj ...\" sb ASBMBGP_JAUSBTY:Pqtc-Qascb.", "data": "Dvumify Zvvn: znfbdd-hfxzoxee ovlex awrcmc MRMBWOC_DXBEKHV:Dkha-Umirj: hwalrp-cnlgjemk/2.22.0", "file": "iwfua/LBVNHLW-913-ZZSPFFN-EXERVPMFK.tlky", "line": "156"}, "hostname": "cixqyxueoaanducq.ffz", "transactionId": "6845471435750644437"}}, {"resourceId": "/KRJCTOXKLFELB/0F3NG9AN-6QM5-4Y0V-T452-R032ZI8ZR133/SQCAHWRFPNDIUU/QWPGOMYOUZNQ901/XAKYRKICK/XOFBPCJGW.VIQFWDT/SKHPRYIAXTTEEPBADUT/UESXWCWY901", "operationName": "TdkdqwxzzpsOpzmafuOmworibm", "time": "2020-01-05W05:09:34.3949649D", "category": "XxyypmhakbgKgzhpkmXygayyuuNwn", "properties": {"instanceId": "QjusuguptrxUnxlgraOlzs_NL_0", "clientIp": "182.92.85.121", "clientPort": "0", "requestUri": "//gmoqcg/gphhgwlaao/fei/ctuepliuukrvoxa.agk", "ruleSetType": "THQJH", "ruleSetVersion": "3.0", "ruleId": "0", "ruleGroup": "Fqbrzgl", "message": "Yvrubdzug twqx. Tgdrbz cc nsgeuokj. Czgjrvq Orajizk Fuwyj Wqpbxmct (Uzghu Mgcbv: 5)", "action": "Qjwhvwe", "site": "Aurvvb", "details": {"message": "Wzguwj psklkj laem idlo 403 (qtgis 2). Szqltncs VL dgnfnha 5 mu NZ:okdfvzz_nafjs.", "data": "", "file": "teqlx/PPFWIQM-949-RAQZWFDX-YJROGRAFLO.afqn", "line": "57"}, "hostname": "uuhyahkvlgaajzol.urk", "transactionId": "6845471435750644437"}}, {"resourceId": "/WWNLGPVIUORWA/0N3OQ9WG-6AH5-4Y0T-G452-W032ZR8JY133/NJHPRZRRLYPNSJ/UVFMIDAPUKLJ901/FARAJXGFP/XPYYKYYXG.FYVIGNP/HNVWMKDDTAFQLHMPHIC/PIWOQHLR901", "operationName": "QwbcbmpiurcLszrdsiSvvybhse", "time": "2020-01-05U05:09:34.3949649O", "category": "HlwikiinpphOmzbfkdSdkfapvoYzl", "properties": {"instanceId": "JqiaxzmvbigBqcfsojGisa_XI_0", "clientIp": "182.92.85.121", "clientPort": "0", "requestUri": "//inpnkz/gxiuxwwbak/leg/zzcfrnkdwfdpzrd.idu", "ruleSetType": "BFVCI", "ruleSetVersion": "3.0", "ruleId": "0", "ruleGroup": "Rmswsfy", "message": "Nikincadr omcw. Fejgbn rm wgelqejr. Qauzitu Urmkfxw Wjiji Bhembvah (Aecnw Koubefs Nesxb: 5 - VZWD=0,GNY=0,MUG=0,GAL=0,IKH=0,ENNB=0,IHXW=0,BZBK=0): Rgepl Xqgv-Iwzjz lvoqrbuinr tnqd eqcutzqci/zmtlypp LGAY nrclud", "action": "Emqqwvi", "site": "Jdtcbi", "details": {"message": "Gedhjou. Rtsphhpo XP euisobs 5 ww PD:zczmwzn_isfumbj_gjrbn.", "data": "", "file": "whnxb/UNVZJRPK-980-MLUYNEWMQMO.jzii", "line": "73"}, "hostname": "pausvuceacmbnogu.jzs", "transactionId": "6845471435750644437"}}, {"resourceId": "/KJMXMCQFPMULX/0X3PU9SU-6VU5-4O0Y-W452-Z032GV8DL133/HBTEVZDMCHJLFM/IIFEHAMHPDWO901/ZOROTAKFV/WTVPYNBTR.GOCHCCU/OCGYANWUZRYXKWAZTZO/MUTFDSHX901", "operationName": "FdtcumnpktfLrviflcJzsilpuc", "time": "2020-01-05P05:13:55.6505817L", "category": "NufumaeezhqJoaqydnXthujndjJwc", "properties": {"instanceId": "VwjgawxjvwsNvrhojsMtoi_QD_0", "clientIp": "144.76.3.79", "clientPort": "0", "requestUri": "/ykhcpo.dzo", "ruleSetType": "PKLYD", "ruleSetVersion": "3.0", "ruleId": "913102", "ruleGroup": "913-TEHIFZX-EMIBUQLAU", "message": "Pqbyr Eplc-Dprkc vdnuqmjman ywqd njo zjpuczt/tyr", "action": "Kpzxyir", "site": "Sblzty", "details": {"message": "Iodyclj. Vhzpzzp wmncxp \"BR12nvm ...\" ey OJMBKXG_RNVRWSU:Pmsa-Buapy.", "data": "Chxqons Rnyd: WX12qil zfczl bdooay GGFRYQE_EODJULM:Ihvi-Bdotf: Qssoxfy/5.0 (llungrkzqi; KK12vqd/j1.4.8; cxnu://ju12umb.tgs/)", "file": "nvvhe/HWRSGPY-913-EOLWITA-BFCNNEGRB.jzik", "line": "196"}, "hostname": "xebvmfkggpvonzah.wl", "transactionId": "9079256850926417606"}}, {"resourceId": "/KYUQAONSWOFOA/0G3SM9PY-6XB5-4W0K-O452-Z032ZX8OT133/GWVDYYROXWYXSA/LBFJYCJBJCTP901/JDWIABJTI/FASITLDUY.RZNGAOA/MYBTCMTDNDIVQMHXKKA/EGQANFKY901", "operationName": "PtxgsoufxruJloljsiWpgglydm", "time": "2020-01-05X05:13:55.6505817W", "category": "DuiuopdvxxaVlwtqxbIkoatybmJte", "properties": {"instanceId": "PclxelxpyyrQlgympgDqbo_KQ_0", "clientIp": "144.76.3.79", "clientPort": "0", "requestUri": "/dwntal.wmx", "ruleSetType": "FRJFH", "ruleSetVersion": "3.0", "ruleId": "0", "ruleGroup": "Bmywayj", "message": "Imafuplzu udac. Wlwpxj pl bamxwwwo. Udevlua Uwegbfh Bshpa Gkzkyhgm (Ztcvf Xygzl: 5)", "action": "Pgsfqmf", "site": "Enxzsv", "details": {"message": "Exnguf lcoath zzrw davn 403 (doiyh 2). Wbjhjulg YS drwrvnt 5 xx YJ:sdvicud_xmhcb.", "data": "", "file": "eyicw/HIHRUDJ-949-CCWNPDIJ-FMXVYUPAZA.iegu", "line": "57"}, "hostname": "tysgpowjqkqacqvg.jy", "transactionId": "9079256850926417606"}}, {"resourceId": "/YBWIDWRSGTABO/0G3MB9UE-6RY5-4Y0W-N452-J032TB8DI133/MTYQBZKSOIEVDX/MEBTPSAVDHAG901/WWHTJXCFF/YSPPCNWZX.SXBJLBR/SFGIRQWFCWIBCPNMJKK/BSRKCAHZ901", "operationName": "EwydnlyjfbkBcjrhkaCxfvqyzg", "time": "2020-01-05M05:13:55.6505817D", "category": "IkrgnqjykaoBglqkygDqpcktrhNbb", "properties": {"instanceId": "YqzossfbcjfVpqwmusLcmf_OC_0", "clientIp": "144.76.3.79", "clientPort": "0", "requestUri": "/hadsgi.reh", "ruleSetType": "SEUBG", "ruleSetVersion": "3.0", "ruleId": "0", "ruleGroup": "Yytdvsn", "message": "Dkkrhpkdc hgex. Gmpqxu vv hzlfeazl. Zbhbbum Hduydrh Juzmr Odpsgpaf (Wtpbm Qthrmxy Dqsyf: 5 - EOUK=0,FAC=0,SNQ=0,RJD=0,PSM=0,GBXZ=0,XZQD=0,LWYE=0): Ahgwl Xxwn-Llbzj cyalhwpcgb cwhr yqz yjuhevh/egf", "action": "Znuywxk", "site": "Dpcood", "details": {"message": "Npupjzb. Bgluoeuf LW dinwxvi 5 dx FR:qbgreah_qrbqnrz_ugkmn.", "data": "", "file": "zirsn/TUYCBFTF-980-QUBMGQJHJTQ.lxbx", "line": "73"}, "hostname": "cfxjqanrgmgoxkxo.rb", "transactionId": "9079256850926417606"}}, {"resourceId": "/NENIZBOIQOQBA/0T3FI9QB-6IJ5-4O0K-Y452-S032SQ8QK133/EVWJJCDPCFPPIC/NGBUVWZNKPNS901/BYAHDZVUJ/RVOSAGKZY.UBHUCZD/JHUTQHGFDIRCWEYJJCM/QZCVDNWK901", "operationName": "HixabdwpbdwIxrkpecJfmljoqj", "time": "2020-01-05R05:15:28.3362354G", "category": "RdremipptiuNvrplvzUbeotrinQme", "properties": {"instanceId": "LvksdjmqzxpPkpmjupBhex_FY_0", "clientIp": "23.96.59.35", "clientPort": "0", "requestUri": "/404", "ruleSetType": "AYJAT", "ruleSetVersion": "3.0", "ruleId": "920320", "ruleGroup": "920-STQYHOTA-OYPROMFISLZ", "message": "Qmbcqrr Qyhh Ypqsv Wwhsyn", "action": "Phxmttq", "site": "Paidly", "details": {"message": "Fnljaqd. Exrjyhyv UK utixosx 0 nn ZWGMZUC_MLQRCXT.", "data": "", "file": "lbwcc/WCYKWTQ-920-ZTLBRUQX-RVCYDPTCNAW.oael", "line": "1310"}, "hostname": "mrwcppxmbfjlhrhm.hyf", "transactionId": "8070454932441926639"}}, {"resourceId": "/JDQLHODKYZDWE/0P3OG9DK-6XO5-4E0Q-C452-P032AZ8AB133/XNGQYKJGUVTJYP/KLPEDBZMWCPK901/NYTTTOTAX/XNRGIYKAR.CIUIHJZ/NDQHFUXRKJWEDGXOLAW/DIGVAMCI901", "operationName": "PghvvqcnktaJsrsnbcKjlabbwc", "time": "2020-01-05J05:15:28.4019330N", "category": "KtqikpdfdppMxcfijcYrwoqopeIvr", "properties": {"instanceId": "IuhsfasvwxvAdqydctLvmf_GU_0", "clientIp": "23.96.59.35", "clientPort": "0", "requestUri": "/404", "ruleSetType": "FTFIR", "ruleSetVersion": "3.0", "ruleId": "920320", "ruleGroup": "920-SEHKZMAI-YYKLIZBSQFH", "message": "Nwgiadj Idgc Njvkf Murmiw", "action": "Yhjqoia", "site": "Mseigj", "details": {"message": "Hslenbi. Ebicubzf HW erbyecp 0 cz DZOYLGN_VHUHTIK.", "data": "", "file": "jecvn/OPGHWOX-920-FZEQMVBP-ZXKYZJYVXBW.dgon", "line": "1310"}, "hostname": "lnqnzoozqngvzndb.lkz", "transactionId": "7421932188054062831"}}, {"resourceId": "/QMRQXTMHGQDCV/0T3XK9RB-6AQ5-4M0H-I452-K032EX8DJ133/ANKSHMGNWIPWWW/XPPHWRJYELUP901/JERIQANOJ/JXLYVHSZH.GIQGZYM/LAQRWPNDRLJRVDJFCEQ/XXVHYNLL901", "operationName": "PvqgonvzkkgRogylosHjkwakin", "time": "2020-01-05U05:23:19.1057891X", "category": "SvvcmpyyxahByipxhaXfjfdbivBzi", "properties": {"instanceId": "TxbxniloykzJshrmtwZpus_BE_0", "clientIp": "23.96.59.35", "clientPort": "0", "requestUri": "/404", "ruleSetType": "HLWKU", "ruleSetVersion": "3.0", "ruleId": "920320", "ruleGroup": "920-USBXJIEZ-MBSANKKQIOM", "message": "Rqzvmre Gtna Jxugk Atwpqn", "action": "Vpxmlxn", "site": "Afukkg", "details": {"message": "Bkotxdq. Wqzusgqt VM rkafefn 0 wl JLUBPLU_QBVBWKK.", "data": "", "file": "hpjmt/XPNJXYM-920-AFALLEJE-WJHJDVJENLN.nrok", "line": "1310"}, "hostname": "auqunauauhjnubvz.wfu", "transactionId": "9367491625124628692"}}, {"resourceId": "/FEIVVAOYXETWL/0G3LU9ZS-6WT5-4E0H-R452-F032QO8CL133/YSHXPILWZMDALE/JNTECNLIGCHZ901/XGFFZZMAL/IQKYDKHIN.YYNUKBD/PBUSCZHCZUGEIETQCHY/POOUKIPK901", "operationName": "ObyqbaurvfsIodmtshMozuokuq", "time": "2020-01-05B05:23:19.1817493R", "category": "MynnjjwfkmhDjzotltPawzyxcwCjr", "properties": {"instanceId": "EmvxemjzoyzIsqvjlbAiro_JY_0", "clientIp": "23.96.59.35", "clientPort": "0", "requestUri": "/404", "ruleSetType": "DLYJL", "ruleSetVersion": "3.0", "ruleId": "920320", "ruleGroup": "920-AYKYZRTS-ZUYIIASJLWN", "message": "Gwnmeos Iffm Tzikv Kpcjco", "action": "Znqdxwp", "site": "Ahmxws", "details": {"message": "Yxovflb. Hduinhtw JD hibjstf 0 ky DSWBPBZ_BUQXBHN.", "data": "", "file": "nenoh/HQYVHDD-920-XHYPTGFH-UXXBEOGVTPG.zpsq", "line": "1310"}, "hostname": "voepxwxcsizpkric.zpc", "transactionId": "15132099148158862941"}}, {"resourceId": "/TEQEXLBIVNAHE/0Z3XI9VB-6WG5-4Z0N-E452-P032WO8WI133/PJABECWYKGIOGZ/CYVBZCJCPTAT901/GHXTPLRZL/UZTPRPAZD.TCCUDCN/GAIBSRTKGFAKQDJDCOT/CWNDBSVH901", "operationName": "IcnegfwkffbQhnarbjNqtljnvg", "time": "2020-01-05K05:24:30.1826691D", "category": "JfhrusnecwzArxzendHfwrzrcvNkz", "properties": {"instanceId": "BbmbtzmffzeZogfcciNryz_YZ_0", "clientIp": "64.62.252.176", "clientPort": "0", "requestUri": "/tliukb.chh", "ruleSetType": "UQONU", "ruleSetVersion": "3.0", "ruleId": "920300", "ruleGroup": "920-LHKLELPQ-NOQMBLNYXYA", "message": "Fbvmvgb Exxgsbx yg Etovth Crujjt", "action": "Usbnkkk", "site": "Kbctdy", "details": {"message": "Tflxxjc. Bijfe xh \"zw FfraoLxvXje Hvmhwcb\" qllrfpd \"KCUMOED_DFBMSWW:Ruit-Pvzlk\" ikovwdpw.", "data": "", "file": "fnuwl/UXKKKEP-920-WWHVMRVM-CBBQXAGEISO.jbpa", "line": "1247"}, "hostname": "ntyfyjnkbdgvnrfo.sci", "transactionId": "1152921506754335803"}}, {"resourceId": "/DIIGWUGYPLUBE/0W3ZR9YB-6GE5-4W0N-L452-X032OF8DU133/UMJLBNOKYCPMRI/ZOUIAUKYQUIU901/MNCSQJMBE/KBGYGVPRK.GJENZZW/CMWBXTEZYXTDOLOTWKP/SGXPRCLG901", "operationName": "KbfxqzjvmssPmubsudJbltkrfi", "time": "2020-01-05Z05:24:30.4618555X", "category": "OyzpftegjxgCglljybBqgjaiamIhb", "properties": {"instanceId": "YaabnjwrtwrCeayacfGjax_EW_0", "clientIp": "64.62.252.176", "clientPort": "0", "requestUri": "/tucknv.itb", "ruleSetType": "MLXQT", "ruleSetVersion": "3.0", "ruleId": "920300", "ruleGroup": "920-CDZQWMDH-HQZEAQTPRKG", "message": "Mzbdldv Yelqtov cp Omouez Lnexsd", "action": "Ciagqkj", "site": "Niewhy", "details": {"message": "Ewnsuky. Qjmzz sx \"yy DwecxDidWye Upvdqrb\" bmkoluj \"HYWFJMR_XLVVUNJ:Wdye-Hoybn\" dvlzdicz.", "data": "", "file": "cdtwq/HUHZOUX-920-SHDMIHTR-GYHGVZINZHK.fpod", "line": "1247"}, "hostname": "oqbulppgebnmptyh.ezg", "transactionId": "1152921506754335805"}}, {"resourceId": "/HSNPTXTIVYVOG/0B3RQ9DY-6TQ5-4S0U-O452-V032VC8SA133/KOIRQEHAJNIRUM/LPUQBZJIHFOW901/TZSPZUWWY/NAGHBFLJQ.RXHLWST/BQQCZYEMSBSQMBIGLOY/UIVQGXKJ901", "operationName": "WqvssosunbkJmxposoIzxkgkxj", "time": "2020-01-05D05:24:30.6236416X", "category": "FdheymgppkxWhqfzmcHsysyqugDfv", "properties": {"instanceId": "KguiexnnrxyOqycutrMwbs_OB_0", "clientIp": "64.62.252.176", "clientPort": "0", "requestUri": "/yh/ifbpdck-qrp-nejubmi/ftfievvt-kszijm-usbpioeqo-qzkcnx", "ruleSetType": "JPKLR", "ruleSetVersion": "3.0", "ruleId": "920300", "ruleGroup": "920-DUIPWFUO-TZQYDQSACPK", "message": "Ibbzrdc Jzipaez uo Kzgigc Uqloix", "action": "Diuxvvw", "site": "Ciukwp", "details": {"message": "Opycrpd. Glliq wo \"tq XulxpCiuHbn Uumehpm\" jpuyedc \"ERKDGZM_RCVTRCQ:Qcbk-Mthcd\" pfbmqkfz.", "data": "", "file": "fbpkb/HFDLKHI-920-FAPLBPYW-WOBYIJTGCXK.xrcm", "line": "1247"}, "hostname": "beeoemmqwdejexbi.wye", "transactionId": "1729386657104267123"}}, {"resourceId": "/PAIGMITDKBALB/0N3TM9JZ-6PO5-4K0W-K452-M032FC8BC133/JCBPAOGAXZMONZ/YHRQNLDKOPBF901/QKIRSSHMT/IAUXSHTKL.ABQEEHE/XSNDCLUEQMORORYRNTC/QTOEXGRG901", "operationName": "PceiyahoxsbJlpkgmwKweuywht", "time": "2020-01-05Q05:26:02.6408236X", "category": "MvgqtahyvzaJjfgkpfPnnshtgmRsm", "properties": {"instanceId": "CmmglisgpuiWppzqxjVvri_YH_0", "clientIp": "66.102.6.134", "clientPort": "0", "requestUri": "/jlthoaa/KE1VK31I-K1R2-4G70-8G7R-1I8R823VZ927/mwcbjx/e2.cla", "ruleSetType": "BYBTU", "ruleSetVersion": "3.0", "ruleId": "920300", "ruleGroup": "920-UIHPYJSM-CBGVFYCUZCV", "message": "Wweqzfb Oliffxo xv Mkozyy Qnnlqc", "action": "Pvmfnjh", "site": "Isegja", "details": {"message": "Hxnlrgr. Cwagr ep \"vj LbwybAssXfc Wiwyiom\" epsodcl \"LYGPSIZ_OWSQWPB:Bjbp-Wpjwe\" xkydufpv.", "data": "", "file": "tmqpd/KPSVRVW-920-JWBIPMTW-COHBMUXJUQF.dqpo", "line": "1247"}, "hostname": "quyoagdzwwzfegel.ku", "transactionId": "6845471435750644475"}}, {"resourceId": "/HQXJFEKRHRJFC/0J3EJ9PF-6HM5-4V0D-H452-J032QH8SD133/AGLHXPJNTMRWRL/XZOGACDCFBNG901/JBUXRWRCK/NSLJPNVGO.GNGUSZX/FSQMUGGEMVXCXUNELBQ/TZKBZDPL901", "operationName": "PrbuudcfwfjJgvgcriRsjqaxbe", "time": "2020-01-05L05:28:51.5835344G", "category": "RzdqpylxjszHivtgsjIlupxmdfFbw", "properties": {"instanceId": "VcfarhkqsplSwjvpbnAmwj_XV_0", "clientIp": "34.207.129.154", "clientPort": "0", "requestUri": "/", "ruleSetType": "CMEEW", "ruleSetVersion": "3.0", "ruleId": "913101", "ruleGroup": "913-KQQYYAN-BQLCZQWKG", "message": "Xjiwf Bxfn-Jmosi fxnzlawyrr ymzp awlpaptjs/snehawf LFWA qwrzuz", "action": "Ehkebzv", "site": "Jgszwc", "details": {"message": "Kftbmkd. Ehhvpou izicit \"bkgjyl-yokvttze ...\" vz VYOFPTV_RXCAQUZ:Xpxt-Pxpkk.", "data": "Ygppzfg Wbgo: yvjjiu-muxioxwt gbvts ixnono EXFDIEX_OCIBRSQ:Bdmy-Sbhda: rvpfbs-gqysxtoo/2.22.0", "file": "igxwl/MLGHZMK-913-NYLXHYF-KSLJNZUGD.gugj", "line": "156"}, "hostname": "zarbkanhyokoahcf.pp", "transactionId": "13979177643552019999"}}, {"resourceId": "/WOYGFKCHGPKCQ/0B3NE9KK-6RK5-4N0E-K452-X032VA8CA133/AAWTAEIMKUAGEY/ITJKJAQAKUGF901/NMWFGGRPY/QLXLBGFMV.CLLSGMI/THIOMJWBFHKMPQOJXOZ/CBEUWKRU901", "operationName": "GaryqpyvoxpQgapqgnJsporfqp", "time": "2020-01-05K05:28:51.5835344F", "category": "FhsnozdjavoOmwrptoPtorxvgcHja", "properties": {"instanceId": "FzbxxuwlxfiYyvpdxgNmuz_XX_0", "clientIp": "34.207.129.154", "clientPort": "0", "requestUri": "/", "ruleSetType": "GCQWI", "ruleSetVersion": "3.0", "ruleId": "0", "ruleGroup": "Iyrnotf", "message": "Jwcliogom gmof. Micjqf ey butlqwaw. Ptxfnsm Jdddgpv Ofipz Qirkwyps (Hkdcy Pzrbn: 5)", "action": "Kzmjhaf", "site": "Rzzzxg", "details": {"message": "Dikjdi tcfzgw rthb zcyk 403 (imcun 2). Rmmwhvmy KI vppoyif 5 kf PV:fdiniqi_vymwn.", "data": "", "file": "situt/SYMBPTB-949-QQYZESYN-TDYGCSCYUV.gikx", "line": "57"}, "hostname": "zehmbwquihsiyiph.sm", "transactionId": "13979177643552019999"}}, {"resourceId": "/COONLAWMHYQBK/0N3IW9IJ-6PZ5-4D0H-D452-K032DU8OC133/XNMDKNVIRPKILY/EIBBXYUSSBPN901/KZXHWOYPP/FPQLLVYWM.GFGBKBC/SASTJRXQBCFXNOYPQBJ/IHCFSLBF901", "operationName": "WbbcvldwuaqJjgldupSttwcvhy", "time": "2020-01-05Z05:28:51.5835344K", "category": "NstmgpqkwlgRoehztpKlczkyfsRkk", "properties": {"instanceId": "VbcnzaukzalZwwbyibBxqh_FK_0", "clientIp": "34.207.129.154", "clientPort": "0", "requestUri": "/", "ruleSetType": "VZIPH", "ruleSetVersion": "3.0", "ruleId": "0", "ruleGroup": "Wtisizw", "message": "Xrhoyyafn fqvc. Ifcccb qn wfocqxfg. Nhgrjtj Dufvfzu Tlmco Panbbqcz (Xipbr Dhdtgfp Vtjaz: 5 - MWJN=0,VMH=0,KKV=0,VOV=0,MZJ=0,RZBY=0,DCRQ=0,FMXT=0): Rzwjx Icmo-Ndylp ytbuxuymnu umga ifyqqgfju/qnaskpf ZQOI wfxlxg", "action": "Molhdpk", "site": "Jhiywt", "details": {"message": "Bblfuxp. Bukvdirt JC jfxwiyi 5 jr CE:fkrrdbl_clddssu_iogzw.", "data": "", "file": "gfwva/GKQWGOJW-980-UQJBGWGQVZD.elic", "line": "73"}, "hostname": "drsmekycviagpmge.mf", "transactionId": "13979177643552019999"}}, {"resourceId": "/MZQXQGDCXNPEV/0I3QR9JL-6UZ5-4F0J-X452-I032HW8MZ133/ZRJTPPLURFICUV/IHAKAXZGSLJK901/ZXYCKUVIJ/TUFZUYMZB.YSFMHMA/DHMNRTDOWCBHMQPTLEN/OHDYMMGF901", "operationName": "CtwafkdneriZyecideDaemqtof", "time": "2020-01-05Z05:31:58.8496829N", "category": "PthnopljaciHmwfqmaZtyujppbNkp", "properties": {"instanceId": "DanqyrwmkejVmugalwJcbn_VQ_0", "clientIp": "129.146.158.17", "clientPort": "0", "requestUri": "/bxqjaa.lze", "ruleSetType": "QRKNM", "ruleSetVersion": "3.0", "ruleId": "920300", "ruleGroup": "920-GZABUAWI-QLTHNVXXTYM", "message": "Euflvgp Amjvwcp xk Nvirqh Pjcaqj", "action": "Yifjoxh", "site": "Zsjfjg", "details": {"message": "Xuahssv. Zdqls is \"ct FsymtPlpBei Qhlsupq\" mctqkbh \"IGSWGUC_AULYPEF:Xyya-Yugxn\" itsymywe.", "data": "", "file": "onhwx/BWARSZE-920-GWXODYFT-BGWUCEXSKGX.wrfi", "line": "1247"}, "hostname": "ckfjwxqtghojhvab.nbj", "transactionId": "9079256850926417666"}}, {"resourceId": "/JWTFZCAMAULRO/0N3RR9NS-6RG5-4L0Q-M452-Z032PW8PL133/DGHQYJTYCNBKCV/SNWMMLKIKKWT901/BUFAMSYPV/PWNHFFJOI.ACWMWXT/HJWBNIWNEGKBCFUCISY/HQGJSGXV901", "operationName": "JabetqjuzhpYvmymosCwziprzi", "time": "2020-01-05Q05:31:59.1758007S", "category": "OilawrqzxsbUwkkyglNdaxyjifGgx", "properties": {"instanceId": "StnbauuouuiPjwppiqNbxu_KV_0", "clientIp": "129.146.158.17", "clientPort": "0", "requestUri": "/bbjcff.jow", "ruleSetType": "ZADKG", "ruleSetVersion": "3.0", "ruleId": "920300", "ruleGroup": "920-XIIALSAG-ZFWYNHLGCKH", "message": "Tpwoqvc Vmuqdhj ya Nuzxhb Mlgejc", "action": "Ctxxpfs", "site": "Lfksmi", "details": {"message": "Tbekekp. Elbkk gb \"rc IfjdkCijRzz Vegtszk\" mdscvmd \"MLTWTQY_NNUBKLB:Iciw-Lvvyz\" hubwzjro.", "data": "", "file": "nncrj/UVCYZXK-920-GGYQWWHV-CHIYLAUXCBY.qczm", "line": "1247"}, "hostname": "zainamdwiismetde.zvb", "transactionId": "16645308622955353362"}}, {"resourceId": "/ZOPBZXDDDECLQ/0B3UO9KA-6TE5-4Z0K-T452-Y032GO8TO133/XXAPBKOMTAPWGK/OBBEDKCPYDYH901/THKHURVTW/JPQDTPYWH.YYKYWMI/TMBCLWYKRYXOEIFNRSW/QKDLGCLV901", "operationName": "WfupzferdqdWoegcdbDmgilivg", "time": "2020-01-05G05:31:59.3008196K", "category": "RbacnmbklcjBcmpqcdJnkkybniVti", "properties": {"instanceId": "QgmadlpaddkCqebigbMysa_LK_0", "clientIp": "129.146.158.17", "clientPort": "0", "requestUri": "/gjxqpxqqdrpljq/etwnzhuuk-kuaylts-tfhoavrw", "ruleSetType": "MDXQI", "ruleSetVersion": "3.0", "ruleId": "920300", "ruleGroup": "920-VGMCUJXW-ZPGVFNJAVJC", "message": "Jnmhbxv Ndyorlt ys Ovpncr Vakmwo", "action": "Jepduon", "site": "Pzsfrs", "details": {"message": "Eqcobqx. Kpdfi gr \"nt YxthpEcsFjm Vhqlpjk\" kivuyhv \"MCGXBQH_RSGQUCC:Qmri-Ldywv\" jzlomdsa.", "data": "", "file": "ygzqa/FCRCKNO-920-NZTFKIIP-MGWTHURJGEX.dhti", "line": "1247"}, "hostname": "ysxvktqilppfocux.vzy", "transactionId": "9079256850926417667"}}, {"resourceId": "/TAOYXBVFISBSK/0H3VP9BN-6JV5-4I0E-C452-K032PS8PR133/MVPJWUNYTGXOWA/QGPJXXULUWMX901/AKWWKQUNC/BZQPYEZPM.TCZZTXD/RXIYVYSLFPIIRCBZUTQ/EBYMEJPR901", "operationName": "FwrenqchwyfZlhqzoqAvdgrnqa", "time": "2020-01-05V05:31:59.4258230P", "category": "UztyziuhrmwEobwjhwZaprokssZle", "properties": {"instanceId": "HwmjptexnhlRfboqbnVmes_YL_0", "clientIp": "129.146.158.17", "clientPort": "0", "requestUri": "/nerrqsgahlkdkq/gvzngtxvo-wjbblcy-mytfigyt", "ruleSetType": "PGLCG", "ruleSetVersion": "3.0", "ruleId": "920300", "ruleGroup": "920-VHPCVTRB-JQGQLYUIRDB", "message": "Axsdqpw Plfdlyx gk Righfj Bqjssp", "action": "Guoublx", "site": "Tdrhmr", "details": {"message": "Hbgoaed. Cjqxp cp \"lv UadrwTqlUqg Wfjlggx\" cytnvgw \"GYYXKBH_KTDSAEO:Ojpu-Qitlr\" atizguco.", "data": "", "file": "vvbqp/SADJYEN-920-HYQUHQKB-CEKYBNWCSOG.dmui", "line": "1247"}, "hostname": "zmhakynxeypmltqm.xxv", "transactionId": "16645308622955353363"}}, {"resourceId": "/AHUTVNDQZNDQZ/0Z3OG9WY-6SQ5-4L0T-R452-F032FC8CR133/ABDQAPRBAJKFZY/LWSGHTAUVLFU901/GZXBWUSJN/RNLXBNJJY.YGCNYUG/EALFMAVGNIUMOELLGDJ/KEUMJXVO901", "operationName": "JltnqkjagkgUwymqohWmjpllzn", "time": "2020-01-05V05:32:18.2339649Q", "category": "XufvnpdhqclKppaccfOxovrycuHlk", "properties": {"instanceId": "VlcsrowldilBizxcuoExyq_UE_0", "clientIp": "178.63.11.212", "clientPort": "0", "requestUri": "/ndxtjf.ugo", "ruleSetType": "PMOBQ", "ruleSetVersion": "3.0", "ruleId": "913102", "ruleGroup": "913-CWTXTRV-JNFBHLCFC", "message": "Lsnym Zwix-Ljrgn rdoytcbcam pbfk tux hyhfmxs/ljx", "action": "Hgpkjuj", "site": "Kpezop", "details": {"message": "Iijopok. Jtakmcq uvgppg \"FF12srb ...\" bp YJKVCZX_MSCPASQ:Viuc-Qmnyv.", "data": "Aozntgk Icck: OF12dsx vhfdv nkgcmx LNYWAPV_TFMTPFE:Haxf-Eqlkc: Ruxxhtm/5.0 (gdfvdxtmoh; KA12udc/n1.4.8; wkhn://ru12xgj.lrs/)", "file": "lwtpq/ZFVSLDG-913-GRUTJWG-JNDROPMHC.uvrl", "line": "196"}, "hostname": "yraenwelrzuvlcii.sly", "transactionId": "12538021364746947111"}}, {"resourceId": "/KZUFNPLTDWWUI/0B3HF9XK-6EF5-4Y0G-W452-U032HB8HS133/VHLPHVVAOOSFLG/QJAUEOBFOJFC901/HDBZDWCGG/XYNAZPLAB.TOLHXOZ/UJWVSAXBWGXQDOMKHRM/ZZAMIAFU901", "operationName": "FzhqzuhzvxbTofxyqsKodnygta", "time": "2020-01-05W05:32:18.2339649J", "category": "VgkopivjxrhBumznudWdpskxbqYyh", "properties": {"instanceId": "CznqbfgbwfaPplcumrEczc_KW_0", "clientIp": "178.63.11.212", "clientPort": "0", "requestUri": "/zczkop.vkz", "ruleSetType": "WFJLW", "ruleSetVersion": "3.0", "ruleId": "0", "ruleGroup": "Fhrbdgo", "message": "Qhbteolso hqfg. Omxdfc sa tscirdvf. Ftkfyqm Pahznid Hgpbi Ajewpill (Xgbec Ctsur: 5)", "action": "Ryfyvtg", "site": "Vuvjmi", "details": {"message": "Jjxxlh kpkqob alln zgbr 403 (eiwgr 2). Eauulbwg TC bjpirkx 5 dd CU:xrkecwc_kejsz.", "data": "", "file": "mhtkc/BBGJSDO-949-KXFKDMEU-ACTJOCNZQY.lmfs", "line": "57"}, "hostname": "ejywatbheunpdbel.jds", "transactionId": "12538021364746947111"}}, {"resourceId": "/JKFNHYRUFQULP/0E3LB9BH-6XL5-4D0Q-K452-N032SI8TX133/VOOMYXDSIFGRCJ/SSADGFJUQJZM901/HHBCWXCDH/TMZZZBUPY.EBJKHUU/LCXIARQLSGGRTKXEYPO/NUHAQTDN901", "operationName": "PigsrsourylWcyyuvrLwmxoqhn", "time": "2020-01-05V05:32:18.2339649T", "category": "IyrojlfxfmdXvmzqofIqzzlozcYmi", "properties": {"instanceId": "CfziworytepKbkfbuuPdpa_NA_0", "clientIp": "178.63.11.212", "clientPort": "0", "requestUri": "/htougo.pgx", "ruleSetType": "CQSUN", "ruleSetVersion": "3.0", "ruleId": "0", "ruleGroup": "Ksmegsv", "message": "Yudmtexuw bmon. Avfeug xu imnmpdlb. Jzwblkh Gqwutau Knsbm Fzzmmsgl (Yxkeg Rdodnvj Ayfeq: 5 - WFTV=0,FNJ=0,HBF=0,UYL=0,OTS=0,ZMCE=0,RPLS=0,VSEC=0): Jdfxb Zqbj-Kbsam ujxmvtpnrq jzik cju pilyzis/slz", "action": "Hvttvgz", "site": "Kgkppq", "details": {"message": "Obaglur. Xfpjiovp ZU plwylvb 5 wj WN:mbjffqh_rtjevbp_porzc.", "data": "", "file": "nijgv/VUBGTEWN-980-SHYWQHNOXAB.djtu", "line": "73"}, "hostname": "oremqlbqwuzqckfq.gmx", "transactionId": "12538021364746947111"}}, {"resourceId": "/EZNPQVAVIQRLT/0F3ME9GT-6TX5-4M0G-L452-R032GW8HL133/NVOEPAPFALMKTI/BHGNBSPRSZMS901/STUHQGWAB/UAKHAPLIJ.PVNFPZA/XCYNYHPLBUAWRIORUWC/SWHADEGM901", "operationName": "FrvdjdgrxyaYcxyjnvGoszpdsa", "time": "2020-01-05O05:35:48.8384381S", "category": "GlefwtwiocdJmhzzhkQudipvtsRzw", "properties": {"instanceId": "FmdgkyenpejVlnnuwpNpew_EL_0", "clientIp": "107.178.195.247", "clientPort": "0", "requestUri": "/tdv/", "ruleSetType": "QCPYN", "ruleSetVersion": "3.0", "ruleId": "920300", "ruleGroup": "920-GPMLYQZC-OIJFIFWVCFZ", "message": "Lfwqhcz Ozpjlep na Iiefhr Zzpgij", "action": "Ttrforr", "site": "Cswrdf", "details": {"message": "Anfpnab. Irnzn zy \"ci QegipZcwLzr Yswpxmg\" odekrac \"IQLRMQU_SNPPRZL:Gavg-Sdtyq\" fbbvwtko.", "data": "", "file": "zhjbv/EIYFHJF-920-QACFDMJA-JOALFPIWRWY.dwko", "line": "1247"}, "hostname": "cyrotdkvqpnaluwp.wgx", "transactionId": "17149716179267356863"}}, {"resourceId": "/DOZOLCQZDYEHM/0L3LX9HJ-6WZ5-4P0V-C452-X032NA8UY133/XIBEZJQWECFAEX/NTEPKRRGYKNZ901/FHGZLKAFV/QXMWVVKLZ.XPZFEHE/LBRVFRRQBJHCYIQQQGL/IEKEBKWE901", "operationName": "VmrybtuxxylJjwrkphRpuoaigm", "time": "2020-01-05E05:35:48.9946630D", "category": "XngmapcixsxUyprdjvSpviohhnImw", "properties": {"instanceId": "DgeeciqosksDbrwxroKxys_BB_0", "clientIp": "107.178.195.245", "clientPort": "0", "requestUri": "/xxdvxurycwwjko/hnq", "ruleSetType": "HBGID", "ruleSetVersion": "3.0", "ruleId": "920300", "ruleGroup": "920-AEMJDZFS-VCDAGMVXBGY", "message": "Syfpctw Esllpct gi Fwwgaa Mptvjl", "action": "Ghbrvrl", "site": "Kfxtja", "details": {"message": "Snyyrxt. Zedhd dl \"zb XhrpbRyzAfp Nwmeyoh\" vpoohma \"WITLOED_BKCSRGW:Gaku-Qyktp\" vscsnznf.", "data": "", "file": "ijspy/ASDAXAH-920-IZTVYVMD-ZSHJDNQRIAO.qmto", "line": "1247"}, "hostname": "mmgnwnlmjlwzqivu.kqs", "transactionId": "8070454932441926713"}}, {"resourceId": "/WIIWOVFRXLLDZ/0L3UF9QL-6LP5-4N0S-F452-Q032NU8DT133/BXMDINZHZSQFGV/OGGBEGPQTMHH901/YFYLEUPXZ/PTRTBJVDN.FLKAPMP/LMFOCTGWXQEWEBBXYSU/WVADNOZT901", "operationName": "SykdfldetvoDdgxibtOtbadkco", "time": "2020-01-05Z05:36:59.7354116M", "category": "IggimeorbysAqxyxkrObwzhyncJkj", "properties": {"instanceId": "PwkzqteublyAqufxqzKseg_AL_0", "clientIp": "129.146.158.17", "clientPort": "0", "requestUri": "/wkomoh.igk", "ruleSetType": "LGCMG", "ruleSetVersion": "3.0", "ruleId": "920300", "ruleGroup": "920-IFWPCKED-YWLVYRPUXVK", "message": "Zfrxppx Pcgjjep hv Thiste Rsfawk", "action": "Ddvxupp", "site": "Lqcfwr", "details": {"message": "Ujpsccc. Onlue qn \"fp QxnphMcuXuh Crzngdt\" isitllj \"XXYKHJJ_OWGEPTC:Ytqp-Bowfq\" ecgmxiwn.", "data": "", "file": "ojipz/JODJOTC-920-ISAUJNUN-HRHFGWWHKBE.shai", "line": "1247"}, "hostname": "pvjblduegyttkjuk.qrz", "transactionId": "16573246630870913583"}}, {"resourceId": "/FWZKLIERLPKFO/0P3OB9WM-6AT5-4P0N-S452-X032RT8IU133/DUPILPESYMQSSV/MPOUNRCAQRUM901/DWAPSWJDU/HYKAEGWPB.KOCAQMW/UBGJDICVARSXMHXYUZI/PBPUCUKB901", "operationName": "VzjhpjrvughSfenayfYjoljjfy", "time": "2020-01-05G05:37:00.1181223E", "category": "OqhokepfocwOdvuatfMkgmctvvHwa", "properties": {"instanceId": "NdlnmuohviaPoekmriGxtj_OP_0", "clientIp": "129.146.158.17", "clientPort": "0", "requestUri": "/nrtljo.ovl", "ruleSetType": "TDRFW", "ruleSetVersion": "3.0", "ruleId": "920300", "ruleGroup": "920-UZPMIPHU-CKIMKVLWLRK", "message": "Yvxjimo Bqgwavn ej Wjebbj Yksefm", "action": "Ouekybz", "site": "Pjhilh", "details": {"message": "Lbukftl. Gkdpo ed \"sk MyqajYikAkn Sogoerj\" xvbdawh \"GCOMUFK_OLXABCL:Shlj-Hykhj\" uqrqcphe.", "data": "", "file": "ywvmz/XFTLJZJ-920-ZEXAQRCQ-HJBEIFJYRLN.orqp", "line": "1247"}, "hostname": "lktnxxpbrpowevrg.qmr", "transactionId": "15132099148158862981"}}, {"resourceId": "/LPJZHMYGBRATZ/0N3RU9QU-6WF5-4V0W-D452-Y032OX8SD133/IUKYOXLMNDFOEM/JVDDBAKZDBMO901/IYKOERRAO/YDQDFAEAE.XLXFCAO/HJJQRFSKDXLBWQYZYTW/CODJMBPO901", "operationName": "CukyetgkgccWxfamrqPtmxetua", "time": "2020-01-05U05:37:00.2743607I", "category": "YuzzjiylfzkZqntttdNjhhtysqUvc", "properties": {"instanceId": "JjcntnhlmykNoyjqgcFkai_MX_0", "clientIp": "129.146.158.17", "clientPort": "0", "requestUri": "/kjvgtufg/2012/12/07/zijxx_ungurvp_12-7-2012-us-spxlakj-r-i-tfds-mnqufsfghjy-qvjjzquiz-wjewlbeu", "ruleSetType": "HMDAU", "ruleSetVersion": "3.0", "ruleId": "920300", "ruleGroup": "920-EWRCZNUR-XVPHGWRUBQI", "message": "Kviyvuf Jwabzra kj Hlhxcx Luwqxe", "action": "Rlgnksr", "site": "Jeljoi", "details": {"message": "Ijzxdor. Anraw lu \"vg MziuvScyEaj Fcnodpa\" sbvrpeb \"ZALZAIE_EGYKANX:Cilo-Tvpqp\" smrylgsn.", "data": "", "file": "yfjqz/KULIWFC-920-EJQOJMLG-CVVHJYBVVQC.uksv", "line": "1247"}, "hostname": "yfgfjbefdzvhryfq.atv", "transactionId": "16573246630870913584"}}, {"resourceId": "/UNKXXHTBWYBVJ/0Z3LN9NW-6OX5-4L0M-K452-G032GX8YY133/NICPWMVXRUSBXF/DIAANTKTTCGA901/GKYKTNLSV/TRGGQEWPP.LCLHDIU/USAILYINZYBOEAYGPPG/HLTMTMBU901", "operationName": "NwvgtiiexlgUdkxusiXrtgosqf", "time": "2020-01-05D05:37:00.4326673S", "category": "SivozobksteZgxikdoDqxtqicgXmp", "properties": {"instanceId": "TccwnthnzlxYqzumpoZyhh_AV_0", "clientIp": "129.146.158.17", "clientPort": "0", "requestUri": "/rohurvql/2012/12/07/rorkg_fkzippl_12-7-2012-qg-nyboaxo-p-k-wnvh-xeznywjkwpw-dqqvhlegd-xkbpmnzm", "ruleSetType": "UITPF", "ruleSetVersion": "3.0", "ruleId": "920300", "ruleGroup": "920-XZDVGJFS-TKNYMKMSJSH", "message": "Wnhqkuy Odlodkx vz Lyumuc Kcqrqi", "action": "Douliih", "site": "Zmfgfu", "details": {"message": "Cfzfoyz. Khwnk ep \"bs LrnjzKsqBbd Ebedcoo\" goumqwf \"MKLYTJY_JGGHGUH:Vkoa-Dwssu\" dzonuanr.", "data": "", "file": "gbefz/OGZWVWQ-920-HEEPFJUB-IKYCSROEWFK.hsqz", "line": "1247"}, "hostname": "tocloyybsqnqepqa.sbx", "transactionId": "15132099148158862982"}}, {"resourceId": "/NQTVVCSLDORLJ/0W3FJ9XU-6SA5-4I0Z-Z452-M032LO8PO133/BGDIWDSCVEGOGZ/EJINMCCURGBB901/QUSJLEINI/ICSFMQXXP.QUOBZFG/SEFPZONIVAXKLOHSLAN/KKFDJGVZ901", "operationName": "UnfomzvfeeiQpejrwtUqizhits", "time": "2020-01-05G05:39:54.0291747B", "category": "DuawjnkpetfEloigdsHqyfrgbvQwr", "properties": {"instanceId": "FmbdyusykzzCnmrestLwds_KA_0", "clientIp": "34.222.213.67", "clientPort": "0", "requestUri": "/akkvvzee/kpsijwkghzmteg/hdhgug/njaigw-nigxle-wrf-mjknvq-ihwqut/izrhhoyvn2-pkjjnxxrbfll", "ruleSetType": "JSNJA", "ruleSetVersion": "3.0", "ruleId": "920300", "ruleGroup": "920-TOSCXJXW-LZCRDSFEGVG", "message": "Pzbiiql Ksqybwm qj Bsgltm Dqtrmo", "action": "Ifynaah", "site": "Cftlfg", "details": {"message": "Zndymjq. Vxvlf vo \"zi RjznpYfuEel Mubsiww\" cdoaxuc \"FGNAUDV_YNWZOAZ:Bnnm-Hztda\" mzrbaokn.", "data": "", "file": "gkrkc/PWURADA-920-XHSEDMAA-LJAFUNJBKPN.ragv", "line": "1247"}, "hostname": "ifdgucsjrxhphwvv.vbw", "transactionId": "11673330236291810344"}}, {"resourceId": "/WOYAJFRMLRGQF/0O3NV9HZ-6LR5-4G0C-L452-U032LT8JZ133/YTOKBIXGQVAKCE/RAHVZQWIGIPS901/DDYZWUUKY/OUNWHKFMP.FCDXGOR/NZTUAOCEYTDBQAXTRPV/BGDUNAJZ901", "operationName": "SgfdcesunakYqljspcWqpfemqv", "time": "2020-01-05H05:41:02.1276115K", "category": "CuzoqouvmbiEtdfnkdJlnxgjgeRvi", "properties": {"instanceId": "UrdaewecrdlYpfoedcEdrj_JX_0", "clientIp": "35.187.86.35", "clientPort": "0", "requestUri": "/zo/lxqusjhc/iktfsdyu-yodjhexjypvf/wsypaofbk-wsbwmzkk", "ruleSetType": "AETVJ", "ruleSetVersion": "3.0", "ruleId": "920300", "ruleGroup": "920-FMIVHHIP-FISEMQPSWRE", "message": "Dkjpwao Cppuozb br Wprree Yoxehw", "action": "Ikkkupf", "site": "Pvqjbm", "details": {"message": "Tezquow. Hskss ar \"xc OvjtrQboRub Eliefvh\" mtunzcv \"VNFLHFU_IVCIQYV:Cesn-Eakck\" crrejhvj.", "data": "", "file": "vgzuc/GRACAJZ-920-HJRKCDZN-IUVEXPJAKRL.rcqh", "line": "1247"}, "hostname": "npylbjfibmutxjwm.dsh", "transactionId": "18374695277912133296"}}, {"resourceId": "/QECCJXMNMGJOL/0O3ND9UO-6EX5-4S0S-T452-O032FT8CG133/JJNSDKPONNPMRY/YXVKJSIWZITN901/GAINXQMVH/HJHZEDXTB.LPGOKWB/UWIENASXEJOYSOYOIRE/TEZVCSFS901", "operationName": "UdxrwiihgcuBrmtdfwNufapfnz", "time": "2020-01-05J05:41:03.4498713U", "category": "VtrsynkmxrgAeinheaQpkxjpqgBmn", "properties": {"instanceId": "SecxgxvuxtpHiqxxhkYucp_CF_0", "clientIp": "35.187.86.35", "clientPort": "0", "requestUri": "/uppgv-wt/gqzjw-cvfekjcye", "ruleSetType": "TEGMR", "ruleSetVersion": "3.0", "ruleId": "920300", "ruleGroup": "920-BUYYXUWX-XPQROKTXMYV", "message": "Zbssgog Xjdjkci yh Wiziga Kfbbis", "action": "Dbjdrha", "site": "Dctwna", "details": {"message": "Jjazlic. Nvarv et \"as JhgusRvsRkf Oifgmfa\" vjbwrdk \"INKIJZD_IWPYNVC:Sdmh-Dkgia\" dbfgowyl.", "data": "", "file": "xjrlw/EQULVTY-920-MVZFGSJT-YVZULHLVOFI.taya", "line": "1247"}, "hostname": "chjugqjqoqghosjd.wvy", "transactionId": "18374695277912133298"}}, {"resourceId": "/NQLMZZCZETSDJ/0O3PH9GK-6PP5-4T0M-X452-L032NN8LM133/CQWXMPLSQZUFAQ/ONYBPKMJSEIP901/JJJXZUOIU/VCOMFJZYY.EKONMUL/VYZANEQKQWUDQCRGNLO/LAQZWSRI901", "operationName": "GsmxlrjdpjeNkobopkLlvsrpae", "time": "2020-01-05F05:41:04.4976293I", "category": "RcjhxapatgeAsilpwrZcbfcjfeFvr", "properties": {"instanceId": "CcqjtxtxphbQdeurgmHkds_XQ_0", "clientIp": "35.187.86.35", "clientPort": "0", "requestUri": "/yozge-ph/wbgehbwbz/qewytgqjab-tvlombbh-wkuqmjr/jsmumkjzjw", "ruleSetType": "LFUGU", "ruleSetVersion": "3.0", "ruleId": "920300", "ruleGroup": "920-YIKIZXDO-CFLYLDLRFGX", "message": "Lmidvth Kquknge qu Bmmzgv Mifwim", "action": "Xyfvxri", "site": "Kbyuhb", "details": {"message": "Rjpwbom. Zpbsn lk \"mh RrtcfPhlHoy Xgvvrtn\" ehbpxxv \"LOHGMUL_URQOKVI:Phvv-Czbie\" nzaekdmr.", "data": "", "file": "horxc/DNDVACK-920-EHXOKNWI-ULDXBXMXQZD.hzsx", "line": "1247"}, "hostname": "egybdlyusmgpbayd.vgo", "transactionId": "18374695277912133300"}}, {"resourceId": "/DJWQHCYZRMKVL/0Y3HK9PT-6GA5-4Z0Z-U452-F032XF8KA133/HZWBQTXBQZEAAV/SXTBYQEUQWEJ901/FWUNLHIPM/NNLAUYSGR.AJOAUTZ/FLEJEKEGREZELWANNNJ/DYCBZEAU901", "operationName": "EugcagsztfdTtcztooZgujefsq", "time": "2020-01-05C05:41:07.4054301D", "category": "OdntfggylxwXpfyoxdJvbtjqzrSat", "properties": {"instanceId": "TcbgwdmnvvuTnipfvpKbhg_NF_0", "clientIp": "35.187.86.35", "clientPort": "0", "requestUri": "/evouqh-zbampuzljzag/krlemy-vrvwhnvlm", "ruleSetType": "MYSIQ", "ruleSetVersion": "3.0", "ruleId": "920300", "ruleGroup": "920-MYPCVKCV-WLRMFEKXOZV", "message": "Cilmzwk Usfzkle wl Mlqzgd Qggise", "action": "Ieuwtyn", "site": "Vajclt", "details": {"message": "Ukmlsqs. Fujll kh \"uq EjiqaBiwLex Vrnmlgs\" veqxxav \"VTFIZKL_ZFCZASY:Femf-Uvthu\" pohxxsom.", "data": "", "file": "ebpht/LPAJZLW-920-LYCHFOWA-TUREFPPQORW.ffgz", "line": "1247"}, "hostname": "tigqvofwcndkotag.kzc", "transactionId": "16645308622955353430"}}, {"resourceId": "/XAJOLMCUICQQP/0S3FX9VJ-6FK5-4M0K-C452-S032TB8BP133/NUERWEXKJPGFUC/JNNHFGAJPPKS901/GNADRGBXC/BXUGENSRQ.AWFDKGH/DNGAOFTQPMIKBCUAYNL/TJEXXILK901", "operationName": "LryywosbvceBeuxkfaZbnpdtpn", "time": "2020-01-05J05:41:08.5719942Q", "category": "PzetbileljuZjfydogXbjgfhnqWwa", "properties": {"instanceId": "SdzvzzbpdjkUmfstdwFpah_FP_0", "clientIp": "35.187.86.35", "clientPort": "0", "requestUri": "/yldlurzwdr/vhxso-ywjaqpfc-zzehwdo", "ruleSetType": "GECLS", "ruleSetVersion": "3.0", "ruleId": "920300", "ruleGroup": "920-VMDOQIRO-PZUVODKJTUZ", "message": "Luedkud Fagcsav qa Tndzuo Lkjzoo", "action": "Woqxcfy", "site": "Wegzcq", "details": {"message": "Clwqggx. Pnghn dk \"dh EqidpXbqZei Wzgmtse\" cbhbhnh \"IXBCIAK_WLYZZKL:Hucj-Skbeo\" vhrsbikk.", "data": "", "file": "prvtu/EHIJGHR-920-BBQLBRGH-AAYWYRXZARA.rdzi", "line": "1247"}, "hostname": "qlvbdldexqaxukij.rak", "transactionId": "15132099148158863012"}}, {"resourceId": "/BMSMTOPQMDKJO/0T3VY9KH-6LR5-4Z0S-U452-E032JU8DG133/EHGYJAAZLZYMYH/UAYFVGJWTRXJ901/QDJJLAUKT/ACVADDCJE.QIQDPMB/FFMPUTINJRXVXNAYLHD/MESKCZSG901", "operationName": "NnljzvrufpiOibkixqXtkcltzc", "time": "2020-01-05Q05:41:09.6257321V", "category": "CshaeaknzzrNhlvufiWdgqeqbiVhk", "properties": {"instanceId": "HdrqoibmmphOddjsejOpsc_YV_0", "clientIp": "35.187.86.35", "clientPort": "0", "requestUri": "/fqfnu", "ruleSetType": "IKYUY", "ruleSetVersion": "3.0", "ruleId": "920300", "ruleGroup": "920-JWIGLTIV-VBGWGMLFJXR", "message": "Hxcbvjn Gquutcj kj Sdgowu Lfwijo", "action": "Rspavxj", "site": "Qzdkur", "details": {"message": "Bwgrdps. Hjewd uu \"zv GieniEhuNdp Jhyhlwp\" pecgkyb \"INBYVWY_BFPQOPU:Wzqk-Ialje\" fqbsabje.", "data": "", "file": "lbrbe/KZVWNEE-920-JSJIANLG-ROYMCOYYJTP.gvti", "line": "1247"}, "hostname": "sbccyqnqjtglvipj.lyr", "transactionId": "15132099148158863014"}}, {"resourceId": "/QXQGDWRAMVZYP/0G3UR9HA-6WT5-4Z0D-Q452-F032HC8VH133/YBWPBIFBDAWGVL/RYHZWXWQWJZU901/BXPHKZKDX/YCPKZMXUK.YWHZWOS/TKKBUUNGFPJJORBGMUX/ONUKRNYI901", "operationName": "ErfyanohwbtEeyygjvOxtvcxpn", "time": "2020-01-05U05:41:10.9576577H", "category": "FubpougybmaVswrcpgZbvaasxuSkh", "properties": {"instanceId": "CshmwaceeziUegyswjIkhb_LW_0", "clientIp": "35.187.86.35", "clientPort": "0", "requestUri": "/lkaegopielgarg/qxptydglsi-rugkoubinemjbc-olu-hubtghmwfrm/igfvktwcbr-lhj-eqsnksksv", "ruleSetType": "ZFSOB", "ruleSetVersion": "3.0", "ruleId": "920300", "ruleGroup": "920-LTJUBOKE-OAIVMUQVAUC", "message": "Olofajp Qodnjyl pz Cijghy Xjpixa", "action": "Skqxzya", "site": "Iwmtgb", "details": {"message": "Obbpffa. Iwpef bi \"et LsjqnPhyRun Fyosrxb\" qadbkhd \"OGNAVVG_WUJWIWY:Rqih-Mccfg\" mhlrqabf.", "data": "", "file": "zncyh/ZXUISZC-920-IGEDYYWB-SDOCPWGNIAA.tpza", "line": "1247"}, "hostname": "tinlvgmvqyznxvve.kfu", "transactionId": "15132099148158863016"}}, {"resourceId": "/AVFTTVASWDRET/0R3OI9TY-6MV5-4P0E-Q452-X032FS8GQ133/TWBUPKPXZMIKVB/LGXATPUNOXNX901/CCSZEZCHL/HBSHTDJTK.DXVOAGC/WAHRLTWMLDCJQWYYXEV/QPAIHBDW901", "operationName": "EihhsntiaukNklpcylQajvmujr", "time": "2020-01-05A05:41:12.1864708J", "category": "LtzhmatzzvkTmavfvlMzmszlgxXwp", "properties": {"instanceId": "BaguydecyekCkbpllgZrfl_YP_0", "clientIp": "35.187.86.35", "clientPort": "0", "requestUri": "/etxrrog/rjwxjqdltjmd-bqzpnlvvkbc-licrhkhducswc", "ruleSetType": "IJITM", "ruleSetVersion": "3.0", "ruleId": "920300", "ruleGroup": "920-NYZOQOPE-GGRAAUOXATI", "message": "Wbulhju Tcmwlri dd Kdwued Dnyelw", "action": "Zlxqzst", "site": "Wnacui", "details": {"message": "Cvababp. Dymhy pc \"jz RvgdnFacScu Orncgnz\" lelpsea \"TZTMCTY_KFNRRHN:Kjxp-Edrtq\" pqjslmup.", "data": "", "file": "ursbv/NJBCRZB-920-RABNYGAS-JBJGYLLOASG.akxh", "line": "1247"}, "hostname": "berloqtpklpmibbj.ggj", "transactionId": "15132099148158863018"}}, {"resourceId": "/DOGAJKOSDOJCH/0H3TN9IA-6DV5-4M0E-D452-A032GW8BK133/JGQAOEQHSISEGB/XEBZBEVKTGOY901/WGWHNLTEG/PZSUULBNP.RVPZYTI/SIBYRADAESDHGHVBJGL/KTYKLKGQ901", "operationName": "NxzqmhmxeyuZhhuuszLzvnuhxo", "time": "2020-01-05R05:41:13.2747167F", "category": "DwdgetjzejwZqhfdysLffgihtbCkw", "properties": {"instanceId": "QyuakesqysoWwgtqkePljh_NA_0", "clientIp": "35.187.86.35", "clientPort": "0", "requestUri": "/nlher-bw/rsnuh-dzkiuumtg/usfciiri", "ruleSetType": "YLUNC", "ruleSetVersion": "3.0", "ruleId": "920300", "ruleGroup": "920-YBXYHNYP-NXTRHOUROTZ", "message": "Igngtmg Ydioobk fd Mmhkkm Piyeww", "action": "Ejaqpmf", "site": "Szjjks", "details": {"message": "Zbxvljo. Vpoyr as \"kr DqhjiMscCjw Dunkmkb\" ckycvdi \"TIZNUPE_SBOUJWG:Bkrs-Unavn\" vmanzxoo.", "data": "", "file": "hdvfm/ZBWDPER-920-EEJJUKQV-NRCSCPUBZHN.razu", "line": "1247"}, "hostname": "eyepkcazdoeigcei.lkz", "transactionId": "15132099148158863020"}}, {"resourceId": "/UXOJGGFURLZVU/0P3GE9SO-6YH5-4M0U-R452-E032UV8XN133/HLGQKXYKWYSOWQ/HBWHCACVJEPK901/WDGCZSZAG/PWIPXPDHL.PFWBGPV/NJJCDVGPFCCECHWUEOV/YZRVAFJH901", "operationName": "EdnugzrrgjaXsgskreSfcssico", "time": "2020-01-05D05:41:14.3551697H", "category": "NhltawmwflyYulxbjkAuswzfegGvz", "properties": {"instanceId": "YjujehrkfpiKtwwlejDxwm_NT_0", "clientIp": "35.187.86.35", "clientPort": "0", "requestUri": "/hc/uoymkseu/zyfhrbfp-zohztfwkodhx/ymdslfjhw-sldmpobp", "ruleSetType": "TGFKF", "ruleSetVersion": "3.0", "ruleId": "920300", "ruleGroup": "920-UTTKZTFD-KOTWMTCUGUX", "message": "Uwbiybr Peuewac nd Xzeuyp Rvuuvm", "action": "Qredial", "site": "Mrllku", "details": {"message": "Mseowcw. Kycqe um \"sn CyduaZivHvq Mglvmjb\" fixjjol \"CXONKZE_FNYGWJP:Sktd-Ppclq\" cahargvq.", "data": "", "file": "ssgpo/OYCNRCQ-920-WZWWQKZY-RULDNYWXQWZ.ixiv", "line": "1247"}, "hostname": "csbwqjdhcqlznfgu.rgh", "transactionId": "15132099148158863022"}}, {"resourceId": "/EEVAMDKGUZJYM/0Q3UN9HI-6TK5-4T0I-H452-B032QI8TC133/YSFIIWVNSIDYCH/LBUANMJZKBWS901/HYDLXTGPI/PRKKJNXSN.FHOPUMD/BRCOCSFGMWYWFHQFCKF/AWQCGVJQ901", "operationName": "ScmerjlvrfuMtdhqoaHmcwzrse", "time": "2020-01-05H05:41:15.5292628S", "category": "RgiodfnrkgwPucctjcIccobgshVbl", "properties": {"instanceId": "BwhpygbdszvNehwzveMdxf_SG_0", "clientIp": "35.187.86.35", "clientPort": "0", "requestUri": "/sazkjdmfxr-hivctll", "ruleSetType": "XGGKA", "ruleSetVersion": "3.0", "ruleId": "920300", "ruleGroup": "920-NWUKDMAE-IRVELVGRGLL", "message": "Hbydwmg Hwhislo fx Jyrtnb Aokxji", "action": "Fknyitt", "site": "Pcxdta", "details": {"message": "Ytzsqkp. Ckheo sl \"kk MykhfQhrNku Bvbgpsz\" nnxyody \"VTNCKPU_OVIHLEP:Sknx-Rbhkw\" wzmvukwe.", "data": "", "file": "lhxbl/ACELYLM-920-WPUYUPBI-HSQSDACCGIE.zygy", "line": "1247"}, "hostname": "yisdllbfhonkcyut.ywp", "transactionId": "15132099148158863024"}}, {"resourceId": "/MPNEUJNNNCXID/0I3BL9NH-6ES5-4O0Y-H452-Z032VP8LG133/WANWPGHKCFCCFA/KJPBCEONVHBY901/HSYQZESBD/KWHNANEMM.UYMOVYF/VJHUJRFZKEXTOJQHUJE/MABCALVG901", "operationName": "WsngzgkdgrzZixtotsLcmvrwpb", "time": "2020-01-05E05:41:16.7118871U", "category": "RtdunpexlafSkxqegzZwxrqmfzMcu", "properties": {"instanceId": "XzbayfvwzsvXenrpvmDdev_WO_0", "clientIp": "35.187.86.35", "clientPort": "0", "requestUri": "/dbbynqjt/2018/08/02/swz-5-axhxfiqe-rctih", "ruleSetType": "YBXHN", "ruleSetVersion": "3.0", "ruleId": "920300", "ruleGroup": "920-YHWZLDDC-GTNQGPLTHAO", "message": "Yhbzkdk Ysvdrob xh Mjxyqo Bqtoob", "action": "Wtbwwrk", "site": "Maepnd", "details": {"message": "Duxcffz. Agbzu zj \"ao BgqjpQpmVkb Cusdbbf\" jpweuuc \"JSNGZBJ_VTOOGUN:Egza-Lafsc\" aqrlvuke.", "data": "", "file": "fmsma/MTBKWQR-920-SUFJYKLN-OTMPIARKFDH.gxpl", "line": "1247"}, "hostname": "njiemvaqogoehlvh.uzx", "transactionId": "15132099148158863026"}}, {"resourceId": "/HVICKSFIWFMAI/0J3FL9XG-6TP5-4A0V-H452-B032IW8RC133/VCKUSJULXCKVJZ/TGVXBGZJLVBW901/MGYNDOJXE/QZHSGZZBW.CSOGAJW/ODUPEQVPUMABCBQZHVU/XGUFQTEP901", "operationName": "XztrfofiaqiOgoxqtkMwycamnz", "time": "2020-01-05V05:41:17.9879138E", "category": "YiuvfulqtbyVoiwxswIwjravogPzv", "properties": {"instanceId": "LccatdbnaffWqykncbYsuv_SY_0", "clientIp": "35.187.86.35", "clientPort": "0", "requestUri": "/mcojlrlcf-jwwgvdgpbjs-ofj-gvbukd-kshfoyh", "ruleSetType": "KMOOK", "ruleSetVersion": "3.0", "ruleId": "920300", "ruleGroup": "920-DDKBXSVO-OIHXODZBAAN", "message": "Sacafua Qmccjoh jf Hawbja Utdnkf", "action": "Zryttok", "site": "Mbicea", "details": {"message": "Ujaxwfp. Yexti kv \"ct TtfoyGarIlq Hrlbkmq\" fpkazqo \"TFBYMKC_LFDJANK:Jkqh-Tqivi\" ivjycxyb.", "data": "", "file": "sactz/MXHKHOR-920-LLBDFMKX-CZSRVXSZZKF.ykfx", "line": "1247"}, "hostname": "jrbjzenyutlhotaa.vzh", "transactionId": "15132099148158863028"}}, {"resourceId": "/CZZQASRJZTEVH/0E3PY9VU-6PG5-4M0W-D452-J032RY8NR133/BSLWPBPOXIBNWG/NZQQOSVGDWCG901/QLYAATTLO/WOELUMXZX.QCANTBP/BSBOWNHZDZJUNENQWEM/RREZVEKY901", "operationName": "YdjdnupnnrsQdwsmcpCtlmbqpw", "time": "2020-01-05F05:41:19.3622593K", "category": "NvyumdfrgcpDkojlcgIcwlrkujWvh", "properties": {"instanceId": "GtthmwvamrgNrejcmbTupp_VD_0", "clientIp": "35.187.86.35", "clientPort": "0", "requestUri": "/uufmzjsg/lyeqy-isysguzdon-nwh-pcmwlzccsbo-utpfuiwf", "ruleSetType": "ALWFT", "ruleSetVersion": "3.0", "ruleId": "920300", "ruleGroup": "920-SHHKDNZQ-NJCWVJADBTC", "message": "Sornivk Nvqmkfw oo Ljotlg Tbdvcb", "action": "Zgajqaq", "site": "Dztkjq", "details": {"message": "Jwssrzi. Oluou mn \"ri ImhqhPbmCeo Nukcrmx\" qolssib \"PVSDMAJ_FCOSIFI:Cdhk-Kbywf\" evlgyuhl.", "data": "", "file": "apytj/EOEVGOP-920-NOTVWEUP-LWVGETNCCUY.eced", "line": "1247"}, "hostname": "vovwchcaelqdhzgy.qae", "transactionId": "9799832791305688306"}}, {"resourceId": "/BFGOUBWJKEFSN/0Z3KN9MR-6AN5-4K0C-J452-V032IJ8WD133/TQFMLKGNTWBQFH/XEZJBPLATIGW901/EFYOCZMDU/EPJWFXFUI.JKAADFW/GNUDMAEMCQXSWRPDXQE/DUUUBWTY901", "operationName": "UzyxkdmnuleWpgpytkBztcyyjv", "time": "2020-01-05M05:41:20.6462811X", "category": "VvwgrfsklilKfdszxdDpoafrisOtu", "properties": {"instanceId": "KzguvupkwgpTvxlgxjBmav_LR_0", "clientIp": "35.187.86.35", "clientPort": "0", "requestUri": "/ubhczhha/ivyhr-dzpbkaomdu-yii-hvukuvtklpj-hfjctjtg/mxyanrm-tnuxbbq", "ruleSetType": "SNPHU", "ruleSetVersion": "3.0", "ruleId": "920300", "ruleGroup": "920-JDLKGQVZ-OHTUZEODCZM", "message": "Bpgznhi Gwxweqv cg Kderfx Mskgzh", "action": "Nnumthz", "site": "Ydcuwj", "details": {"message": "Argdeij. Wgglq mh \"to RqtjrLgqZzn Sjhsprj\" tvoaozo \"UYSNCLN_FPXPBNN:Pkmo-Dsnor\" kcbfebxx.", "data": "", "file": "ysjui/OQLMJKG-920-FNHVLYJW-QZPLPPNPTJO.gmco", "line": "1247"}, "hostname": "pbqkwyuyyijdaszb.zlg", "transactionId": "9799832791305688310"}}, {"resourceId": "/FPGMXYUKUQDKA/0N3FN9QO-6PY5-4X0C-Z452-M032PQ8UI133/NHBPAZSHYGULGZ/WUZNOTKPMWBL901/WNROSTQEU/TAASHMMXH.FGLJVCW/FJYJRDWYTEITPJNRWII/ZNDZJBPI901", "operationName": "MjzszqpcxdlZfjspwnZwvhhsyu", "time": "2020-01-05C05:41:21.9993907W", "category": "SxjxyrqxdafUhhsynqGzwlimjmJui", "properties": {"instanceId": "ChnrdrulfsoCypsmjuOsfb_FW_0", "clientIp": "35.187.86.35", "clientPort": "0", "requestUri": "/rqrpljkyqy/rcvjiro-inncwow-mzflgyzrbg", "ruleSetType": "JYGMH", "ruleSetVersion": "3.0", "ruleId": "920300", "ruleGroup": "920-FUWLPSAW-FTKJFTLEODM", "message": "Chijiub Svqdrht uu Wymcbr Lbxbpg", "action": "Rbxopxn", "site": "Vdakow", "details": {"message": "Zdaytsd. Zbjkw zs \"bi SvqamRjnGsn Mtwxqvr\" cksqhgn \"HYNWOHH_ENXJYHC:Wgtk-Pukqw\" mnxytesp.", "data": "", "file": "eamsv/LCEMXPN-920-VXKLYQZC-VXWXSWIPPDF.efix", "line": "1247"}, "hostname": "qposwqzprxekcnst.dwv", "transactionId": "9799832791305688312"}}, {"resourceId": "/IVCTKUYZOAUXJ/0S3BG9CR-6XN5-4E0H-E452-Y032HW8QI133/VHMUWGXLOTVLIN/AHTKKDVPNMCZ901/GDWZDJCSF/QBXBEEEDB.THKHDOQ/RFZUEVLYVCJHNGYLSCV/ZJVNCXMY901", "operationName": "BmasvddmtxpHygtzhzBpybyfmu", "time": "2020-01-05U05:41:23.4145366R", "category": "WsinozywuleVcgalbfKebuzhrgBqy", "properties": {"instanceId": "MlnqfwkzghjRtwatchEano_XV_0", "clientIp": "35.187.86.35", "clientPort": "0", "requestUri": "/xcbkolvi/utvkudjv-kqizvllk/xaqecjv-naznrkvcz-rdf-ruqxw-ubbiak/esipj-puwccpdb-gfrdt-lwytjw-ulhgytlx", "ruleSetType": "ARJDJ", "ruleSetVersion": "3.0", "ruleId": "920300", "ruleGroup": "920-JYAEMAKD-RFKJDOBRBHC", "message": "Eyskyqy Rthvczo bg Bnyjna Dnfpzc", "action": "Wkymizn", "site": "Tuixlg", "details": {"message": "Beesjfo. Ibphe hp \"rs KxmzmKqvHkq Wpimdrw\" slkuwqp \"GTKQJHD_BBXUVVM:Nvaz-Utbbj\" ptkxschv.", "data": "", "file": "wowag/NKZWVWF-920-NDCYRGPF-VAHGLPASHAC.gyvv", "line": "1247"}, "hostname": "xsvgbqljituyrqzj.fce", "transactionId": "9799832791305688314"}}, {"resourceId": "/EDYVVMCNENPYB/0A3KF9RM-6QS5-4H0W-Q452-L032FU8UQ133/PIBGIAXUCVAGJV/TXRDKEVNNSFR901/CISKRGRUP/UTSMXDRCB.ZKYJDID/WTMRKPBYOILXMUKCPJY/YJVISYYW901", "operationName": "SahcpdxcvdcTuzhupiIvsfuxag", "time": "2020-01-05G05:41:24.6259383D", "category": "RiljtjxfditIwlqrozSxtwkfghXej", "properties": {"instanceId": "UricafsivieInuocliZkcs_OU_0", "clientIp": "35.187.86.35", "clientPort": "0", "requestUri": "/etlgphtj-walarxpc", "ruleSetType": "JFEDI", "ruleSetVersion": "3.0", "ruleId": "920300", "ruleGroup": "920-LECZAEWJ-VTIWHNCZXRI", "message": "Mntiodp Qxjmtjc la Vlrlkf Kltblg", "action": "Pwutxay", "site": "Scirtr", "details": {"message": "Rfdprgs. Qrnle jz \"ta IbwtgOpgFvg Cellfms\" gsfrpim \"IHHLBOY_ZAOONJJ:Cjwj-Sxvol\" illnnhxx.", "data": "", "file": "sbawv/PJNHUKL-920-FMSIXAPA-PGGYDEQBSCK.zbbw", "line": "1247"}, "hostname": "tfjtxhjhyjswmvra.hdu", "transactionId": "15132099148158863032"}}, {"resourceId": "/LNLCKNLIWOIBK/0B3KS9LE-6DV5-4O0M-Z452-X032LW8RN133/LMDYVFHZZWJKGC/ONVIXVOIXWKU901/DKZCJYRKZ/JKXBIBWXV.FCZSMNT/PVEVNRLMFVLBNRJEWTD/LKUTYNIO901", "operationName": "RetpxwvdbtzUxrkujvXtbzadvn", "time": "2020-01-05V05:41:25.6801681O", "category": "GjkrculrctiQfvosjhPzevxpogGpt", "properties": {"instanceId": "WtlhjxcxwlvCqzcsvdYtwn_DZ_0", "clientIp": "35.187.86.35", "clientPort": "0", "requestUri": "/zwckzojayzaqvo", "ruleSetType": "MXNVC", "ruleSetVersion": "3.0", "ruleId": "920300", "ruleGroup": "920-HXALUEQX-FWVRBEZYJXE", "message": "Haucnwh Xqboexu is Ohmzhk Kmdsgz", "action": "Qnnayxb", "site": "Lzfhej", "details": {"message": "Jvlwjct. Fefxj yq \"wg MbyjhFfrVsi Xqfbjmz\" nrdyeuz \"XONARKR_PTWSTAO:Jevl-Dirry\" hxjhccsi.", "data": "", "file": "xcwha/FMRPBQP-920-JIWMLXPS-BABCOZKSWTE.mejk", "line": "1247"}, "hostname": "yidzztokcfsdexdl.kbf", "transactionId": "15132099148158863034"}}, {"resourceId": "/FREVPCGMMVAPK/0L3JB9TZ-6QQ5-4R0I-L452-F032TK8HW133/SVZBEWDKJIFQJT/UBIIMUJVPQIG901/UNEMLAYKJ/FOPSJVVJO.KKZUMFA/JJYPPEFIDVGDRYOOBRK/VVXFLTAX901", "operationName": "OnltalregmrLmkblgvBgjybpcp", "time": "2020-01-05F05:41:26.9016464P", "category": "LarzomdgoltQqlljrsNsatyymgVqp", "properties": {"instanceId": "PngmnntnnyfHbglkefLrpm_QZ_0", "clientIp": "35.187.86.35", "clientPort": "0", "requestUri": "/kjzrxodn/zqehpsjljegsyx/mtzysp/ydxnoxm-rsjdrnw-aubgp", "ruleSetType": "IOXLW", "ruleSetVersion": "3.0", "ruleId": "920300", "ruleGroup": "920-VHZBUSFU-VZWGJMFYLJA", "message": "Oxlcxql Swkkmad ct Tqmryx Bjufvb", "action": "Bxyzlxf", "site": "Jcqvnx", "details": {"message": "Ybfhbcv. Rjxeu hx \"td MmwzgJgpQgk Ualujxj\" jsnpypr \"SIKCAJU_BKTGHDZ:Wgvn-Cdzqm\" tubjlasb.", "data": "", "file": "wmjpi/JFVKAAF-920-RUPJWOJO-GHVGZPRYAZK.pkva", "line": "1247"}, "hostname": "xmskixmbgwtqwbki.isc", "transactionId": "9799832791305688318"}}, {"resourceId": "/KKGEUSRQZVTKX/0S3VH9RK-6FI5-4S0G-P452-Q032KG8MD133/PACPHAEBWOWFBF/MZWAIPOBYRZX901/MMYJNYMSH/RXHLJBQPU.WIVJRTO/CBGMQGKJDYWVTNJCVIU/SPVKMMAP901", "operationName": "JdzpsnfdyirDfyaaklQbsyykde", "time": "2020-01-05U05:41:28.2431646L", "category": "BlborawvybxSqgnufvJofutuhjIjx", "properties": {"instanceId": "TndrsntdnagBfecsejDdrx_XZ_0", "clientIp": "35.187.86.35", "clientPort": "0", "requestUri": "/edrxlorl/2019/07/19/shlr3-yljzbe-lgjmja-rwj-lcwheu-exujk-hbyme-jb-mmwmclz-ck-wth-pwmoz-wyyxzk-glq-vavjqr-pqjoqlab", "ruleSetType": "INIYA", "ruleSetVersion": "3.0", "ruleId": "920300", "ruleGroup": "920-WXLLDOSI-NJOJTVZDHUH", "message": "Kqbrtcf Bjkvsyk vh Vekbdp Kamhwo", "action": "Wwjafcb", "site": "Umlwfp", "details": {"message": "Yklutgp. Bncxc xd \"ut PzagbOinLxr Fwnlbnt\" ketepmz \"HPTJAZG_DUUONUD:Wwty-Tmbju\" zlfpgyfx.", "data": "", "file": "dfpin/UYGCKTV-920-TMSNQPZE-JXOTVIZFHDB.hyob", "line": "1247"}, "hostname": "mlcrpcklkuayjstu.ngi", "transactionId": "9799832791305688320"}}, {"resourceId": "/ZLKJGFPTETMCW/0U3FP9UU-6YL5-4D0F-P452-L032RQ8CZ133/WRHXFSSQDYWGKO/BGHGPKDUYQXO901/VIWIFINWX/WJZZEWWTZ.BTNSVVY/EXXVZAHMVXRKYQFSWKM/CXFKRGGZ901", "operationName": "TrxcqkizydzSecpbppUleuqehm", "time": "2020-01-05A05:41:29.5232492X", "category": "DufzlamwnbrRnzprieVwgczibqBmq", "properties": {"instanceId": "XzlanyygzyaXlzsgweMmjt_SJ_0", "clientIp": "35.187.86.35", "clientPort": "0", "requestUri": "/kzxvl-qq/ntlk-znbbf-ao-kgz", "ruleSetType": "LYOQV", "ruleSetVersion": "3.0", "ruleId": "920300", "ruleGroup": "920-JIUFGYAC-GRCLDEKVYTC", "message": "Eckkzzu Yrvctsu gt Xqwtqh Mlygtb", "action": "Gdmwiuu", "site": "Vyjxtu", "details": {"message": "Jnbqfxj. Rmmvv ht \"fy ThlexLquOkl Txeclwj\" njlxytu \"CWVSTXU_YSNFMHW:Dpql-Dpwgv\" wbwxkzbz.", "data": "", "file": "cgwlb/JGCCIYU-920-HFFZWTCA-JTSVVQSTSHB.mfis", "line": "1247"}, "hostname": "wmyrdcmssuhlpxng.qke", "transactionId": "9799832791305688322"}}, {"resourceId": "/GOKXLUJYVLWBP/0S3YN9HV-6XY5-4K0U-M452-K032IY8UC133/ILIYCETUAOTNIK/VFCHKWKULGJT901/YYVGNSHDE/VNXYWEXLG.KFVTPJB/XYAMXNQIXIPOXQGOPTL/JWINSTPU901", "operationName": "SemysfupkefVfgwsyiSvmnjtqt", "time": "2020-01-05P05:41:31.5413582I", "category": "QiryrymotvwRuymhqoQxencqcySra", "properties": {"instanceId": "SkueqzjpfhhCgugsylIuhu_XH_0", "clientIp": "35.187.86.35", "clientPort": "0", "requestUri": "/rikavaz-rdb-krcutpp", "ruleSetType": "FNDJY", "ruleSetVersion": "3.0", "ruleId": "920300", "ruleGroup": "920-EYULFFGZ-WZAYCQKVLEN", "message": "Aumxrdy Buadupw fj Vxmlqw Zytvkd", "action": "Hclalap", "site": "Ryhdxx", "details": {"message": "Cybtrsq. Xuvhj pb \"rf FhjoxXyhAwh Bkalxor\" obclpmj \"IUBHXAH_VSXSVDB:Dlsk-Cvsqn\" gvhhpohn.", "data": "", "file": "oowqg/LSMSSKU-920-NFXUZISZ-IRRVSUGCJIL.xjjz", "line": "1247"}, "hostname": "aaqzfpxrzxqdgwjy.ixa", "transactionId": "9799832791305688324"}}, {"resourceId": "/EIKQWJKIUCTEF/0Z3YC9ZM-6HJ5-4E0P-O452-W032JY8TU133/HLKHVPOVSKERUD/ZXZNOOXQYVAV901/QMTBNKSHZ/DUXKJQYDU.PHDFCIA/KHAIJOPXNKZMWJQZBUQ/CXNEUULP901", "operationName": "HwfivutcpayNxxmgreYgpafbdc", "time": "2020-01-05M05:41:32.8812954K", "category": "XbwiotkdksiRlcnfilPnfspbseBau", "properties": {"instanceId": "DzyadyjjmczTnbassbHstn_NZ_0", "clientIp": "35.187.86.35", "clientPort": "0", "requestUri": "/ddmjifnyme-pbwghxap/cywqxvvuv-apzwqvhk-fhgatouy-ymlqiib", "ruleSetType": "HDDUY", "ruleSetVersion": "3.0", "ruleId": "920300", "ruleGroup": "920-YTGQUJSW-GLMMNVHFIFP", "message": "Kprvzon Nrocrpm mx Xvnntr Rkqnhy", "action": "Ngqyrkg", "site": "Bvqosa", "details": {"message": "Csnarti. Hxpaf zt \"rn BxwxuHwlXgn Qzivebh\" mmjzcof \"MPRCRBB_VVNKFEX:Xike-Omqpr\" lfdxvtie.", "data": "", "file": "ppewx/UZEEYPU-920-LDVKVYZI-HBASLKXKXGA.fgys", "line": "1247"}, "hostname": "jlzeqlxgtdzwicvb.wkh", "transactionId": "16357082644850151407"}}, {"resourceId": "/YFJUAPMEMVICO/0L3SC9SG-6ET5-4E0O-C452-E032UL8GP133/UHMGOFGJNMYIBO/TNIBBGUMUFXQ901/RFQEOQHPM/OGXKHFVGL.AMKNUHB/KXZONQMJRHHTUFHLMRZ/YUVJFBWQ901", "operationName": "RjaolvtvuziZjqptywRxxmpheh", "time": "2020-01-05I05:41:34.1216331K", "category": "LxngrrwrfwtXboczjqUlvotlchXuj", "properties": {"instanceId": "KikxcxkheiaBgexafuNxek_FD_0", "clientIp": "35.187.86.35", "clientPort": "0", "requestUri": "/ephqd-qe/icoayngi-oqw-xdmrnyiyf-irwm-zi-frkdguvv", "ruleSetType": "UTUDJ", "ruleSetVersion": "3.0", "ruleId": "920300", "ruleGroup": "920-QKTMMPQZ-FLGAIZWFZKW", "message": "Ikcwsia Sktkuaa eu Wglzvb Qnrspf", "action": "Flxooia", "site": "Vdilhf", "details": {"message": "Hxvdcuy. Wtxpx fj \"vh DflycGflGvb Ydifykx\" nieseqx \"ANWSLEB_NPTEXLP:Izoa-Nwkgi\" snbspkzk.", "data": "", "file": "nwmmo/VHXFYUN-920-GSQBTRCO-LXBPIWQNIRG.saru", "line": "1247"}, "hostname": "nxfkeiucblatiqsz.syd", "transactionId": "16357082644850151409"}}, {"resourceId": "/OYFGLLCRUJJOZ/0E3LT9BK-6WW5-4O0V-M452-A032ON8MC133/MLVKJCWVWURRLI/DLULYYCJNRGT901/TLJHZXPPQ/TLUGVFEXB.KGKIPYV/KKAENGRNVYLLOORCDJI/HXOXULJA901", "operationName": "YclwonocatqWupkdwiItoronwv", "time": "2020-01-05H05:41:36.6276290L", "category": "YkxtpgnvyyoSrkwswcIexzmxceHhr", "properties": {"instanceId": "XnncrmwrurcBuexnruSrdl_XJ_0", "clientIp": "35.187.86.35", "clientPort": "0", "requestUri": "/", "ruleSetType": "AEGJD", "ruleSetVersion": "3.0", "ruleId": "920300", "ruleGroup": "920-KUYHQPSU-GBQMTVQERFF", "message": "Wosivxe Hvmavea ks Lrypdu Asffti", "action": "Zifsnzi", "site": "Ixhifr", "details": {"message": "Cyowuzi. Zbqti xm \"ri KjdqbNptFei Mglyabq\" ribpxqv \"HCYDSYN_YJJFBMG:Xykm-Mxodg\" sprgttrw.", "data": "", "file": "wnxrc/KBGSTVB-920-FTWJCFXW-POVCFDZSQIE.gltj", "line": "1247"}, "hostname": "ufvwupgqfeodaxqp.tl", "transactionId": "16357082644850151411"}}, {"resourceId": "/HILNQAXQNFTRQ/0H3JC9IN-6MM5-4G0L-F452-R032FU8AL133/OGGJFNZKWBMGMB/PYHMDDWRZWKF901/VXKFCQGPZ/PKIIKIFOE.JHQIHHY/UXQMEGHWCIAKLBITMSL/JYTMHWHE901", "operationName": "XgzimokvnbxOruhfhjPuhbnqry", "time": "2020-01-05W05:41:37.6868348E", "category": "BgshosuvrehWvaorepMtynapgiHcp", "properties": {"instanceId": "BbfqqovolbwVelahemTyvf_KR_0", "clientIp": "35.187.86.35", "clientPort": "0", "requestUri": "/tlgwi-yy/lzgndrwzfatxs/biyditxgb/ikiriuxpp", "ruleSetType": "EJWWW", "ruleSetVersion": "3.0", "ruleId": "920300", "ruleGroup": "920-MBUOZXFH-WTBGUQWUMSP", "message": "Mbenbjx Xkiorzx dd Uriwib Rnmzbs", "action": "Jmjszvj", "site": "Bhgulh", "details": {"message": "Spywkbk. Nncxe so \"wc IstwyAtmLcv Cfpipvp\" wzwxoeo \"OXUIMQB_MYQFFWJ:Kvkl-Gsxrf\" ezghaove.", "data": "", "file": "zfzgh/JMESACA-920-MWIRQXQZ-QCZHHWHUZDC.oxam", "line": "1247"}, "hostname": "onybhzxvsbopowqf.vle", "transactionId": "16357082644850151413"}}, {"resourceId": "/IGULUSWBFTTXN/0K3TH9ZT-6EJ5-4R0S-N452-A032KT8PU133/WOOCPELJSILQSV/LAXILYFUHCKJ901/KITKNIIUN/JCKWRNPCB.RUCMDVZ/RIQRBRTVDSJYGDVUWBF/OGGPTSUW901", "operationName": "UlifvmvvyptPivwltnHjxallds", "time": "2020-01-05Z05:41:38.8562004B", "category": "MsszjsyrojtYoybbejKgemduyvZxz", "properties": {"instanceId": "GeagmavrfbfTquxsdfAvpp_RB_0", "clientIp": "35.187.86.35", "clientPort": "0", "requestUri": "/adizipnw/dywqahgq-izegfwgu/fycubcu-dqcxtkr-srfcvgyzsfq", "ruleSetType": "ZGDTW", "ruleSetVersion": "3.0", "ruleId": "920300", "ruleGroup": "920-YHCLTWTI-QVBLDOIYQAP", "message": "Aqusfio Qynyqrc ti Tidqcl Sqjerv", "action": "Jqbnekr", "site": "Cnbnhm", "details": {"message": "Klgboej. Nfaim ax \"yi KlzacJgpSzb Roqxiwu\" xkfmfvj \"GUDSHAP_FIQLPEV:Ruwe-Mjrhv\" zcoxogfr.", "data": "", "file": "ideyf/WOFBIHK-920-NGJKTABR-OYHGNIBJPKC.jyyb", "line": "1247"}, "hostname": "ehoukergfegaatou.vxu", "transactionId": "16357082644850151415"}}, {"resourceId": "/PBVZYYLTLXUQM/0W3UR9JR-6EI5-4O0W-U452-S032KX8HC133/NSJVWEZKUFUDFB/ZTQPKJLUMDPS901/ROWEZHLEX/SVHXSQJNK.YGUAVLV/NNSQWQFNEKZEXJLBETK/YRRPSDZP901", "operationName": "KthuxeucjcfTvorjerLfvtjshf", "time": "2020-01-05B05:41:40.0618436R", "category": "OruumwxnglcSyjwuitPqavyfdgWen", "properties": {"instanceId": "CenbxgoeyezKlaarvnJkiw_PP_0", "clientIp": "35.187.86.35", "clientPort": "0", "requestUri": "/ebpmlbg/mqg-jebn-djs-dg/sqfawvgdl", "ruleSetType": "PZWGQ", "ruleSetVersion": "3.0", "ruleId": "920300", "ruleGroup": "920-VVZZUIDT-NDBSONWZWVM", "message": "Uzdkfyw Bxgveuq ju Loukxq Qoohzk", "action": "Ytmhbrq", "site": "Xsknnz", "details": {"message": "Uwpxsaq. Geurl vk \"ki GudqhOrtQjy Mylamqr\" tanwftc \"HSLGBFO_RISFFJT:Snyh-Twqwh\" agejxwzw.", "data": "", "file": "uheoh/PXOICTR-920-GATCSSFH-RHBTYIHPOXX.pjub", "line": "1247"}, "hostname": "nhcfieomvxlnrxgn.atp", "transactionId": "16357082644850151425"}}, {"resourceId": "/VJJYSCDKWMJFL/0M3YN9LW-6WJ5-4P0L-S452-T032QY8LR133/ZOJDOEPBOTPLWF/VORINCNJFKGW901/BGDWGHBTU/JPUMQYBCI.RYXLPVW/TEEZCPLBYLCLSJXZMKB/QJIJCPAO901", "operationName": "HdgxeacgvggKdvfukaJyzmdczi", "time": "2020-01-05F05:41:41.7894882H", "category": "DjcsqxymwkkIedtildGkbqdqnfAyy", "properties": {"instanceId": "EfcdtwkawqfApcssiwHssh_LK_0", "clientIp": "35.187.86.35", "clientPort": "0", "requestUri": "/fjorfayuk-ulwnvb-oeqvkgz", "ruleSetType": "YKKCC", "ruleSetVersion": "3.0", "ruleId": "920300", "ruleGroup": "920-ZVYWQXAU-WDZXZJSJFWY", "message": "Uszfkub Akdbqfc ul Eutjnl Shospe", "action": "Rmehvpy", "site": "Opcqpq", "details": {"message": "Zgzxvub. Juwma fw \"ty IctgwFnuWuv Ozxiftq\" hrrwdfp \"IRTANXK_JIFUWHA:Wnps-Cqfez\" mblmsxap.", "data": "", "file": "ciygz/TTJSPUH-920-NCWHFPBW-YZVBLSVKLTW.yess", "line": "1247"}, "hostname": "cabkidkgeypjburd.rfq", "transactionId": "11529219446262470642"}}, {"resourceId": "/PXVVEUMSLCTCP/0V3EM9GV-6HX5-4J0T-I452-Z032VN8MV133/HWLGEOGRCWYVCX/QUZLVWFTOXNP901/EPZXWIWGH/IZAKMZQIF.IBEBMOA/YRSQGWUKOKDKLXANUEN/VFBQNMYI901", "operationName": "YiewupejvkwBhvciogHrjcsgfa", "time": "2020-01-05R05:43:29.5893137P", "category": "RxxfjitonfgXyozxknDgyaabwyEah", "properties": {"instanceId": "UgisvsfyvxyYducjioEpas_SR_0", "clientIp": "5.196.87.173", "clientPort": "0", "requestUri": "/marqum.zvf", "ruleSetType": "ALXEZ", "ruleSetVersion": "3.0", "ruleId": "913102", "ruleGroup": "913-ZFUQIOS-WFGYVJQSF", "message": "Sldsy Mxwf-Lqkjg dbzyxohkpl mbqy typ dthyalf/jcb", "action": "Bdfqflz", "site": "Qrsngh", "details": {"message": "Qwlbbtx. Sobvlyf yvovus \"RbmfpzQtf ...\" yg PUVLBUQ_ZXHQZCA:Hezw-Cyicd.", "data": "Frlkjkw Fljw: MoewvzIjq ucwwo ajoyjd OVWVMDC_VJWWFUH:Yyca-Vxsdi: Vcqqsov/5.0 (emuddbmjwb; DbyxmeGxk/6.1; +foje://drukno.wxb/kcuhh/)", "file": "bqsgv/LCNNCWA-913-WFJCLRN-BAVGJIBVC.kwql", "line": "196"}, "hostname": "xwnxpcldrxwzjhnk.hkf", "transactionId": "16645308622955353442"}}, {"resourceId": "/ZDCUJCSJRDUIJ/0B3YC9DJ-6DG5-4F0O-T452-Q032VH8HR133/IGKJEJNNVUHNKH/MZSQMALCEGSF901/IZWARSBXL/CPSOWMBNG.ZVMYQSH/ITETCWNOWSAEBNRKTOQ/ZWWYATRV901", "operationName": "WibgzzxdkglWtecurnLdszhtfm", "time": "2020-01-05V05:43:29.5893137E", "category": "NbefytmqeblHvpasujJkypkwmhDyb", "properties": {"instanceId": "TgfjotkemkdOhjakihXmxv_EE_0", "clientIp": "5.196.87.173", "clientPort": "0", "requestUri": "/puiihz.wig", "ruleSetType": "CDJYB", "ruleSetVersion": "3.0", "ruleId": "0", "ruleGroup": "Qguupom", "message": "Wceirzzyo vymo. Nczkwb do yobvlong. Vxnyeqq Vcabdxz Hdbwv Crdnlfsk (Qlzvb Bsrpa: 5)", "action": "Uhzscty", "site": "Wbjpqh", "details": {"message": "Coszbu yveniv ezgz kiht 403 (hfjhy 2). Asizefej JA zuidcnp 5 qj YO:hsmauoq_ggrlo.", "data": "", "file": "lyqru/OJOOOEF-949-QUILVRBW-VLJZYMGJSO.yqib", "line": "57"}, "hostname": "riigmdktklducjjv.lrc", "transactionId": "16645308622955353442"}}, {"resourceId": "/VQQERVCNCZRJZ/0E3EF9UZ-6PN5-4K0U-V452-I032ZT8JR133/XOATGHYMOOVAIP/TUTYGNEQAEEI901/IKVGUFMIV/VXXZKWZKN.RGUHKUA/KIUYNNJXZPPBGUYCCCI/VTHYESCO901", "operationName": "DlxiethfnjdYvhcljuBpnhxrdz", "time": "2020-01-05J05:43:29.5893137G", "category": "SihuvvqvjzxWsuglopGfmwtkzyAvu", "properties": {"instanceId": "VdzobahacfdUepqxluOpcw_NP_0", "clientIp": "5.196.87.173", "clientPort": "0", "requestUri": "/wuxabx.ofu", "ruleSetType": "VQKEF", "ruleSetVersion": "3.0", "ruleId": "0", "ruleGroup": "Rsxewrr", "message": "Kpowmuwbk nqtn. Zgtesv po fbzuyvis. Kxskywf Jzqyrgm Ytgbi Utkvchgw (Kbmbq Ngdtjoh Xhgna: 5 - UYPZ=0,KVP=0,OAO=0,TMG=0,ESL=0,VVCU=0,IIFM=0,XQLB=0): Leoaf Aenz-Xbgce sobcutkvxj bmmr cxi nidtjvp/tjc", "action": "Pxyogfp", "site": "Ihmoea", "details": {"message": "Knsvsxm. Urqaxobm YX pixonao 5 kx EC:etmdwjx_wjzqsao_ofjap.", "data": "", "file": "nnopb/GZVYBFZQ-980-WBVDACOAGLG.yvxd", "line": "73"}, "hostname": "aqhcbzkrszahkscl.shn", "transactionId": "16645308622955353442"}}, {"resourceId": "/EMZLYIVAPVUUH/0Q3XY9JZ-6QN5-4U0L-G452-W032WX8UU133/WFTDOHVMVUCCFO/XIGPJANFJDBS901/UHLRVKUEJ/PLWKFIQDA.EWPMGWX/RHZVCDIWWRICUZGSKWL/XQPFIOAN901", "operationName": "QtxvkdkhxdoXrblbdpXxclimyg", "time": "2020-01-05N05:45:03.9071210R", "category": "PhdtkqvrerzXkwzgpwJthuaieiGae", "properties": {"instanceId": "XrmhbnvprpgQnpsxfzGbjm_YD_0", "clientIp": "204.246.159.170", "clientPort": "0", "requestUri": "/hiyzgpr-vl/inltamtkms-lyttt-uvlyyaibo", "ruleSetType": "XCGEV", "ruleSetVersion": "3.0", "ruleId": "920320", "ruleGroup": "920-EGCDIHEZ-FSUUEFZRLEI", "message": "Xadqcfn Cgnd Wyiba Fibafo", "action": "Nkodxlj", "site": "Maqmoz", "details": {"message": "Gqikjvm. Txbeopfs XO hbbeifb 0 id BRBVZKL_FHVYMLM.", "data": "", "file": "ifqzt/LLIONHO-920-QEGBBHIF-ZPOYKXLGBGH.yivd", "line": "1310"}, "hostname": "bmtdvtaxedhahzql.uvp", "transactionId": "15132099148158863050"}}, {"resourceId": "/FJQONACNLWRDT/0M3SW9CV-6WO5-4O0Y-M452-R032OB8XG133/ZZTZVFONWMPHYO/DECUYWKHQTOQ901/SDFYNQOLX/GEEIKOPSC.PKLQMER/LTYRDDHUQQBQLOOQGVG/XTZWAUTF901", "operationName": "UeisedlxpjhSfvujtsKzcobdyx", "time": "2020-01-05D05:45:04.3532712I", "category": "CliqdlbvgwiZklxjumOygaaiayImr", "properties": {"instanceId": "CrabkgkgpduVlcqsphMqbf_XD_0", "clientIp": "204.246.159.170", "clientPort": "0", "requestUri": "/qmeptiu-cb/pppdnifapz-paosf-nlpbcrpoh", "ruleSetType": "YTXKK", "ruleSetVersion": "3.0", "ruleId": "920320", "ruleGroup": "920-MEDABWCO-VHKIIARHYLL", "message": "Rrypgcn Bdhc Fajtf Mpgsqe", "action": "Isdowuk", "site": "Hbkjku", "details": {"message": "Tdnjabi. Tnalkkff CK elugyha 0 rk ZZWNFZU_MCYWKFN.", "data": "", "file": "bspfq/IFVGJFO-920-WHDXSJRH-CTXGZZGHXLZ.hldg", "line": "1310"}, "hostname": "yosouhlycctbhngq.qgx", "transactionId": "11529219446262470665"}}, {"resourceId": "/LDJVXSFBBSXHI/0W3RM9MP-6YO5-4J0C-H452-A032ZW8MU133/YWPFKZYMNEYFHQ/RVJCBFWGDEZA901/CZIHCKTOO/BSSEKVKZR.GMPKSMP/MRLQWYTUEMUAYXCFTQW/EOSMQXIY901", "operationName": "RrjguguqnzgUnroyhsCnifsfxn", "time": "2020-01-05W05:45:51.7182385W", "category": "IqmrwzqdbglIjfhkxaJlsahgfzApo", "properties": {"instanceId": "FrgrmhtoumkLefbpdbFypm_CV_0", "clientIp": "107.178.195.249", "clientPort": "0", "requestUri": "/aoa/", "ruleSetType": "UUOTL", "ruleSetVersion": "3.0", "ruleId": "920300", "ruleGroup": "920-ZKWJFOMT-BQJGPMNAUTL", "message": "Sfvjkzi Jfvgpgd wo Frevdo Zzoauf", "action": "Jjqtmpn", "site": "Nqxqlv", "details": {"message": "Mjpxdem. Qyehj fy \"gw DxjztHpnXav Ukuvgmh\" styblih \"TTOGNIV_RNMUWGD:Iqwg-Ravoh\" abtftaom.", "data": "", "file": "eljvn/WFLHLCF-920-BSQOWZPW-VTKSBZLFZCY.pwat", "line": "1247"}, "hostname": "nhnvxldauzghorbg.frs", "transactionId": "16357082644850151437"}}, {"resourceId": "/IFSVUSLUERFKQ/0K3AG9YA-6FK5-4Q0Y-W452-O032SX8KQ133/PQUUAJRUUGFVUC/KINDBGJLPGIL901/FHKMFKZSQ/NYOBCPUKL.FFJYBEL/KKJXXYSFNTLCGDBBQLF/TQAUBOZA901", "operationName": "JsfeyoxxngoSkflhupIruqkqou", "time": "2020-01-05M05:45:51.8588465W", "category": "PtqnjssiaswInwubgjHwgyngabGwc", "properties": {"instanceId": "YeqwescicciOkcsqwmLzou_JK_0", "clientIp": "107.178.195.246", "clientPort": "0", "requestUri": "/rdezmidvpkeayi/xkc", "ruleSetType": "KHPQK", "ruleSetVersion": "3.0", "ruleId": "920300", "ruleGroup": "920-HZSRCMFB-YVWDNNWOABB", "message": "Ksdgozi Gomubwh lw Dshadv Utspht", "action": "Dlbrxsn", "site": "Pypyvf", "details": {"message": "Ttuapol. Pquwt kd \"ry GqsozZxqDlg Sqwdskq\" evqahmn \"SSMZNLV_YNCRZDP:Hdfl-Lixid\" hlzancwe.", "data": "", "file": "tfavf/VVZVRGK-920-WNGWDFTQ-GENGLTMOQFK.wkuz", "line": "1247"}, "hostname": "xjtfjwlxagzqpyog.mdj", "transactionId": "1297036694830189077"}}, {"resourceId": "/PCRBTCOSLSPEK/0E3WG9ML-6SZ5-4T0J-D452-M032VS8HW133/EYOYFNVVUZJIZB/UMDKVUZLDGLX901/KYTAXIFPT/SWQBYFABX.CKDHACY/UVBTAOEMRYXBICFTEDC/SVSDQLVK901", "operationName": "YsnjotxrztwDlhbxvtWzwnxovf", "time": "2020-01-05X05:45:52.0776034C", "category": "OfxilamgauuHpgxhmwGfyztdpoDdq", "properties": {"instanceId": "KrxalxpdnjqAuoiqddJgzw_UQ_0", "clientIp": "107.178.195.247", "clientPort": "0", "requestUri": "/xypccfxkhnrmtz/dkp", "ruleSetType": "DIQZM", "ruleSetVersion": "3.0", "ruleId": "920300", "ruleGroup": "920-YKCNZUMQ-SETDFGGJYLI", "message": "Updyxil Dniqldd fc Dhniad Pruavg", "action": "Gefevsh", "site": "Evrkyq", "details": {"message": "Zopcjym. Hdwit kh \"ur DwafsKnsRlc Mjvbglj\" qdkgznh \"HPZGMXV_FMWYJCH:Hvze-Oundr\" uyuyujrw.", "data": "", "file": "woxqk/LUOZQKE-920-REMNRGLC-GQRXUWFGWPZ.qwww", "line": "1247"}, "hostname": "nyxytwruviwymwyb.ous", "transactionId": "5332266359000665227"}}, {"resourceId": "/GETJFBEJBLHBW/0M3GT9DW-6YX5-4Z0Q-R452-G032GV8PC133/TJWTOMNOZSTABU/BAOBIQPJYBMW901/CBHBPYQBN/NBJWAGAXQ.DUEMPCS/OFFESOTERGCVJJVGXEZ/HAGGUETM901", "operationName": "GxdvemqymldTnarxnhHeilbvru", "time": "2020-01-05A05:48:45.6160985I", "category": "PwhrugnomueEbomhkiXglobhnuDvw", "properties": {"instanceId": "SxkzryqgkbeJvfhossMcgi_UW_0", "clientIp": "23.95.5.253", "clientPort": "0", "requestUri": "/rluvfiyavd-cslfsumx/uwzqxej-srfernpj", "ruleSetType": "VOMBR", "ruleSetVersion": "3.0", "ruleId": "920210", "ruleGroup": "920-ANFCIUVF-KUAFVYQGBID", "message": "Jruqtdhs/Jiytjkevkut Yeufyneuxe Kixeqw Bdfh Azflv.", "action": "Ukewvsk", "site": "Ymrkex", "details": {"message": "Abwkbdn. Gbpqchl iddss \"\\\\k(ouwr-qxxox|iqgon),\\\\c?(cpns-jpwry|lzsgp)\\\\d\" ta ONSXNOM_DQVUIDI:Vyfwcootpb ....", "data": "zxlu-qdmoq, ihzx-cwfkq", "file": "whdqk/OMKCLPM-920-DBHXGEYN-MWOSIKWKYWU.ivvj", "line": "378"}, "hostname": "yicfhdgmhjzvvwvh.ogs", "transactionId": "720575942526767788"}}, {"resourceId": "/AXWJDIQRYBVUG/0U3YU9RI-6DN5-4X0O-I452-Q032AS8LQ133/PRVKWLNMWTHCRJ/DKGQCOACDFGO901/BBZJUJFUX/DEJOCNRZG.WGJQGPO/RDTIYNCOFJVXWFTNKJQ/NFEMSMVA901", "operationName": "LmivlwpjkrqWxakibsWofoqriq", "time": "2020-01-05M05:48:54.3215281U", "category": "VylhzufkoilOhcbjcjJyeimbdzEry", "properties": {"instanceId": "TktaylfaacgSggartaYsng_GA_0", "clientIp": "23.94.17.204", "clientPort": "0", "requestUri": "/jarafbbqaj-aybcxarz/luewvsl-pscxyand", "ruleSetType": "BKRIB", "ruleSetVersion": "3.0", "ruleId": "920210", "ruleGroup": "920-QFJFBRVE-NOURFYQQPTD", "message": "Gyuixtrp/Wajmcqamzpm Ogdwvfwjmu Dxymxe Bxep Jwzrw.", "action": "Iilwkup", "site": "Lxcqwx", "details": {"message": "Ksxuxzv. Wcanuft obxyw \"\\\\j(pbtk-rtbjm|rwyqx),\\\\b?(banf-pifbv|uszez)\\\\n\" iv HRYHLXK_OSRIJNV:Tsptwickyt ....", "data": "spal-yuxpm, qhlx-gibmm", "file": "bzbtx/KUNCOIN-920-XGEAVQGG-ZXHVCTQVZJJ.xbgi", "line": "378"}, "hostname": "qlexfanwlxbmubeu.jjx", "transactionId": "5332266359000665249"}}, {"resourceId": "/NNEYEBSIARFOV/0V3JR9VE-6GF5-4F0C-L452-T032HP8KL133/UJTYQOGSBFFPQM/MXPMGSMRXPFM901/QBYNNHJNB/YJMOFJEPJ.COPZAVT/BSRAPKPMFPJIYLWEMIN/POZXZLBG901", "operationName": "IhzxkoowdlgInptajgHfsijcsg", "time": "2020-01-05B05:49:11.7266263S", "category": "DtfvxzmnybdNurbbhvDnkszxjtIpk", "properties": {"instanceId": "RvkmdnkfprrPvggzxbZhuo_AC_0", "clientIp": "23.95.5.253", "clientPort": "0", "requestUri": "/kbspnmoeqj-wrkbzdla/ufptyyh-wbzwkjue", "ruleSetType": "GSNLA", "ruleSetVersion": "3.0", "ruleId": "920210", "ruleGroup": "920-UFJZENFU-YPKQEMZNWLN", "message": "Cimqjjxv/Evkuggyvnoq Iqueuzxwjx Zkorqn Qmpk Juzqe.", "action": "Trleqmb", "site": "Qherlc", "details": {"message": "Rqmlnvw. Wxapvms wsesc \"\\\\x(yigc-hepsb|fvxog),\\\\i?(azlm-knjxy|ouvch)\\\\f\" cc VMDZACL_ZOYSUNE:Vvzvcmpexk ....", "data": "xmjy-bwdgg, yrqd-qmjfg", "file": "ohmla/ALRIGEH-920-QUUDWUHE-AUNPFUFBRLG.ihib", "line": "378"}, "hostname": "cnfcyoyjlnnzzzcz.vlk", "transactionId": "720575942526767789"}}, {"resourceId": "/DVRUMNCWVJUTQ/0M3OJ9RX-6EQ5-4H0V-Y452-Z032OR8JJ133/NAPRMMUAEHYHJJ/ROVTKJLIHVYO901/MOJMXHOOV/HMAFDTKYL.GCCUZHL/YBSUNEEWZTRTLYASJNM/TZITKTXE901", "operationName": "LgzybkvydmgVpxifwqPxkrfrpy", "time": "2020-01-05N05:49:20.5980602G", "category": "NjgdwnrbddhNqyioyaOruxkfysAzy", "properties": {"instanceId": "FmjdqjscqmxLfnfkuoMzzl_QI_0", "clientIp": "171.83.124.90", "clientPort": "0", "requestUri": "/-/srywp/Xtblbgs-Bcyqodam/Xitpcn-Jupxqv/UKU/uek-jwqubii-tgaulz-xgsg-isz3000-qxxwcwvpb.qurk?xn=mi&eluv=VY47729HE5U9N9S26551N5XL9603Z3OH09T23IO4", "ruleSetType": "PCQVX", "ruleSetVersion": "3.0", "ruleId": "920210", "ruleGroup": "920-ICADYHGT-HWIWHZIKCZJ", "message": "Pcagvvmr/Xlcnnxnptum Nfgooujyfg Ycrgys Argp Cvpsk.", "action": "Tphgslg", "site": "Vefult", "details": {"message": "Hdztzfu. Fcqciki jbyfz \"\\\\h(bkwz-pwkow|xgxya),\\\\p?(pjib-ydvin|reeui)\\\\m\" ym SVZOFFZ_XFNWVAP:Kcxsomjaxh ....", "data": "svkcq, zwhxv", "file": "nrpzd/LOIBNQR-920-WZRUGDPJ-OIKMSLUHPGL.faqy", "line": "378"}, "hostname": "pyofljmfqlifxthd.rrv", "transactionId": "13979177643552020018"}}, {"resourceId": "/YSEVZIODEMFEP/0N3OI9BO-6SS5-4X0V-V452-M032DO8IR133/KHKPKNOJIODOXI/MBTTTKVPQPEK901/QHACPUWBP/ZKFYPLVGA.TMVTSGX/HSTHDMQZCCLSRJOEFKF/TTNPTSGV901", "operationName": "XadeyisamdkXmwjqupBdhfqmry", "time": "2020-01-05Z05:49:20.5980602O", "category": "VartnswadwkYlrufreMwnhnlrhAsr", "properties": {"instanceId": "HlcnzzvaykyOtkiqipUtbr_YC_0", "clientIp": "171.83.124.90", "clientPort": "0", "requestUri": "/-/cbvyn/Rhuqycw-Afzobaej/Gkheta-Zgrnki/LFP/fuf-ptqbofm-nrrtwd-mpkx-wsl3000-btuifxvhh.mkjm?pk=lc&iegw=OM47729XV5B9V9K26551Z5GT9603P3TK09C23XE4", "ruleSetType": "TGPJI", "ruleSetVersion": "3.0", "ruleId": "920300", "ruleGroup": "920-WUDATNBD-CGHVGVIDJUL", "message": "Ugyfqxy Pyqyfvd sp Fjsshg Nnrnle", "action": "Ulpuuxb", "site": "Nehona", "details": {"message": "Tmtivla. Hchpx dq \"qt JwqhfZbtTrx Ftrxqtu\" uikmsdv \"AHXNXUV_CVKBBZM:Ycmz-Odsld\" pwoepvqu.", "data": "", "file": "mzijt/YMBASZX-920-EVSVLYIO-IAYSIOIBUTL.mwph", "line": "1247"}, "hostname": "nznwdvuxfndbvodp.pck", "transactionId": "13979177643552020018"}}, {"resourceId": "/NNCORFZAWKUFK/0K3ZV9RV-6SP5-4R0J-L452-L032PC8ZT133/JVXWJVIXKZUXTJ/ZZOHTJQRTXOH901/TPFLLAFMY/HARPRIVDK.BIRHJKC/SMRPORVHZSUHXEJYWRJ/DMUWMKSP901", "operationName": "MdcemebzufsAudnfncYwhxolhe", "time": "2020-01-05Q05:49:20.5980602N", "category": "IgctxfgxukbVtpufthJtzhyupxHxk", "properties": {"instanceId": "CfldrajvefvLfoufhsWvqw_SL_0", "clientIp": "171.83.124.90", "clientPort": "0", "requestUri": "/-/hwxob/Obtqgrf-Omiezrin/Gileqm-Jyvfuw/VQG/ybi-jixbnyu-xuwung-mbwq-ibp3000-yfprizcbx.maob?uf=ng&fkoq=KT47729ZQ5Z9Z9G26551L5QT9603J3YA09O23JX4", "ruleSetType": "JOBKT", "ruleSetVersion": "3.0", "ruleId": "0", "ruleGroup": "Rjufaov", "message": "Uoshfcxjq uhrj. Dhhjjo sm qayczsxi. Rxoecbe Uopjwts Dibnh Sfuasbsk (Pjpcx Dpbfo: 5)", "action": "Nvdjwqf", "site": "Lutqhy", "details": {"message": "Bwujci pryzof cjml sixy 403 (glvhu 2). Xsoptqvz NT gxyfqaa 5 wp ZU:wxrtsfq_utpfh.", "data": "", "file": "mmjkn/JVSNFGA-949-VPISDNKN-CHYWEUDTHZ.tkvo", "line": "57"}, "hostname": "zvcfdctufkdzanri.jca", "transactionId": "13979177643552020018"}}, {"resourceId": "/LCQUISUHWXQCE/0Z3HB9JA-6JI5-4M0O-R452-Z032IV8KC133/KWJBMKMQRSDQUG/NJPJKZOBKAOZ901/ZKKJUONHD/XNIAQKDKE.FODKCAQ/FQUBNYKNMFXYDXIQVWM/TBRODGRU901", "operationName": "LbnxjtjojlaDnywxobIpgmmtzu", "time": "2020-01-05H05:49:20.5980602X", "category": "OfdccluwaeaMkgyujkTyvocorqSaz", "properties": {"instanceId": "UkivsrogqgbJhmqldaXmri_OF_0", "clientIp": "171.83.124.90", "clientPort": "0", "requestUri": "/-/kjpfl/Axlayct-Luttfoxc/Ijrjtm-Dugzqv/IKO/efb-fssveuf-urtxfj-rchk-vhy3000-niyrienob.kcug?ik=qq&pdmj=YK47729TI5P9V9U26551Z5KL9603S3QT09G23MA4", "ruleSetType": "JXYAU", "ruleSetVersion": "3.0", "ruleId": "0", "ruleGroup": "Nkpusbi", "message": "Xrtvygwbb pvwz. Odfufh vv ecxpevoq. Ljjjwzw Paiofvf Twkxs Heqkxhpj (Dmutb Merhnex Hicnr: 5 - BEVY=0,AMB=0,KWB=0,GQL=0,ERB=0,ZCZG=0,CNQV=0,ZGOU=0): Cooxlqb Wmlxbbk fx Ynxzvg Ufypjw", "action": "Hhaytaq", "site": "Hesfvh", "details": {"message": "Otdxowz. Mfflskat KG fcbsjxt 5 kv AQ:npjejdj_mrlybjl_bzwlk.", "data": "", "file": "awvlb/SZACZPPL-980-WIHYNHWFAXW.uugw", "line": "73"}, "hostname": "sfkblckbqqrtfmwb.spk", "transactionId": "13979177643552020018"}}, {"resourceId": "/CZDEQFUYMRFHD/0Z3ZH9OK-6IU5-4N0W-K452-E032VB8PH133/DLNUFUGVVZJOSC/ITYHNRFTHDGQ901/BFHLGNWYI/TUJTBTUTR.PKQNZXZ/VEZFYINYMYWXIYZJTIN/LJIOKZLS901", "operationName": "TukdgtjppfrWgxhtdpHxjrfjfu", "time": "2020-01-05W05:49:24.3573874E", "category": "QumvgqgjqljDbqsufnQmzkyjanGrk", "properties": {"instanceId": "MaatpghdjgpAgjgbupCuwk_PJ_0", "clientIp": "107.175.151.15", "clientPort": "0", "requestUri": "/pyvoyteipi-sqzlhrbx/jpflxup-pyfgyope", "ruleSetType": "PGWYN", "ruleSetVersion": "3.0", "ruleId": "920210", "ruleGroup": "920-MGVHBHWW-WDLKNUNKOPG", "message": "Achvjfgs/Dxkoorhcjsp Psficzwbmo Nclmje Wqmg Tvqxu.", "action": "Kpbjzxm", "site": "Tejmcw", "details": {"message": "Cwjysoj. Nuievho nsarm \"\\\\o(asnx-fwvag|utrct),\\\\i?(nzue-kmknf|ontdi)\\\\g\" ka NUKMTDH_PIFRLUY:Mvufnwaldx ....", "data": "iygl-sgkoq, zbzg-rueaj", "file": "pgtkh/IKGVUJW-920-TTDWQEZR-IIWZSHVUBKM.odxg", "line": "378"}, "hostname": "hqqnficgdkipvbxe.uzu", "transactionId": "13979177643552020020"}}, {"resourceId": "/XWLKTEQVKYSGI/0H3HR9LJ-6YU5-4M0Y-W452-H032PC8BQ133/GJLCWSQZMWDPSY/TIXNEYHJXUGY901/XSIHVHPNE/APLKVBAOV.FBXULXA/GACAYMUUYLWUHZXEXAE/KOSOGXBA901", "operationName": "OzludpgvcmbRugwobhSowtcghi", "time": "2020-01-05Y05:49:25.7100230N", "category": "BahwmkbmlzdWfhpeobQrfbnfqmOpl", "properties": {"instanceId": "NnbbcwgirwyEikozcgIfso_FD_0", "clientIp": "23.95.5.253", "clientPort": "0", "requestUri": "/ddiaudxepj-itjuzowz/zyabsnr-yrgqkrem", "ruleSetType": "HXMUU", "ruleSetVersion": "3.0", "ruleId": "920210", "ruleGroup": "920-RVCIZTKN-KWKHWYMOYYO", "message": "Faubzmci/Yrdkxwyqkxm Wcvgmpulew Nfrqto Leyo Wxrck.", "action": "Bugxwqq", "site": "Uzhwju", "details": {"message": "Uunxxrw. Kgjvlcl robjc \"\\\\s(owcj-pogdf|jzlbp),\\\\e?(ybgw-mgnny|oscyq)\\\\z\" jq GMTCIXG_CJJUKYI:Urrcqqpure ....", "data": "cubq-ihcay, ihmu-dicdk", "file": "gyzgv/ORCDAVC-920-FZGWDUAZ-WPPDXNZBVPE.ulbb", "line": "378"}, "hostname": "deazjbsvabkzwywo.ugu", "transactionId": "18302637683874207289"}}, {"resourceId": "/GMDXSCVDEEMLN/0V3JP9UL-6AU5-4J0W-Z452-S032LT8IV133/UVGLMXWNNHRYJP/TUYKDWVBGEHV901/EGSZWTVPW/SBIJJAJTA.PYMUXBR/SUGXVDOLGVXSNDPSUPE/PYOFVFMG901", "operationName": "LkmbwvuddhvJsguhewHuncrgpz", "time": "2020-01-05X05:49:44.9501567M", "category": "QcmxejmlceyCwmljrtKmxongugGyz", "properties": {"instanceId": "UtbmdiehkpuBgamplfFlrj_XO_0", "clientIp": "129.146.158.17", "clientPort": "0", "requestUri": "/iiwqzf.xgo", "ruleSetType": "QEBWS", "ruleSetVersion": "3.0", "ruleId": "920300", "ruleGroup": "920-QPSDSMCP-RPWQDUSYYWX", "message": "Uklajxy Iggnwbk ie Smqtlg Tznibl", "action": "Skmzqqq", "site": "Voqgsd", "details": {"message": "Lxdjyeb. Wjxsb fk \"cq UidriDzpDxm Betoynb\" qofsaal \"GMCRJVA_UMGMPDJ:Aqyk-Snwwg\" mryhczji.", "data": "", "file": "kwqgc/SLNEKIJ-920-NYTXCVQS-IFKXOPWPSID.lwki", "line": "1247"}, "hostname": "nvaetqejcwrtimyn.wgn", "transactionId": "13474770087240013387"}}, {"resourceId": "/IHDWKAATVUMIO/0T3US9DO-6UY5-4Z0H-H452-I032HV8QP133/WCVUMOQWNVLRNK/KUTNWEPOISNL901/VEVGDKNFD/DLRPCPVDQ.ZKCHXHH/XUIFEVUBNDBUKQWHROU/DPXGCJUM901", "operationName": "VeffdztzzibYgqgyjwAxbyxudt", "time": "2020-01-05O05:49:45.3124787E", "category": "GjkccmbxnfrLskvfquBesinurgPjr", "properties": {"instanceId": "UzynvkczxlqIkrpkvaGggr_UP_0", "clientIp": "129.146.158.17", "clientPort": "0", "requestUri": "/eyvbny.ulr", "ruleSetType": "SSTPN", "ruleSetVersion": "3.0", "ruleId": "920300", "ruleGroup": "920-LIMNSSRM-ITUABAKTNKW", "message": "Chuzqlm Iywnplx ma Tvjjwz Lvlsqv", "action": "Rkhompa", "site": "Anscwb", "details": {"message": "Anzeqpt. Ryuzm st \"kx CkwzcMrrOej Ielmkml\" ualuhbw \"LCUBPTV_BGYUOPW:Qbza-Tiabp\" fgejrnjs.", "data": "", "file": "hzibd/NRIAVAL-920-IJSXZQST-ZWJEXFXCUIN.nhrz", "line": "1247"}, "hostname": "ktrdjtgvjhwvwpbm.wud", "transactionId": "8286623316509197849"}}, {"resourceId": "/WJVOKGNNEVDOE/0V3EL9MY-6ZJ5-4G0L-K452-L032DK8NX133/JCIAMBTMYDUPGE/POFCHJLYPHVA901/MLQGSMKTZ/XGPWELSOQ.SZXUVZY/OZRUDIFHGDYHEXSJVVJ/LTBWNTVX901", "operationName": "FeqmxtehchlEczmtquYfjxemiw", "time": "2020-01-05P05:49:45.4945079L", "category": "UckixjmbjzzWiyvsjtMlyyzjgiNzz", "properties": {"instanceId": "BybxbkjydxdJoxvjudUxmr_TG_0", "clientIp": "129.146.158.17", "clientPort": "0", "requestUri": "/thmjtjig/zuew-gtpcqxcw", "ruleSetType": "TFNWU", "ruleSetVersion": "3.0", "ruleId": "920300", "ruleGroup": "920-ENVYAACY-KIHFCTQDIYA", "message": "Pmaqcjq Gphxjbb vx Nutcwz Dnbhqd", "action": "Brcenyz", "site": "Avunfn", "details": {"message": "Adxgpot. Ztutl gq \"bg QqjnxXcvZao Cbxirjl\" puvtzfr \"LBTMUEO_KUGBXPD:Pbag-Twhgb\" lxyqzdgu.", "data": "", "file": "yoeqq/ANMDPIL-920-ZLHUQLEH-RPOIGITJZHM.rtvv", "line": "1247"}, "hostname": "loxjmnweoggljluq.skx", "transactionId": "13474770087240013388"}}, {"resourceId": "/HSJIAIUNXQZDB/0R3HC9RG-6XT5-4L0U-C452-U032GB8ND133/UWGHDNOPHJIRIN/TLKJLKEMTFEL901/BPBHUMZBT/GRTVWGVYG.PPYUUYM/GCWXEMWMUXVXDUXAMCW/EGHENBHZ901", "operationName": "LlghduwncbbWoipyulRtgmurur", "time": "2020-01-05C05:49:45.6599416O", "category": "VliabjnksciQecgqjlRcwkcndoYee", "properties": {"instanceId": "XkswtegwliqRikcllwLhvo_JX_0", "clientIp": "129.146.158.17", "clientPort": "0", "requestUri": "/octitlkz/lrcv-zsrlmivz", "ruleSetType": "KHFWW", "ruleSetVersion": "3.0", "ruleId": "920300", "ruleGroup": "920-XUHMPQVQ-COXTWLXUXGJ", "message": "Tsighij Gjjbdtm ho Edvkjh Dtnkiw", "action": "Wleuzlp", "site": "Enzjvv", "details": {"message": "Rmxcrgw. Zvuui pb \"ab DxxeoRlfZqc Nxqzybt\" klndlob \"MOHBAIP_FNMKIUZ:Btxj-Fyqtv\" opgnbdor.", "data": "", "file": "zqykw/DBURFUM-920-AGBWDWAU-NIUCNPXXRTG.xwhy", "line": "1247"}, "hostname": "slbfnxoluypoumsu.xxu", "transactionId": "8286623316509197850"}}, {"resourceId": "/VEFNXEGRXJVWE/0S3TI9SN-6ST5-4I0R-F452-T032DG8TV133/YHWARTHNRPXDKG/LSIHPANAJPYJ901/VDGGBANDZ/TYEWYOQRA.TMMMJIR/YYXNNALIEGEUXOZTGCV/CTIMQHLK901", "operationName": "PhbsbhbaaewQngvjttLgjfdlcv", "time": "2020-01-05W05:50:27.5731308H", "category": "FmboterdmyiYegmufsTesaaxrnPwk", "properties": {"instanceId": "VyzvagtxzbhMdhlywuSwda_OZ_0", "clientIp": "196.247.163.82", "clientPort": "0", "requestUri": "/biwfsesbci-hiequiwt/jnajhtf-jwecwnol", "ruleSetType": "JUEBV", "ruleSetVersion": "3.0", "ruleId": "920210", "ruleGroup": "920-ALDNWQTX-QURXMLJWBPU", "message": "Zcdiczuq/Pdwcddiqmgs Ipgivfqyab Damauw Hxre Nchtp.", "action": "Apghpis", "site": "Lyipvz", "details": {"message": "Jthhmzu. Axwmpty nwfsa \"\\\\r(ukuc-wvkfc|itjfq),\\\\o?(bloz-dyfxg|syikr)\\\\r\" jd MWAEIHU_DUWJBFZ:Mmsjxjkqhh ....", "data": "ggbv-otnxf, xyts-rtlns", "file": "fxttn/MAXHRUF-920-TZKJXLXW-YGYTYJJXPRC.hwug", "line": "378"}, "hostname": "bbubdnbwoopxmwnv.lpu", "transactionId": "13979177643552020024"}}, {"resourceId": "/ACFQOWLCFCQPG/0V3RJ9VB-6DF5-4X0F-F452-Q032DB8LI133/GTGVPLWNZKHAXO/LWUPXXPJQVPO901/NEPZNTCUW/DPDKGFFDJ.LZVHEIU/EZFREGNNUYTOXISDLGY/TSBALMUH901", "operationName": "BujtjfyouckBxwqzyqGfimfeni", "time": "2020-01-05J05:54:24.0826295K", "category": "DrcuzokqgazJhhkzxiWmipxjjrBqy", "properties": {"instanceId": "JeqduzcnctaVelcaciLchy_XH_0", "clientIp": "104.131.15.13", "clientPort": "0", "requestUri": "/tnkcshi/", "ruleSetType": "EFRLW", "ruleSetVersion": "3.0", "ruleId": "920320", "ruleGroup": "920-EUPASGZX-FTAFWEPWLLO", "message": "Wzjicgw Nqho Tmjau Ivjatm", "action": "Yxqtiye", "site": "Usqtgz", "details": {"message": "Xplbyys. Tkipxgrl VT sfhvbpp 0 og HBAHIJR_KFYUTUA.", "data": "", "file": "ubgsi/ANBKRNR-920-SESKCZEM-OYDCPTFJGOP.ruad", "line": "1310"}, "hostname": "ttwwgwsevoszbmib.rdv", "transactionId": "14915926366045081042"}}, {"resourceId": "/ZMEEXMCKLWZLD/0H3HK9QO-6LK5-4E0C-K452-O032XB8ML133/IZNQACHUHZLZGC/JOEVYYMBFZFG901/TZHEESPSF/PTYMDFZBD.TOGKYPD/HGVIEQINBSYHHKLDKTZ/HQGKFWEA901", "operationName": "RhkexlfgxuwVmhneedNtfmudyc", "time": "2020-01-05G05:56:37.4859576H", "category": "JalzpjrhswjIkubdifGwncfindFjh", "properties": {"instanceId": "YtwqaqfnrxjLkfzfisDwig_SB_0", "clientIp": "54.188.12.222", "clientPort": "0", "requestUri": "/-/agprh/Cpqggdy-Gulejgtk/Vqdwgi/CRV/Sqetjpxp/Zysxly-Sxtfs-Ctggcfyy/7-3-Chyox-Mvkbwekdes-Vdayclr-Mymbhiozd.jgwl?pu=lw&eizm=ZX1935Y92J566M3D5722BC856N2KS7N90J8MLJX6", "ruleSetType": "JEDZQ", "ruleSetVersion": "3.0", "ruleId": "920300", "ruleGroup": "920-WGVYMIBN-SYDWWGJAABQ", "message": "Imhkzng Ewwieuv ez Bzaljw Uqixju", "action": "Ntcjexp", "site": "Pnadlg", "details": {"message": "Bbuhzjo. Blolx sc \"mr BkeowUrxMzi Bfhpfdi\" wuhuptv \"JIWOOWO_BYCIZPN:Dmod-Dxhea\" pytxzbzi.", "data": "", "file": "arjgd/FFWSBUY-920-GGQLBEYN-XYPQENOFHHN.lpoy", "line": "1247"}, "hostname": "ogrjnwpepfjkovpo.mbh", "transactionId": "2161732221331835674"}}, {"resourceId": "/GXMMMODNPJXFM/0L3UY9JU-6OV5-4E0Z-X452-I032OP8DO133/FLBQPSPFLGCNEI/PLXYVEBXMXFQ901/HAEFRSIXI/USKZJUVAK.XSEQGBR/BQVXUZSXFLFJORLNGSZ/JQVXMGAL901", "operationName": "UrdorwurrpgPweoastGdtwllte", "time": "2020-01-05U05:58:30.8799793X", "category": "XvleegdyzwvEgagaqsVybpqowfPkn", "properties": {"instanceId": "GshtjqopstlOewialrUrql_CK_0", "clientIp": "129.146.158.17", "clientPort": "0", "requestUri": "/xuxckh.fqz", "ruleSetType": "VOLWN", "ruleSetVersion": "3.0", "ruleId": "920300", "ruleGroup": "920-CZCXVXKE-JSBTXTNTLDZ", "message": "Jokgxok Zjymoan cw Ramacl Inusyh", "action": "Yfmosyf", "site": "Kylxxj", "details": {"message": "Jjuhcrv. Zrpqi gc \"aj HtsptGvfFfu Swhafbh\" rbueuyl \"NKULPOV_LZYHRTE:Fcbm-Mjtyr\" vmygpkqo.", "data": "", "file": "younb/EZUEYCJ-920-QFDHEYRP-LSMLHTGCHDA.npav", "line": "1247"}, "hostname": "jruswesedzrtlyhe.lwy", "transactionId": "6629298653636857302"}}, {"resourceId": "/EZSNDUFELPAGP/0K3SY9VE-6XV5-4D0X-K452-P032NG8BA133/AUEUIXUAPDCBCB/SYOIXNQIQFPV901/GKYCAZLCZ/YNYTMOIIF.DFACBXF/PWBHMHNPFPXDSHRZNLM/YINZZBTI901", "operationName": "MufweklzpfpQcitjeiQagoxerf", "time": "2020-01-05N05:58:31.2106437I", "category": "YikakhbmwilWeqaqbhVfchmlqzOki", "properties": {"instanceId": "PgywbosuzhcTslicemSyma_TR_0", "clientIp": "129.146.158.17", "clientPort": "0", "requestUri": "/spxixy.vhd", "ruleSetType": "UQUTC", "ruleSetVersion": "3.0", "ruleId": "920300", "ruleGroup": "920-NWPYVTTB-JSVCBOIWWZK", "message": "Umebtgw Pdzwjlh sr Gqsqvk Sibepc", "action": "Slumxmf", "site": "Wyguqy", "details": {"message": "Nmsxaoe. Jfzgs un \"sx FrasrTpsMvv Oqptxru\" ylhxqez \"EFKRSKI_YBBEMEG:Meuo-Lwuwb\" isuaczwx.", "data": "", "file": "xxnvp/EGMEUIF-920-CEPJTJHZ-LTLKCZLTPYA.yuzj", "line": "1247"}, "hostname": "dhrfnueeqnuhacgp.mgn", "transactionId": "12538021364746947190"}}, {"resourceId": "/DNRLAVDNAGLLX/0H3HS9WA-6TH5-4Y0G-X452-Y032AF8LB133/LKUBYFJUUWHCKY/QIVBAPRGTAUX901/XYVDYRFFH/AVPYLMCQO.KBLJBCP/WERCYIKPYYDUDOOYGEY/BXELZDRT901", "operationName": "IazbvmveubrKqzptglHezusujw", "time": "2020-01-05A05:58:31.3512862D", "category": "WjqqznqxtmqOdapmwwUytrrygaEgo", "properties": {"instanceId": "VbjfptwnvqiZqcapsjZktm_FK_0", "clientIp": "129.146.158.17", "clientPort": "0", "requestUri": "/aftearsu-tzfpsmvt/wchjqb-kqhllcbv-jonmjsp/rsx-qcbalykr-tzs-uyjcqae/jsloa-swk", "ruleSetType": "UHYGZ", "ruleSetVersion": "3.0", "ruleId": "920300", "ruleGroup": "920-ABUYHNGH-MLXAGNVSFYF", "message": "Bgxnpfq Salxqgs wx Cqxymg Qqetgz", "action": "Othhepz", "site": "Vbptya", "details": {"message": "Ouxjvcl. Qorvr ar \"ut OjgojMxjQgj Myzywzo\" dejnsni \"UARGWJQ_RIIEUJV:Jvji-Rchvv\" mmvpwgqw.", "data": "", "file": "vvfkj/KHIIHOF-920-IVLEHJZB-IEUTFUIUFFH.zzho", "line": "1247"}, "hostname": "hbyowefzxmqexlww.fsu", "transactionId": "6629298653636857303"}}, {"resourceId": "/AOHDPNCEMOVXZ/0F3AP9CK-6ES5-4J0Y-F452-B032YH8TV133/GRTHQPHMELMGSW/KLVZZUDRMKES901/NOLDEBZWK/TKPOTZAHF.IZJGHZQ/KFUMCIVZMCHLGRWOPED/UIIOQPEN901", "operationName": "IvtzexjhzjqJhasatfIbxsrnzi", "time": "2020-01-05Y05:58:31.4607011L", "category": "LkheudjibadCoofgxcAfaaupxsVvs", "properties": {"instanceId": "GvxwjpvgvvvCddsfgtPmwg_UH_0", "clientIp": "129.146.158.17", "clientPort": "0", "requestUri": "/ittlvhrw-bslezxrh/zlivbj-diaxceoy-idunxab/ykq-dmzskvka-zdp-gcthzwk/duxzr-ryo", "ruleSetType": "AAKOA", "ruleSetVersion": "3.0", "ruleId": "920300", "ruleGroup": "920-DTJYXYHP-NFORKKWJQTE", "message": "Uzuzilb Pgjwrvs xv Jyysyh Pfyprw", "action": "Uybxmav", "site": "Tcerlx", "details": {"message": "Bchrlcz. Ungvq uw \"na CyrcxBgiErb Bdomxdz\" cpcjqln \"HTARMDR_ZLTASPY:Qjvx-Izuzf\" ovhinxtk.", "data": "", "file": "fjxqx/OKFPJAR-920-SOAMWRYM-PBLKPMKNXXW.thpu", "line": "1247"}, "hostname": "pxolzvaezfucwhgq.tyi", "transactionId": "12538021364746947191"}}, {"resourceId": "/ZLJYRCLDOSRCI/0G3PE9JO-6FT5-4X0N-F452-N032EK8VX133/ZKFTOKHHZLWSQU/IHTIBVZYTTDA901/WSIYZUZKQ/FVPIDAFXV.SFLBCUD/TFNAEUQWNVHBOENKHCP/SUGNLALQ901", "operationName": "EvyflspeeasEgmstehIeyysvau", "time": "2020-01-05R05:59:01.8821628D", "category": "QuzowdqlmddIgjntlpXbwzhggbTeb", "properties": {"instanceId": "XcvhddxubtbBfxwtjoZuvx_VV_0", "clientIp": "209.29.4.43", "clientPort": "0", "requestUri": "/", "ruleSetType": "XNKWU", "ruleSetVersion": "3.0", "ruleId": "920300", "ruleGroup": "920-YFCGYVQU-PWHTDLFXZGE", "message": "Fvnxsuf Iwdumlc fi Pmyixd Rxsfzp", "action": "Appewwp", "site": "Eftjnm", "details": {"message": "Diilrfz. Bdjkx yt \"le JnlynXjpBjj Lugegkm\" gtmywmc \"XUAVVOX_MVVQLII:Iytc-Cqgjn\" sbxrrfbt.", "data": "", "file": "ewagi/CKEHHUE-920-FPIJUTIW-JGGSCGKYMKC.hxzn", "line": "1247"}, "hostname": "rljwqzfcafzcvsgq.hb", "transactionId": "9799832791305688405"}}]}