{"logs": [{"resourceId": "/VNQZJERBLRHDD/0G3XU9RW-6DV5-4Z0R-Z452-A032FU8OC133/WPHAZSVXZTAKIK/KFBBJOZFVUPL901/ADWEZQSEB/XMFDADUDH.ONJNRVH/OYSEXDLQQHUUBYXYMAL/JXICIIVH901", "operationName": "JsnxcnlonduErxpyltUgwbopum", "time": "2020-01-01I15:01:02.7313479H", "category": "NtysfyecosqKoffynkCvtzkwzdPay", "properties": {"instanceId": "NzndpwbpghxEfwatqjHbzj_KE_0", "clientIp": "23.96.59.35", "clientPort": "0", "requestUri": "/404", "ruleSetType": "USGGE", "ruleSetVersion": "3.0", "ruleId": "920320", "ruleGroup": "920-SGIKTQZV-GBUVNZOXJBU", "message": "Euxighm Wbxu Tapid Ckxqcw", "action": "Obyyofe", "site": "Pjkyxe", "details": {"message": "Lekexxa. Rsggxyph QB qbhdesh 0 by NRFDGLL_AISHQVP.", "data": "", "file": "dqghg/PUZBJNO-920-AEAZXVCH-OGZVIGZOKEG.gztb", "line": "1310"}, "hostname": "oarwnysloqpbdhqd.epb", "transactionId": "1513209476943979574"}}, {"resourceId": "/YLZVVLZNLAUIX/0P3TG9ZA-6LJ5-4N0O-E452-M032WK8XI133/LNZCXHPSPYDISJ/DYHLKTFSOPLH901/IVKTSXFGM/RESOHAEZD.LCIOSVX/GSBGYOUFDXRZJHLKPQE/ZGWNEFZP901", "operationName": "KfwyaeqzglzQbftskzZdtlyrut", "time": "2020-01-01W15:01:02.8096949N", "category": "DcyqlrvikzhBkhqfkoVmyfdijtGph", "properties": {"instanceId": "YhdoulklehsJljyrquWhwu_RX_0", "clientIp": "23.96.59.35", "clientPort": "0", "requestUri": "/404", "ruleSetType": "JPDYQ", "ruleSetVersion": "3.0", "ruleId": "920320", "ruleGroup": "920-EOXMZRCV-JOGFLMHIPFE", "message": "Uxkfcpd Xwqz Kkzia Xlvhpe", "action": "Gpjwozy", "site": "Mtwcxw", "details": {"message": "Fubiskk. Lhuzxoge AX uxlgowl 0 ye POTENDU_FVBLNAI.", "data": "", "file": "ooqni/OBCQHHY-920-NPYIJXGY-HVLDDOMSVXI.hhbg", "line": "1310"}, "hostname": "zlbuqwaujuvpioik.fgn", "transactionId": "7133706209948873907"}}, {"resourceId": "/COYKQDOGBVMJI/0L3KR9OB-6LQ5-4D0X-Z452-S032YN8YD133/MBEVYJMOMBVVLP/TAHMJSMMPLGI901/FGVTETVOY/CRIHUOZKO.IVFGENH/TETXOVQHMXRLTFPKLHT/TLOCIHLN901", "operationName": "EhunckgrfjkUqorgbrVvzmtkde", "time": "2020-01-01F15:04:15.6672630S", "category": "RduhdxnglyzYhvfkviIjcfcuiqVyi", "properties": {"instanceId": "JbybgihfxasWixsudnPgiu_JZ_0", "clientIp": "5.188.84.61", "clientPort": "0", "requestUri": "/tdryvfysdelmtmd", "ruleSetType": "JPQJY", "ruleSetVersion": "3.0", "ruleId": "920300", "ruleGroup": "920-ZUHUGVPC-LQNPAPGUPYV", "message": "Piwwbjh Zlfwtyc vy Lqvlym Uxdxfb", "action": "Ivxwdxa", "site": "Uehiud", "details": {"message": "Slsymib. Phoxv xx \"wn FutzaOnhIwx Scqhfzj\" vjqkpdx \"HWSKRFH_PTLIMLB:Ezad-Fongg\" ytaxdccg.", "data": "", "file": "ywjfm/MUIYLKH-920-GFEXJTJC-GJOULVUIXZG.jhdd", "line": "1247"}, "hostname": "oirxbpprsqnckbqf.grg", "transactionId": "16285020652765724879"}}, {"resourceId": "/OQCIXPGBQPHKM/0A3ZX9YY-6TX5-4D0Q-I452-Y032KG8NR133/EKNXLSKYIXJZDA/ARDUAJDXJEEZ901/KWXCLWYJQ/TGIELHAPQ.GFMBIDG/MFMBGLMGZSIHKAJNLJU/BKBKWYJY901", "operationName": "WijwtouprggMdxqzhtJnimrdnx", "time": "2020-01-01D15:04:16.0024888M", "category": "TezhfjnycbeXkgvshjUesbmumfJgh", "properties": {"instanceId": "GqjfsgvybraIelvxbpEsgc_LB_0", "clientIp": "5.188.84.61", "clientPort": "0", "requestUri": "/kvsbgjcckw-ekjruqgl/zzowzzb-wpvclnrt", "ruleSetType": "TNGPG", "ruleSetVersion": "3.0", "ruleId": "920300", "ruleGroup": "920-MFDNIZKO-BPHYMLJAGCZ", "message": "Ctrhran Cdwkzuw rr Ufugka Xpfkkn", "action": "Nckhehq", "site": "Sozrdt", "details": {"message": "Kbvulsp. Cyxrc gw \"nw PexuqXvtQbu Lozwcuv\" xeibipm \"KNDFOVF_VCEVLFZ:Cxzg-Fbkeu\" atxmpnmz.", "data": "", "file": "cpuxz/YCGNGGC-920-HDHMRKGW-UYGHSMFZHBD.hmrm", "line": "1247"}, "hostname": "ztimvxuuxgljlizn.edw", "transactionId": "16285020652765724881"}}, {"resourceId": "/OEEDDYGDNTYJK/0F3NR9ZO-6OL5-4N0V-J452-Q032WX8DJ133/GLAGLCMBAUFVQC/DBCKGZMXIYLT901/GZCIWYTFE/GGAJDURKG.LWOLWNF/FHUEOSFDCYDXYIKDQCX/PFRHELVK901", "operationName": "WbsqvdbobgkIfkbleaWmxfywhc", "time": "2020-01-01H15:05:56.0565788M", "category": "MzlxwompqcaVeapkruMltkkddrOwj", "properties": {"instanceId": "IjvmeangrwuSuugybaNhsm_ZE_0", "clientIp": "148.64.56.70", "clientPort": "0", "requestUri": "/cvsloa.fyb", "ruleSetType": "RPKUT", "ruleSetVersion": "3.0", "ruleId": "913102", "ruleGroup": "913-ZXSISCF-ZUIUMFJLC", "message": "Izxbu Fkja-Hnwbp kcnfksqusw twvm ryi pwxlwxv/irv", "action": "Ykxlasr", "site": "Oiejyh", "details": {"message": "Cyxzywx. Pifuwzf dqibko \"MhrmbdrjpJkjbyzv/2.0 ...\" nq FLSFHCD_CVKWBEX:Ivrm-Gbijd.", "data": "Coogmph Pymr: UhyntbafxUgompkt/2.0 odctq ksvuvu FIXXBYN_DCOQZCC:Hfoi-Yvjzf: Zmnxono/5.0 (sihgwkqoow; JvowblflnSbifyna/2.0; +rmau://uyd.yuilhxusj.tm.ox/puuqqgn.vpr)", "file": "yqjyi/MBEDFEA-913-AIUJPGU-QCXUQWLXS.ekim", "line": "196"}, "hostname": "tptuwruqntmi.udg", "transactionId": "11601277040300414025"}}, {"resourceId": "/BKGCUKAQNYPYZ/0M3XY9SZ-6AJ5-4O0Y-K452-U032VP8CN133/SBNQZBASHTFEFU/IEOUIXDXFGVP901/FSVOCVYEJ/FZOZSNXLW.FOCARCD/MMWBZYPYVRDZBOUXCIJ/KQJWBEIV901", "operationName": "NkmazudlegjLkgfuwrZqysllif", "time": "2020-01-01C15:05:56.0736251F", "category": "YltxmhrvjmfIjdwbbjRdoqqksyNro", "properties": {"instanceId": "LafagjnwkksDdgwfufKxtt_VY_0", "clientIp": "148.64.56.70", "clientPort": "0", "requestUri": "/afhleo.lum", "ruleSetType": "KHUOS", "ruleSetVersion": "3.0", "ruleId": "0", "ruleGroup": "Egzgjnp", "message": "Ibrgorzss sbqp. Jbdikc ic kywgqpxa. Muyccin Tqwqpvd Lffos Yrnmpeha (Yjgoq Zsffz: 5)", "action": "Kqmhwlr", "site": "Uglrvz", "details": {"message": "Mgxket tgoqwz zxwa dysi 403 (konyg 2). Lybfhkmc TO sdxhaiw 5 la AM:nxiykwq_nvpyo.", "data": "", "file": "ffipt/KGSKROG-949-XHGAGQOZ-RBJWNSAAPH.rgzl", "line": "57"}, "hostname": "mmcmtctsvlhb.qar", "transactionId": "11601277040300414025"}}, {"resourceId": "/WBEMDHJDFZSGL/0O3ZP9MU-6KP5-4G0K-L452-U032JZ8XW133/LHYWEXZJMEFSWY/BGDHEJDYTIGS901/HZBJVTNHH/UTIYPXYWI.JHGCVUV/RVHYYXBGXQOJKCOTGQA/BHAVBNJG901", "operationName": "JsawnqfzuvyCmeatymPczoxxhq", "time": "2020-01-01V15:05:56.0736251E", "category": "WdgbofoougcPvbciniGqzxhhtcTcq", "properties": {"instanceId": "NverojcwehyItpbbnsZbuv_DX_0", "clientIp": "148.64.56.70", "clientPort": "0", "requestUri": "/jbwaag.mer", "ruleSetType": "FZXDH", "ruleSetVersion": "3.0", "ruleId": "0", "ruleGroup": "Ozntgrn", "message": "Kujivzuot sacf. Iovsuk cs lwegzilv. Scwdhum Pamwsbz Pvtkz Bqjtynli (Yrbwn Mctueuq Xtswl: 5 - TXWQ=0,SKJ=0,OAT=0,HSU=0,GVV=0,NDUA=0,JHJA=0,NZCH=0): Oarjg Bzjp-Spahp oaffjdevql ubal zkv tdylvzw/xxh", "action": "Ibeazhv", "site": "Jdafvy", "details": {"message": "Tyzgqft. Thujmkde KU vursvcz 5 td RQ:dysyijb_iqbxurh_vjkwm.", "data": "", "file": "nvwpq/EUHMHVVL-980-UGYBWWURCSE.gaoj", "line": "73"}, "hostname": "vobvpcrujdpi.uue", "transactionId": "11601277040300414025"}}, {"resourceId": "/DXYPWIQDAYUTN/0L3YB9GL-6EJ5-4H0T-W452-E032ER8QQ133/EHVEQHGUEUWFUZ/BOJAIDRVXMJI901/DXLLMPQBK/USZYYPSNP.ASXPCMT/TNAYVEYCACAPCVICJWF/ABUPDMXJ901", "operationName": "VsxieikapruAymqkgdTcuixocc", "time": "2020-01-01H15:05:57.2151625C", "category": "HeqidurhrvzBoqmzhoGlzwmcfhAyy", "properties": {"instanceId": "EwhhgknajxoCkrqdivEgci_ZA_0", "clientIp": "148.64.56.70", "clientPort": "0", "requestUri": "/gmjs-zxdulk-fafpj", "ruleSetType": "QHKTV", "ruleSetVersion": "3.0", "ruleId": "913102", "ruleGroup": "913-VZWQALL-FCRQSXDEV", "message": "Upnle Gufc-Vvwpq oemmelpyzw alkv sct haxherk/wrk", "action": "Eqvpzva", "site": "Lxjvvu", "details": {"message": "Lubkncb. Hymfvbo bsegbu \"RltbjyxsuOmfjwiz/2.0 ...\" ql GFRAAZI_FNYYBSG:Kajj-Wnvlr.", "data": "Gxjqxzv Egxt: RaftcimhfOutddxe/2.0 drzur xrobwh HIRZQIR_SXHENOF:Spmc-Fchfd: Ytjprhm/5.0 (ncaipbkoiv; HldsllrsgLyvovlp/2.0; +bzhm://xrb.iuhdylyyi.wt.xv/pjoyoyx.zzw)", "file": "oapxi/JHWOALB-913-AQFYYBM-IKHNMMGHS.lkzo", "line": "196"}, "hostname": "ewtvvibxmsce.fxo", "transactionId": "11601277040300414027"}}, {"resourceId": "/XBVMRCVLDLCLP/0H3PT9NQ-6AW5-4L0J-J452-B032QU8PR133/JAMFQJNQZGCSWH/WKXDIEXHDETR901/DBTSGATFJ/VDKNGITNM.PBNKEBG/OTQCYUNXOEKDMMAHKAK/NVNOABWY901", "operationName": "JuqqaudrojeMwaykovKtfqepct", "time": "2020-01-01M15:05:57.2151625C", "category": "SdzydjqebybAgirrbqQpngiuqbBtw", "properties": {"instanceId": "DflrxkooeacJjzqobpIjun_AD_0", "clientIp": "148.64.56.70", "clientPort": "0", "requestUri": "/klqa-kpjedx-bfqez", "ruleSetType": "JOYOW", "ruleSetVersion": "3.0", "ruleId": "0", "ruleGroup": "Vtqiiap", "message": "Fvxyyihpl ehuj. Nqwqge hf fvabxajo. Feladyp Ydwvdnr Fhean Laiphnte (Ywwot Lxcdm: 5)", "action": "Eqykicm", "site": "Eguxrt", "details": {"message": "Syjbfo xmewqh ujnz ayvv 403 (ecdfk 2). Ahzhfrmk VB zfloexv 5 bc KQ:jweftrc_jmveq.", "data": "", "file": "dpbrz/NJXPJPB-949-VBASXABR-SDNENKEVFC.spix", "line": "57"}, "hostname": "npofzfziipme.xjq", "transactionId": "11601277040300414027"}}, {"resourceId": "/AJPLLNUWLUULU/0O3WV9WP-6SO5-4D0I-P452-Y032HC8IX133/WNVWQNTGZTCGST/RSRIWEELNJVS901/USJKAGALN/VUSAZTPHG.TYZGFCB/BYVUKPODVVSWQJBQEAK/QKZWASHL901", "operationName": "UkwhgalumsrTromlhaAlticgri", "time": "2020-01-01W15:05:57.2151625O", "category": "GasvdydvsgsJdrcnlcXgmicwajGwd", "properties": {"instanceId": "IbrfodvdngkIhdkzbvHjnn_WR_0", "clientIp": "148.64.56.70", "clientPort": "0", "requestUri": "/setj-vrvewi-ebpos", "ruleSetType": "YZOPX", "ruleSetVersion": "3.0", "ruleId": "0", "ruleGroup": "Lxnfazn", "message": "Sfqkiwfao zaep. Hhssej xw vcxsyiaa. Saclkcp Nlubdsl Ksmgt Rrnlvkbq (Oamoz Ftrpvtk Yuvin: 5 - XGYQ=0,BQT=0,FKO=0,JAE=0,YDY=0,XDWF=0,ONAR=0,GOGX=0): Lyzfj Fdrf-Yialb ctzhvldygi zlbs ytz qssjuut/sed", "action": "Frqgzbz", "site": "Bmsqqr", "details": {"message": "Suzklac. Zzsiwyxb QI jmmxplt 5 gm UF:nfwhhsj_kxfnioj_khdhf.", "data": "", "file": "tvrjb/OGIQWZBL-980-IQDJZULZBTA.ruzc", "line": "73"}, "hostname": "ixqurfdxjyfu.dvp", "transactionId": "11601277040300414027"}}, {"resourceId": "/ZLYNHEDDVOLYW/0X3PN9PG-6OI5-4K0X-M452-N032UN8MJ133/XNMAXPKUPYCCCK/EIRYFUDUQQJT901/UMCNFNAVL/DBXMEXTSY.XGGIXOE/XUCUMXJPUVVPOWJDBJO/SRYOAHXT901", "operationName": "HbwpcrbbzelLnnvxybXjkmzpwj", "time": "2020-01-01M15:06:15.5578649D", "category": "YnabgwnzoukEbjvyphJrspnpypRmz", "properties": {"instanceId": "QzuayrgprrlCqljnyhVmvp_NW_0", "clientIp": "108.174.5.112", "clientPort": "0", "requestUri": "/rakik", "ruleSetType": "BKTFE", "ruleSetVersion": "3.0", "ruleId": "920300", "ruleGroup": "920-UFVEXZBO-YAZYCGYSBBA", "message": "Gnmmvnh Rlyojhm dj Xjqynq Sfjafc", "action": "Niztkxp", "site": "Brbjrt", "details": {"message": "Irykksk. Oidyv jd \"ix OkkaxHweBtu Ebpbmzu\" hylgubo \"BVDBHYN_FBRUZHK:Bwzl-Hnoon\" axtiegry.", "data": "", "file": "lktna/WSKXVAU-920-EBYKGMQD-YKWGNZPQAAL.klfp", "line": "1247"}, "hostname": "esjnazmpdespbiok.ov", "transactionId": "1513209476943979602"}}, {"resourceId": "/PDIAMUZKBCCPA/0Z3IO9ZT-6KQ5-4Y0J-Q452-T032MG8MA133/DRBWCDDHIHPIKB/IEZWIKLWYAWV901/RLLZDBXPG/VCJTVGHTM.LGYHMSN/NYERPERGGRAIBFRUKCK/AONULZXL901", "operationName": "NikqoylfutxEnurxpkNblksrxc", "time": "2020-01-01N15:11:10.7342212X", "category": "UnbpvxhrrdoIhdldgeDyxhitbnGcl", "properties": {"instanceId": "DiyqroyqefcZvwvmdrJkok_DS_0", "clientIp": "108.174.5.112", "clientPort": "0", "requestUri": "/-/cpusg/IUYF-Wbukpf/Havlbxck-Ttdl-Bavbtyqys-Fsnuofg/Tej_LKL_1.tbkr?j=250&h=445&gb=ql-SR&vl=unsbdo&xhbu=6JR65E4VY62B4490694OC22872980O7179YG853G", "ruleSetType": "MYJVX", "ruleSetVersion": "3.0", "ruleId": "920300", "ruleGroup": "920-WLKABYUJ-RCXBJOBVMZU", "message": "Lbtcmur Yjtcuzo ly Eeqqje Ynrjrn", "action": "Xpuybfh", "site": "Emgvqp", "details": {"message": "Shzlssl. Rteoa az \"uz QecdjEktAwh Cevpscv\" jwejgep \"UUGSIBD_OCFBMBZ:Swrd-Winev\" agyagpmp.", "data": "", "file": "llsbb/AIUEVCL-920-GCQGATVZ-GCVSTGBUBPX.weuk", "line": "1247"}, "hostname": "zytuxcjmbunxzkbo.zt", "transactionId": "12321857378726191132"}}, {"resourceId": "/KSHAOXXWFRZBB/0X3QK9HH-6UL5-4P0O-N452-K032IA8IQ133/TJNUMWHTOVYGYV/BVCUNYPOSVLI901/WXCXWQXJP/ZYFMLOCVY.OAGJMEO/RZHCLIHCECEUIUBUVHA/HECYNSLZ901", "operationName": "HjgsblprxiwBxxszpfMpjvopps", "time": "2020-01-01V15:11:10.8426080W", "category": "PwarxiijucvYkascbpVgmadsmoYhp", "properties": {"instanceId": "BebdmoubeqwSgxjlcfAina_YH_0", "clientIp": "108.174.5.112", "clientPort": "0", "requestUri": "/wq-NO/vcenkyjx/2018/08/02/Hxjkehjxp-Lwvxrb", "ruleSetType": "LFSZN", "ruleSetVersion": "3.0", "ruleId": "920300", "ruleGroup": "920-WYGFRVBF-YHGDELRGRXC", "message": "Phsokpy Jlidsvj me Yxnyba Kovlgu", "action": "Fyfpkxt", "site": "Ntwgbu", "details": {"message": "Duogzak. Yspmv dl \"vs JwuzaZljQfx Meidsmn\" ebxxadk \"UOFKJZH_MIGFBCI:Pgog-Vzmbr\" hjdsopxw.", "data": "", "file": "oyhqv/WHSOLMI-920-SFZMUPZY-MBXTOUKQKZZ.swqb", "line": "1247"}, "hostname": "prfmhfqkzenfrxsj.xr", "transactionId": "504407558459521990"}}, {"resourceId": "/LMUXXHWGKFKBC/0R3WH9YV-6NR5-4M0H-E452-R032DU8OL133/MCYUAWDLHTGVLU/RHKHGNKBXXLT901/ATRWZQTOM/GOLUWGTKU.DPWQYNX/KKEXCEBMRBVIQEUOPOB/UFBZRSCY901", "operationName": "FzspwivuzepRqplqlkVfjvkwnx", "time": "2020-01-01O15:11:10.9363642K", "category": "EgnoalloyucKxessuqXtgblkhfJwm", "properties": {"instanceId": "FbxjjawuwxrJpdhgbqHfnr_DK_0", "clientIp": "108.174.5.112", "clientPort": "0", "requestUri": "/-/gvkcg/HJVO-Zhsift/Gdqd-Eowruxzii-Muijrhl/eevoptmxij-xbs.lnpo?r=250&f=445&qu=xe-SG&ws=moqugh&nnqz=8488RNU628TOL4K558F3JM63Z1F15G711PCSP38G", "ruleSetType": "FFXKX", "ruleSetVersion": "3.0", "ruleId": "920300", "ruleGroup": "920-TWDOTQJH-CILLCVPKYAD", "message": "Estqzbl Ptumrla yk Gyjuhm Bxoakm", "action": "Pddwwmi", "site": "Hgmqjo", "details": {"message": "Syhgdhk. Xmhxd yt \"mi XtssbYygImj Kasezcw\" ekfesld \"KQNXUTF_RNSRABG:Spie-Hraeo\" zyixszjw.", "data": "", "file": "ewirq/DNARTCK-920-SKLPPNYD-LDTAKSHJIPB.gsqm", "line": "1247"}, "hostname": "wauauflgqzkwiwwh.eg", "transactionId": "1801439853095702548"}}, {"resourceId": "/EDPTMFWMIZZEI/0H3UW9ZW-6NZ5-4H0G-E452-Y032MI8MS133/EPOTJZEGMZPRGW/OKGFUFALECNS901/GISCCUMLH/OJVTWWBIE.YQRYMEZ/UDSVPEVLJZQYNURKKQN/JYGOBGTF901", "operationName": "HylhqxdbrugYwwmdkfDrxxpohi", "time": "2020-01-01M15:11:11.4854239F", "category": "JzjywxyygcbYwusmboXxngqyeaQkb", "properties": {"instanceId": "StyorlmfdagHxhkxsvKiqk_EP_0", "clientIp": "108.174.5.112", "clientPort": "0", "requestUri": "/xuojlwlx/2018/08/02/Nbkjuosuu-Osjvki", "ruleSetType": "JJBFD", "ruleSetVersion": "3.0", "ruleId": "920300", "ruleGroup": "920-XSQHUVGV-KXUWEYCNCSE", "message": "Bqwblcp Njbpxdh pw Iawytv Vkkpie", "action": "Ydqfxnz", "site": "Woqpcj", "details": {"message": "Cilznba. Yubdt qp \"lo TbwtnThdZoz Outacen\" jxyuzax \"LOVXJAO_KJIMHTE:Zbzv-Uuswv\" yqvsnalt.", "data": "", "file": "gcyky/EUAOYJQ-920-IFHNIPHP-LRLMOWZYVJF.dwyx", "line": "1247"}, "hostname": "sojzwysrcenwkbyv.sl", "transactionId": "8430738504585058940"}}, {"resourceId": "/QPPASNPNOOYQP/0L3GD9DA-6TV5-4R0Z-Z452-A032LM8PO133/LYJIMPIMZACICW/KOTPWDYUMQHQ901/RWKFUFPLT/DTHLJUXOF.AZGPPCR/CIIADARAXPQUPMTIVMC/YYCFAAPT901", "operationName": "UeacrvwnpuzSczkndkClhmtrnh", "time": "2020-01-01P15:18:38.2620061B", "category": "DcxwcqvidzaRlhzrhqSduzitpbUza", "properties": {"instanceId": "GmsvjgcofuvZdwjqmlFfur_ES_0", "clientIp": "23.96.59.35", "clientPort": "0", "requestUri": "/404", "ruleSetType": "BMPLU", "ruleSetVersion": "3.0", "ruleId": "920320", "ruleGroup": "920-MAKIZLHZ-IGSETQAAVWU", "message": "Emvopyn Fwns Suviw Mqbywx", "action": "Vufzeqx", "site": "Dajkqa", "details": {"message": "Cvvygji. Ewkcxnzm SD iblgenr 0 vp BCXKNDX_UNEQJJU.", "data": "", "file": "tdvai/ZCTRTUL-920-AORRFQSB-IJQRBDZVIBN.xsth", "line": "1310"}, "hostname": "jlilmozvzvvkopfd.rps", "transactionId": "11529223844308980221"}}, {"resourceId": "/YPIANDRAYEBCQ/0M3TN9AO-6IW5-4V0X-V452-Y032ZW8GY133/MKZASXPLEVVEBA/JWIANQCKSLBQ901/LOGFWJIPT/HJDPHFYCZ.OCAQPYA/QHCFTTLGSMCUUMLFPCM/ZVHAJPCV901", "operationName": "WsyisieijgjNfgsilzUsfqrwqy", "time": "2020-01-01M15:18:38.3401069V", "category": "JdlxgkkqtrdVhxymhvKlubchroGqa", "properties": {"instanceId": "JgyzvfnqbycLkipztkOeen_WV_0", "clientIp": "23.96.59.35", "clientPort": "0", "requestUri": "/404", "ruleSetType": "MATEZ", "ruleSetVersion": "3.0", "ruleId": "920320", "ruleGroup": "920-AEYAEUKV-ZCDTHQTSVEZ", "message": "Izxtduc Rehp Lyllu Nsjife", "action": "Wrhucyn", "site": "Iyrwfd", "details": {"message": "Xxlsmtv. Vmnlewbo GO xmawwof 0 bh YVFFPGM_TUHAWWA.", "data": "", "file": "ilgwu/AIZHIJO-920-KJMLXWYU-MEUXAGWGIAX.zwjt", "line": "1310"}, "hostname": "jvqjnfqfkboqouqc.dpz", "transactionId": "14483576403771025504"}}, {"resourceId": "/BPGNRACIXYQHU/0Q3RI9TI-6VB5-4E0J-D452-X032FL8QK133/GLJDEPDONEGZIF/VLIWXUWBYWMC901/SSEIEWMDO/GGJPVVEVP.LLFABBI/SXMBUXNOEYESCYRZRPF/SMFWZAEN901", "operationName": "HzecvgqbcvdDpcslbpGxlueyiy", "time": "2020-01-01F15:19:36.2194936M", "category": "KmvhtslclhuHmcvrqzRabqrfdbHis", "properties": {"instanceId": "IjkiqnnitgpVulvarcIrmn_CA_0", "clientIp": "23.96.59.35", "clientPort": "0", "requestUri": "/404", "ruleSetType": "SDIBJ", "ruleSetVersion": "3.0", "ruleId": "920320", "ruleGroup": "920-IPWWKPYQ-TTIHZFVWWTA", "message": "Grqylwy Aprl Czzho Xzuviu", "action": "Sfnswrz", "site": "Hndmlv", "details": {"message": "Kgopxlv. Fjlxypdb IS idizvfv 0 rc DFSRZEJ_ZWEPCNO.", "data": "", "file": "alybb/SBEYTXZ-920-GNZFPNIZ-IEHJOTAZPHJ.wcfd", "line": "1310"}, "hostname": "axhspnmkgepneotq.gec", "transactionId": "11529223844308980222"}}, {"resourceId": "/CNEMFAUHIRFUN/0G3AQ9IS-6VX5-4Z0L-Y452-L032LF8II133/ZMNHQWAGOZPJEJ/SFKWKUDYHANV901/ZHIHPVCDK/SEINDOMNI.JRWEUKB/OHYJRWONGYFRRHQFDUY/JGVCVBQS901", "operationName": "XlzzqvmerldZrwvkfcGuhwbvfc", "time": "2020-01-01D15:19:36.2820865O", "category": "IczfxtxjmflNmlpsynYrzxtufbXpm", "properties": {"instanceId": "GdrbmvyjzrqTxjvapfFdao_TH_0", "clientIp": "23.96.59.35", "clientPort": "0", "requestUri": "/404", "ruleSetType": "CYQEI", "ruleSetVersion": "3.0", "ruleId": "920320", "ruleGroup": "920-SKBUWPYS-YADUHXUKLKH", "message": "Kwcbnop Cvhc Idwvm Cpxsse", "action": "Hrzgvsz", "site": "Mjasif", "details": {"message": "Mvspzla. Ekpcwbce OO rcatrpz 0 oh KATVZGB_KFONAJO.", "data": "", "file": "spsrk/SOCHUVZ-920-TJGPURUU-VWTQAVCNCXA.pris", "line": "1310"}, "hostname": "enawefayaxczxnaq.pwx", "transactionId": "14483576403771025505"}}, {"resourceId": "/XFWWYNLNUZQON/0F3LQ9TR-6SX5-4L0M-N452-Z032FN8WC133/ZMTRAZMZJXTGNQ/KPCGCYLKUFLV901/UJUFMJHDU/TWYYATFHP.TANZHBS/TJUSVPOHBWSLNDISUHJ/CFAKUHER901", "operationName": "MxdoyywhxpuKmefhciWwupcbyq", "time": "2020-01-01B15:20:10.0175177O", "category": "VxnagjwvqmjQlibftlCeorscvdByt", "properties": {"instanceId": "TulhmzwjpfpOhzlnsmCcmo_VU_0", "clientIp": "54.36.148.231", "clientPort": "0", "requestUri": "/elyzumne/", "ruleSetType": "MCLKE", "ruleSetVersion": "3.0", "ruleId": "913102", "ruleGroup": "913-VSKOZGI-PJMAIYYUW", "message": "Ipnry Mhyp-Ltcdn yjjdilvwil ofgx rks qxxiunv/lra", "action": "Iqfrwpa", "site": "Lowflj", "details": {"message": "Dyzjccj. Qtntslv lahlmg \"DxpgbbWfd ...\" vo PIMWQQU_YLYMBSH:Elbs-Rjfto.", "data": "Jkmfqcg Qcxm: EcgnciWuq pjryi yqobve OBXYXQM_MRVEFUZ:Vnsf-Jygim: Icdcous/5.0 (plelvkrvhy; KjdjceQwg/6.1; +jons://bufham.jkw/uklee/)", "file": "uhrff/HNJKSHC-913-OICOCVU-WNDCXVPHL.dhej", "line": "196"}, "hostname": "pvcjwdakylkahcov.vxv", "transactionId": "3026423349786976505"}}, {"resourceId": "/DQIKZVCDRWKGE/0Y3UO9ZQ-6ES5-4G0Z-T452-L032WI8NW133/FYUBSBHHBTFHQE/VGPBWZMIEVKJ901/NPVILXRJA/YJPCEPXXE.AGVLMFL/GFATLWFAYFXJTQRBGOE/HMHPWMMA901", "operationName": "KvivclcglmlMizkskjIewbgegj", "time": "2020-01-01G15:20:10.0175177C", "category": "DdzpfrmvzrsOpzrlojNepriqumQws", "properties": {"instanceId": "GcqimyvffveZwlracfOijo_RI_0", "clientIp": "54.36.148.231", "clientPort": "0", "requestUri": "/bxwpyqkn/", "ruleSetType": "FGWBD", "ruleSetVersion": "3.0", "ruleId": "0", "ruleGroup": "Ivphfdp", "message": "Worxhdpyz wyhp. Iitzwl on apqjqatz. Udmuozm Pqpjums Aqruq Yzragljm (Fhydc Glmlx: 5)", "action": "Qisqdgq", "site": "Eosgqz", "details": {"message": "Eagvba opjxor apus jqjy 403 (fdohk 2). Gtnopvye EY eeyeoii 5 nb HI:ugpzfiq_yyfuf.", "data": "", "file": "benqw/JCUHFNN-949-HQESZVUA-HGETOQANXI.lsyo", "line": "57"}, "hostname": "wfkouqujpiozczdx.nuh", "transactionId": "3026423349786976505"}}, {"resourceId": "/FQULHVEHXPWRQ/0K3IC9YP-6ZL5-4O0S-R452-P032YX8CR133/LSQUXTVWWFJPBL/QRIMDLGXRAFV901/HLGGGYOBJ/GQVWXDBJY.PHZIBOW/KBVSRRDFYWEUYRIBFHC/ZFHEGNRM901", "operationName": "XbdatikxjhoKvyojsfPcpoblja", "time": "2020-01-01P15:20:10.0175177M", "category": "SsnbzgswfrgQicojbdSxnttodzNuz", "properties": {"instanceId": "WyincfwlmyjScccgmlPfbk_FA_0", "clientIp": "54.36.148.231", "clientPort": "0", "requestUri": "/drtywjxm/", "ruleSetType": "HINTW", "ruleSetVersion": "3.0", "ruleId": "0", "ruleGroup": "Vsowatj", "message": "Brammixzq ibyz. Wskldk nn zdmwcorn. Phfpwcw Rrhpewu Wqhzs Kzzlcagm (Apxqi Xppqnyn Uksvx: 5 - QDFE=0,HOK=0,EXD=0,EJT=0,FGV=0,SBJK=0,RBIG=0,TLOU=0): Qxcig Depi-Bvmqq ojilfjddmg nynv cxk plcserw/fpf", "action": "Ujbntoq", "site": "Cxmtpn", "details": {"message": "Tuhseil. Xcmfsvcg HB dgaeqgf 5 qj GY:xjebqvy_sisqbjb_ykmdb.", "data": "", "file": "nyeth/VXPXKEGY-980-SROMASWNVHO.kwvq", "line": "73"}, "hostname": "ygpgpnmrpjmymkgy.esw", "transactionId": "3026423349786976505"}}, {"resourceId": "/YZCIIKUEBJRIG/0L3WE9YR-6KZ5-4O0J-Q452-R032VC8SR133/ZKCXPBORKJRKZT/JYXOVXDIEMIU901/WYSWJMFXQ/UCEMPFLXX.ZOIBSSM/RZKWAQSGOISNRHVMDKE/KBYMZIVF901", "operationName": "LnuewtgrdlgAwhsibjImmwjcuz", "time": "2020-01-01W15:21:59.5493933S", "category": "OmrrvvkimiuBjnarmnJnnclpaoJii", "properties": {"instanceId": "QtbfuosbbkkLfbaddbDtsc_FV_0", "clientIp": "129.146.158.17", "clientPort": "0", "requestUri": "/bpmqef.eou", "ruleSetType": "GRJUJ", "ruleSetVersion": "3.0", "ruleId": "920300", "ruleGroup": "920-TVKVJGBE-NBSSTYZYLUH", "message": "Zborkvg Anyizhp lt Ggwxhn Kiellw", "action": "Jhbwqgz", "site": "Vzsmdg", "details": {"message": "Htdtwei. Nrdtz cl \"eb MgvntDbqZca Tpogqup\" bsxlrcr \"TBFKZXA_FUYBFUH:Nefg-Elwqp\" zwgvwzuj.", "data": "", "file": "mkjpv/HYXPCNQ-920-HBYDKAEX-AOLMWFNWJYD.iupv", "line": "1247"}, "hostname": "oliutitsxpjollyv.nu", "transactionId": "11529223844308980244"}}, {"resourceId": "/KYUPGMKNFSCIQ/0V3AC9TV-6OI5-4R0E-M452-O032UO8ZT133/NXCHKJYJDKDOHF/SUJLKGKZDROR901/JOHOSRKCN/JDMAZAPUR.JHAFXXY/XNZVAIYQKTRDENHIQAL/DQQYRUVJ901", "operationName": "EfmptuoweyyWvbvloiRxfubmux", "time": "2020-01-01L15:21:59.8846664P", "category": "GxrwfilxvdsOcokduoSoxfcrooMeb", "properties": {"instanceId": "XtrnkznwlufAhhoyltJfer_XK_0", "clientIp": "129.146.158.17", "clientPort": "0", "requestUri": "/yehdid.qmu", "ruleSetType": "SXIXJ", "ruleSetVersion": "3.0", "ruleId": "920300", "ruleGroup": "920-VTQPVNAY-HSBYPKAKLAU", "message": "Zowroxm Pazvwxd sj Qhosfp Bkuehc", "action": "Khpspsq", "site": "Xduokm", "details": {"message": "Cmfglez. Sjclp xq \"ya CsjfiJzmHtp Fkallby\" rclmelb \"MJHCVBL_KFMLMJH:Jemu-Cwnxl\" gclakhhy.", "data": "", "file": "tammn/EFEHTKQ-920-GHLXZHHH-NESIBLUDVKX.fdur", "line": "1247"}, "hostname": "ergqunbwzuclpcky.dm", "transactionId": "3602879704043884188"}}, {"resourceId": "/QZWHGBDGGOEAU/0J3WQ9KM-6ZZ5-4J0M-E452-L032VI8LZ133/VKEPLJOYWBLWSV/EYGFZOIGMWGS901/QNCAXEGNA/OCOXLZJLK.AJUTBCM/NJXECUUOMPZKGUQBBPO/QLUPZAFV901", "operationName": "QwuhzmkuwcqOknxkgtDkvpfmfp", "time": "2020-01-01G15:22:00.0274157D", "category": "XwmdwdbwjlcNlxbfebAugtajywUfn", "properties": {"instanceId": "HlmvfkvbxdfQtlpfirThff_NK_0", "clientIp": "129.146.158.17", "clientPort": "0", "requestUri": "/kfblwzq/lkbyndjxanvvj-jzz-qkh-ktdvfxre", "ruleSetType": "UJUEB", "ruleSetVersion": "3.0", "ruleId": "920300", "ruleGroup": "920-BDKFATAA-TKSLZMZBMVN", "message": "Azobjnu Wxohgdh pi Jljujd Lpmvng", "action": "Vtzdcap", "site": "Hyhopp", "details": {"message": "Lxytpue. Hcktq zd \"cf TczztAntMvc Pytslwe\" thgmzfd \"BHFHTCO_XNVITID:Dtxl-Gspty\" xmmyxjiy.", "data": "", "file": "fcgtw/TBSIBFL-920-GZJRUIIM-BCUGYLXUKJE.lcck", "line": "1247"}, "hostname": "egdbqoxwvowaxlio.ys", "transactionId": "11529223844308980245"}}, {"resourceId": "/BBRUJLLEZBHEP/0A3JR9LF-6NU5-4I0X-C452-Q032FP8AU133/IGLVXZKILCHDVL/BOGEKNHLRQMA901/TSSNBNMWY/XJOUDOJDN.JAGTBTE/XTCDNFJBGHUZSOIJBTC/JOUBNEBG901", "operationName": "SwthjxflwrlNluqkkgMggoxcuo", "time": "2020-01-01U15:22:00.1242358T", "category": "OzsdtdofmeyQmjlhqjYqmtoujzNeq", "properties": {"instanceId": "PhtpbknwvsjHduyconYegp_LI_0", "clientIp": "129.146.158.17", "clientPort": "0", "requestUri": "/uodifei/rnlylbviaiutt-xxx-gul-rhlgjfgg", "ruleSetType": "MSYQL", "ruleSetVersion": "3.0", "ruleId": "920300", "ruleGroup": "920-RWMKQQSU-TYRGBZFHGHE", "message": "Jxblhlz Iwiywhz wx Ypjtgd Mkrxka", "action": "Rsnkmbz", "site": "Yqpkvm", "details": {"message": "Qvdesgd. Ztdoi ct \"we FfnfcUtxHta Ktxhmch\" cbjfzjd \"IPAXSTM_UTUPBZY:Ncgt-Iajxz\" evdsvajt.", "data": "", "file": "myfck/TRIHJXA-920-HJGYCULO-KOAIISGSWGL.wfkg", "line": "1247"}, "hostname": "ozceejxtatmhgxvn.tu", "transactionId": "3602879704043884189"}}, {"resourceId": "/YSPXUDVTFFLWM/0F3KB9CN-6GO5-4P0F-J452-P032OO8AJ133/JQHXHFQFDVYPAE/VJVQHFYCUZPC901/YXQIBXIYX/IMJPJNXIM.TFIBRII/KTXZBTJALFGVQGKJCIQ/PIYZRTGJ901", "operationName": "CqrodfercayMygnrosRzelmecu", "time": "2020-01-01J15:25:06.7853948G", "category": "VqatqubduepAjdiqliHdojsuetNrv", "properties": {"instanceId": "CvwnmudfnxuRwnkjnnLgnv_OP_0", "clientIp": "39.100.88.35", "clientPort": "0", "requestUri": "//ohpwamxw", "ruleSetType": "UTYYQ", "ruleSetVersion": "3.0", "ruleId": "913101", "ruleGroup": "913-TWQSEPJ-LTUWGBSEL", "message": "Jczgy Vlmh-Bavik qcmpugbabj jala qfvftmgqw/tgybtfd OWGW snsqer", "action": "Zwcyaib", "site": "Dwddpc", "details": {"message": "Upykkel. Bqborfs doxfht \"tamsgf-ihbkgjoi ...\" vo HSTWMPD_YJWOWVH:Rxhv-Nocop.", "data": "Sgqzcss Wthv: cdjfig-sugjjhul dqisv clfqxj CJZNXQR_BWCHZWA:Aofy-Lmcln: bwmnew-thvboinp/2.22.0", "file": "fepua/AQFJBFA-913-NNMUIYH-MPXQJUBPD.dqcx", "line": "156"}, "hostname": "mtvghjsavpolladb.pua", "transactionId": "15492387118348527398"}}, {"resourceId": "/QINDQZORKJXJE/0L3HD9KR-6WG5-4R0X-E452-U032NZ8KY133/HZUKSAISZSSMAN/BPNBOVWZLDJH901/WXKKLNALC/ALMIJVSBU.TYBKSUW/JAEBDWLUXIOJLLTSWIM/SHXLASHU901", "operationName": "XlyfaveenhcTnfbnwcBcbggygb", "time": "2020-01-01R15:25:06.7853948L", "category": "WjetjipykbsSngnikvYfkhopebTfp", "properties": {"instanceId": "DjiiutkggrjLxqqdukSwab_WJ_0", "clientIp": "39.100.88.35", "clientPort": "0", "requestUri": "//mhjzploe", "ruleSetType": "UGCLI", "ruleSetVersion": "3.0", "ruleId": "0", "ruleGroup": "Sypmjar", "message": "Gofvhcdob ohaw. Iprfkf ur iqeocelj. Rusmyig Nzvfisg Nobfs Skajcfiu (Abrxv Hzmif: 5)", "action": "Qowjcjh", "site": "Egldse", "details": {"message": "Msgqll xlxyxx cwhx sbka 403 (wpdyt 2). Qrupslqw NH qvpmzzm 5 ro PO:ihmdtuv_osvbo.", "data": "", "file": "knobu/ELNJJPE-949-WDGYXFUO-UXVVGMWNYP.ogyt", "line": "57"}, "hostname": "agxekwlxdmcogoft.dlz", "transactionId": "15492387118348527398"}}, {"resourceId": "/ASIMDVUINOHDJ/0Y3UD9IR-6UB5-4L0K-P452-X032SV8UJ133/CRMKHKGQAIMNMD/TMGKPRCXVBXB901/HSFYJTWDK/WLPGQPHTM.PNRHPWQ/TGHEBNYZPJERVJSPIAI/NGWWUOCA901", "operationName": "YwdboafksvzUsjguncTknihurx", "time": "2020-01-01H15:25:06.8009894K", "category": "QqaazyblzioMidzkbbKfdzqmzoQwz", "properties": {"instanceId": "HfxhxiwgqevTjjuqtaUpsa_TH_0", "clientIp": "39.100.88.35", "clientPort": "0", "requestUri": "//oddblkaj", "ruleSetType": "RYHTR", "ruleSetVersion": "3.0", "ruleId": "0", "ruleGroup": "Sgsxgon", "message": "Jyhxqppph hpzz. Awqpde dr umzvfvyx. Vuqrhii Velwvuk Bzjal Puxntska (Eyioo Yfiphbu Kwdbr: 5 - FCYE=0,DWO=0,VHK=0,TRW=0,KIY=0,JWZS=0,TAKG=0,JWIX=0): Pwlxs Dkob-Gkbtp yeghqbszra arck pjatzfzjv/jtzrvfu OJFU wmghgk", "action": "Myinmmb", "site": "Evkcvo", "details": {"message": "Hfwbnrb. Ezxiogyg HA hvewile 5 pa PD:dqigjus_cbhvbvf_bvxai.", "data": "", "file": "ynqce/OAWLEQCQ-980-IXYNAUPKYBI.frug", "line": "73"}, "hostname": "cmqlmjcgqgjwnlyu.ivk", "transactionId": "15492387118348527398"}}, {"resourceId": "/VYUBTIVBASYKW/0P3VX9DJ-6SZ5-4G0N-Q452-T032OR8RG133/LZTDHJSRAPAOGY/CAOWNBDMFXMG901/JHDALFNSH/JMNJHCFRI.DMMIBPD/ILGWKDSYKSGMBPQDMTW/DMXKKGRU901", "operationName": "GhzyjauybhxMoclixnJtyslqys", "time": "2020-01-01Q15:26:31.7962751O", "category": "KwmxueildqpBbhwnfuZftbcemqVwu", "properties": {"instanceId": "TzgtokkwjubIdlvdpkEjvf_NY_0", "clientIp": "3.94.163.211", "clientPort": "0", "requestUri": "/pi/wfnvroe/kavenbyf-wth-etpahn-smhuopapx/qdcswkykn-fofdyglwrdp", "ruleSetType": "EENJD", "ruleSetVersion": "3.0", "ruleId": "920300", "ruleGroup": "920-KIXMHDWQ-OWMZZOYYXJA", "message": "Asxomeq Crtokrp cx Kgmyfq Bbhtlf", "action": "Axjztva", "site": "Emfidi", "details": {"message": "Bmgbrln. Ryprq ki \"sb QsxpvMchVya Fjxjwow\" qvjzuvo \"GHOLSOW_ATUGXFN:Aftc-Htfra\" uaaxxvim.", "data": "", "file": "pcyqh/FXXYKTI-920-UHLWXVVG-FVIDHIASCAF.sfvh", "line": "1247"}, "hostname": "ubnawelzifffxwwl.jgn", "transactionId": "17798230127562201451"}}, {"resourceId": "/DOITTDDEBVHLT/0S3UC9OP-6DY5-4A0I-E452-V032YP8PJ133/GJOMQODQRDKFMP/SHOUPMNSEWZA901/JOQLCYKDO/XQVAMAGXF.VAAPKUD/MJYXUFTQCCFDJLRUBLC/PGIIEZAA901", "operationName": "OgjfdiygqgjCxfcstpHkkhsyme", "time": "2020-01-01Q15:30:09.2469649M", "category": "NyhayvnqzifXdmyuqlJzpigsrsJdu", "properties": {"instanceId": "YhtqlitunsfPjqbljvKqbk_VR_0", "clientIp": "23.96.59.35", "clientPort": "0", "requestUri": "/404", "ruleSetType": "JPVLD", "ruleSetVersion": "3.0", "ruleId": "920320", "ruleGroup": "920-UUWWSAXM-ZEAYMPSYZIL", "message": "Tjjhaxj Jcny Msolh Zpprah", "action": "Vkxevuj", "site": "Qmtvoj", "details": {"message": "Aeiatxi. Ixtjhqvz QV ybzqbjw 0 te MXNWIXR_IWQHOCE.", "data": "", "file": "gyosh/SBYAAFH-920-DUQAGXSR-KEVYPAMUJEM.srsb", "line": "1310"}, "hostname": "ltfsyfnsbiejkffm.hss", "transactionId": "16285020652765724957"}}, {"resourceId": "/ZIRLREXJRRRAK/0M3WE9ML-6UA5-4Q0M-H452-G032FY8BP133/GJXSEVQTRYWCXE/VYVWWDMIRJKP901/GSUDMPFEW/FRNIILBMN.HADDMZP/VHNZTSTLDHCMJJCPOBG/ARWFYUEQ901", "operationName": "DcfgtvupdfuMshznbfAqsxcriu", "time": "2020-01-01N15:30:09.3108476T", "category": "LliupjfibfyNdicdocLahoyscbYfa", "properties": {"instanceId": "TwstvjchcabBkcklnuYcxb_DF_0", "clientIp": "23.96.59.35", "clientPort": "0", "requestUri": "/404", "ruleSetType": "RZSJQ", "ruleSetVersion": "3.0", "ruleId": "920320", "ruleGroup": "920-LSIOSSLI-CRDUERICTDA", "message": "Xetdkgn Pzps Idgsk Egvfzz", "action": "Vxfnzaf", "site": "Unmyub", "details": {"message": "Yckwnyl. Yzjhtrez KL feaqtip 0 wo PSWLAGR_KGGOHKK.", "data": "", "file": "ympzc/XTFVSZI-920-YMFQCRHR-GKBESLOFXKL.izrx", "line": "1310"}, "hostname": "uavfogjcfhdjvizx.qdi", "transactionId": "11961565010490056255"}}, {"resourceId": "/GMLVRPCZEQPUG/0P3VP9LI-6KU5-4D0I-N452-M032LJ8AN133/DRAPISTTJGSERI/KSEFHTXVULCJ901/JYTTVNLNU/DQZPPTCXC.XHUHBYV/UGQPWGXGJPCRHZLCPRQ/DNDBJAJB901", "operationName": "JflrudcioetMxrupycTxsigibh", "time": "2020-01-01P15:30:37.0517855F", "category": "HqvhuseiocvQyqqcegZuykxqscXly", "properties": {"instanceId": "NaroflmmogfBqjrdpbUtfz_QS_0", "clientIp": "23.96.59.35", "clientPort": "0", "requestUri": "/404", "ruleSetType": "FYRYU", "ruleSetVersion": "3.0", "ruleId": "920320", "ruleGroup": "920-BUFAKYKW-IKGYXSTTRCQ", "message": "Iqcikub Apvz Blzql Qffnnm", "action": "Ulmgtin", "site": "Rizrcn", "details": {"message": "Bnohzka. Bhkljyri HA nfjoupt 0 pk NIYYPDR_YSWMZIJ.", "data": "", "file": "cdtkg/PFSSQQY-920-ICRGRZEX-VCMYNVZHMDJ.ntky", "line": "1310"}, "hostname": "btjujdfgauwqmhza.pg", "transactionId": "7061644217864452217"}}, {"resourceId": "/GIMFXWDRCTHVD/0V3EK9IW-6IZ5-4L0V-H452-G032HH8HX133/BHFVLZLNBFGAFD/IARJQALNZDMV901/NMDFVBBHA/YAPDSBVIK.OMPGVAI/HKANDXBVRMJAXLSZBLQ/CBWOHNBO901", "operationName": "JgeszfxrbqwItwjhjoRldzdsdu", "time": "2020-01-01Z15:30:37.1182351C", "category": "KitwdydebpgJuujbozTxysmeawHel", "properties": {"instanceId": "HzvuknkpxfrOrhpjfqXxbk_WR_0", "clientIp": "23.96.59.35", "clientPort": "0", "requestUri": "/404", "ruleSetType": "TNYLK", "ruleSetVersion": "3.0", "ruleId": "920320", "ruleGroup": "920-YVCGLWKY-UIMTNPGYSQQ", "message": "Zwinoch Ogah Vpbto Owpuwc", "action": "Rwcfsuu", "site": "Whhsum", "details": {"message": "Ookbuzx. Szyynmsy UM yvdasjy 0 op YQLBQJC_KTYEPZK.", "data": "", "file": "yxrle/LUBWBUO-920-MWPOPPVW-HOZQCZHPIRL.gxbw", "line": "1310"}, "hostname": "zrfefhbhtdrwmkog.iw", "transactionId": "5692554329190318312"}}, {"resourceId": "/XAWDGEPFDFQPI/0K3MH9VP-6WE5-4X0S-G452-X032DR8XR133/XJODDHHPWAJMTB/XSTXOCXPPLHJ901/WVJYRMSZZ/WFSMUPMAX.KJFUFNU/SLJMNFPDNXTACZKLFNH/ZWDJLIVE901", "operationName": "UbdhlhrblrcBsraquzTqbfjfbr", "time": "2020-01-01V15:32:38.4810456H", "category": "YhynzskajcwOukkpdfYkkniusfXci", "properties": {"instanceId": "NhroafyusqwCerbrtdAbcc_BY_0", "clientIp": "35.203.180.250", "clientPort": "0", "requestUri": "/", "ruleSetType": "BZDHH", "ruleSetVersion": "3.0", "ruleId": "920320", "ruleGroup": "920-FIULVRTR-WILQSDHHFPX", "message": "Cjpwuzi Wxmd Qzokc Zolwiu", "action": "Hgpryjl", "site": "Sckfvv", "details": {"message": "Bgzqdgd. Hlizhivy MJ eydmjlp 0 bu CWAQKLF_KTGVUSX.", "data": "", "file": "prqjt/JKTYLVP-920-YWULAGTU-NXAXYLQFXAJ.uxev", "line": "1310"}, "hostname": "hxapwfptvdkdkjvn.ag", "transactionId": "14339465613741669431"}}, {"resourceId": "/WBMKWNWRBQDAA/0Q3WJ9YW-6PQ5-4S0D-W452-L032ZR8NO133/JTBZNGHBMXKYZP/CVQDKMVLIKDQ901/BHYWLOZDT/FSXZGUBVY.GRKSTJO/OMBVEDHLNWICNMTEDBY/YEFJQAEX901", "operationName": "TgxwramhpheJmxippuAunfzian", "time": "2020-01-01E15:34:10.3562888W", "category": "SyxmgwhkjppSuzxqxoUvkboiaoGrc", "properties": {"instanceId": "SkmyouomtglBgjaobdDbqq_AF_0", "clientIp": "23.96.59.35", "clientPort": "0", "requestUri": "/404", "ruleSetType": "ZXJHJ", "ruleSetVersion": "3.0", "ruleId": "920320", "ruleGroup": "920-FBVYEZCI-NSRPUMSRUPI", "message": "Vwnmngk Mifw Luubn Fnivfn", "action": "Icflktf", "site": "Xqqnjm", "details": {"message": "Xwkcwza. Efowpoaa RN gkxsmxb 0 jc MYVOPHK_FSKBXVP.", "data": "", "file": "xsffx/XNTEIBU-920-DAEPIDHZ-SFNAZSBKCKU.ysey", "line": "1310"}, "hostname": "nqurvnubimqkbkhp.elh", "transactionId": "11529223844308980319"}}, {"resourceId": "/CVOMXIXUDCKYE/0B3TC9MX-6IX5-4G0K-M452-I032KV8KO133/BHIFFMXALSVOCB/HPIPHBIJIFJY901/JMWFAZLDO/CWRWTASXB.JOIHZMR/PWUNTUDFJDUPGCJKRGM/LAOENFXE901", "operationName": "TjgtjxyxtikNlpmbksSstifgwa", "time": "2020-01-01Y15:34:10.4187621I", "category": "FezzumfjcfpJnupcilSjwsmmwePlm", "properties": {"instanceId": "WhewtgnbqvgYripikqJzbx_KF_0", "clientIp": "23.96.59.35", "clientPort": "0", "requestUri": "/404", "ruleSetType": "KJKQC", "ruleSetVersion": "3.0", "ruleId": "920320", "ruleGroup": "920-RWGVSVEB-NIUUIHKVNBO", "message": "Hkxjxbn Dfma Dcrsz Woieio", "action": "Wouucfy", "site": "Jqdjja", "details": {"message": "Sootdkd. Wwhociss PW scdznoe 0 du KTYKXWH_QPEAUXT.", "data": "", "file": "ecrqz/VXIKLHG-920-IAELFEDW-ZCQCHQWKUSY.wyds", "line": "1310"}, "hostname": "pwtgyaymtdfkqkph.nui", "transactionId": "15780617494500231167"}}, {"resourceId": "/VAQONBDEADXHT/0O3YK9TT-6TL5-4S0D-Q452-N032ZW8WJ133/DNDBPNQGOHXINK/YXJBXKXXNCFC901/WNVHQISSO/NPNORCKUR.HLHXPLZ/QQSDFMBCBIDNCXQSWTT/WVYEELLI901", "operationName": "TyjechvvcrxYiuqbjeDsvifktn", "time": "2020-01-01B15:34:11.1215297W", "category": "CfmfzapqdajElwqmonPdeajdytNyl", "properties": {"instanceId": "XdcjnundqssUfafnnpXqbo_YA_0", "clientIp": "23.96.59.35", "clientPort": "0", "requestUri": "/404", "ruleSetType": "CDHTN", "ruleSetVersion": "3.0", "ruleId": "920320", "ruleGroup": "920-GTBUSVCU-ILVUSMVFHYH", "message": "Fmndczn Bhti Kmyfp Anitwc", "action": "Quaraiu", "site": "Unhntm", "details": {"message": "Jrddcly. Vurjdofd FO kwcizyx 0 ei FNUGKMI_CCUNXHQ.", "data": "", "file": "cfmcp/EWZDUON-920-CIBZHMYV-UPXZVRKUKHD.sjdw", "line": "1310"}, "hostname": "oqyguagkqkjaykax.zlf", "transactionId": "16285020652765724965"}}, {"resourceId": "/YWVBFMNMISQFN/0B3JN9MP-6KH5-4D0T-S452-F032HC8QU133/OREGVOMMCTZVAK/LZVLVDQKMWHN901/RDCZDGLXX/NJLOYVSIJ.WMMAJPF/TABBAFEBSAPTUHSIHZZ/ZXAZGGDQ901", "operationName": "KujaukxismeHrmrkibLemfbwim", "time": "2020-01-01H15:34:11.1840307K", "category": "NfthcvohwzjExdszrnNzklbyfaSii", "properties": {"instanceId": "IgndwimnsyiLfmlcfhJstc_BK_0", "clientIp": "23.96.59.35", "clientPort": "0", "requestUri": "/404", "ruleSetType": "RYSLU", "ruleSetVersion": "3.0", "ruleId": "920320", "ruleGroup": "920-MGPPQXLY-UGIPAFCSHDR", "message": "Aetvvjz Hnkx Hiplb Dubosy", "action": "Eogiesh", "site": "Acecvb", "details": {"message": "Kseoqgy. Sakzjaqf MJ ahkemxp 0 yu EPGMPDE_WYGTAEH.", "data": "", "file": "ggorc/PSCOCVF-920-GSWUKSCG-GQSQKGFZUKE.sguj", "line": "1310"}, "hostname": "dfulhpgusjzbgaai.gsv", "transactionId": "11601277040300414213"}}, {"resourceId": "/IJDZOZDGPDUVL/0W3VQ9BX-6HV5-4V0C-P452-M032SO8BG133/NFFIDOIQZMHXBD/LGVWIWHYMADG901/BSRFEZJMD/PBLVCERRN.FAVOQOV/YRGJGLRDXMUHVKOHBEJ/OAFLKXCA901", "operationName": "GtvspuizutqYwkqqjwIwaaeloj", "time": "2020-01-01A15:36:44.8678039F", "category": "GhkncnexyclZheyhlsAcmtcjupYzn", "properties": {"instanceId": "GjcfvhsaozlKnwkxknXwtr_TC_0", "clientIp": "23.96.59.35", "clientPort": "0", "requestUri": "/404", "ruleSetType": "HUTYQ", "ruleSetVersion": "3.0", "ruleId": "920320", "ruleGroup": "920-HNIBCVQM-XSIMCALGSVQ", "message": "Atmpngu Ibhs Cllpr Axnlol", "action": "Vkiqjhi", "site": "Nmffpn", "details": {"message": "Gsawjbu. Xmpzncfj HJ ajbulwv 0 ha UMKBZKY_THPVVVV.", "data": "", "file": "uwumb/EPYWQVH-920-JHGQBRXT-IJCVSJXRCQP.tbuo", "line": "1310"}, "hostname": "yytzavshkgtjbgab.mve", "transactionId": "8430738504585059029"}}, {"resourceId": "/YLKUWUAMCMUCB/0I3VN9DN-6DS5-4Y0G-G452-B032YU8CT133/XIOIVAUXOPBEQQ/TZJLXZGLEMVZ901/NIERBSPKB/HSHKCUZOG.HGCZBGE/HUWDDGLNSGVLSMXSXQV/RYQGHYLT901", "operationName": "HvtzowtcnubCqzqiheBsspzpue", "time": "2020-01-01M15:36:44.8863025C", "category": "TwqslucieazNglojpoIwkqpcpeMvz", "properties": {"instanceId": "UaeaktentirNhpwxqkBjsn_MZ_0", "clientIp": "23.96.59.35", "clientPort": "0", "requestUri": "/404", "ruleSetType": "UMTWU", "ruleSetVersion": "3.0", "ruleId": "920320", "ruleGroup": "920-VWSCLUDV-VDXXEGJYPIX", "message": "Nzuyzby Fvjd Iybqd Kmdjls", "action": "Zbxsdvh", "site": "Exclws", "details": {"message": "Pqhccqp. Mxhceccc SW aqmazhs 0 jp UVXWXWQ_ETQPCFI.", "data": "", "file": "jzquw/ETOKBAL-920-HXQMHVUM-NSWHCRSSXTN.ypku", "line": "1310"}, "hostname": "uvgzynocfpcizvkw.tju", "transactionId": "13979173245505522011"}}, {"resourceId": "/OLQYXOJTZNLUO/0O3UU9SX-6WF5-4F0J-O452-E032MW8CC133/PGWBVKOKAORYXC/HOCLBTWCRFYY901/AYPFVYKLI/SVNWUXPSA.QLUXMCG/PZSRKEXEAWKACKCQFGB/HBAHAXLF901", "operationName": "QrxsdnnrdlrKxbnyipRpkfspad", "time": "2020-01-01V15:39:45.1133695E", "category": "GetdkvfoqhoRjkiutuOluilvuiDco", "properties": {"instanceId": "ClqdtoouzjaYdmclndUknl_XR_0", "clientIp": "23.96.59.35", "clientPort": "0", "requestUri": "/404", "ruleSetType": "BECKN", "ruleSetVersion": "3.0", "ruleId": "920320", "ruleGroup": "920-GXTFUWIG-UIGYBATSAPO", "message": "Dpwmlga Kewa Jvbcz Bpqppm", "action": "Emlqbvh", "site": "Oezpqm", "details": {"message": "Nvaaopv. Xytpqyho IW bgyjuin 0 vf IQMRZEQ_YBDNLVL.", "data": "", "file": "lejsz/IOYPGUP-920-AGLNRPGG-JWCEYSAVUYE.embs", "line": "1310"}, "hostname": "mgqogxacwxipdlhk.mio", "transactionId": "17437946555419080771"}}, {"resourceId": "/GZXMNVKWNGVZO/0X3BL9RT-6HS5-4J0W-N452-T032NZ8GN133/NIHLVETJMBIQQW/SAEQWFXVEZZR901/KUEGCURMV/BTXHWESBG.CWOZDDC/IAQEBZMBOMHAQKGIVFL/BFQYVFRG901", "operationName": "GihpqelglqsYyaukbbPnvkarst", "time": "2020-01-01J15:39:45.1274039U", "category": "IcvmnnoythdBnvyyxfNpzuyfhjVxd", "properties": {"instanceId": "CysjpdwpcgbBhxupbhDdvt_DK_0", "clientIp": "23.96.59.35", "clientPort": "0", "requestUri": "/404", "ruleSetType": "GXSYU", "ruleSetVersion": "3.0", "ruleId": "920320", "ruleGroup": "920-XZVHQNQG-WJDIFKFGVTQ", "message": "Ooiyyqs Kfbd Snoqe Fucznf", "action": "Ijrfqus", "site": "Kasrxm", "details": {"message": "Gjysntd. Kgypbavl AH ghbfrwq 0 xo FUOFWBJ_BNQEQNZ.", "data": "", "file": "awmgw/LTFAWWB-920-INKDQGYW-TODSSYFXYHG.omip", "line": "1310"}, "hostname": "dboszkvccmoelyjl.xbs", "transactionId": "1513209476943979753"}}, {"resourceId": "/THTLSKOBBUVBE/0G3HP9VU-6AN5-4X0M-S452-I032QO8YU133/DIJSIBWSSJGSNV/CQXHHYOUDIOM901/FCCXNEONN/NDSPXJAKJ.ZGXAEUD/DGNTZJXYJWKMEAWZLHM/QXRURBBS901", "operationName": "YhxcyagoqqqYuoyqxhQyosdjqu", "time": "2020-01-01L15:39:50.6896481L", "category": "YamorfrleszQfllyqgCqhltwfgQrz", "properties": {"instanceId": "MtywtgrujscBlyzrbfTggo_KD_0", "clientIp": "107.178.195.247", "clientPort": "0", "requestUri": "/gfq/", "ruleSetType": "JFIKF", "ruleSetVersion": "3.0", "ruleId": "920300", "ruleGroup": "920-AMEIEYZW-AGIVZWFUTBZ", "message": "Sojzcba Wbybnbi sv Ifenue Lluivx", "action": "Rcwljyx", "site": "Mspsom", "details": {"message": "Jgjytuu. Dcntr ml \"af KwgsgEwyMtp Easxjbu\" qyuermz \"PYIIHUZ_TUBEGVL:Dfav-Bnnfm\" vhwdcmmo.", "data": "", "file": "yopmn/UAKXMII-920-CTQUZOWE-ULCUPVTOXXD.oxid", "line": "1247"}, "hostname": "ptrphopyohgcbaun.pxp", "transactionId": "504407558459522196"}}, {"resourceId": "/XBJJYCKSUXZVP/0H3KN9SG-6EJ5-4P0U-V452-K032YA8QJ133/BUKXKVXXAMJWJX/WLDUFLYUGXOL901/ROMETLOKZ/QDKAKLBMJ.XRRDSSW/PMXBEZUUTMGRWLVMKUE/UZDTBZYN901", "operationName": "MwmasvjkobdErwbhtaCpyztsrz", "time": "2020-01-01N15:39:50.7688297H", "category": "MkwvywpjrtkQhrtjncGgmtqniuZcv", "properties": {"instanceId": "NkferhcyufoYnfztmuOhrn_GC_0", "clientIp": "107.178.195.246", "clientPort": "0", "requestUri": "/gwvzdwnenpkudc/wxm", "ruleSetType": "MYKCD", "ruleSetVersion": "3.0", "ruleId": "920300", "ruleGroup": "920-YWGUKZWR-CTZUFVKZXCU", "message": "Zydbpau Wndjjtw ws Owfwne Ftkmkz", "action": "Nwvznpt", "site": "Wypkld", "details": {"message": "Dqspprp. Zwwij un \"ig LiqriNblDld Tkutmbp\" njmckoq \"EOMOZCY_TTIWTVH:Ppwx-Hqnez\" nljrezik.", "data": "", "file": "xrcmn/KHOHAIP-920-BOMMSGKF-BPIFWQSJCJO.oiui", "line": "1247"}, "hostname": "hyzywtntgouvnhjd.gab", "transactionId": "15780617494500231191"}}, {"resourceId": "/CAZNTTLUBZIVP/0L3JY9QP-6EG5-4N0F-Y452-X032ZX8BH133/HMKMKJUOZTUBSB/ZKGQVZPVDLSI901/NSRAEHXKF/ZGICAMYUR.OKUHTGA/GTKZGTOFZAIIMBSFLOJ/VJCWCWTX901", "operationName": "TydsvumygxaSpnzhdgYghwjjsf", "time": "2020-01-01G15:39:50.9563535I", "category": "IheebzxndqpBgpryqqLupqrcybEgd", "properties": {"instanceId": "UbjxegjcnksVfbyfvgHsdp_AB_0", "clientIp": "107.178.195.248", "clientPort": "0", "requestUri": "/nxialwtsrnleiv/qdn", "ruleSetType": "UISKV", "ruleSetVersion": "3.0", "ruleId": "920300", "ruleGroup": "920-SDTMBJGM-IYLJPWCECGY", "message": "Bqykovx Dmmqcbk ij Vrhcxe Aihtjh", "action": "Admjjfs", "site": "Quygir", "details": {"message": "Ghuskbu. Fkpvy yi \"hj WsniyIcpUko Jcrgjly\" gegfvog \"IYMGJTJ_UTMNNOG:Yklp-Joitf\" simpqsce.", "data": "", "file": "uymlc/AHBCZFN-920-UDWIGQUO-FFWVHWYDGBK.eukd", "line": "1247"}, "hostname": "dkyuaqdtbhrumska.umi", "transactionId": "16285020652765724983"}}, {"resourceId": "/NQLYOCZUMWUBP/0F3GI9GW-6XV5-4G0N-K452-O032HG8KQ133/AGOWYEUHBUKSVI/LWDDJNRTGRLJ901/BDBFMLOKI/ARZYMVIII.TNWJZTY/PMDNQNYYTYYBKLWBXJH/AZKDHFHM901", "operationName": "NkfosscqkvkSpfhqrnGophrxph", "time": "2020-01-01Y15:42:13.0922493U", "category": "XnhivsxbvkySvitkeqSuepmdqrUto", "properties": {"instanceId": "BsszyqbgnxrJfmvhvgSjfz_JR_0", "clientIp": "23.96.59.35", "clientPort": "0", "requestUri": "/404", "ruleSetType": "BRRZI", "ruleSetVersion": "3.0", "ruleId": "920320", "ruleGroup": "920-SMERHLRF-XXAEJLJEHGO", "message": "Ervbmxz Smss Scwkr Egsbpl", "action": "Xwldmvz", "site": "Qymzpa", "details": {"message": "Ejatshn. Qtoptjvg FU ixywptw 0 he WYJYUDD_IMWNZPM.", "data": "", "file": "hhcpp/ICMHZAI-920-ZJVDVLES-MWYAGXZYRYE.pacb", "line": "1310"}, "hostname": "mbgjiiqdhktcevew.vm", "transactionId": "504407558459522198"}}, {"resourceId": "/CVNOVOJAXOVXM/0M3KD9MF-6UE5-4U0T-W452-I032EY8QD133/OSJWLNVMZZHQEL/DKIPOPEVHKDZ901/CNRLRTYKO/YDSFBBCYY.UOHKYAR/ILFATTLGFJGLLMVHORX/PLIJKBDA901", "operationName": "TwabugwpjkuZdgyoohAjzzaxgv", "time": "2020-01-01Y15:42:13.1555555T", "category": "XffxkqgeygrAmlcrjgWxjusgnqAtv", "properties": {"instanceId": "PvqiphnzwswDuuuqkaZygz_CK_0", "clientIp": "23.96.59.35", "clientPort": "0", "requestUri": "/404", "ruleSetType": "RERKU", "ruleSetVersion": "3.0", "ruleId": "920320", "ruleGroup": "920-KFIXYVPD-QGQSCPAFTDX", "message": "Xmxcphr Zknx Bxglq Oiiimh", "action": "Okwetrl", "site": "Bshoqe", "details": {"message": "Fgerqdo. Rmsswrmw HZ odokpfx 0 xn JYDSUYG_OBQEVIB.", "data": "", "file": "ayniz/UOUEMNE-920-FTBQBXLF-MUMVUMOPODQ.gyfw", "line": "1310"}, "hostname": "rekqzkczblkdfczu.gk", "transactionId": "15780617494500231193"}}, {"resourceId": "/UBZEHPARHUURB/0A3RS9XF-6FY5-4W0T-F452-J032NF8VU133/WRCUHZGCTXGQUK/COZDPUXMHKFM901/UFYKKLSDF/QWDUXQQZF.WSDZEBM/EIUBLVMKKAAKOLXCDUN/EXNAACAX901", "operationName": "VyndslkbfroVpwpqjqPvabatfm", "time": "2020-01-01M15:42:24.7267993G", "category": "RjxdnimiydrTdqlplnNsewgbsyGqe", "properties": {"instanceId": "YjhgbydbjzyVgovovgMydn_UT_0", "clientIp": "66.249.66.17", "clientPort": "0", "requestUri": "/", "ruleSetType": "EBSZD", "ruleSetVersion": "3.0", "ruleId": "920300", "ruleGroup": "920-UFQRFHUR-PSXGONVYQKB", "message": "Ingdxum Cdoikby nt Tsmtjd Llnzbz", "action": "Srlzast", "site": "Ubenex", "details": {"message": "Gcezppj. Rnpow mt \"kn MvjwkJwwVqy Qkmssvf\" mvcydoe \"GAKFYUP_NWGFAHT:Qawm-Qngvy\" xnwjcbyn.", "data": "", "file": "msdtz/DPRACZK-920-GFJUYPPR-SOYTEJVUBUC.ngip", "line": "1247"}, "hostname": "ysfldqkttizuwvex.dus", "transactionId": "18086464901760452092"}}, {"resourceId": "/GCOKJFLZQCWEA/0P3NB9UW-6RA5-4Z0F-U452-I032XF8XD133/UYVSJIXQULTSWN/VKUTMGNNDWKQ901/RLPYBMNPO/AMJJIUWOW.RTVXIZB/VZFPNAVDRHECDMBULRW/TSOXIJJX901", "operationName": "RjcxeuqxrvuUxkvjpiGrwoqlci", "time": "2020-01-01V15:43:47.9607143N", "category": "NcqjxkrkahvImiuyceAklwmhjoEcq", "properties": {"instanceId": "XrdcguciwfsSgzcouuCrxx_QL_0", "clientIp": "108.174.5.112", "clientPort": "0", "requestUri": "/ningzoc/cljbmyanqn-hlbvfz/fpzgam-yggwj?ytijwq=VpYC2NXdp4keYH7inOWYmd9fSw479vpFvGZk3bDlUqzotC8Jt0ySCLj6uHdCy", "ruleSetType": "BPEKW", "ruleSetVersion": "3.0", "ruleId": "920300", "ruleGroup": "920-EEEVBSBQ-AJGHCFGKKUR", "message": "Enrobmh Zfmmcbk ft Gosjqi Mnqsjs", "action": "Honavcn", "site": "Telffo", "details": {"message": "Ctdhfua. Oszqr zr \"rc TeayrBosHkq Okgvebz\" oauoxvg \"TGIXCVA_BXHMQOG:Ejbc-Irwku\" cuobuhpj.", "data": "", "file": "tmhlz/ANDJGQD-920-WGHYCMYP-ABBCJJLOOUL.lyvd", "line": "1247"}, "hostname": "ehiuljzzvetkzbtx.qqw", "transactionId": "17798230127562201535"}}, {"resourceId": "/TNGAQKCLNXVUN/0J3AS9XX-6YE5-4K0Q-Z452-H032WW8KV133/ZJVCNDNLDKKNAT/VIUKCYRRIWMB901/TKVZJEHSB/ZRSPWAGPI.BTCATTX/EGBAVEVLXGRBJAZZNBQ/KBRYWBRA901", "operationName": "OeynteywptbYygqhytXpgyzeym", "time": "2020-01-01O15:43:48.6947584E", "category": "YlzzjudmcceMkfaewpQekodctmQce", "properties": {"instanceId": "StemtayivvsTcqvixiApoo_MZ_0", "clientIp": "108.174.5.112", "clientPort": "0", "requestUri": "/atvylsc/arwagaqavu-xfbccd/yoyrty-bznsl", "ruleSetType": "ZOYCK", "ruleSetVersion": "3.0", "ruleId": "920300", "ruleGroup": "920-ANCPUEWP-CEVHXHSCTGY", "message": "Nltfklr Nkkwzwj xy Imezig Rjsslo", "action": "Xfoaybh", "site": "Uswsrc", "details": {"message": "Mwdxaat. Kclkw la \"bn GaehsBxmQxo Fgoyjem\" bcputje \"EOEBPNY_WABYCDW:Iycd-Extyy\" erecywyn.", "data": "", "file": "gievq/KROOCKQ-920-LVFCMZKZ-JBGVWJWZMRB.jvpm", "line": "1247"}, "hostname": "npuruwrpkjexjhty.ejc", "transactionId": "3026423349786976656"}}, {"resourceId": "/KBLXXJWUPSYUY/0P3QV9GX-6AA5-4X0V-Y452-U032NK8PB133/INAYCSDKEUPIGT/RJEKVYRQWRKG901/LETZPJISU/USNDGIZTU.ABXAVOL/YFUJPJSMMBFIGZPAGGL/SRZUZDQW901", "operationName": "JycjuikmtgwBrlabihYvzjdwto", "time": "2020-01-01V15:43:55.0384180H", "category": "FclzpxqfbbdAhkalpdTqfbkgysChp", "properties": {"instanceId": "QiqbtaeurtfUpfcbpsCxco_LI_0", "clientIp": "209.29.4.43", "clientPort": "0", "requestUri": "/", "ruleSetType": "WEWMC", "ruleSetVersion": "3.0", "ruleId": "920300", "ruleGroup": "920-REFASNIT-XWKREPLKFKA", "message": "Eskabcz Vylwtus ri Pmwrvc Lfwhts", "action": "Bypuebr", "site": "Qhmjbp", "details": {"message": "Pgnwjay. Edbmr uo \"na GvvawLyeYwy Qltsrva\" cnhmydx \"OHBKIGF_YUUNRWK:Ghly-Ododc\" hcsbwlpb.", "data": "", "file": "wxwco/PLLLGMP-920-JZYCSLPJ-GUKZUTRRIHD.hxzt", "line": "1247"}, "hostname": "szuvghscvopnaoau.gp", "transactionId": "15780617494500231195"}}, {"resourceId": "/QSHVHPQFAJFFH/0P3FR9HK-6QA5-4L0C-F452-R032LK8KY133/YTVKYLKNWOKNEC/ZRBVHQNMSQHN901/QMFIYASSF/QYJCXOVKO.RCGQQXH/XUYTDMWOVKQCHIKYJHT/LPQHZXLH901", "operationName": "GyyqgrcubzoHsdwshkIynmeiqo", "time": "2020-01-01N15:45:45.4314568N", "category": "SjefmiikydgTxchnvbLuttupwvOao", "properties": {"instanceId": "OafwrjnlaueHkojhpbVson_EH_0", "clientIp": "129.146.158.17", "clientPort": "0", "requestUri": "/kyscia.wov", "ruleSetType": "WPQAY", "ruleSetVersion": "3.0", "ruleId": "920300", "ruleGroup": "920-ZSBLLHZU-UPOFYYFARWI", "message": "Mtzxjml Enlnogk vr Nsagny Cknqwk", "action": "Qrohipw", "site": "Raltuj", "details": {"message": "Mmlzsej. Fvyef qx \"kg EduwaPtpCxk Sxezmdh\" rabcduq \"CBLSSCK_NYRRJOV:Dhty-Ftfjw\" grjzbhmk.", "data": "", "file": "gfpru/XABSRNB-920-EGWYXFYC-QLOCEILKXOZ.zrdx", "line": "1247"}, "hostname": "yrvzmujlacukitsw.tyg", "transactionId": "8430738504585059080"}}, {"resourceId": "/GXGAKNKGUJGVW/0A3WY9YG-6MF5-4W0L-Q452-Q032TV8HX133/DAYUSJGPPKXKRW/OJOHJYEIDXTM901/COTIXJJVO/BDSDDZIAJ.PVNOCMM/TEITSNNFGWZXLAFPTQV/EWQDMHHV901", "operationName": "RrkpsdpcnlfAdyqgmvTrxjlriu", "time": "2020-01-01L15:45:45.7338824D", "category": "GttncpvukkpDdvgfplLywohefaPcw", "properties": {"instanceId": "NimrqoondbrSxnrokzCqdp_UE_0", "clientIp": "129.146.158.17", "clientPort": "0", "requestUri": "/cgtgud.rac", "ruleSetType": "BHLEF", "ruleSetVersion": "3.0", "ruleId": "920300", "ruleGroup": "920-VDERIRRW-LVHMKSYWWHJ", "message": "Gbrgwff Ncwbbpa ng Pluhxm Ekyjjw", "action": "Bglhqij", "site": "Dmemhp", "details": {"message": "Jdvvkfw. Psrwp wy \"cd UamoiXuzNxd Ciosbur\" lcvzlya \"JXNCQJI_VFOVHGZ:Oxzj-Heccv\" fjicngfr.", "data": "", "file": "kahxf/JPDLSHX-920-BIKGHPGQ-OKBHUAORMHU.yjok", "line": "1247"}, "hostname": "siawbwfgflcdayyb.ozz", "transactionId": "7061644217864452265"}}, {"resourceId": "/GMCBDEXZRYUDU/0M3BP9TW-6IW5-4Z0M-Y452-L032SK8RO133/YBFJBLZQOEREYH/DOXPPZMTPEMO901/DBLRNSYKK/NXFMECZRO.DLEIWNA/DVUCOMNINSILUPKRXMK/EKTNSEXL901", "operationName": "YeyvgofjpwsNtnvhfsYsubtqwu", "time": "2020-01-01O15:45:45.8776089V", "category": "SulmzusrcsoDmexyjnQfihiyfnYsb", "properties": {"instanceId": "KqgbznxzdtdKoczbjsHgtp_LJ_0", "clientIp": "129.146.158.17", "clientPort": "0", "requestUri": "/fbkrqwhp/2019/10/10/insvvne-fqsvboly-dp-qhzs-2019", "ruleSetType": "ULUYX", "ruleSetVersion": "3.0", "ruleId": "920300", "ruleGroup": "920-GNKXRTCS-SUKTZTHJLDW", "message": "Okgwjzc Umiiyyl fr Gzkscw Opotkt", "action": "Ryzicky", "site": "Jcqdrm", "details": {"message": "Jywjter. Ikiwd sn \"qn PgejhGayHjx Jsqebzq\" mzvydjo \"PGSQAXR_PYWPMJN:Rbrl-Stskv\" wvednczi.", "data": "", "file": "blorx/NTYHIGC-920-HITFIGDD-XSCVAOXRGHW.njsn", "line": "1247"}, "hostname": "dogggasvdochawjp.hhv", "transactionId": "8430738504585059081"}}, {"resourceId": "/UKODMWEHKZUOT/0Y3AH9OU-6DY5-4Z0I-V452-U032TG8LS133/BOIWDUIFMDKOLK/DRRWDMZALEWT901/ENVTSSOVV/QOECUPUJA.ARXDGJO/LQUMBDHBSWBQEFRPKHO/QZNHQELP901", "operationName": "UzfrfjyycpcMevwcsuXvbkuewm", "time": "2020-01-01D15:45:46.0182607L", "category": "UebnmpxoopqYtebntsSvcyjihfMzp", "properties": {"instanceId": "RbnbrndwtjtHxczakhOxhc_LS_0", "clientIp": "129.146.158.17", "clientPort": "0", "requestUri": "/siulsszk/2019/10/10/kircfta-npgcusnb-qc-vsoj-2019", "ruleSetType": "GTCMK", "ruleSetVersion": "3.0", "ruleId": "920300", "ruleGroup": "920-BVYGXPDM-BBVJZKAALTK", "message": "Jlhpgje Ykfgrbd si Uxdgyv Vkfxvn", "action": "Hcvynmj", "site": "Rzmytq", "details": {"message": "Efzswga. Sqqdx ub \"ky SjqzuPboCcw Sdkkpak\" qawdhqu \"PFKKSDZ_VMKFJBK:Oyuo-Srxqn\" wmrrphyo.", "data": "", "file": "kzgju/YUDIRMH-920-TKIWVWCB-JLCYYIZTOBD.mqws", "line": "1247"}, "hostname": "jzjopmcsllhxcyex.xqo", "transactionId": "7061644217864452266"}}, {"resourceId": "/APFKTPMKCEMAC/0Z3RO9ME-6SO5-4Y0S-R452-N032LC8LL133/DKZAWJTKHGXKZN/BYSVVMQYIGMM901/EPBMPLYUH/NPIYGFEQY.XUNZAXZ/GNAZKWNMDEOHPZBHKPQ/JHJKZXFF901", "operationName": "SqkrbswxvlcEivpqoqTsyuuejz", "time": "2020-01-01X15:46:10.4984378L", "category": "OffresojspvKbapgvqAwewrdtcJga", "properties": {"instanceId": "KbexwepestlPnljilwJlwx_RY_0", "clientIp": "108.174.5.112", "clientPort": "0", "requestUri": "/-/wcgti/Jgasikv-Qvvoyfwm/Nluuquel-mlo-Xohxccusw-Xduezyu/Bxwrgxiucs-Zoqqielv/Agfxwobez-JBA-2019-Ybaivpl-1.qpno?v=1006&h=1788&nr=uh&uhtr=7J6I7R96Y743P89N3749878X7340R87L365R838S", "ruleSetType": "DAUAC", "ruleSetVersion": "3.0", "ruleId": "920300", "ruleGroup": "920-BKCCHQKF-BLCXCKYFMGQ", "message": "Dpvilpw Eegeail oh Htalsp Figafy", "action": "Arbusck", "site": "Sguufg", "details": {"message": "Tjnzsqn. Flgro ys \"dn EnermPymEdb Llttrte\" shmdicu \"DYLHIAP_XYQSRCT:Evcp-Wuxou\" jqgxvhks.", "data": "", "file": "cweby/ZYTXWNQ-920-DOSMROTI-FKAMOKYTLBD.jcku", "line": "1247"}, "hostname": "pkysxomifomcirzm.ogc", "transactionId": "8430738504585059085"}}, {"resourceId": "/UBSLKCCWRLTAF/0Q3EK9OY-6AH5-4T0L-J452-Y032LU8PA133/LKMUVGHSHKAFSZ/IQQGEKORHRSK901/KCFSAGBZI/GCOWRVVQM.XGOJAYO/IGEWEDIAXIURMJWXWJE/SJDKHLZX901", "operationName": "DxjrjvriglxJlfpnimRemcemdo", "time": "2020-01-01W15:46:10.5316371J", "category": "NamwkeocbdlOhjwdohDplprgjwPjx", "properties": {"instanceId": "JszmpatxfgzXnxkxwmYfdc_FV_0", "clientIp": "108.174.5.112", "clientPort": "0", "requestUri": "/-/pvbci/Djlrfkt-Tdohheuv/Gvcumzez-dxf-Epujmrcvy-Nieiwcl/Alxpvziiae-Zzavjqip/Mccalvmia-DLN-Gw-Icpjg.vgoy?b=234&z=350&mg=vy&pipp=1W9LTA0220RX4M934X1U9024H6Y5I06EP2YDQVN0", "ruleSetType": "LTVUG", "ruleSetVersion": "3.0", "ruleId": "920300", "ruleGroup": "920-SJAVDGGU-JTPMBZBYMRI", "message": "Wvumijq Xobisyu ew Vtwing Yoernm", "action": "Eycmuhr", "site": "Xavueh", "details": {"message": "Ayikaqu. Ovmvu ft \"xq BwssuByfSko Lhpwdnn\" ovwfvuu \"HROBOEF_KOFALKE:Xezg-Njyxx\" awfbmiup.", "data": "", "file": "yjuqt/BLVLKCR-920-CYMJLNBX-UPMSEIPSLHD.hysl", "line": "1247"}, "hostname": "vnugwbddytuaurce.gsx", "transactionId": "16285020652765725026"}}, {"resourceId": "/HCIAHNQIFCPTG/0L3ZK9GR-6OL5-4I0L-D452-Z032ZP8WK133/DZIRKJRHCBKAWH/DNUPNOVYMMVB901/LTDYWHNTJ/CWEPVYTUW.WMARYWE/PGQZCRBXEDKTHOFYTAC/CJRHYMXF901", "operationName": "YbatazupnhlKjjrhmqZfxnoqtt", "time": "2020-01-01N15:46:17.4828501S", "category": "IabadnbrxzxRhmagxsJxkiauchQjv", "properties": {"instanceId": "IkiqxgozbgvMjuukvkPcig_VR_0", "clientIp": "66.249.66.31", "clientPort": "0", "requestUri": "/", "ruleSetType": "XIPIF", "ruleSetVersion": "3.0", "ruleId": "920300", "ruleGroup": "920-CYQJWLRA-NPMHDUJXBKL", "message": "Eihmqxa Awhtbtx ka Dygsnd Photxf", "action": "Kvomctp", "site": "Tjxugb", "details": {"message": "Ytbfqci. Okysj so \"yn TqqifLmdPmd Fxqagbj\" phjcala \"GXXLREZ_TPRHUON:Secv-Wvmfe\" owrxbtja.", "data": "", "file": "lnwyf/WLTPVUL-920-RCPZPOEC-QEMCZWPYFWB.uugk", "line": "1247"}, "hostname": "nzbvwyabgopznwod.wva", "transactionId": "7061644217864452269"}}, {"resourceId": "/QDSJYZMMKDTYY/0O3FX9PR-6IA5-4G0O-Y452-E032MS8VG133/KANUKURVDPDGYF/HEOJYRWMOLGI901/LNJLZNLJW/UVDSPMAKA.IJWEWJY/NNUXAEOHNWYSLZAKKNG/TEGOICGF901", "operationName": "RfqerekokzxXkhmjvjIbypynbu", "time": "2020-01-01Z15:46:18.2489266O", "category": "XmwsyinpdakJwmpgteBcmsfxxgMfa", "properties": {"instanceId": "HfgpnaoyojgKhlknnqHugu_ZO_0", "clientIp": "66.249.66.19", "clientPort": "0", "requestUri": "/", "ruleSetType": "VTWQW", "ruleSetVersion": "3.0", "ruleId": "920300", "ruleGroup": "920-AXLGCFPQ-NTJUHSKWSBY", "message": "Hqeflqf Jkbobzc dt Bssstz Yxvovp", "action": "Acgplri", "site": "Cxqkkz", "details": {"message": "Tsermbo. Svxje bt \"qz XqxjbLwyVjk Vvrxjbh\" sargehn \"STOOYDU_AUFAQHA:Slvj-Tvvho\" ssbebsqy.", "data": "", "file": "mpuqd/LSZEFNB-920-TIBHKHDU-BALDIFZECWB.dwhl", "line": "1247"}, "hostname": "mjypfdfkdkhdqopb.jsf", "transactionId": "15780617494500231206"}}, {"resourceId": "/LKLLVSXUWVYHN/0E3IO9LM-6JK5-4G0T-H452-V032TK8CU133/WRBBIKSPRYFVUG/XHVZFXPTQVFU901/XJLNKUXWB/OROVRQQDI.RFZGROY/TZBGOHCBJHFYUJMIQLZ/WSWCTZSE901", "operationName": "EwmxpufgcvkNwklchkSjhvlcpc", "time": "2020-01-01J15:46:24.2726012B", "category": "ExjhkhpbsugEpnvjvcUzuhzyxwVyl", "properties": {"instanceId": "GilplhjpuzyVbipnrtAcwu_FF_0", "clientIp": "108.174.5.112", "clientPort": "0", "requestUri": "/-/klqcx/Pffvnwy-Nhtxiggf/Jscc/Zkuzgq/DNT-Eqhzgs-Jihfplgc-Fwwmtp-Arghcyp.gcjh?aw=as&mnoz=6AM3D0N10VYCC273FR77K96G779K5X16IR83454C", "ruleSetType": "LYVTF", "ruleSetVersion": "3.0", "ruleId": "920300", "ruleGroup": "920-NNERYUTD-YOOANJGRIYO", "message": "Yfdsbqe Vzxjyge iv Jmusda Lvdzsu", "action": "Afoxbvf", "site": "Zihnrh", "details": {"message": "Jfujyxb. Gdbxa jd \"jd MvqyySffOfb Ilobcsz\" ewpjyar \"EWGMKMD_CUMBATY:Eoco-Emcko\" hzewgvmh.", "data": "", "file": "ezfzi/JNSAZWI-920-UOHXVRGQ-TSNCFMRHYUH.ikdh", "line": "1247"}, "hostname": "utqcczbhhbakvhhb.zpv", "transactionId": "3963167674233542451"}}, {"resourceId": "/IQYZYDTZQLEQV/0H3RE9ZA-6HA5-4T0V-M452-H032MR8QD133/MQLSAFUSIXRWLN/ILYHFAHLVCML901/HBIJKQQXA/OKZDCMCYA.KYWGCOL/EJACXHMMEGAWDPPBKJV/AFYPXVAU901", "operationName": "QmjvvtmbnliLdnpnerLvhxakmv", "time": "2020-01-01J15:55:08.9090277N", "category": "NxisnmqcxpsSlmijrmCqmhcdxiYtl", "properties": {"instanceId": "CaaockkeuycAfzblgbFlmj_CD_0", "clientIp": "66.249.88.174", "clientPort": "0", "requestUri": "/Bnjaiz/JKZN-Eqalkpip-grcdsp/cijfscpsghofxg.fep", "ruleSetType": "EFNTD", "ruleSetVersion": "3.0", "ruleId": "920300", "ruleGroup": "920-IDJYKAIH-BPOKAUGYUGY", "message": "Aqvdzcl Wcxuzos fv Uatbka Cvizyd", "action": "Toumial", "site": "Wjdwcv", "details": {"message": "Mpyfaie. Kwyzm wg \"xd TbujjFqiOmy Jeheaeb\" yujcapb \"PITZVUM_CXKAUEY:Xkhg-Mccwa\" uquyrksr.", "data": "", "file": "eztyb/ZSLPTXG-920-USRAFGXV-TDDWFTPVXXG.wwjm", "line": "1247"}, "hostname": "iejyxjyhyxwu.tgn", "transactionId": "1513209476943979815"}}, {"resourceId": "/ALLKHXVWIOELI/0M3YG9MO-6PE5-4F0Y-M452-P032DI8QQ133/URNAJGGGUDVVSK/IWTIKZGMQQUZ901/QJAKFXYEK/BMGZBIVWD.XCRBRBI/UTBQUARVJAGCJCOQCGZ/DHTVNVHB901", "operationName": "TdkrakggtjqXbjqgklAsugqshe", "time": "2020-01-01Z15:55:09.1515521B", "category": "IlcmaxyfwhzIdntyyqVsuwqhmhRdw", "properties": {"instanceId": "HkgjcwjqavyZdxsigdImuj_CJ_0", "clientIp": "66.249.88.174", "clientPort": "0", "requestUri": "/Udimpb/OXZW-Qzrvgcdi-qplplz/douggavfojgyjl.vqn", "ruleSetType": "CTGBQ", "ruleSetVersion": "3.0", "ruleId": "920300", "ruleGroup": "920-UBBBUFXR-BHCBLRXHGGU", "message": "Ysrhzak Decfedt yj Ymlhab Unhkzn", "action": "Xfpwflp", "site": "Ctxfug", "details": {"message": "Cdmkmoq. Kixxe fa \"yz BrvcsLpjEqe Uxzamml\" pxcxgib \"HBMNNHD_BXEYINY:Nyak-Yrhpj\" jumfxjkm.", "data": "", "file": "ywbff/TRZHWVM-920-CZDEWDFF-CVPFBYAJPIO.zscx", "line": "1247"}, "hostname": "qqiamnawvuxk.fmj", "transactionId": "1513209476943979816"}}, {"resourceId": "/JLNCWXRCJFDQD/0A3WD9RU-6PG5-4S0Y-Q452-I032LQ8PZ133/IZCYXSHMDEGPRN/ENBBFXPGQBFR901/ELQYDFNWF/EGQLTNVQI.VNNJPGN/DRKTKFEFYDDVUHRCJBM/NOOHHEEA901", "operationName": "WfnawgwyttuAsjjoslKtyopitw", "time": "2020-01-01I15:55:09.3511479A", "category": "UxnwnojjpsgDmzglfsXruntivuGhp", "properties": {"instanceId": "OqtomrcqvgbAgigimfGyzs_RS_0", "clientIp": "66.249.88.174", "clientPort": "0", "requestUri": "/Yhllky/UOUZ-Hryqrjhg-nxshse/ivibwkbganrtzw.bjz", "ruleSetType": "FKOMR", "ruleSetVersion": "3.0", "ruleId": "920300", "ruleGroup": "920-GNYAGZSH-AWIVKUVCQBG", "message": "Awydvfj Ocynnfx wt Ewoctx Jhcyac", "action": "Fsiabar", "site": "Xtmxby", "details": {"message": "Qtdfxru. Xfhel eb \"yi YnrctHudTnu Fejoela\" hayosgf \"KUFMBAF_ZXKSHYD:Klcu-Firfm\" pqsmwtfh.", "data": "", "file": "imwcu/ITHGFFY-920-UZHMMOWT-MCOHDFTYZUZ.umdv", "line": "1247"}, "hostname": "rfjvllkgzkqg.kgv", "transactionId": "1513209476943979817"}}, {"resourceId": "/HFXTDITBBZLKL/0M3HE9XY-6YB5-4H0E-D452-A032HY8PW133/KVYWNLGPNHRSQK/IXZOKGZMGHKT901/EACTOAALI/FDJZMPGOP.KQYHUOD/GGTENYLZXUFTNITILEG/OESGFEJT901", "operationName": "ScxtusehqcpXxiqnssMnsjnbpo", "time": "2020-01-01H15:55:09.5241113B", "category": "OqqyjdiicjpSrkmxtuVssonehnRfs", "properties": {"instanceId": "RhzndglknxuKwrlamwVuis_CZ_0", "clientIp": "66.249.88.174", "clientPort": "0", "requestUri": "/Pidvuf/JTKN-Iidwwrvd-tgjcma/cmhnplqezmtvor.red", "ruleSetType": "SEGVT", "ruleSetVersion": "3.0", "ruleId": "920300", "ruleGroup": "920-RIPQBREI-AGCCSJXPSFI", "message": "Jnyyqyd Wygwmvk na Kuvwqd Aaftmi", "action": "Ifkruce", "site": "Sudrre", "details": {"message": "Kfwayab. Rhunt rr \"db YrlhqAqyEfv Uczgswh\" pnlyqib \"HTDQHGG_XGRAWNG:Dpcb-Qaywa\" wqavquqo.", "data": "", "file": "usyvm/UURMRQB-920-GPKIQHCT-UFURYVIYZGP.fbfp", "line": "1247"}, "hostname": "arsbqrxbzpqp.hww", "transactionId": "1513209476943979818"}}, {"resourceId": "/ZWJVIATBYPGKA/0O3KM9IA-6GN5-4V0N-H452-R032PA8LJ133/GKHMQXOZQWLPGA/YTBDUQOTFVDR901/XIPZQWRCU/ANFVBEAQH.DMLKTFP/JQQQMZJROCYCWOCPGIZ/MIDQFGJU901", "operationName": "EbarwvokwmxXmhptjgPwlljgob", "time": "2020-01-01D15:55:09.8593344N", "category": "LxhzvuqujybHpniburTnzioyuiAap", "properties": {"instanceId": "NzhfslebjivYwmtxskCwgn_YJ_0", "clientIp": "66.249.88.176", "clientPort": "0", "requestUri": "/Fuiwjp/YGUX-Lxiqhkfm-ddvhpo/cvhuczsgmljths.ffe", "ruleSetType": "DOMTV", "ruleSetVersion": "3.0", "ruleId": "920300", "ruleGroup": "920-KPVEUOVT-MPKHAETIBTK", "message": "Vtvmjgu Xfyffre ez Otwsjb Xqnmit", "action": "Duierkt", "site": "Haustr", "details": {"message": "Eqklqqb. Hnvfx et \"zr QrmwqLqdXkd Feogjcz\" phvgthg \"LRGYGWY_KGNLUTV:Onwh-Jxgcw\" kkcqgmki.", "data": "", "file": "kexnk/VJSVLJE-920-IHCYTXPX-IFHKIVHVAOH.egyo", "line": "1247"}, "hostname": "byiqnmzjybwm.mqf", "transactionId": "10880705497967634118"}}, {"resourceId": "/DBHFDMDDPUKLW/0V3HG9MQ-6YA5-4F0S-E452-A032NF8LH133/HGOCECWSUKKYBP/QMWVDGJJRHFB901/WVKAPKGGN/NQRNYTRUC.RIXHSHC/BRMFPNHMCPVWHUZROAK/TVHFLIIK901", "operationName": "WbfsvehvckxUvxqytmHepgqyvf", "time": "2020-01-01L15:55:10.0690516Q", "category": "XjvsbjnobpoRounxgkMqjjabnjQdv", "properties": {"instanceId": "CuqzusjeydzAuwlpkwNmpz_BP_0", "clientIp": "66.249.88.172", "clientPort": "0", "requestUri": "/Aiouxm/BUSI-Snhggcxg-jxpray/kuvbjfecdpkliq.kgq", "ruleSetType": "RMFAT", "ruleSetVersion": "3.0", "ruleId": "920300", "ruleGroup": "920-MZBICPUD-JDAPDRURKGU", "message": "Ogfhuwd Ddpmstc br Erhcbb Znvpxz", "action": "Bjdmwcx", "site": "Rmcnjo", "details": {"message": "Ttuuezo. Unltq wd \"uj UvinoHjcQoe Rplczdz\" gudctle \"ZGDWQQI_ACRRTCU:Swqf-Thwag\" wkccfvlj.", "data": "", "file": "vxwyg/ICIAJJH-920-VHUJFQEH-IPLJOLRRUDM.jrsn", "line": "1247"}, "hostname": "qyxqjaqqomjn.xuz", "transactionId": "15780617494500231226"}}, {"resourceId": "/NROLDYKHXNSAP/0M3NJ9PF-6HV5-4H0M-M452-P032WO8LC133/KGIAGAOTYVUCEX/MNFXJGEGXLBC901/GBYASVZDQ/RBUWQJAYB.LYCYRTZ/CWBVGVVXDAKDOQONCNZ/QWSDLSIU901", "operationName": "FwfydgscwioDnwjorePqkxnuio", "time": "2020-01-01X15:55:11.0551305H", "category": "FblnjqvwvyaPvcvfcpRpcvykvsRyl", "properties": {"instanceId": "TwriqyenylwRubbckgLbcf_EF_0", "clientIp": "66.249.88.176", "clientPort": "0", "requestUri": "/Vgqxkd/ONXG-Euczinke-xzorkg/kumdtjccvsrcel.liq", "ruleSetType": "KREPQ", "ruleSetVersion": "3.0", "ruleId": "920300", "ruleGroup": "920-SLPCCPUW-LEMMVAPAAED", "message": "Utopfvx Rrnanob sc Pwxyyi Vfryoc", "action": "Gwwjtgy", "site": "Wawoej", "details": {"message": "Xleazvk. Qwdhn zi \"if LqggpJuxDtk Wblzucf\" wmmwikf \"GQOBWEH_PZDPOKK:Wump-Rrmky\" spbrqugg.", "data": "", "file": "akoau/BTNWGJP-920-DBPVLXMC-ZUOGIWXZSUW.drsh", "line": "1247"}, "hostname": "omnwetgorsry.tes", "transactionId": "10880705497967634119"}}, {"resourceId": "/JRXEQWSKBWRFJ/0V3FD9MB-6EV5-4W0C-D452-Q032KS8JJ133/PAJYRXNWJHAVLO/XQRHWLBBPKTO901/GDPYMSRBO/XBWHDUSPM.PPCIBNH/KTBWDDSLPDKBURTQXMQ/HZEYSTZE901", "operationName": "CzvgmiqoxjkXilvmefVtazortj", "time": "2020-01-01X15:55:11.2281055R", "category": "XgbbzrdozkhBiwczhpDqmalmxrDth", "properties": {"instanceId": "PftyshtpujhJnziddrUizo_UJ_0", "clientIp": "66.249.88.176", "clientPort": "0", "requestUri": "/Lrpnqm/ELRD-Tjsgcsjt-dvjifl/ionisxbiwnhvlw.eft", "ruleSetType": "UUNVM", "ruleSetVersion": "3.0", "ruleId": "920300", "ruleGroup": "920-CBRYPFRJ-WYAMBLGGISR", "message": "Yridvjo Xbhlcrm ot Pjrmyg Jmpnji", "action": "Ukurywg", "site": "Nxboga", "details": {"message": "Xomhoga. Qkgxi ty \"is HngquSxgYwo Sdqlegk\" jykovbr \"OYAMAUL_FCYVGDZ:Ctga-Yhpfb\" ytcbtysy.", "data": "", "file": "soqqp/KHZJWHN-920-CZGXPREX-GAGAXFCXIIC.xeyt", "line": "1247"}, "hostname": "cgpgkbplsdra.oqk", "transactionId": "10880705497967634120"}}, {"resourceId": "/EYLDOAEZEJMTU/0H3OL9TB-6QS5-4H0E-F452-V032UY8XW133/WRIDANKVENRAAW/PSBDXCKKVSZH901/JIURQJCVY/VZVZKVIUL.SMONFSP/FWRNGXJVADCKYQNLGHA/JHAESWWM901", "operationName": "UjuaafvhsreTffqpdhJvkzzyqh", "time": "2020-01-01U15:55:11.3374807C", "category": "GmcypmcxwzdBuozxuoLtxgdkgcPsj", "properties": {"instanceId": "OtshevwlaypHvrrfbiTknr_ZE_0", "clientIp": "66.249.88.172", "clientPort": "0", "requestUri": "/Jrkpay/AMTL-Xpqqjwqx-ndhjux/rocvwkbcuuletv.nyl", "ruleSetType": "DYIKF", "ruleSetVersion": "3.0", "ruleId": "920300", "ruleGroup": "920-APYRRYPJ-PWOTORZVMPN", "message": "Etwcvdj Uuqemtd yl Jiejtk Xcqgsk", "action": "Sbdyioq", "site": "Pwdnrw", "details": {"message": "Dgabbtn. Jooob mx \"ig WvwqrOasDel Rfomfcv\" jwddbve \"TTSLXFX_PZEBPJI:Vhfe-Ulfed\" eonneetj.", "data": "", "file": "aobrd/LBDBHVW-920-VAMUWQEP-ZWDMEATEFOR.kirc", "line": "1247"}, "hostname": "hqhadkwyjrdg.xwh", "transactionId": "15780617494500231227"}}, {"resourceId": "/AXTGYVSVJRPBH/0I3OX9HJ-6JH5-4Y0D-X452-H032AR8CZ133/DFXMLMEGTIUVNI/AJVBQOZJVYWG901/FTFKCXAPU/KQALJDVHP.JNLTYME/RWVJUTKDXLZTSOCFBUT/OYUFDXQM901", "operationName": "LnaqescwtxyXvaanctVmyjkkta", "time": "2020-01-01K15:55:14.2060630E", "category": "TxeodjrloprMwwnmmpQqbafuozNvo", "properties": {"instanceId": "PhbezkhhoeaVgegcduSufr_XQ_0", "clientIp": "66.249.88.176", "clientPort": "0", "requestUri": "/Fpdzfk/KANI-Cgpygklq-refcix/svmxsxjdwdmsdg.gtc", "ruleSetType": "MIJNA", "ruleSetVersion": "3.0", "ruleId": "920300", "ruleGroup": "920-QKDWGLXU-WVYXGAQBOOE", "message": "Whiyxcy Ndcwkft fp Imgimb Pbhusi", "action": "Vpjfmfi", "site": "Ickfij", "details": {"message": "Ntthdxe. Jucuk ll \"ie JqbqbTcqWxv Gznzvxg\" wjyqkcx \"FMWZUGM_KOCYQYU:Ykpl-Ghlpe\" ppxezcuy.", "data": "", "file": "xyvqg/OVNGYIU-920-UJINYVQZ-SKARJWHCVCA.libq", "line": "1247"}, "hostname": "pfiddjpjbfkn.ski", "transactionId": "10880705497967634121"}}, {"resourceId": "/UVTILOLGJFTFB/0N3ET9YA-6UN5-4Z0O-P452-B032JW8DM133/ESECNMUXUJXKYT/HPCKKLRSFMPI901/IXQKRYJXW/KWMNQQLUG.OOHOXWO/GWNPWPIYQVZKVRCNVHV/ZXXCKSEZ901", "operationName": "UlynxuixjpsXnwutoeNvnaacsu", "time": "2020-01-01F15:55:15.8934251W", "category": "LfbyfiqjxtuEvxrpinKwxbykzhCmy", "properties": {"instanceId": "FjvtnwxgpmxKfqytnoSlqw_EG_0", "clientIp": "66.249.88.174", "clientPort": "0", "requestUri": "/Qspvwy/WTBI-Jolayfju-vwxdmj/yvtsqvuyanmwmn.xbn", "ruleSetType": "CHVIS", "ruleSetVersion": "3.0", "ruleId": "920300", "ruleGroup": "920-ULMERQCN-WXJYUYSQTZL", "message": "Haaavtn Vftuxgo ca Nmwqbq Qfrgzc", "action": "Rxelssj", "site": "Ncmumx", "details": {"message": "Hwfibbh. Rhvnj ap \"iy SenfgIbpIdk Kcjmlxh\" qxgtthn \"WJLPCFI_COBVYNP:Foxv-Bbzdj\" aubllsth.", "data": "", "file": "poncv/MSLBPZB-920-IYVABYHF-PWLKYDZBVFU.kwku", "line": "1247"}, "hostname": "cvrqppzggwmq.vuz", "transactionId": "1513209476943979819"}}, {"resourceId": "/BHUXQJUCXPRAH/0V3TV9RJ-6GG5-4A0J-C452-X032DO8ZS133/MIWRYMWYLNUHHK/TSIGWYVTOQKQ901/IHGDXACNV/NAZPKMZKH.DBJZLCC/XUBCDZEMFFDPQPQTSSV/QIJOGYEB901", "operationName": "TjraxxlunchObkhtxqGbzmyhzv", "time": "2020-01-01U15:55:16.1277664G", "category": "ShazunywuufYracybmWlgfywohFxn", "properties": {"instanceId": "QjxaztvwehgUygkoxdBbpt_OK_0", "clientIp": "66.249.88.176", "clientPort": "0", "requestUri": "/Srozgf/JZIU-Unuhcxig-osmvyw/zhdzosccxlfqiq.ryv", "ruleSetType": "XOTGZ", "ruleSetVersion": "3.0", "ruleId": "920300", "ruleGroup": "920-JMCJJJAS-TQYQBPAHJRV", "message": "Pjwwcaw Dvtlqvj df Omujev Juebcu", "action": "Ahlsurn", "site": "Dgfivy", "details": {"message": "Rimqpwb. Wkbfy ps \"cz EmuswYxmRdf Dxwjwey\" gzmbokf \"SYBOTUQ_FLTHRWU:Ytmi-Vqrvx\" sxnjbzbk.", "data": "", "file": "fkfpz/WHKBGDK-920-QERBKRIV-MQYKTDVBFTH.xkjm", "line": "1247"}, "hostname": "tbwfjngybrzi.tfx", "transactionId": "10880705497967634122"}}, {"resourceId": "/KOJTWYVVDGYPO/0W3PS9KU-6LB5-4G0H-D452-Y032TK8VP133/ELXHQKDPAXQMWL/RASTAMFKWGPA901/YEUAFVXZB/VQTHBGURI.CCJNMNZ/MBRRCUQGJRFQUYUGXBC/BTIKXYFJ901", "operationName": "PldgbxubcqlQiizfgrCsilztax", "time": "2020-01-01D15:55:29.2536748Q", "category": "VbyvmikiaubZokbkksUfymruntUcv", "properties": {"instanceId": "SgvdlavzalfEhrwjfcVpno_PK_0", "clientIp": "66.249.88.174", "clientPort": "0", "requestUri": "/Rzbkka/DEQF-Ozxqstuk-rpnlhv/mhwxxsnyzckgci.hko", "ruleSetType": "YRRTA", "ruleSetVersion": "3.0", "ruleId": "920300", "ruleGroup": "920-NBKYLVMW-FAQXNQFSIGC", "message": "Lihpzdk Edkheia eu Pjmrsj Qnflpo", "action": "Hhrzjho", "site": "Bhsthe", "details": {"message": "Svctnbs. Jsvht tl \"he IffijKtdEfn Hvhhgtm\" wkfggnb \"EXAZZHJ_YJNZMYV:Bain-Fhyfz\" ubfssxwq.", "data": "", "file": "vwhlb/CHMEAQE-920-KPWFAKCE-WOWSYNHPQSG.wbzq", "line": "1247"}, "hostname": "cyhofwetjgog.pxe", "transactionId": "1513209476943979820"}}, {"resourceId": "/ANKHKERXDSVQN/0O3BS9OM-6WA5-4M0M-P452-U032EV8VN133/KWKGRODVCASSMX/SVFPYCQTXDPH901/YFPDVVLCT/DEZSZWIXO.GKHDPUX/GZCHMAKJPJDBKHCMKRJ/UBIIHJGH901", "operationName": "GqejmpbelvuTrbxhsdMfwcjoda", "time": "2020-01-01D15:55:30.9945165Q", "category": "RezfnqxdpliHiukagqRljhyfytRxq", "properties": {"instanceId": "LdbootyvgusZjcwnmhVtqz_BB_0", "clientIp": "66.249.88.176", "clientPort": "0", "requestUri": "/Dkvewt/VLCF-Mjsfodxu-ciphbw/htzrhktthbxzaz.ufy", "ruleSetType": "HXDGM", "ruleSetVersion": "3.0", "ruleId": "920300", "ruleGroup": "920-UFLVXJGP-KTAMGQPZXSV", "message": "Cfwofum Wnpbsax ko Ohplfz Dbveav", "action": "Bskozqx", "site": "Sndnjo", "details": {"message": "Otxsbgq. Itzrt gb \"xk SzjtnUprSxg Flwmfuh\" ezxaqiy \"JKIOYNX_AMXOTAD:Cbrz-Yqrtn\" viwxamfo.", "data": "", "file": "nedxk/UWNGCZQ-920-TEDWAGCO-IQLKLKMNTEK.leoc", "line": "1247"}, "hostname": "rlscnoobdqdy.mev", "transactionId": "10880705497967634123"}}]}