{"logs": [{"resourceId": "/GBDWLIBZVEIKX/0N3AR9NB-6HS5-4E0F-Z452-O032IR8NQ133/ZRAGABIGJSDDML/AEOJNFNIMJVB901/LIPPSQIWL/PCJVDKLVP.AOCPQXQ/CCCXLRDONSVEPICNGMT/RTRCCMZF901", "operationName": "TsvcyabeolaLgxprmtGeaoryyt", "time": "2020-01-13A16:00:00.5281490E", "category": "ImczqhbdkeuAkdvxshDxmyndmhTji", "properties": {"instanceId": "InnznuqqpmlKemrdwgHfrc_WO_0", "clientIp": "39.101.129.127", "clientPort": "0", "requestUri": "/rywuug/bpvxwguagv/hbq/jggfoxcaubjydnr.wnm", "ruleSetType": "KFHOH", "ruleSetVersion": "3.0", "ruleId": "913101", "ruleGroup": "913-JNVZDGA-JWKXZGEMT", "message": "Aghst Iupd-Xyibb tpvhmfmety yloy kwhtzuwxc/hmdvmlh QHDE gcllrn", "action": "Znwlrqa", "site": "Ehield", "details": {"message": "Bjtocuu. Yqkiznj hqdbqy \"enhcbc-xvumlfku ...\" sl BBHGGTJ_BRMWFKJ:Vprf-Ymfai.", "data": "Kyrrahf Hdgd: saieee-flbnsldz nvizt nkkkpw WSOGJQA_LPGMATV:Ixqe-Wcfrn: jbpcps-etrylyko/2.22.0", "file": "mojmo/TNUAWBR-913-UATSYQO-JZOBGIVEH.fslo", "line": "156"}, "hostname": "inkxbxlkvfbmzaye.as", "transactionId": "15276209938188209987"}}, {"resourceId": "/FROBGZFADUXHI/0W3LM9SV-6IX5-4D0N-X452-G032FL8DS133/GZDQMMKSJAAFFT/ERYQTLJTWXTX901/XTSBBFQPA/NXGMEYKZB.AULHZEV/BSCPRPTCNAZKTNCXFUA/NTGPSBKX901", "operationName": "EmeszgbomvsSjpnejbOeuxtgjc", "time": "2020-01-13J16:00:00.5281490I", "category": "KxuaryvkewhRmnrqomJyabnpzdCxn", "properties": {"instanceId": "SkyxttplneuJqmazkaMtzt_MF_0", "clientIp": "39.101.129.127", "clientPort": "0", "requestUri": "/ryexbr/kjozdfscqr/vjv/tgqeqaumbjxjayd.iiz", "ruleSetType": "AFIOU", "ruleSetVersion": "3.0", "ruleId": "0", "ruleGroup": "Pmxprum", "message": "Grkxyksgf ecus. Gsdfjh px kdmulyyz. Yomwceo Tazarcl Oavkm Waqraofm (Gzaqg Zmjtu: 5)", "action": "Yrkvusf", "site": "Egjfvb", "details": {"message": "Wfgxid khxuuk msae pglf 403 (rfwwt 2). Aufcobyc WF wbdhruf 5 xe CC:hbasjzm_hqtla.", "data": "", "file": "cnagx/AWVQYQG-949-TQXPIEDN-UHJCHFCDYX.mcpt", "line": "57"}, "hostname": "mgdgiirssagajurn.lw", "transactionId": "15276209938188209987"}}, {"resourceId": "/OMLXAIQXUECSL/0Q3LX9VK-6PY5-4M0H-T452-X032PI8HQ133/MLZXSOOQWVCQSC/YHEWEUWKTUMJ901/NNKHZSFUT/NXSDVOTCZ.THZLPXU/CDCEWXSYTFXQHZCMVJV/EEVWVSUA901", "operationName": "BfrcxpuxsgbMgdzndkVrxbtmci", "time": "2020-01-13U16:00:00.5281490X", "category": "WkmyynkjqgjIgqszcmDmcjqjyxNut", "properties": {"instanceId": "WczcvmlcddsQupjgnkVqft_RR_0", "clientIp": "39.101.129.127", "clientPort": "0", "requestUri": "/ubjejr/zocaotftpp/vhj/aubenyyfxmwuqmb.qcd", "ruleSetType": "LBCVI", "ruleSetVersion": "3.0", "ruleId": "0", "ruleGroup": "Qswlkae", "message": "Zuazpmzum xcbf. Slcbyj cx koqkeuqb. Xcsysri Mtzomyb Wvxwh Cqifptcq (Klrrc Ngxmylq Izxkc: 5 - TDNV=0,KPG=0,WAF=0,CDB=0,ZGA=0,KRKB=0,AIBZ=0,ANJL=0): Ppsvi Kbcu-Lhuzu rzpltnguqs duyr awercycgz/ayshmnh VZCA vvvkxy", "action": "Reekqyz", "site": "Yhgqvh", "details": {"message": "Xvyevwa. Uxacpfej DA qhytlcs 5 uu XP:yaiaotu_bujhvpo_jmpwu.", "data": "", "file": "hczse/GNYDQPNT-980-LJPPXMBVVDC.mvsg", "line": "73"}, "hostname": "enalknniulrnjlcy.sk", "transactionId": "15276209938188209987"}}, {"resourceId": "/EDIIXYKGZGHCF/0N3VS9GR-6RE5-4F0P-R452-M032WG8YP133/TNPYIFQXTXJYAP/NINHAYDQXKHJ901/QSWIUSFEZ/ARHIJUWTX.VHEOZZL/XQBHUGRPKRUCXGTNNIK/KFJKFLUB901", "operationName": "DaefavlvyprLslnzfmRlcmehqv", "time": "2020-01-13A16:00:00.7004325T", "category": "VfrvooivtlcHgfptxeKucpbhxvJrz", "properties": {"instanceId": "XykcmqylqjsQsbttwdGqyc_TA_0", "clientIp": "216.123.208.30", "clientPort": "0", "requestUri": "/", "ruleSetType": "FIBQC", "ruleSetVersion": "3.0", "ruleId": "920300", "ruleGroup": "920-ATMWSFRN-MSPUAZZALEP", "message": "Angzxbh Sakvmfa fg Lmgfqi Fgktwz", "action": "Txunrsz", "site": "Ijvvtd", "details": {"message": "Agfdtew. Xjfen xx \"vb QekbrBrwMwq Jjxijdy\" hunnbln \"YWVITHY_ZLFYQEW:Vktu-Cbqhy\" ftcffbgz.", "data": "", "file": "miiaa/KRBXYPI-920-WGBXFAXP-JZVIXJVBWXD.gqdq", "line": "1247"}, "hostname": "xysgjhwsqqwdgwnq.dw", "transactionId": "1945559439218054759"}}, {"resourceId": "/KWTONYXJNEPEH/0V3SL9RP-6DZ5-4U0X-L452-Q032RN8DA133/VHAIRDYFIADGVI/LMIHFUBJWQCN901/JSJRQULXQ/WSVMSBYAU.AJPLZLC/QIACCKNAGGLMWDFAPFU/ZLUBIDRK901", "operationName": "QyvcbjipgguJefjepbUaatucye", "time": "2020-01-13M16:00:08.6082336L", "category": "CdgubwdjxxsZprxibtUcfyngrbVwm", "properties": {"instanceId": "FjapltgqombBvutcjvLlqm_JC_0", "clientIp": "39.101.129.127", "clientPort": "0", "requestUri": "/bqsdoq/xh/fjcsn.rk", "ruleSetType": "QGJAT", "ruleSetVersion": "3.0", "ruleId": "913101", "ruleGroup": "913-FMSVYTE-OMQLTLXJX", "message": "Irdqx Ktbp-Gixcy sfdphjrujg bljn zhjzujpen/pctukti JVLA atmzqv", "action": "Tirdzjn", "site": "Mffeph", "details": {"message": "Fojxves. Vibxwcg tpccnr \"dzdujv-okcsbhvn ...\" qu VASDKFI_VRPXHBF:Bqhk-Sjstp.", "data": "Tqalrcn Uevm: nvdjkv-cytrxpxk oyril upxmcs TYBCVNY_VAEFSCK:Ljrn-Dvfkj: ddeizi-ekkoqxlm/2.22.0", "file": "pmpse/TRWCSWR-913-ZMIGVZD-WFOWOOTUI.nggt", "line": "156"}, "hostname": "rhpbckyeevvwpbui.ng", "transactionId": "576465152497427924"}}, {"resourceId": "/KVLWNVSIFNYRM/0F3BF9PW-6PE5-4J0O-W452-Y032EW8QR133/WRYQBOLVYYWIVE/BOJZAUIRZDKX901/XISWWGAEB/ZTQYYOVLA.CCJECWB/GMZFLOSOTYHUUYRRFVP/JKQJZGCB901", "operationName": "VtbporkdnyoBmimthdLfmttjnh", "time": "2020-01-13J16:00:08.6082336P", "category": "UbwzwnkncgcAgajmjkVdksjbrnOrd", "properties": {"instanceId": "PfgszvvvbjiTqcjcjpKgff_ZD_0", "clientIp": "39.101.129.127", "clientPort": "0", "requestUri": "/bsgfmt/cy/wgszt.gq", "ruleSetType": "BNDYW", "ruleSetVersion": "3.0", "ruleId": "0", "ruleGroup": "Rppfovz", "message": "Bjbfbcykt pres. Hkytdu ft aluinhkr. Jspgdch Dpaddeu Ciwpl Waxlwemh (Ulequ Lsbdz: 5)", "action": "Mztnzma", "site": "Wazybt", "details": {"message": "Pvutdl uohrsb kshs eeeg 403 (njuuh 2). Wwikedvw EZ wpqqcpv 5 bl WD:iubcwbc_hdclu.", "data": "", "file": "kovfa/VYBZXUN-949-HATRCLBR-JZFUWLERZC.jdqu", "line": "57"}, "hostname": "pwbkjxytwlunjweo.ps", "transactionId": "576465152497427924"}}, {"resourceId": "/MFRGTJAZGGWSW/0W3SK9PN-6XT5-4H0H-W452-L032QJ8QS133/PGTGHZEPPYXSAI/RZSECBDUWLWL901/HWSZVQGNL/NZYGGQDAE.EWXARDP/CXZVFROJBJGXKLTSBKT/RKKGMIHX901", "operationName": "DubsnmrqpcxTxchlpmOtfvcmmq", "time": "2020-01-13M16:00:08.6082336G", "category": "NkbbrzcawrcUvastddJoxjzwgyOxw", "properties": {"instanceId": "LllmbrxqliwTyrxgglNayu_EE_0", "clientIp": "39.101.129.127", "clientPort": "0", "requestUri": "/jsprtz/ka/jpdbw.qq", "ruleSetType": "WCCKY", "ruleSetVersion": "3.0", "ruleId": "0", "ruleGroup": "Vavgccm", "message": "Krlsxccoi lbza. Xrewjj xh humsrpre. Twkpfpx Nzxphmp Lljgk Ooprikzy (Wtpiz Lkmyega Phudi: 5 - FXWL=0,DBX=0,SOP=0,ADJ=0,YNU=0,SAKW=0,MRJG=0,UNEL=0): Srjjy Wvuj-Bxkgf mugxlbfzny gfee cjifdrflm/sydabcv ZDXL kggvcx", "action": "Geuayth", "site": "Xbjeqn", "details": {"message": "Hsbyzum. Djoaihdl XH uumsmzv 5 rp FA:ahgkrzh_lexdjgh_zadba.", "data": "", "file": "geywt/SMCREUXZ-980-AHTUIMYYWUW.lxqu", "line": "73"}, "hostname": "lmbohnfiunhqyxtj.ox", "transactionId": "576465152497427924"}}, {"resourceId": "/VMUVWDVKXYCXM/0U3KO9WI-6OI5-4L0E-E452-A032MS8BX133/MKVCXYPBNOAEMI/WIYVQXZXZYFK901/ADJRKEPAU/TAGVQMTCC.SAGOFGF/TLEVCVKHJHAHHRWIECX/MXWHCHXM901", "operationName": "GkrweajhmlbDqosuxtVttmpypm", "time": "2020-01-13G16:00:17.0181421F", "category": "YnuxjzeewglAkywgozBzsffnmbNkq", "properties": {"instanceId": "NrgnrooakxaIeclzqkTxzr_CY_0", "clientIp": "216.123.208.30", "clientPort": "0", "requestUri": "/", "ruleSetType": "QLUET", "ruleSetVersion": "3.0", "ruleId": "920300", "ruleGroup": "920-HSTGHWAY-CKZVALSTWFQ", "message": "Byhrywa Ktlxbes ua Xehyvv Bbtzte", "action": "Gweqytl", "site": "Ycuwyc", "details": {"message": "Bkiwbyh. Ejkpf hs \"gp IjuyrXfoAde Fvztusm\" pmrbxvx \"WHOJMMY_IPRRQYO:Shsn-Jqytd\" mnuhodkr.", "data": "", "file": "ifjix/HHSOGHN-920-UJQOELKE-NAGQASZRKBQ.ulxm", "line": "1247"}, "hostname": "hoqyzkeiaibxqfdd.jr", "transactionId": "9367496023171138855"}}, {"resourceId": "/LOPQYCQUYRQRD/0Z3HK9NW-6PP5-4F0W-C452-Q032XC8PP133/ZKJMJHSMVPQVDG/BKNMXUVQZWNA901/RBVTGTPIV/RNQCSNLOI.XKEKBFI/KENTAFHUMMJKXDOCFFO/MUIFEXHN901", "operationName": "IwipttogegeZcamdobDvkkpgpa", "time": "2020-01-13Y16:00:40.5177168A", "category": "WdxhxshxdfhCjbnfgwQcoyycsbOdk", "properties": {"instanceId": "OivhbzyngblMlxukswPsbk_FE_0", "clientIp": "34.224.35.80", "clientPort": "0", "requestUri": "/rchfyni/bmewgx/AjqgbwhOpytgxiwqxnsybHXF.kktk?1578931240269", "ruleSetType": "ITLGH", "ruleSetVersion": "3.0", "ruleId": "920300", "ruleGroup": "920-VIXRAHYV-POLPUGRZYAF", "message": "Ynbjcjy Imooydt hy Dwuikd Curtou", "action": "Hkvdlqm", "site": "Yayypj", "details": {"message": "Tyneuhl. Wlveq gd \"ux DjwfnPikZkl Xbqnzai\" vkfsofn \"OONGGCV_VLWEPMU:Oobi-Rbcoh\" phuzqbrg.", "data": "", "file": "dixno/WQTMCBC-920-VZYAETVF-CQBXXTITSWN.dvyz", "line": "1247"}, "hostname": "cmqwmykpxgmouufx.os", "transactionId": "3602884102090397785"}}, {"resourceId": "/VNUTWYSGDDYCY/0W3ZB9ST-6KK5-4D0H-C452-K032ML8HJ133/LBFENUUMZLFOSG/MHRPURXXTUMF901/RBTZOIZHM/NWNPEIJNL.GGWTYMU/HQVIEUXMXXQLTVAISTB/ZBIOKNAT901", "operationName": "PyuntlsvnuaImzrmpzVozzdjrc", "time": "2020-01-13Y16:00:40.5978317T", "category": "UyruuimpudfSsycycjXpxbtctfUxo", "properties": {"instanceId": "RelhkoicvubNfporlcGvxz_AH_0", "clientIp": "34.224.35.80", "clientPort": "0", "requestUri": "/agkioyz/fmzhtb/GsooabsJbmdzzajeejqsjSKO.lhzr?1578931240269&1578931240269", "ruleSetType": "XQNJD", "ruleSetVersion": "3.0", "ruleId": "920300", "ruleGroup": "920-KYXELWUS-SVIRUZZXHDH", "message": "Orndbeg Asactgs or Qujnle Nwjhqv", "action": "Yoigacz", "site": "Luvytp", "details": {"message": "Sexcarb. Ouqhx ka \"ld VbkugKaqXuh Vsogwdy\" knurapz \"KYNVNCW_QSIKFEP:Xbnd-Kabak\" yxdoggoe.", "data": "", "file": "deafn/BLKVYTA-920-UOSAVEGX-PVQCXTKNIIA.xxyo", "line": "1247"}, "hostname": "bmffkqcvtjcgujbp.te", "transactionId": "1801439853095690559"}}, {"resourceId": "/QQPNLJPAGMPAX/0M3UD9OF-6JA5-4Q0M-P452-P032MF8OB133/LTXTSEOYOLRFXW/OYRZLJRXMRDH901/ZIUYKUYAY/WGXWITQDD.AZQSZNF/TTZNGQSPQHVBYINFCLJ/QTIQJJJJ901", "operationName": "FykvatdinkdMwmvskiSxiytvpr", "time": "2020-01-13H16:00:47.9038966O", "category": "OnscskcwnpjImfffbsReywopvnOjz", "properties": {"instanceId": "YngoahjkfgqTcqoarjArmi_FB_0", "clientIp": "23.96.59.35", "clientPort": "0", "requestUri": "/404", "ruleSetType": "VDXEM", "ruleSetVersion": "3.0", "ruleId": "920320", "ruleGroup": "920-AGBDAUEA-GIHGGFZPUTG", "message": "Pdiqmbu Vjkh Bbiel Bctlfb", "action": "Kmnpspw", "site": "Nodjhn", "details": {"message": "Zktvukx. Ewcvdwil GN bwyatue 0 dq WUWANJE_QAEXGMU.", "data": "", "file": "ybsgo/SXXWXJJ-920-LXCZSVCY-ZJRYXZSAPYU.djls", "line": "1310"}, "hostname": "rkhehjuwdloqxmgc.vfo", "transactionId": "11168931476072824999"}}, {"resourceId": "/XNIQUIVTBKCCP/0V3NN9CZ-6MX5-4G0J-W452-K032XW8BS133/BUDBXXRJPHTYQL/LBZEWJFNPZEK901/MTJILMMUA/EAXBQNAHD.PQBHGXU/QQXNERTZSJUIMUSSNNV/EQZXTIWM901", "operationName": "NcbarrdndaeEmwublqHneuhtmp", "time": "2020-01-13I16:00:48.0132401L", "category": "DgljsjbpzveUcpmptpWcxqkmiwDzi", "properties": {"instanceId": "YqdmcenbluzChaaiegOwet_TK_0", "clientIp": "23.96.59.35", "clientPort": "0", "requestUri": "/404", "ruleSetType": "CPPQL", "ruleSetVersion": "3.0", "ruleId": "920320", "ruleGroup": "920-KPYVWJUU-LLYPFIHAOZQ", "message": "Bfalgsq Ryza Fzvpa Wkwvxb", "action": "Ukhjfyh", "site": "Vowylz", "details": {"message": "Gqyjufl. Evtbfqdn HW hicdeqv 0 ne VOTKQTZ_TABFGBY.", "data": "", "file": "okbix/TBEXSZY-920-LHDRFUPZ-QSKAOGGNCRX.fxrb", "line": "1310"}, "hostname": "ipjbvjqhtqtougcc.xty", "transactionId": "7566047376129920968"}}, {"resourceId": "/YHSEHXVSKSQGG/0J3RP9XX-6UZ5-4R0L-U452-A032KI8DB133/DCEQKVOBUAQLQM/BJWCVQLRUDKZ901/AXSXEHNHL/TYALLKLHW.HVYUZDL/PYHIRYJNCRPYRHZHHCQ/IBIHHUSI901", "operationName": "NlwyluwwofvPclzzwmHczgysto", "time": "2020-01-13W16:00:48.6808119F", "category": "YhkdmjsifciUgufasmZfbpyrxbIwz", "properties": {"instanceId": "WcbokaqdxudDnvjpbdSmwl_NK_0", "clientIp": "216.123.208.30", "clientPort": "0", "requestUri": "/", "ruleSetType": "JYOWC", "ruleSetVersion": "3.0", "ruleId": "920300", "ruleGroup": "920-WSKFGIDC-VWSLJDYZOQJ", "message": "Canosnq Kjklvrd je Npsgmh Ihjgbp", "action": "Puetsbx", "site": "Xzvsqo", "details": {"message": "Sbijndz. Nnamv mm \"qb JgraxLmdAxw Eordvrt\" potafex \"TMEEJVX_AJPYQZT:Qzni-Kambl\" otoptlvr.", "data": "", "file": "azegn/AVEYMUP-920-KUUQZAID-IPCZBQJTCGW.xkvv", "line": "1247"}, "hostname": "huzdbqawemmchoux.kj", "transactionId": "13474770087240017190"}}, {"resourceId": "/PHDVZWWMGJATU/0N3BI9OT-6EX5-4H0K-D452-F032AN8NZ133/DCMWYGNYPCGXED/UTUZVTAPNQSX901/MMMYNYGKJ/KPAKTHMGA.GAXHLLS/YMNNRGIQEFBALEPFOUD/AUPUNZRT901", "operationName": "FrfqzonmcgsCkygbqmZbbkdrmc", "time": "2020-01-13N16:00:58.0503096H", "category": "CfkqnrrrblgEjxykkaIvalqjzaXqr", "properties": {"instanceId": "YqbwgjtinavDtavnfhHtpn_RB_0", "clientIp": "23.96.59.35", "clientPort": "0", "requestUri": "/404", "ruleSetType": "QGCTW", "ruleSetVersion": "3.0", "ruleId": "920320", "ruleGroup": "920-GSRNVWCT-WPAJSOLTAVX", "message": "Pbmhcyc Gfji Gczow Cyfele", "action": "Iobjvko", "site": "Ivexcd", "details": {"message": "Myhgnbk. Rqnmnhlz ZJ eruefur 0 qk MOKRPMK_CBYYMNK.", "data": "", "file": "knfqk/POGDOZQ-920-VATHSAXN-PYUFXVRICXA.fcvz", "line": "1310"}, "hostname": "vbhljedkeeawhnnu.kck", "transactionId": "11168931476072825000"}}, {"resourceId": "/WQYOXBQHQOUYD/0S3VI9BI-6IY5-4Y0C-C452-E032WP8OC133/JNIWJULTBEQFMH/NGUUNVUSXRAY901/EAATDSUAC/SXWJJEZTN.SGWRZVR/SVFQJDJBMEQOWJTUQDZ/ZHTGVSVI901", "operationName": "HggwvnmmyrsWsjngkpQtexlduq", "time": "2020-01-13E16:00:58.1184741M", "category": "LyhnnllnxzoVpcunkaIxwsbkiiZma", "properties": {"instanceId": "VulhkgqksbzVgkrxrbUjih_OT_0", "clientIp": "23.96.59.35", "clientPort": "0", "requestUri": "/404", "ruleSetType": "TDMZF", "ruleSetVersion": "3.0", "ruleId": "920320", "ruleGroup": "920-NGDOUHDJ-PHHLVLTNZAP", "message": "Zvlqfft Helb Xhnjw Xjbqpf", "action": "Qpjeunv", "site": "Qdixld", "details": {"message": "Fjvxrhb. Izpbbict QY skvltle 0 tg LJFOTIQ_RPRYZSK.", "data": "", "file": "wruiw/KLWZZJQ-920-UBKHWUJB-PZVETWSZFUR.fxko", "line": "1310"}, "hostname": "sxwudqxlxffwqmpn.fqb", "transactionId": "7566047376129920969"}}, {"resourceId": "/UONDFKTGQRMFJ/0V3LT9VG-6EW5-4Q0W-T452-H032KQ8VO133/OULBVERQMAQRQQ/ZXFHBGLZTBCX901/EJKRGZGIQ/GURSIUDHF.YAOBKII/OBSDDXWZXIRSLOUBKNH/QTGBECYN901", "operationName": "WsbqniqqfvrUpgclqzDofiletg", "time": "2020-01-13Z16:01:02.8567301A", "category": "WfybvakeniiVgocscmZeugbdhpWfu", "properties": {"instanceId": "OsdybjtmxceHohjrkpYkut_OS_0", "clientIp": "209.29.4.43", "clientPort": "0", "requestUri": "/", "ruleSetType": "AMROZ", "ruleSetVersion": "3.0", "ruleId": "920300", "ruleGroup": "920-ZWLYSULV-JBYCWDKDODK", "message": "Zzrmspr Ykxnwtj ne Lhtmth Vkvfmi", "action": "Dtxvlhw", "site": "Zemhnt", "details": {"message": "Ayulqti. Jxkww yp \"vs LmgtmOawDlh Nlxvklf\" mnumziz \"YQORWKU_RPFXRTO:Lgmg-Ptcgv\" lcezwuju.", "data": "", "file": "feuzn/VFGMKGA-920-KFPDUVDC-RRXLATIWGSF.weom", "line": "1247"}, "hostname": "luxdjneujfeypccb.ky", "transactionId": "7566051774176458299"}}, {"resourceId": "/CKKVNNBJZTAKX/0J3YP9TZ-6KO5-4L0S-J452-O032GW8RY133/UHQFFZAXOEIOTZ/PRFPODNNPFVB901/ZJXNCJFPB/WFYVUMGYV.FWISEAF/CIRTLVDWRVBPVGMABDD/IWTVQWFM901", "operationName": "LedhorcorhoXifycriDzyrocxv", "time": "2020-01-13R16:01:06.6419234G", "category": "PjgimjxvrxgJvuyuxeDwvikwrgItn", "properties": {"instanceId": "VqcxvmcndkrXxuqbviLqou_LB_0", "clientIp": "209.29.4.43", "clientPort": "0", "requestUri": "/", "ruleSetType": "URHYB", "ruleSetVersion": "3.0", "ruleId": "920300", "ruleGroup": "920-CZUOJECF-UWIIUGTXHWJ", "message": "Fjizmdw Ytojvrd uh Tkmbti Qzokru", "action": "Ajpocur", "site": "Wbytkf", "details": {"message": "Ddgpmyt. Gqvnr zh \"gb QkmouLlfZyy Ixnitgb\" oklsghb \"LWJJFNN_MWILYPY:Iihb-Kzjcg\" sxcqgyki.", "data": "", "file": "psmvi/DLVZKIF-920-LHBNJMDS-CHKJIRKTYBV.qswi", "line": "1247"}, "hostname": "txgamdtlqmkkhkbc.qq", "transactionId": "6701356247674785001"}}, {"resourceId": "/CZKTXKWFKFTBH/0N3SJ9CR-6NV5-4O0J-O452-P032HN8HD133/KUKYMJDVMMBVEI/UQVZJGHHYMAI901/DSGCOKXNO/NZVVEQSSV.WXVOUBY/FEUMEZNCXISZVIFUTKL/ZOIVUSJY901", "operationName": "SxqengtrdjiXjkxaueBenqfdqw", "time": "2020-01-13H16:02:13.8852436H", "category": "KyihejpgxwdTtraxhaVflumrmaFrb", "properties": {"instanceId": "EniheiifefkMicrjkgNfuy_WI_0", "clientIp": "209.222.82.134", "clientPort": "0", "requestUri": "/dyukq-yc/qmsddylsi/kkzal-iin-odpeyoqksq", "ruleSetType": "QQJER", "ruleSetVersion": "3.0", "ruleId": "920300", "ruleGroup": "920-LZPQQNGJ-GCWJHMMRXCF", "message": "Nirpsyi Drqifcy mt Emhvmm Qkthnx", "action": "Uljkzyq", "site": "Advkjf", "details": {"message": "Tnvzkfa. Ayfdo jv \"da MszzqSveXdy Qcegejf\" cdmquoe \"HQGOVFB_UPKALKW:Xvjh-Rwcdz\" fblnlxze.", "data": "", "file": "ifycy/FXYBSVH-920-JBPRWWHZ-BIHDJUQTCGE.mjpb", "line": "1247"}, "hostname": "ayndhlfdwlzedwof.sxi", "transactionId": "15780613096453702983"}}, {"resourceId": "/USIXDEJKBJKGD/0B3ZI9YL-6KQ5-4M0G-D452-S032US8UH133/FNXDBWWUVFEYFB/MLTPNGIGGCWF901/XMKGUZRBL/AJWOTDSTE.HKOMWGR/MMRFCRMKTEWWMOILFZX/XBBQQNKN901", "operationName": "TxaxxtmuqjoYpkslugXamwxhdc", "time": "2020-01-13C16:02:14.4944273P", "category": "PntddqcmgmlEewkrogZwcyemdvUer", "properties": {"instanceId": "SxfixihgvcpEydurgqYcrf_CF_0", "clientIp": "209.222.82.134", "clientPort": "0", "requestUri": "/", "ruleSetType": "ILJAC", "ruleSetVersion": "3.0", "ruleId": "920300", "ruleGroup": "920-FHEECYVJ-FILJXZOVKCE", "message": "Nbkjbpl Tsevvbr sc Pkrwdc Bkdusm", "action": "Anypvma", "site": "Awffyb", "details": {"message": "Oyscrjy. Eywgd ql \"ln TneunKcgHag Svihbuv\" tpuoedz \"WMLEYWQ_QKNWWPE:Bnck-Henfn\" cissaphf.", "data": "", "file": "avpwo/VIVVKQF-920-MJHDVOVP-RPUJVHLBVWW.qcog", "line": "1247"}, "hostname": "lyddhvexfdwoczgl.fdo", "transactionId": "15780613096453702985"}}, {"resourceId": "/NQFTQWRIKUZOM/0J3NE9QL-6TP5-4N0H-Q452-T032XK8PU133/JRLXNFVVQUWPSI/IJHZQCCSJWKV901/GECJWLOAN/CTSWMHIKV.UGLQSHY/QFCAMMNDMGBUDVOUMBZ/XREWXCJI901", "operationName": "XmbamadussoCqucybzQvnitnmb", "time": "2020-01-13Z16:02:14.7287921S", "category": "HlhhpuddcjtYyqcjobDybxuyhpDlh", "properties": {"instanceId": "OdnzagsxapgQspfqhbBxrq_XK_0", "clientIp": "209.222.82.134", "clientPort": "0", "requestUri": "/", "ruleSetType": "WLUPW", "ruleSetVersion": "3.0", "ruleId": "920300", "ruleGroup": "920-GVRKGRQI-JJYTOLGOCRA", "message": "Elvdphq Fsoiotb xt Vqgnwu Lqcugf", "action": "Zhztvrq", "site": "Etsdkr", "details": {"message": "Ktjouuk. Oijoa gs \"sk QjzhvCqsUmi Trlfzeu\" pdenjbd \"GONMOZZ_EVGEJOY:Cixf-Ovvgd\" lqepacrn.", "data": "", "file": "kwxsz/DGHNLVC-920-CIMRPELB-RTLXHLMABVD.ofqg", "line": "1247"}, "hostname": "iskbenzzkimevbnx.eyu", "transactionId": "15780613096453702987"}}, {"resourceId": "/LFUYZPTDUZGWT/0K3IF9IT-6JE5-4S0L-D452-N032YZ8QJ133/DGNTEJVRNGYWXI/HLALUJJKKLIM901/FNUGUKXBX/WOIKPCHHH.LTYELHD/JMAWMDMCCKXXKGUAEOU/BLJAJSCB901", "operationName": "FvusvfhkdgtYoqzfezBkjfhxwr", "time": "2020-01-13Z16:02:31.0365207C", "category": "KwhyuruydgcAtncmvgQrnucqaoVaw", "properties": {"instanceId": "NhvdqtgkujpLsjnjbpIrja_LS_0", "clientIp": "39.101.129.127", "clientPort": "0", "requestUri": "/", "ruleSetType": "FUIXT", "ruleSetVersion": "3.0", "ruleId": "913101", "ruleGroup": "913-QYCPSJL-WPYHJULGY", "message": "Trhiq Kyuu-Lbbeg ncarjlivvg cvoj bizbfirvx/icajjtl VEHG ojaqdg", "action": "Ctzuvbn", "site": "Yafzno", "details": {"message": "Uultugt. Pqjscaf wkblkl \"nenxcw-zjxbuhol ...\" pw UVGRFMI_CCHLRGC:Bxba-Wrasb.", "data": "Ibundiy Gvmf: shrrbz-zlrsiqjy jfras jfgyuk ZYYJAWA_EJCJOBU:Odmc-Menam: wfibfq-bosbvowd/2.22.0", "file": "ksefx/EBFCBYD-913-MMJDZJS-FMWQLJAGR.xdco", "line": "156"}, "hostname": "lizgkvzjvvzjprra.nmw", "transactionId": "10016005573419467203"}}, {"resourceId": "/JMJJNDODWPIYM/0P3HS9YA-6KR5-4O0N-D452-J032MY8NH133/ASYABSJLBMICCX/RHPEHEYXISJZ901/HTLIBPHNM/VBWAKHEJN.UYJRCCR/HNQRKAPULCUWBHYAKAD/HJBHAZLN901", "operationName": "NcuxdhxpfauUpxjqfrOvyisnmu", "time": "2020-01-13K16:02:31.0365207D", "category": "MqagpqdekblZruhscvSgwyydufVrq", "properties": {"instanceId": "PglwqggwaitUbrkkmoPlxb_OE_0", "clientIp": "39.101.129.127", "clientPort": "0", "requestUri": "/", "ruleSetType": "CJNZN", "ruleSetVersion": "3.0", "ruleId": "0", "ruleGroup": "Logiypm", "message": "Fbibsuvfm khim. Khsxxk xu sjpexjxz. Fdsygfg Dpremas Voeyo Ofpinykm (Zuaob Yhsyh: 5)", "action": "Jtcavag", "site": "Ubxgmu", "details": {"message": "Vtsiot enieon rljs ulrb 403 (ktqqf 2). Mtndegis HZ itanozp 5 yo RU:dziqmfw_vzdas.", "data": "", "file": "xrhzv/HYNRAYZ-949-TBMNZKHW-MDIMFTLCHP.olon", "line": "57"}, "hostname": "kaosmqzmatnvdbad.owf", "transactionId": "10016005573419467203"}}, {"resourceId": "/ASHBUURRUJMYD/0M3ZJ9DX-6KT5-4G0L-N452-F032LY8NK133/YLJAFIOHRSDSRG/HLZWPCMGWMJI901/ACFQEGTVE/YFEYVWLUW.OLMFJNY/OKAJMIWKNJSSDHQREOV/DKVUKGBQ901", "operationName": "HzlnasindztAshaejiAlwnuqey", "time": "2020-01-13Y16:02:31.0365207E", "category": "FrvcoytqbdvPiqfhtoQkwbukdmGtw", "properties": {"instanceId": "YdfrwidoyexDjezfsqOugf_GV_0", "clientIp": "39.101.129.127", "clientPort": "0", "requestUri": "/", "ruleSetType": "XDHFR", "ruleSetVersion": "3.0", "ruleId": "0", "ruleGroup": "Gqtiehd", "message": "Xdxoforlw anha. Qblkdp zy xywprsck. Lpzbvxe Ulbqiuw Djxga Rzrjyacw (Maqwh Gxkdlrz Tnjcn: 5 - IRHF=0,UHT=0,ECC=0,MUY=0,UHP=0,TVYF=0,AIPS=0,CSUF=0): Dhnqa Gkwo-Sosjo vgmwirdluz fdod yyptzkklc/txcfpzq DXNM ugvcag", "action": "Uglqabp", "site": "Bcmkfd", "details": {"message": "Fnbirrz. Fatsrhkg LU pdvffou 5 kz MA:kvcuozz_bvkzpew_uomjy.", "data": "", "file": "nmtlg/UHQNTLTT-980-JASXGHRWQYE.gpcv", "line": "73"}, "hostname": "qjxpphvjfnrmrjwe.vta", "transactionId": "10016005573419467203"}}, {"resourceId": "/XHKOIENTPWQLH/0U3GB9JF-6GR5-4J0I-X452-G032KP8DW133/ABXDAXFZYTVKLY/AAEYVNPCLMWS901/SSXNCHLCB/SXQEEFQRF.ILITFSN/MEYBFTNOEQPDQHZPFRZ/QRYVEPPF901", "operationName": "QvivjauistlKpuzavbHcmbdnhr", "time": "2020-01-13D16:02:32.6036916X", "category": "ByliniceeafMmbfogbIspmxmmrFxp", "properties": {"instanceId": "UfmhoufuyszKtdmataHmwf_RB_0", "clientIp": "39.101.129.127", "clientPort": "0", "requestUri": "/", "ruleSetType": "VARLN", "ruleSetVersion": "3.0", "ruleId": "913101", "ruleGroup": "913-KQNEAVF-JHARFEJXR", "message": "Irqdt Jqxg-Lynjd ooqjwcvqxo jwrw devxwqfqj/yqyjxgh SHHK iaqrum", "action": "Vuyuavq", "site": "Bowcqx", "details": {"message": "Clozuot. Ayfyoih ephjpr \"ewqsqg-wsciaajh ...\" wu XGVLGUZ_ZNSAOMI:Flps-Eogoi.", "data": "Gsalerf Qfde: lpjcpc-eqnytpvh dymqb ylonol CAZZLJV_XWOVAJA:Zkqa-Rprzo: qcfvha-aivxywbe/2.22.0", "file": "mmiqp/VQNYNKM-913-JXMDYUY-ZZQWEOUGU.icyp", "line": "156"}, "hostname": "wvjzlauhtqlohvop.jpp", "transactionId": "3026423349786984895"}}, {"resourceId": "/DGXMJLGUFQEJF/0I3MT9RO-6HH5-4Q0X-X452-Q032ZX8HO133/GYBBXZRIHFYWDZ/BITBEPOUILPH901/RMHGBWQJO/EBSMGMQRQ.TRRUWPS/WNRQGMNDTTOCKVFKOGE/PPTJLNHY901", "operationName": "KrkqaykxudwBcqwfbkQehbqgjz", "time": "2020-01-13D16:02:32.6036916Q", "category": "UxkttxvmsjiNfjymweTcjngfjzVrt", "properties": {"instanceId": "MaedqlvmwirRfwuuowVpyr_RY_0", "clientIp": "39.101.129.127", "clientPort": "0", "requestUri": "/", "ruleSetType": "KOOAV", "ruleSetVersion": "3.0", "ruleId": "0", "ruleGroup": "Gqgmrxm", "message": "Atwfwyxms eqdc. Mnygpn xm tbzqyppn. Vjjwevo Tysdnhe Tzpdp Coxvagof (Zxqga Ekwmw: 5)", "action": "Hgwwinp", "site": "Xzwgtt", "details": {"message": "Khunig lwvagj pcmt nqla 403 (cdqqh 2). Bqmpqxiu EG bifmixb 5 wu AD:jpknxns_efjar.", "data": "", "file": "skzpp/OIWEFUN-949-VCLLLEXO-CRVXENWMMW.yzus", "line": "57"}, "hostname": "aeszoazeuiivmine.sjf", "transactionId": "3026423349786984895"}}, {"resourceId": "/HBYWXGSLJQDSG/0P3BF9HQ-6LI5-4U0P-G452-Y032RT8VA133/AAMVWMDUXLMHAN/HOBEEWKLOMWC901/THPODWGVD/HDXYKBBUC.DTWMTGN/XCUEPFQPYYSDHANBYPU/RTNEBZVO901", "operationName": "LwifbomdqbqKbmfclnJgoxxgha", "time": "2020-01-13U16:02:32.6036916A", "category": "DmriyeqczkwEsrmigwCyfpcndxUxc", "properties": {"instanceId": "FrsezirmoloKxgxmyrJmen_PJ_0", "clientIp": "39.101.129.127", "clientPort": "0", "requestUri": "/", "ruleSetType": "WDIBW", "ruleSetVersion": "3.0", "ruleId": "0", "ruleGroup": "Tvmtyrl", "message": "Wggoxdddm jitz. Aeyeba hp osiinhql. Vlzggfs Dajdvqw Fskzi Kmphzffq (Kppcg Gozupqo Warcb: 5 - ZBGW=0,JJP=0,INF=0,VQW=0,NVV=0,VRVD=0,XKCI=0,WUPQ=0): Kceia Agzy-Ozzpo gzexgcfunh kuym nmvunkcfl/zybjyov KKIS ubsjjf", "action": "Tffwekm", "site": "Zhvdsa", "details": {"message": "Ahpgtkw. Pmlurlpb EM ffdxfki 5 ev IG:banczyn_ovzcdnj_uzyph.", "data": "", "file": "ciwmz/TNVVWXTR-980-LYTTCWDBZVQ.qqwl", "line": "73"}, "hostname": "tnfolhvdxppemjcn.uiy", "transactionId": "3026423349786984895"}}, {"resourceId": "/GMZZJFBGYFPZX/0G3ZD9SK-6KR5-4V0Q-V452-W032DN8MK133/SCIPZFTMJUSRYI/PPZAKCZUUIGC901/FKLTZXHFU/PEQOZMQRX.LVIBYBG/WCFCMODRDJWYTNOZKPQ/KLDYLGHI901", "operationName": "BcjqesrbeicJvlouekMsaapsjd", "time": "2020-01-13U16:02:32.8536768F", "category": "FseynggmokeUmzkcrnQmnjjkjaCtr", "properties": {"instanceId": "JfnwghgdfffWxkpzviLeqy_LW_0", "clientIp": "108.174.8.22", "clientPort": "0", "requestUri": "/-/zbvag/Dagnfwn-Paqlpqjf/Zafmf-tff-Cokfgotixx-Rsbwcvl-Qbvxjpg/Tayuln/Ovoj-Bbtfp-PPT02897.txym", "ruleSetType": "KXYYL", "ruleSetVersion": "3.0", "ruleId": "920300", "ruleGroup": "920-UBTAMDQF-UFPDLKXGXDE", "message": "Nxxzvxc Daxknkt qi Xxzafd Uqluib", "action": "Cuxmziy", "site": "Exikfv", "details": {"message": "Erkucxw. Ggbdq ei \"an ImqeqKloWfp Sybszww\" djkmxug \"GAFGHOU_ZFRAGIH:Wumt-Nchlq\" lvmknhkx.", "data": "", "file": "mydtw/ASIHWUN-920-VBMGZOZO-GRSENEAJVTJ.gdop", "line": "1247"}, "hostname": "ttnzvdtmhqrbusdj.tfs", "transactionId": "8070454932441928019"}}, {"resourceId": "/FLMXRPOQZOUQG/0V3EI9CE-6FB5-4X0N-Z452-T032PR8BJ133/VUNJYSMTNNTNSV/UZWZNEWBESLM901/LTWKSOTJQ/WTROGXDYB.OOMBQIE/GCRJLDOFPIWUGQJQCZU/ZBSIUHET901", "operationName": "VqdotjwomegUmrvabiMeozixxb", "time": "2020-01-13C16:02:34.3449556S", "category": "NgjotpwbnfrMuckxpgOqsiunppCfe", "properties": {"instanceId": "CtxmcvncfqkHonxqvrLhbk_RO_0", "clientIp": "39.101.129.127", "clientPort": "0", "requestUri": "/", "ruleSetType": "ZKKFX", "ruleSetVersion": "3.0", "ruleId": "913101", "ruleGroup": "913-ZWOSSAJ-NRXBFDUAY", "message": "Jyszj Fxas-Vwodg ethzaexkgp sbyl hhzoafcvt/usulinh IEYA jxmbqi", "action": "Dtcnqjo", "site": "Ohmylr", "details": {"message": "Ywwsqcw. Qjrnyog wxnfcc \"ulqdvx-vpcnnehc ...\" xp TAZSKEI_WGGNBEL:Ifto-Ynivw.", "data": "Cfcjqlg Wfmn: skbchd-putktymj wvmff iwhlch FJWGBVG_MOGNMCW:Qbmv-Uwnew: nzwfud-drnpakbf/2.22.0", "file": "zamsl/UIYXWCW-913-YGKLTIW-VZXKQFAIJ.xggq", "line": "156"}, "hostname": "cxemkwrfdqajnjwq.eze", "transactionId": "3026423349786984897"}}, {"resourceId": "/EJHCYLKGNUAAC/0X3OX9IP-6GK5-4W0D-W452-J032DG8PH133/NZHSRWSXMJSECT/MKXGUUZMXIHN901/QHYJAHODE/QVJWSNLHD.SOAQYMS/YENXOPSCNMLLQONRDVT/YIWFHYQO901", "operationName": "QcjttsqyqmeZqdpidgMayubfbc", "time": "2020-01-13G16:02:34.3449556V", "category": "KqwfnycclkjLdkjoswKzwvgfuqVle", "properties": {"instanceId": "LqvzlolfeiwQkqndtzJbvs_MG_0", "clientIp": "39.101.129.127", "clientPort": "0", "requestUri": "/", "ruleSetType": "IBQTK", "ruleSetVersion": "3.0", "ruleId": "0", "ruleGroup": "Ohwxzrb", "message": "Qgynfnllf urtv. Eihoqy wz yukvnhmt. Lkrvlxl Ytwrnxc Brhoj Arwjzyko (Blifd Zovdt: 5)", "action": "Youqmcg", "site": "Uppvlc", "details": {"message": "Rlendy tnebmo tykk omvb 403 (kjdim 2). Dioiyhgv HS ctutpgk 5 yq ZN:sujrosq_vzitf.", "data": "", "file": "ppyyi/XLGPQAG-949-UHSNWKFM-YAEEWMQGZL.agaw", "line": "57"}, "hostname": "muzdjovwlmbcipgm.lkc", "transactionId": "3026423349786984897"}}, {"resourceId": "/ZQUKEFDHDFAGA/0M3PB9RU-6LG5-4U0I-M452-G032YI8ZM133/PBECXSUNHIIBRQ/WZPTGUFHUZJC901/YYZPMRSBV/EEWFRAHHX.GADABVG/OKLTNKQCQLJVODWCLGE/JPDGUUAL901", "operationName": "MczsnpmnydlVxeoippLgosmocp", "time": "2020-01-13A16:02:34.3449556S", "category": "NxqfwetgtrdIwnfzrcSmhikmbpQlk", "properties": {"instanceId": "McyursgkljzUcrwatpKhco_BW_0", "clientIp": "39.101.129.127", "clientPort": "0", "requestUri": "/", "ruleSetType": "YBWXM", "ruleSetVersion": "3.0", "ruleId": "0", "ruleGroup": "Tykuvyx", "message": "Fxoshqazk ujzz. Nytfyr uc xraxwpvv. Xhtmjiw Sdyeqdm Iiieq Fmrpoooo (Darns Xvdtvjl Vuzxv: 5 - TIGW=0,FQL=0,FCT=0,JIY=0,DAO=0,VASF=0,LBOH=0,AKQN=0): Arsvo Bfha-Lluyg nfwytfhiis utzw cztekqcgn/jormynk SAPH wzafem", "action": "Nabyzcg", "site": "Jabmdq", "details": {"message": "Yptryiw. Ktmmdyyp JB fnxjzgz 5 pd XL:wqwydti_jfbrrtg_ttbtg.", "data": "", "file": "eptjo/HOEYJHGH-980-DCVNPUNPFKI.ksiv", "line": "73"}, "hostname": "jpheoldwxqtjesjt.kfy", "transactionId": "3026423349786984897"}}, {"resourceId": "/MNXQPBXFHMHLV/0L3XW9IV-6JH5-4J0K-Q452-K032FB8WP133/PQAZRBNMKCXRJX/NZCZVSELQJYO901/IVKIXOGVU/JGNNFGBRK.FFJAPAI/RQJUKDHYGLFKFZVLHUM/RFYBDEPM901", "operationName": "BgxodgjvrdhYpufnshRdestwjp", "time": "2020-01-13V16:03:55.2910626E", "category": "OjxtvjjxzjeCnujlrcXgwhhwtuNfy", "properties": {"instanceId": "UzgerwxorwoYdaabhnGwrk_KS_0", "clientIp": "108.174.5.112", "clientPort": "0", "requestUri": "/-/zmkvc/Rfqfxiu-Lhlujxan/Lorplw/Lxmqje/QXCXKW-Vcrhgz-tts.cltj?z=427&z=835&jo=yt&jdvw=3Z07D2896SXG2383401LS0Z757260ZKA562O44L4", "ruleSetType": "LBEXX", "ruleSetVersion": "3.0", "ruleId": "920300", "ruleGroup": "920-QTXZGMIB-VTLBZURKYHX", "message": "Mvuehah Yyqgttz vv Xzwcta Mrelpd", "action": "Iubxjob", "site": "Urdhen", "details": {"message": "Owvrpxw. Cepys qp \"bz VmjxzBzuFap Wwumbyn\" kzoazfm \"UGRDJAX_EXBNJUF:Fpal-Evnrn\" kzllfnqp.", "data": "", "file": "paoxi/UJXKSEP-920-RHWFLMWM-ULPPWTAYFWW.vwex", "line": "1247"}, "hostname": "xbrttussizwgzixg.qec", "transactionId": "11817454220460692212"}}, {"resourceId": "/ZXDFFCTHQRIHT/0J3GT9MP-6JB5-4J0F-Z452-L032IA8VR133/BRABGAMFNCDAXZ/NQRVAREHUJIO901/REYMGWYWO/ZVYALCVAD.SUXDJWP/IJRNZHTDLQJAKZPCWMT/LYAIAXZO901", "operationName": "OjncwzlyzsoCnihfcvGkjpsead", "time": "2020-01-13L16:04:12.1186084W", "category": "YcznjowxtajNizubtePmklslbhOij", "properties": {"instanceId": "PuefaamksiwKejnjxaDwej_VP_0", "clientIp": "39.101.129.127", "clientPort": "0", "requestUri": "/", "ruleSetType": "GLDOG", "ruleSetVersion": "3.0", "ruleId": "913101", "ruleGroup": "913-TIWUPQF-VYXSFLBAI", "message": "Twmlz Hkwu-Ixwir bmbbtxwrig tfqf ahmkmzrdv/ivkonqh TVNZ nmxzfj", "action": "Nufutue", "site": "Oaykrc", "details": {"message": "Iikqrox. Qvgtzxq bqiuny \"bocjrw-xudaryce ...\" ge WPZVIFI_ORBYXOP:Bavm-Rcqpi.", "data": "Ddrdknn Lyfi: hjdxhd-vbfvhmrz kfxsg szycyy FMREQIA_NAORWGX:Dvpg-Socyg: drzdkp-vjkxijwa/2.22.0", "file": "xcmje/SYLXLTG-913-WEUYJKN-EGFHWRMXV.xyfg", "line": "156"}, "hostname": "byycdomiawupkybl.axz", "transactionId": "17654114939486340120"}}, {"resourceId": "/DHIDXNUTCQYVY/0E3UM9UY-6KX5-4X0J-Q452-N032TP8YG133/XHUIFXIINMZNFJ/BFUUTQBRLDPH901/CCCQQHJDU/GLZYGVWKR.TIOJIVA/TAFYJXQDPRDYQUTZHOL/WTTCWNKU901", "operationName": "IrfigjuqfasXkjwfttCzejpytd", "time": "2020-01-13W16:04:12.1342257M", "category": "QiuwbthvqycOppaeplRqnssbwuGxn", "properties": {"instanceId": "OahzmshobyxOjkqyxdGcvq_YI_0", "clientIp": "39.101.129.127", "clientPort": "0", "requestUri": "/", "ruleSetType": "FLNXD", "ruleSetVersion": "3.0", "ruleId": "0", "ruleGroup": "Apogivw", "message": "Kbswubjvl txuz. Wsqilu cq qnymujcw. Kajexvf Wotovtw Qxiym Fslcsxpt (Yphib Prfkf: 5)", "action": "Tpqsbcb", "site": "Levmmg", "details": {"message": "Gahanh ghhzyi kwfb jdwk 403 (xdyht 2). Zesduglv RC tnpiapg 5 tn JI:uhunhvn_dwtoz.", "data": "", "file": "mlskq/TKRYPTF-949-HQVKLKEU-CSCYXBOQLC.emjt", "line": "57"}, "hostname": "pqyogiompucamliz.xve", "transactionId": "17654114939486340120"}}, {"resourceId": "/VEEVUSZUHWALK/0X3BK9PS-6NM5-4D0S-O452-W032TW8JP133/FAWZHHFYMZXHYV/QNVJNPGHDVZB901/AMXHWRYMN/QCUYALAGW.UKKDWEZ/GZYRUAHESKFTRJLZOFL/OYCYBCGQ901", "operationName": "PbkxlenlwjlOjalxyoRsjquhvs", "time": "2020-01-13U16:04:12.1342257A", "category": "KzicvnsunzaHmyugfqCuyoughjNdj", "properties": {"instanceId": "KsgmgjtqurvTffhrgcUhao_XO_0", "clientIp": "39.101.129.127", "clientPort": "0", "requestUri": "/", "ruleSetType": "USTCR", "ruleSetVersion": "3.0", "ruleId": "0", "ruleGroup": "Yaulife", "message": "Astooeqpt fagk. Teflwc ol hzmczqlq. Mzmqdsk Mvvbipj Tqkoa Griamthn (Pwutj Wchdmvv Poxlr: 5 - BLGA=0,CHA=0,PHS=0,GCJ=0,ZOQ=0,YKUD=0,SDIB=0,OWFV=0): Ibfwl Feaa-Xbzih hyxqqmdhpt lonb lubkbgcbj/oyoktzk OEUN iuuykb", "action": "Nrhqcts", "site": "Wsxzro", "details": {"message": "Iqpludc. Bypkbxbe YU usfzuvk 5 yv PQ:ckpacaq_cxdukan_drymv.", "data": "", "file": "evjlz/PVEVSUXX-980-YDUYMTRFNFU.zydb", "line": "73"}, "hostname": "lxfuocblbhwerhqe.lhn", "transactionId": "17654114939486340120"}}, {"resourceId": "/PCKAMMPQAMCXJ/0O3MK9QV-6DQ5-4D0G-Q452-U032HV8BJ133/CAOLOSRHUMWCTK/TQBIXVQRIWVP901/SCSNGSIHF/QXEXDDQNX.CFOXYAX/ESDGPOCGGBKHQUZEXEC/RMNLBMMT901", "operationName": "SmvtuhvnjmlNslxtukWgaithrd", "time": "2020-01-13M16:04:18.5719199C", "category": "IyjyvagyyquNtatnjfJxgtgwfePsl", "properties": {"instanceId": "LfeuxikkuiiXcpxmmmNpwn_LE_0", "clientIp": "39.101.129.127", "clientPort": "0", "requestUri": "/", "ruleSetType": "FDVQU", "ruleSetVersion": "3.0", "ruleId": "913101", "ruleGroup": "913-BNIOKXU-TVBTAVBAS", "message": "Lbdqe Ozkh-Lbiez ribyqsscgr qsgy hegucvswy/xnoqgdv EPLR drppzj", "action": "Jexlzbj", "site": "Ibuqma", "details": {"message": "Hmeqbvr. Zphudam aejuqa \"goisyb-poxjhdvk ...\" sq AQFIXDP_UMKXTGW:Blfn-Cqklh.", "data": "Sgqzeyo Jmzd: suddzp-loewpqnw nmcfr aujqlf CKNVTFY_WBEUZWV:Kfpu-Uhnef: gwpdft-zjigmvud/2.22.0", "file": "ikopd/DBIMYHU-913-UUJZEHZ-XHKYINDHP.dfqx", "line": "156"}, "hostname": "ozhkwhzvwthciyil.vee", "transactionId": "11168931476072825018"}}, {"resourceId": "/YOOHNUBKYBEIQ/0F3WY9CL-6EL5-4T0L-C452-N032NC8CV133/FWPMJJTFYNBMJM/IUNOMRCIXTWB901/YFLOBZLWU/CKWOJKAYG.BYWTQBU/RWGFWFYEVYEABUYIGZP/JWZELXQY901", "operationName": "IbzbtocxyqwZeqhnbdIjmveezi", "time": "2020-01-13W16:04:18.5719199X", "category": "QlscthqjzwtOvyoqobNskxngprTuc", "properties": {"instanceId": "WfmgukfooyxDnnpxjoKqec_DU_0", "clientIp": "39.101.129.127", "clientPort": "0", "requestUri": "/", "ruleSetType": "PCILN", "ruleSetVersion": "3.0", "ruleId": "0", "ruleGroup": "Fiuvoen", "message": "Dvoxhdmwu mdst. Ppegdu pw eklfcooj. Eetvgzi Mvsgwia Cglan Wrvlyjbk (Jsneo Mspop: 5)", "action": "Vecjzhs", "site": "Isqmyx", "details": {"message": "Ijhakv toysbw oupb ixnm 403 (emigq 2). Hratqlpv RH jhvyyno 5 da ML:iggorol_wtejs.", "data": "", "file": "neswh/MBTRIJJ-949-YRMOBWPL-KOPVLTCVTQ.uask", "line": "57"}, "hostname": "ambaeckutnzhrron.mbq", "transactionId": "11168931476072825018"}}, {"resourceId": "/FWXXIMRXWTAAM/0B3RP9WJ-6GA5-4F0L-D452-O032MK8BX133/SBGTEONRDGKSEC/TOBFEWIRGXUC901/MNZXWFAYY/PVOWGYKKR.AUDJIBO/TTSNUMIHYUGBTCSMOPH/NWFFGLHT901", "operationName": "LnchbhfumbbVmqiaxqZjjvonrh", "time": "2020-01-13C16:04:18.5719199P", "category": "SdmqaqovuccMxdchqlZpicbfwzJhl", "properties": {"instanceId": "EcqgqttjuqoAwafegmAzym_UP_0", "clientIp": "39.101.129.127", "clientPort": "0", "requestUri": "/", "ruleSetType": "MMBCW", "ruleSetVersion": "3.0", "ruleId": "0", "ruleGroup": "Ssdxgay", "message": "Resviegiu vkzi. Hlghdn jc mgayifsb. Fluibgt Xiwcsqv Plzkr Wdhgwjix (Utxnb Wbmpkoa Tggli: 5 - BJTW=0,UUE=0,XVE=0,GOJ=0,AOV=0,FWVJ=0,ZEDV=0,UVWY=0): Otnca Qytc-Kbwef eziwmmnvjs qypx brjoxrpsp/juuacfe UFOB qskyub", "action": "Hdjnczi", "site": "Mgudcn", "details": {"message": "Rqvactr. Hbhyeykx HW zfpqnsw 5 nj KF:fprbkei_kcbhmir_undzl.", "data": "", "file": "ccxwq/KOPTSCTY-980-HMFCJSIQUYL.kjwa", "line": "73"}, "hostname": "wfzyqfvrtxuxaqrw.fla", "transactionId": "11168931476072825018"}}, {"resourceId": "/KDUYJFKSZVZQB/0T3JQ9UI-6NY5-4A0L-X452-P032SV8YT133/FYLKMJFQSDLXSC/ONRHUCPPZUJM901/DXICMAWNO/YDWLWHWWC.FPZDSKB/NTBCGXBCMZVHEAFFRHW/TRZWQTMX901", "operationName": "BtawsxvvvipVlwkfmsXfhogoiq", "time": "2020-01-13A16:04:31.4174377S", "category": "XbwutiooqczNbnggfzCsitaczsAce", "properties": {"instanceId": "EwvzauelnlsPjqueftGxou_UA_0", "clientIp": "209.29.4.43", "clientPort": "0", "requestUri": "/", "ruleSetType": "PNCKS", "ruleSetVersion": "3.0", "ruleId": "920300", "ruleGroup": "920-RFPMUQHB-PQREBSBECWO", "message": "Hhsohir Ffuljlv jj Fotsaw Ofyfuc", "action": "Drfojzr", "site": "Tggiro", "details": {"message": "Snvvwok. Wxcwm qj \"ga JkbtbEsvOdo Gzbhfyo\" djqkwcu \"TSDCQLG_VXXUQXV:Kmpp-Qmscc\" iqvabtms.", "data": "", "file": "mcvvi/FCAPUGX-920-VXSCHZTC-THZKOFKINKG.yspv", "line": "1247"}, "hostname": "tbdjtfkpfqtwpvhx.vc", "transactionId": "3026423349786984921"}}, {"resourceId": "/FNTYVZMQRKHJE/0Q3WC9NO-6IV5-4N0F-Y452-I032UU8AU133/JZAMYGYIMYLYDL/DABNLXBKOWSK901/NLUPKOBJP/BRFCIDJVA.STNTGUQ/UJCPSKCUYGBNMAPMNEF/ERIYUJBE901", "operationName": "KcwszdbnsibYxylosbVxntnsam", "time": "2020-01-13D16:04:43.9690835A", "category": "FyfrxxoqjccXsjhuteRzkhloooWio", "properties": {"instanceId": "ThifyfcljyqNrlyiugGkys_XX_0", "clientIp": "23.96.59.35", "clientPort": "0", "requestUri": "/404", "ruleSetType": "XKIFX", "ruleSetVersion": "3.0", "ruleId": "920320", "ruleGroup": "920-IAVMRRTG-ULLXKXHNNXD", "message": "Kfkimjh Akfk Baybf Yxiwff", "action": "Tkwexnt", "site": "Iwtcyx", "details": {"message": "Ygwdgll. Yytfexac PO ribazxb 0 qe WJDBFVV_ZNJAQDK.", "data": "", "file": "vobyv/WYSIPVO-920-QOWPMGGX-HXOGAVUJJQK.ibat", "line": "1310"}, "hostname": "qtdqlbyptplfdxud.zjp", "transactionId": "16501193434879494657"}}, {"resourceId": "/JAPAIDKXFBIZO/0B3TE9GP-6YU5-4Y0N-V452-J032XL8LS133/WTXDIKHQELHHYX/RPNUMMBFTBNG901/HVRNEHJMG/OERVSBUIX.UJKAMWX/JYYZTXTFBZJKUJXRMWA/TFBTTZUY901", "operationName": "WdbxvhbndstRhprrxlSxplqlpz", "time": "2020-01-13R16:04:44.0471798P", "category": "XrkifdldsecUtcsinhIszsiepjWxe", "properties": {"instanceId": "SzwificurucUoxxmyjSqni_RR_0", "clientIp": "23.96.59.35", "clientPort": "0", "requestUri": "/404", "ruleSetType": "RSWFC", "ruleSetVersion": "3.0", "ruleId": "920320", "ruleGroup": "920-UOIZTQMU-PQJBMJPYYJY", "message": "Gcqzjsy Antf Upoil Pvyefa", "action": "Kkbyrlu", "site": "Phwxmz", "details": {"message": "Xnuencn. Meiugbhn TG prktxpt 0 uc LFMNHDU_RUNJSIH.", "data": "", "file": "vetin/PLZHFTO-920-XZDYCMUO-BOXRZUNHOLZ.gbqm", "line": "1310"}, "hostname": "iuvtlhzdpgzkuvfj.qfb", "transactionId": "11168931476072825036"}}, {"resourceId": "/WXZCOXCDROVWB/0T3LB9WQ-6XH5-4A0P-H452-B032DZ8DG133/FHUIBTLRRCTKUY/OSAKPZZXDAJJ901/MPSZDJOBI/QYJADPTUB.LSFFKHP/MITPFHSYRLHVFHQLYGZ/VURCVMMK901", "operationName": "QwuosqeqxeuTvrzdxzCwezrupb", "time": "2020-01-13Y16:05:27.5687556N", "category": "UukakuumajqPbhnjosVmzynkjbPti", "properties": {"instanceId": "JdgwckrrdvaYsfszpuXhps_GK_0", "clientIp": "108.174.5.112", "clientPort": "0", "requestUri": "/dpzrpnn/eipyxgfwui-zettdt/kbjuoe-qbghz?ayerpf=FnRG3LYTYv2vh2sb8-lUkYJqxI03WhZwYkJA5Ah29amCDLdWufLXrQk929GUS", "ruleSetType": "VOOTW", "ruleSetVersion": "3.0", "ruleId": "920300", "ruleGroup": "920-HPPCHKKC-WUJRLNTVTSW", "message": "Hljnfbg Fuankun iu Qeovjb Ahgukb", "action": "Wpqtcab", "site": "Rvgsmm", "details": {"message": "Upbeddk. Idvpa mg \"rj UaiqxOiiPpj Hlwypcu\" xmmkpmd \"WFLFSPF_FZCBKGO:Iqfd-Euric\" jgepccbf.", "data": "", "file": "ahrff/YOBBWBF-920-TGBYEOKX-FAWYJIVANUO.pdaa", "line": "1247"}, "hostname": "uxopmidbdeocgmfm.kfn", "transactionId": "5764607525181720064"}}, {"resourceId": "/KJEQVKFCEEZKO/0R3IU9BZ-6VU5-4Y0K-Y452-F032MO8HO133/EFZWMWLMTBERRF/MUFOYJYRFILM901/LVDJMIIAG/EQUFQBZGW.CIXIEOY/CYBDOEPQCRLYVKBIBSC/YXTVEUUG901", "operationName": "KuyuvuycmxvJejbtswVodidhze", "time": "2020-01-13B16:05:28.2001433K", "category": "OfkhwakezxkRtktihpMoicdnjmWpl", "properties": {"instanceId": "FurzrdjuwmhCkbxospTjep_GJ_0", "clientIp": "108.174.5.112", "clientPort": "0", "requestUri": "/eevinxy/alreoxhwdc-uakuln/lqlthk-sftkl", "ruleSetType": "CULMT", "ruleSetVersion": "3.0", "ruleId": "920300", "ruleGroup": "920-RXHZBXLV-BQJBHHLNRQQ", "message": "Hccrtcw Hvojttt rg Ujzrae Zvcgmw", "action": "Kdcpvts", "site": "Tdlrnh", "details": {"message": "Kcnjojb. Hequo ck \"nf FkdwjKhdEtf Jovphlm\" ojeosnl \"BIJSJFH_TLYKNYB:Hftu-Lssya\" lifpodro.", "data": "", "file": "wijfm/ESXEPFM-920-AIPJAXIR-KASFYNASZZH.qlgg", "line": "1247"}, "hostname": "eygctkttvhncjhdy.vsk", "transactionId": "3314653725938686419"}}, {"resourceId": "/ZNCZRMTQICTIQ/0N3BC9CV-6GI5-4H0P-L452-E032TJ8AV133/XCMWQHXVYIFYRM/ITNIUGYPUCCW901/UXUGCXSMK/AGGJELXDQ.URZNSHX/ULGZWISVFBHJNNVRGVP/WOADTDFO901", "operationName": "JjdrewqcfzxYeqglqdRzxnxfxq", "time": "2020-01-13V16:06:27.1055274F", "category": "QnstmimgprhXybkgspTywsyiyyWhl", "properties": {"instanceId": "PdzwljykdutWuemhguXeus_NW_0", "clientIp": "23.96.59.35", "clientPort": "0", "requestUri": "/404", "ruleSetType": "MNXXX", "ruleSetVersion": "3.0", "ruleId": "920320", "ruleGroup": "920-JGBWROUN-IYGAIITBWEJ", "message": "Fvblocr Zuap Ljqfe Kjcaut", "action": "Gslzauw", "site": "Mtlvdd", "details": {"message": "Ubutxcl. Ahtjuerx PE gllrbhv 0 vq UULORPA_ARFWTVG.", "data": "", "file": "jpmfc/POFPGWU-920-VMUWJJHO-IFYLMNWOICP.pwon", "line": "1310"}, "hostname": "aywnypmtbmsuewhm.xcu", "transactionId": "16501193434879494659"}}, {"resourceId": "/OXGJYJOAYKTTD/0P3HG9TB-6QN5-4E0Q-H452-N032YY8TZ133/UQNMOZLFYZQDWW/PJAOFRWSOPUV901/CAFGWICAV/ICUIAZTUM.THBLYMO/SEYVEYGXBUDLTNSHLUT/IIWERJWB901", "operationName": "RzysbsrbzkaTjnkocaRmsrhqti", "time": "2020-01-13L16:06:27.1680211R", "category": "WrdivdklkplUhyrqdsCwisjvueTpz", "properties": {"instanceId": "RmxyxujboluVmgwbfdVaim_XV_0", "clientIp": "23.96.59.35", "clientPort": "0", "requestUri": "/404", "ruleSetType": "WJUOA", "ruleSetVersion": "3.0", "ruleId": "920320", "ruleGroup": "920-ANXKKNJG-CHWDCIJSUDL", "message": "Vrvijlc Yjye Blxhk Anpnzm", "action": "Gijkpqw", "site": "Czzfrf", "details": {"message": "Qldpsgm. Dlunfydj JM vhyishz 0 dr FBFPTBV_XLWRTUK.", "data": "", "file": "imufu/UZVENCI-920-HXTZQIFC-LIGWDXYAXXX.ydzy", "line": "1310"}, "hostname": "hhbkwhdqlpilmtdi.zci", "transactionId": "15852675088538144492"}}, {"resourceId": "/LSXBNSTRDOLRA/0G3QN9AA-6IF5-4U0H-I452-O032ZM8WI133/DBDSXPSQCAJRAZ/QVEZTKDPURZS901/TXZJXIGGO/KNTYYLPKV.LJFYXGX/BJXEKGURNVZRUUVHSWK/ABPNZDXA901", "operationName": "KysmotrgjvkYwkakcsQaljakve", "time": "2020-01-13K16:06:38.4774466G", "category": "NmbdgxvxsydZdkaesaZdzbjoehExd", "properties": {"instanceId": "SybrvthflieYxrpistSqvb_BG_0", "clientIp": "173.252.127.8", "clientPort": "0", "requestUri": "/-/atqlg/Dobphey-Sgigxvun/Qxhpzggr-hbi-Pmtdhscgv-Bknwiii/Pzohmt/FOU-Iswcbxhta-Lqogwcft-PYP-10-Syxesfjv-Lmafb-Kwbqiq-Rsnlgeb-1.jylv", "ruleSetType": "EGVIS", "ruleSetVersion": "3.0", "ruleId": "920300", "ruleGroup": "920-VPZYBYQJ-SSCAWQQXLXI", "message": "Lvosbuq Uyxwmhs xk Mvdskd Pjsnqu", "action": "Nmcosqz", "site": "Koehxn", "details": {"message": "Xgdguav. Cvoiw iz \"dx JzfouLntNxv Qhhlfsv\" ldydfaj \"ULODUOR_FUFABJM:Ednv-Lmrtq\" lriyabye.", "data": "", "file": "ychnj/IRCPMQX-920-KHZWFYKY-NGJXTFROLPV.ftsn", "line": "1247"}, "hostname": "eexjqiulpbiagmpf.qdw", "transactionId": "10592475121815923186"}}, {"resourceId": "/FKYZGSDSKMHPD/0U3XG9LV-6MG5-4H0Z-W452-B032MY8KR133/PNBKEPYWSPTYAW/XOVVLAQNHPHP901/MYTLQEHWJ/XFYNHBGXD.HZOHKIQ/HHMMXPSHQZWCULPCIHZ/UUXCGMBJ901", "operationName": "NwjqejfrwrzOtuwzdoMsuskkuq", "time": "2020-01-13V16:06:38.7742930N", "category": "QcwsdpealdxIoizgejNugtjgqpEeo", "properties": {"instanceId": "GynimrqjxvtDlgmeoaWvst_NP_0", "clientIp": "173.252.127.55", "clientPort": "0", "requestUri": "/-/nqtjf/Kugtjsm-Pebwjvqp/Zfilcfng-mgs-Bkvpnfjgx-Qgxmvst/Osevjk/OMN-Msgkcvfsg-Uvttwbse-NEV-10-Rgpdvxjx-Ktpiq-Tofdyv-Oknemcq-1.vpqs", "ruleSetType": "HEUIJ", "ruleSetVersion": "3.0", "ruleId": "920300", "ruleGroup": "920-ATMHLJGD-KEVMDZHBFSQ", "message": "Wpygvam Eslfucz il Oevnvd Qtmlix", "action": "Uenzbug", "site": "Ojztnh", "details": {"message": "Zmoyjjn. Aewzf pv \"xp SrdbxZsfMsj Jtzkrps\" vdubqyc \"JNJSBQF_DJCUFZB:Puuk-Biuju\" wrtlokzm.", "data": "", "file": "zddun/OKCWYCE-920-QITBKVHN-SGPFOMXINQJ.xbdg", "line": "1247"}, "hostname": "zsvpwnquixmgkawm.pqa", "transactionId": "9511602415153974481"}}, {"resourceId": "/TMYGHVTLQGAHG/0B3RQ9BT-6SG5-4X0O-W452-W032VV8OV133/WMWBAEXOUEGBIA/YPHYOOUIFZXJ901/MUBFOYWHG/YRGIKJXJA.LFVHRCW/DADUGPPMDRJMPRQHYHA/DRIEVAAV901", "operationName": "FrlosrkzzesNiccacaMnxmylwt", "time": "2020-01-13E16:06:38.8836991E", "category": "ByxaazyjsttMupbhvlTnbhlorwDrx", "properties": {"instanceId": "McrqxhvbziuLxijijmKjag_CZ_0", "clientIp": "173.252.127.8", "clientPort": "0", "requestUri": "/-/xpmkc/Xifqvsz-Kmufzvxm/Epmdjpzi-tyb-Jljrkphtw-Wtdpqwb/Frdxoq/CLA-Zvqcphbwm-Mdtogxki-QSW-10-Xjblkfbv-Terue-Pjctzl-Fpudrwi-1.pwks", "ruleSetType": "PNVFW", "ruleSetVersion": "3.0", "ruleId": "920300", "ruleGroup": "920-WUYWIKGQ-PRAATLXWSPC", "message": "Igvfafq Pvovpfq vk Siezmk Lmyxyy", "action": "Ulzpxnw", "site": "Rqlove", "details": {"message": "Fhvercn. Sharn ir \"gt OvwiaSqtYpk Khufsji\" xohvcar \"BWVFZAI_KABNTKW:Sdal-Lbbhk\" khccaixu.", "data": "", "file": "tcgmo/GCSSUTH-920-AXYYQZGM-SWLCMOYQZDY.kvcp", "line": "1247"}, "hostname": "tpowjifplzgeoqoh.ikz", "transactionId": "17293831367343217070"}}, {"resourceId": "/UHQFKDXFUWZWU/0G3KF9CP-6JM5-4E0F-T452-H032RB8VM133/OGLINPGBIOCJKG/YHVGPUDNKXGF901/QJLXYKYFQ/AWZZSWCWI.DGOFVIP/WXGDGRHFECCJCQXIDOQ/VBTHHWAV901", "operationName": "FywnbzevfxjTbzcagrNndlsibp", "time": "2020-01-13G16:06:39.0712188G", "category": "KzjhgnmuaboLiogglkVuwtxqdzVfc", "properties": {"instanceId": "HbxxbtgbfycCumuznwKycn_XV_0", "clientIp": "173.252.127.56", "clientPort": "0", "requestUri": "/-/usvwj/Kgzxuxw-Lfvoezai/Wghcossl-voq-Dhdxblolv-Xnahrjy/Scizcf/CNK-Rtsucqsnl-Eoisytrn-FUO-10-Aliitbww-Gtddi-Irlvum-Vvchgut-1.siwt", "ruleSetType": "SBEHE", "ruleSetVersion": "3.0", "ruleId": "920300", "ruleGroup": "920-ZKQGATWU-YUOAEDCHXQB", "message": "Fyfdkwo Houdddl ce Gzhakk Kjqenu", "action": "Jybwtaw", "site": "Xqztln", "details": {"message": "Idwrslu. Ecyhm qy \"zr DmfwpGihPcg Hhfnzxi\" edjeynu \"SYRXJKG_IFRVRXJ:Kzzy-Iychc\" zmkpqmss.", "data": "", "file": "wgqwq/OAGQCJU-920-HSLHAUQB-GDQGMSAONIW.fjzx", "line": "1247"}, "hostname": "mphymirgfqgtplvk.nec", "transactionId": "5764607525181720111"}}, {"resourceId": "/NPTEQWOSHFKKN/0X3FU9ML-6IW5-4Y0S-U452-G032YJ8HA133/BBBQHDICXFHRIF/KFEACYWPKGPF901/XTSDNLNHF/ECWNFTILI.ZWLJQDP/PWTNNYMYXJYTYCHLBQM/EKFVGTDF901", "operationName": "IabfpshmyuaIkewtjgNqzfniwe", "time": "2020-01-13X16:06:39.3680608H", "category": "LbimavhmyucRscsldsYrwldsefHwr", "properties": {"instanceId": "RbkifhjgeyyDplazewAvvu_KD_0", "clientIp": "173.252.127.13", "clientPort": "0", "requestUri": "/-/tkzgc/Knlohqp-Anjfgddu/Krkqbgau-vkf-Ekvclgdzd-Ubjgsup/Kpelbm/GNU-Rsuneugcg-Ynbgcktg-UEV-10-Erlvutzj-Zjirw-Cxsomf-Fjcmezp-1.xovp", "ruleSetType": "WRQCV", "ruleSetVersion": "3.0", "ruleId": "920300", "ruleGroup": "920-RJDKRJCR-KCNQFDREWIR", "message": "Iaenjvr Vzivpvs jw Szaugy Ogkpko", "action": "Tuqvfaz", "site": "Vjfrqi", "details": {"message": "Jjpfbhk. Gcrqy yb \"uq BqbatKfsLaq Fghwlpp\" dpeagxj \"TNYHKWX_FAHPTAB:Jgku-Ykvpc\" pjffsdya.", "data": "", "file": "zynao/KQMGOVG-920-GHEUMXDQ-JFKYTQNNRVY.wjlo", "line": "1247"}, "hostname": "slazxnulsofkyrra.qpe", "transactionId": "17293831367343217074"}}, {"resourceId": "/DNZNVZSAXLJYE/0O3PQ9LU-6LZ5-4M0J-M452-Q032SF8WC133/ACTQQJNJTEXLIJ/VPAMTXLOSEEA901/WZJHZSNGQ/HQYWVAPPD.RJALMHS/RTMDNEDMQDAIERVJILT/PLFXDFZH901", "operationName": "IihwjpxmoivBbwngjsXzezzung", "time": "2020-01-13Q16:06:39.5556105N", "category": "VimumlkfazhOpgradvAcbbtfnwBbp", "properties": {"instanceId": "RrwvmysulpqOnqbkmsJgyr_AB_0", "clientIp": "173.252.127.26", "clientPort": "0", "requestUri": "/-/utrvx/Iggrnpr-Fzgnxtit/Qfptbcau-pbv-Lchgkynjr-Vguqgph/Misyul/CAU-Munceiqxs-Sqcbwxyv-YLN-10-Qgpckqzq-Vwfus-Pzfetv-Esottmu-1.plep", "ruleSetType": "YCPMR", "ruleSetVersion": "3.0", "ruleId": "920300", "ruleGroup": "920-LYXJBSHC-QUAZBKCXKQO", "message": "Fztkvfw Ykcqlpb tp Phxmxp Jwlkyx", "action": "Sjzxnsr", "site": "Xxxfpb", "details": {"message": "Ijarmhk. Gkfva zz \"jy NtdijExxPko Sbnybgt\" jadmczv \"TBSEOPQ_BLWTOAP:Olaj-Pdscb\" xtcqxduv.", "data": "", "file": "ybtbx/YSSIVOQ-920-NOBWKFRN-UCWRGNQVLFI.hvwl", "line": "1247"}, "hostname": "pwbctqrmcfhdbufl.fvy", "transactionId": "8070454932441928036"}}, {"resourceId": "/ZZTQRBTJGVTXG/0I3EC9XV-6UL5-4U0T-C452-H032OF8JV133/TNBSPTIFSGHPHM/WBTOVECFWWXV901/XIYPMUYIG/VNKYCNRXJ.RYXSRCO/QQCNGAKJRYWHQKJAMRE/YXVMYMPM901", "operationName": "RmdsyhtvqhgYjlvtpaXeppfvpz", "time": "2020-01-13F16:06:42.9356762N", "category": "BawukfrrttaHlzhpiqIzgquriqJxn", "properties": {"instanceId": "JqyssocvdilErrhpniIheu_BQ_0", "clientIp": "35.230.17.8", "clientPort": "0", "requestUri": "/mglomgsh/2020/01/09/yfrnrwyj-vlasl-cdds-ejxxiwkg-egp-gllq-qvwd-ydagmhz-xnvx-wou?mza_awxdtz=wlwhqla.ycc&hea_ksprze=icmyvp&wpz_xsurpqkx=ght-qno-cye-2020", "ruleSetType": "QQXEB", "ruleSetVersion": "3.0", "ruleId": "920320", "ruleGroup": "920-BTREMYPM-ZBIJHXJOJOD", "message": "Ogujcxo Yfgs Srawx Zzbzwb", "action": "Ctjrthq", "site": "Dobwlf", "details": {"message": "Yqzoozj. Pgrxiiib PT aqjquzs 0 jx KPTIVZL_RQQHLNP.", "data": "", "file": "iotmw/HYOOZGJ-920-TJIQYSZD-YJVDBOUCMLI.mjwz", "line": "1310"}, "hostname": "iykmaadirnognjcq.sgb", "transactionId": "7926339744366076832"}}, {"resourceId": "/HSCDHZSQDTTPK/0X3HJ9OI-6NO5-4D0Y-L452-Y032RT8RB133/XRQKQIQVMJHBYC/PQVGAOECHDHB901/MNREWKUAQ/PEDCIQRUA.TVKYCSH/TRMESMNJSEARDGXDIGD/RUABWLTG901", "operationName": "MfwyygxcegpMdeqbxlCxhlpxju", "time": "2020-01-13P16:06:43.1106489Q", "category": "IfspefhxbljRoewxqeYlvnnwcsVbw", "properties": {"instanceId": "LwecwdprrzcWvpvxgmSufx_UK_0", "clientIp": "35.230.17.8", "clientPort": "0", "requestUri": "/xyujzgfx/2020/01/09/ywuvyzmr-hcdgz-dmyh-jezjsvgc-xlx-vcik-kixs-zvbaaet-ptdf-wwv?eye_ycjkxo=zyjhukb.qze&dki_vwrlvt=hatgcv&ifn_njjxscme=zez-bzf-buj-2020", "ruleSetType": "ZGWGU", "ruleSetVersion": "3.0", "ruleId": "920320", "ruleGroup": "920-VUKLGUYV-OGADEALEVHW", "message": "Xbjlwxl Jlke Utsqq Iixfzl", "action": "Sbwafof", "site": "Zuzsxb", "details": {"message": "Srzvdsp. Disdmdwj OY omdmcji 0 kv YJINZEE_JQJWVPO.", "data": "", "file": "bdfuj/HPRLKDJ-920-WFFNJADB-JYJCVGYDQZF.xjtv", "line": "1310"}, "hostname": "cngpfedisiunhgxm.fte", "transactionId": "11745392228376253869"}}, {"resourceId": "/VPWZVEJRZKCKU/0X3WM9IZ-6QM5-4X0X-X452-Z032IM8DZ133/GBIPWKDOHVUNQZ/MHELVBBQOCWF901/UZZJGEXXU/DFSMVEKXJ.DKPOHUM/DUBBUOCDKMDICYOENZK/TYTXGWRX901", "operationName": "GhmeuxujkuwZlxvblqTdikpydc", "time": "2020-01-13U16:06:43.1225619K", "category": "IcjpvydfmbvJrjkdipHnfonsdtMed", "properties": {"instanceId": "VzspkirrlpiQtljsdvSezi_YU_0", "clientIp": "35.230.17.8", "clientPort": "0", "requestUri": "/xfanjvxk/2020/01/09/hflijsnk-olano-lsds-sgmgjwwv-qoe-jdwm-admn-ptkquvm-hkub-utt?yar_izckik=kjcrngw.aif&dvp_cwzwge=pkyrvg&zie_wrsljwdr=fiz-pjd-cbe-2020&wxb_ukhtfm=uyzmawz.qja&xwj_elfdyz=dtokjq&hpd_nxxeerhj=eox-lde-svg-2020", "ruleSetType": "PUSZI", "ruleSetVersion": "3.0", "ruleId": "920320", "ruleGroup": "920-NPGEBGCJ-QJBMXNSEXEB", "message": "Huyitsp Mlji Tyuaz Icqiaf", "action": "Obrrssn", "site": "Doqpnc", "details": {"message": "Xydqzvm. Uxsvvcmd RO iszyjfl 0 dl ZBJGUVZ_EMFHPMG.", "data": "", "file": "jmtpa/PTGZQUB-920-HFHXTDVH-MWWHOFBBZAH.flgy", "line": "1310"}, "hostname": "wgivxcxubvfvclxk.icw", "transactionId": "6629303051683367462"}}, {"resourceId": "/XCLAMHLAWAFEN/0X3VP9MX-6TG5-4A0C-F452-X032RM8CZ133/BVOIMOJBVBKZTP/RSVWQFLPZQAP901/ANFSVJPHC/FMVBYIGMV.CPYRFUQ/LRRCJZRPYCOTEGIBPLV/KSDDVBTB901", "operationName": "CvbxjhdzksrNvjmfkvHvnijffv", "time": "2020-01-13G16:06:47.6712196X", "category": "HmnywuswzrsNcgmgtrXunvffhjTih", "properties": {"instanceId": "KxbbquydyfkHvmuofiCvmh_LZ_0", "clientIp": "209.29.4.43", "clientPort": "0", "requestUri": "/", "ruleSetType": "ZRFFZ", "ruleSetVersion": "3.0", "ruleId": "920300", "ruleGroup": "920-MSSYURSO-IJAFPPNYCVF", "message": "Vcnwihc Jwvfnqk hj Jjnled Qftaiu", "action": "Bpnqnwq", "site": "Vglrlh", "details": {"message": "Geylkvm. Xjose hr \"cs SxwjkYtyUnz Lkowvjg\" jwpfrvz \"KXGCRXU_CNJXXCM:Ejmz-Ojndd\" orxpwptu.", "data": "", "file": "fwybl/GHFMYOW-920-REVRGESI-AXGBEZHVSPO.edty", "line": "1247"}, "hostname": "zaqjxdypgzjujldn.ee", "transactionId": "9655722001276345706"}}, {"resourceId": "/ASDZQNMWHWESF/0P3HP9JY-6TW5-4Y0W-F452-V032IM8GV133/XTESBDGZISVSCP/HKRXAWKZUKIF901/NMBGZHPSE/RCGCYHUZF.VMFEUHG/RHJMELGJALXAYDXZDEW/QQZTVNEM901", "operationName": "LayzotkrxguMhlnkoeKqwvzjuj", "time": "2020-01-13F16:06:50.9085763D", "category": "EusjtznmwqtZedwnypKnfbasinJpz", "properties": {"instanceId": "OltxuxwkjawDlmrcnvFwmw_JP_0", "clientIp": "216.123.208.30", "clientPort": "0", "requestUri": "/", "ruleSetType": "TGKLR", "ruleSetVersion": "3.0", "ruleId": "920300", "ruleGroup": "920-MJAQLRBE-UVQRBGVQAFM", "message": "Nadfvfn Qadwusl jc Yrtkvv Sthkus", "action": "Ioadbzb", "site": "Vjxzos", "details": {"message": "Ahatwyh. Dmfsx rq \"fs RcrguPnnLcg Sosvpdw\" touzaee \"VIOAUJY_LIHFWMD:Kxid-Xyrki\" bknylbpl.", "data": "", "file": "ongux/OIUPQNI-920-DKAHFICT-STSFWRNBVWW.rpvs", "line": "1247"}, "hostname": "onwyxoupszhubpra.pk", "transactionId": "16429140238888078642"}}, {"resourceId": "/EWJJEUUDRJEPD/0F3UB9PH-6LF5-4P0L-R452-L032EJ8NC133/OKLTZHEIKPWGUF/IKHDFLVCUKWW901/LTFIORJYT/SGPYWXQUY.SWNLKBY/HLLIZJGRDXUNGJYFIGG/XZZORMYL901", "operationName": "SexuxqrdpapCknzyoqZswqyvzx", "time": "2020-01-13Z16:07:24.1920176Q", "category": "DuwwrzqdtdfSspopfrTptmkvbhSvm", "properties": {"instanceId": "BjhzwmozwmxAkccxbmLwea_WH_0", "clientIp": "216.123.208.30", "clientPort": "0", "requestUri": "/", "ruleSetType": "VEUEH", "ruleSetVersion": "3.0", "ruleId": "920300", "ruleGroup": "920-EZWAYLQN-VWMDLNLGYKN", "message": "Kaksajo Jjmojbt nv Yzscwm Uudevm", "action": "Ukhpkqt", "site": "Sjzvuy", "details": {"message": "Clbxroz. Xnbrx za \"cd ShafqXplVnv Kjyudlp\" miifuzu \"TRVRYYI_LZJSYPD:Iqqi-Ijcwc\" yrllvyct.", "data": "", "file": "idrjq/VOBAUJD-920-YDCEKZAF-HELSNSWKLSH.iulk", "line": "1247"}, "hostname": "vrxbbdjayhlevtdy.hk", "transactionId": "576460754450915414"}}, {"resourceId": "/CCYNGIFTVNGXA/0V3HI9AJ-6HW5-4I0N-J452-W032TQ8II133/KQWPEHEFEVTSRM/ZIZXWCUYUGZP901/XZFMYHJYJ/ZADFTOAHG.XJMPTHE/VZVGJPGYESWEGGAQILD/BZTBDLUJ901", "operationName": "IfaqascfsidXqbzdqmGpezkkib", "time": "2020-01-13K16:08:11.7782342J", "category": "LsazdkcovihWlzsexpKstpthnmYty", "properties": {"instanceId": "KqjgkqyzvybDpvbpdiIgfz_KA_0", "clientIp": "23.96.59.35", "clientPort": "0", "requestUri": "/404", "ruleSetType": "WNHUC", "ruleSetVersion": "3.0", "ruleId": "920320", "ruleGroup": "920-YLWEAIRJ-POITFAWYJHF", "message": "Snfwjdz Ltsz Vzoch Yxbkym", "action": "Sbimikq", "site": "Lixlla", "details": {"message": "Oklamhd. Zsnxrejg TM ekwfpiu 0 yb EZXQIMR_NJWEWIF.", "data": "", "file": "sxpoi/ACXDKJN-920-QIEAQGJV-BOKXNNFKCFQ.fhic", "line": "1310"}, "hostname": "zbtlqisbujznvqsv.fpx", "transactionId": "13474770087240017218"}}, {"resourceId": "/LKQWWIKUBQUUI/0Z3QJ9YJ-6YQ5-4O0E-P452-K032KK8DP133/AXKAGGZKCCABXU/VURQFJLIYVIC901/IGSIVKIHU/OXMUCNSAI.KJUAKNA/OCHBFNVZFTLLEHPQCIO/VQDGHWUU901", "operationName": "ChajtmcjjxdBndrdkdReytzdvb", "time": "2020-01-13P16:08:11.8407593C", "category": "VmscuyegjhgPgdbtwpQdobsyfgTys", "properties": {"instanceId": "KenfynlkfsdYyvqgmqAwqs_VC_0", "clientIp": "23.96.59.35", "clientPort": "0", "requestUri": "/404", "ruleSetType": "AFIVJ", "ruleSetVersion": "3.0", "ruleId": "920320", "ruleGroup": "920-SLPREHTG-MYLGCHPTKHX", "message": "Ykbzrto Vvuz Vwqdz Jpuisl", "action": "Useijyy", "site": "Qaexji", "details": {"message": "Zmkvmxs. Wcroodpe QI sicgtpq 0 ti ZCINTGG_QJRGACZ.", "data": "", "file": "nfopn/VGCSFKY-920-YJCAVNLX-MFCIMPJGRHW.dgfq", "line": "1310"}, "hostname": "xvpnwoemrwrznkjk.qfi", "transactionId": "12393910574717608629"}}, {"resourceId": "/TLNAHDRGDSDVZ/0G3TB9WL-6MV5-4G0W-C452-Y032SS8JL133/ZKXLXWTCOIILHP/HKYXBSWNZALN901/FDQZYRIZY/GLSBAKMLH.KFORJTU/LRRZJMTWVCJBBQMGGZQ/HOGZTBPU901", "operationName": "KucbynsrcdyJdfzpeoYrzuxotz", "time": "2020-01-13O16:08:12.0595196B", "category": "XfcvlfllkzeBhxlnpbTteitvyfFbx", "properties": {"instanceId": "XndyvjefbqkJowkdebIuih_LZ_0", "clientIp": "69.171.251.3", "clientPort": "0", "requestUri": "/-/vfqvm/DRDE-Rkbytb/Hjckmdz/Kj-vu_Xqsvjnifpkyxe-1.vesi?t=3078&c=5472&we=yf-IB&iknb=634I68052782110375698W049LYQ27TGH0OTJOOM", "ruleSetType": "DPGXJ", "ruleSetVersion": "3.0", "ruleId": "920300", "ruleGroup": "920-YCMLLYYC-SCXPVYMOUXP", "message": "Htxosgz Xvuynsa eg Qoxtxi Bvbylh", "action": "Ttcwxui", "site": "Lmkpkr", "details": {"message": "Esptjjr. Kufil tl \"by UqwxvDvuScr Noohxcr\" xytpupy \"YLURLFF_LJWBZZU:Ngjc-Mtcha\" zrnlxzmf.", "data": "", "file": "ihdnx/NLOJLLU-920-KCZCYZIE-IVUDURRBKHO.tmki", "line": "1247"}, "hostname": "aspwkjsefkzbuawa.rs", "transactionId": "648518348488848549"}}, {"resourceId": "/YSQYQJNBYCPFE/0J3HU9JV-6DY5-4P0Q-G452-K032QN8KN133/LUMVACMQCSGSFP/PBEJGPCRIBMJ901/FJZDDIJBM/UJLXHYPLK.ZKDFPPI/KVWEWUONERGUFFCIJPH/NQXTVJIK901", "operationName": "HmlomgnvzjfUxaoxotWadmhocx", "time": "2020-01-13V16:08:12.3407854R", "category": "IcwnatozwpyUrlrmfbHwcudwigWqb", "properties": {"instanceId": "UqvdguyeaieTyckjkpGjpx_ZK_0", "clientIp": "69.171.251.24", "clientPort": "0", "requestUri": "/-/xjoqn/ZHGM-Vjctec/Ecjlwnw/Jb-dy_Jsfgzbgefndut-1.stqz?f=3078&q=5472&gv=ct-ZD&bwfd=634Q68052782110375698F049PMD27MPG0QJBNCG", "ruleSetType": "DXJFB", "ruleSetVersion": "3.0", "ruleId": "920300", "ruleGroup": "920-CFQAZOEF-PYVGSZXHGWO", "message": "Nucvqig Sfzbxbx cd Jvwlxo Ukpyxd", "action": "Ftqedao", "site": "Azfjcr", "details": {"message": "Dqajdul. Cydxa hj \"if WvmxuFzgQpd Gfkjwkz\" ixcmjdg \"LBLMIGF_ZYJZXCH:Bgnl-Jnbvc\" tylrsugz.", "data": "", "file": "jvmbx/DQZYOIX-920-EAWHEMME-KEGLVUBCSLY.nmha", "line": "1247"}, "hostname": "tyryzadyppwopooe.zs", "transactionId": "11745392228376253915"}}, {"resourceId": "/KMJXTXQAEYZAQ/0Y3TU9LA-6EO5-4N0V-Q452-I032WI8LG133/AHHJFVMIMSZWUJ/CHQUAMUFFIMW901/NUSPMYTFM/REXOIPZXU.AJMXVDE/QMGURIBMAPHRBMRTQCV/NBFZHTRW901", "operationName": "KjainjnazcjTjkrtirZwdzzfno", "time": "2020-01-13M16:08:12.4188838U", "category": "JvlmbiuqebyCnfisyeCqvvpqphCpm", "properties": {"instanceId": "WkwjcsuzkvxBcyjdtrJqja_JC_0", "clientIp": "69.171.251.3", "clientPort": "0", "requestUri": "/-/yygde/UXFO-Vlxnbc/Leecakm/Lk-xi_Lnipyekhdjuib-1.gmeq?m=3078&f=5472&ql=ly-JW&utij=634X68052782110375698K049NEG27OUT0IUJYEV", "ruleSetType": "TKDUK", "ruleSetVersion": "3.0", "ruleId": "920300", "ruleGroup": "920-VTLOZTVV-LYMHBWREWEQ", "message": "Hkodnny Ygwzqoy ul Litxzc Lxbugl", "action": "Gyemcga", "site": "Yppios", "details": {"message": "Kpoygrl. Oijlv cj \"md SikrkIgcVaj Gureglo\" oamuzwa \"VAXYXHP_SYRXJDG:Pfix-Glgli\" uplozhbt.", "data": "", "file": "wsjrk/KAXQINI-920-GGTQMWEY-TRJLILQXCCP.mspt", "line": "1247"}, "hostname": "ieawwedejmhybgwf.qo", "transactionId": "11745392228376253917"}}, {"resourceId": "/EBCIFOWJRLBXF/0P3LG9RE-6SJ5-4K0K-X452-N032NQ8DJ133/CUTDNCOJNTAAKJ/LPPGZYBNPCOG901/DODWWBJYN/KOLBQASZZ.JVOXKMN/HDMJJWJUWCDWUVICPIX/QUHUVUQU901", "operationName": "EwdtpgejxwiUcozjqmDxknebrm", "time": "2020-01-13R16:08:12.6702135F", "category": "QuxnmzgfxjjHjpcpcaWrlizhpiRgb", "properties": {"instanceId": "FslcvgcdswlCyyspbkZtof_XV_0", "clientIp": "69.171.251.14", "clientPort": "0", "requestUri": "/-/jhfog/EWVX-Lxtlkk/Jpaotym/Xp-bc_Crzxtnwlcrfma-1.ykeu?w=3078&j=5472&ok=nl-KK&qdyj=634D68052782110375698Q049OOZ27SKX0QNLJXO", "ruleSetType": "FPBUJ", "ruleSetVersion": "3.0", "ruleId": "920300", "ruleGroup": "920-UYFGUHRX-FRHGKPCDMZD", "message": "Sygstpd Nfmwpjt ki Sqxgvl Qkqnse", "action": "Hmlwnyw", "site": "Jzckle", "details": {"message": "Hcvrmzl. Ubykq ql \"ij QnzzoTmeTnl Xjgoaav\" gewgopg \"EUDJMYU_ZYIVOPF:Glue-Tpgfv\" nsthyltf.", "data": "", "file": "ngslq/TPAMFIO-920-ALTCESJZ-OGMAWMJXSHX.ypzs", "line": "1247"}, "hostname": "dvcgpxzwwbbdlqpf.eg", "transactionId": "576465152497427936"}}, {"resourceId": "/TRKDXGAABLGOE/0M3VI9LV-6UQ5-4Y0Y-G452-G032TK8AH133/IQYKHSXHKATCNJ/BVSXDAKGHTYK901/HILMKAWSV/CSXNMMBZZ.FJPMWXV/NZHJGZBPFCIRSJYKJBF/TQHZWJXA901", "operationName": "FcwsvvlncliKszmehuVvznauds", "time": "2020-01-13Z16:08:12.7796173F", "category": "NddbdhqdcfyEnnjaquVtwsroguYjl", "properties": {"instanceId": "UvaeyihcnubAbabfmcSymz_NW_0", "clientIp": "69.171.251.43", "clientPort": "0", "requestUri": "/-/zjryu/VIXP-Iravhv/Ghjrpge/Ri-tj_Erilxdwhcxeiy-1.fjrf?u=3078&y=5472&rw=wa-ZU&swtm=634C68052782110375698S049OQH27QAE0HZDEUU", "ruleSetType": "QXRGJ", "ruleSetVersion": "3.0", "ruleId": "920300", "ruleGroup": "920-BOVIFTVX-MWDUZXPRTVX", "message": "Ozvvbdh Qgoqjll xe Hkmaei Bltgck", "action": "Orzgqhv", "site": "Dblpmy", "details": {"message": "Rfchkyr. Ejqlw wl \"ky WfbbhEgtZnf Vwqbtmp\" tmhsdka \"SRHXWAE_TMVWSJK:Zzyu-Xtssu\" kilcxfiv.", "data": "", "file": "grelp/VWBNNDO-920-RMJALOSQ-OEXLXQUDQSJ.vfvb", "line": "1247"}, "hostname": "tsqwudjpamlnecey.fg", "transactionId": "576465152497427938"}}, {"resourceId": "/FROOOUVBAFFHB/0N3QQ9RL-6LX5-4Z0W-C452-O032ZV8MR133/OMIJVSXRBTZIEW/YEBIJOCXACFB901/EPIDDEBUK/CKSHGZBHU.ANENCUG/MVKGDRFMTWLPHVSZNAH/WVQCQZGH901", "operationName": "WzaruugfdhzAtjjfxqQtstjhbz", "time": "2020-01-13U16:08:12.9045947B", "category": "RlwmrtlzmkcNhhfothMqnksfqcYys", "properties": {"instanceId": "TrjdyicbqpgBqxfrbjErtc_LP_0", "clientIp": "69.171.251.29", "clientPort": "0", "requestUri": "/-/jlskc/KBRJ-Gelyfl/Qfhkllp/Mm-lz_Pjzfgchgjbmcp-1.wtqr?v=3078&p=5472&gg=gf-MY&opyc=634Y68052782110375698Y049PTZ27KDV0MSJRHH", "ruleSetType": "SIXQB", "ruleSetVersion": "3.0", "ruleId": "920300", "ruleGroup": "920-SLSVBVHG-POUUOKKJWGD", "message": "Bysqavl Usutpjq iq Rfajjv Sylvnb", "action": "Osiqvbt", "site": "Dtkctw", "details": {"message": "Jhhbffv. Nokuy tq \"rw JrbtaLaxNpc Trmfqlk\" vliuvhj \"NMUNLQO_PSDEKVE:Gnrp-Bkvyl\" thfnfbkr.", "data": "", "file": "vztbd/EVHHXBK-920-VWLJRVWA-HBIUBMOHIBY.pixr", "line": "1247"}, "hostname": "byqpuprubllqpctt.vq", "transactionId": "576465152497427940"}}, {"resourceId": "/QBPFPGDKUYQJY/0E3JS9RX-6VL5-4N0M-I452-S032KM8UT133/GVYUGMNPDTPETZ/DLECVRUHHYKS901/YXLDRVQSW/IRSAWVLHL.UMDTPGM/HNGSRJCIVGYUOEZJYTL/KPOQDMSV901", "operationName": "EqvppzjanrdHwkjhffDswjblpx", "time": "2020-01-13B16:08:14.1493847I", "category": "FhsdvtnmowsDepshfqAgpqohdaWbs", "properties": {"instanceId": "OjgeepujugsPicitphTviy_CU_0", "clientIp": "108.174.2.215", "clientPort": "0", "requestUri": "/jd-FJ/jssoxnx", "ruleSetType": "BNFFZ", "ruleSetVersion": "3.0", "ruleId": "920300", "ruleGroup": "920-BZJAKYAF-ZLDTVOSBNOR", "message": "Onabvcd Pcfwtrs lk Huyajk Qocsxx", "action": "Ktaascg", "site": "Tsxpya", "details": {"message": "Qytbuuz. Ghdjm qa \"zx KybzxDhzXma Puailee\" qjbyaag \"VCEOUMB_JQDKWMO:Yjuw-Bhulm\" asymeoii.", "data": "", "file": "lwisg/XTDOXOA-920-GGRHMURE-OHGMJRIWWWW.eeby", "line": "1247"}, "hostname": "ovbopyqcijomnucn.zn", "transactionId": "5620492337105865542"}}, {"resourceId": "/UPUUYHPEIGCQW/0U3TU9ZG-6HB5-4I0N-O452-A032OS8VV133/LXAJICJSEUSHMH/RIWQKBEQVLPW901/LYWHQQNGQ/GZKDKPKXV.GSADMIB/GRUABWNOYUBCBUMOOPX/WKXACCLB901", "operationName": "PzhoejvkzqxPtflygdZddzeueb", "time": "2020-01-13Y16:08:14.5089326D", "category": "EylrcerdvahJlnweifRzoukcrhEul", "properties": {"instanceId": "OqrnpxmdbzfHgwlmywVtsq_DY_0", "clientIp": "108.174.2.215", "clientPort": "0", "requestUri": "/nrmqujq", "ruleSetType": "PXXOM", "ruleSetVersion": "3.0", "ruleId": "920300", "ruleGroup": "920-EEXZHWDV-MVTCLKVOOBG", "message": "Yxigvfr Rnzilur ug Hspksp Rwyyxp", "action": "Tvlrjoz", "site": "Szsghm", "details": {"message": "Osxvqje. Akinc ln \"kk DdygsAbmEun Trjecfg\" inyasmd \"GHSSAZG_TAEHLCK:Jnjo-Sntcl\" txeayuma.", "data": "", "file": "jhovy/IXUPHDO-920-KLXVIWEW-FQRZWMXDRLK.vpuv", "line": "1247"}, "hostname": "qjvjkxcawpbbovvi.id", "transactionId": "11385104258186618329"}}, {"resourceId": "/KZMPGONGMDTTI/0R3KS9LZ-6FQ5-4Y0M-O452-N032VZ8HN133/LIQKNGDNSCAWIP/TOUADOEPYPFH901/BXSWSNSEA/KZJZFVPIG.UJKULBB/NIXQQQIFUDVCDXTMEBN/PYDONOKG901", "operationName": "SmdvzfbpsfdCvwldrzHeoqpica", "time": "2020-01-13P16:08:22.9317534A", "category": "ElkuwwvhqfwYigvbyhIsjxoxauYqu", "properties": {"instanceId": "YvubrrupmhbDlxyoupBqsk_SG_0", "clientIp": "35.173.186.56", "clientPort": "0", "requestUri": "/", "ruleSetType": "DYOWC", "ruleSetVersion": "3.0", "ruleId": "920300", "ruleGroup": "920-ZKDVVIXO-ZBRHJOPWJWY", "message": "Xidgvjr Xdgouem ul Bozfyi Sjspxw", "action": "Gpgvwat", "site": "Cbkmpv", "details": {"message": "Ablldca. Dnura mh \"uu XzjtvOgcGqj Xwjnuvn\" dentymu \"SRUCJUN_LVVPLYD:Ldkj-Mkwfx\" wunbkzre.", "data": "", "file": "khuff/LPROVXZ-920-EUTQHSKY-AAVPHEIDOGX.emrs", "line": "1247"}, "hostname": "mlggdvqwehecqpcm.tpb", "transactionId": "5620492337105865544"}}, {"resourceId": "/GOEHQLVYIDBQV/0A3OK9YS-6KV5-4V0M-T452-T032WS8VY133/COVFEJSSAMKSMQ/NTFYCMDBHRPV901/MUAXCMTOI/IRLEMUPWZ.DQOMEYV/VAVEGMNWRSQNBIJDWMT/JMODKUEK901", "operationName": "ChwysktqrrlNogwpdtJydypvfg", "time": "2020-01-13Z16:08:22.9945896V", "category": "TcseyqwrrtbAigcmjtMxtbhodcDyr", "properties": {"instanceId": "DkhclkkwosqKtlijrpIimk_JF_0", "clientIp": "108.174.2.215", "clientPort": "0", "requestUri": "/hbsoxsf/gs-vl-xbhynndsthxca", "ruleSetType": "MJNTS", "ruleSetVersion": "3.0", "ruleId": "920300", "ruleGroup": "920-TPDGMPMY-JGOCFIYPWPW", "message": "Jixozmx Qecelik dj Xlqmyo Flyult", "action": "Pvkwbaz", "site": "Tmiybd", "details": {"message": "Ovkqmsq. Ncfdk uz \"lt JjatcTmpFvj Irmdjol\" ornmpnr \"HPKLNXH_VKWJIVG:Mewt-Etvhn\" dnteowhm.", "data": "", "file": "aozkp/VYVVJAV-920-TJHMVHGN-AOIXMYNTOQL.vpen", "line": "1247"}, "hostname": "pxzgcmlmhpaayprm.ik", "transactionId": "17149707383174335962"}}, {"resourceId": "/VNPXDIUWCWHCZ/0E3EN9GL-6QP5-4H0X-X452-I032QY8CI133/XLDRBJPGMSABAU/NOTBYZBMFLZL901/ZYKIQLTTL/PBVKFLHDU.TLCXRJT/RLBQWIGJPBCNSCIPCZE/YXFFHDCF901", "operationName": "XuhjqicgkedZdyrfyaQccwargr", "time": "2020-01-13Q16:08:23.0748208A", "category": "PyjaztyjuufCizvpylHbduixxwIjq", "properties": {"instanceId": "EydmjgrbuscSrajjnpUybr_FO_0", "clientIp": "35.173.186.56", "clientPort": "0", "requestUri": "/", "ruleSetType": "EKVUA", "ruleSetVersion": "3.0", "ruleId": "920300", "ruleGroup": "920-QGPHZOFW-RROCGQRFTSL", "message": "Ekfevhr Rkzvesw dv Hhqhhq Pmlzpl", "action": "Ynoyxtf", "site": "Sqgsqm", "details": {"message": "Anfrooc. Phioo hh \"ik XlytsGpgOuo Tfubrzt\" xzcpqfj \"YGMABLB_UOJPTGD:Pvyc-Erihz\" jhbvnero.", "data": "", "file": "dacrt/BHRQBKU-920-IUSQJLDB-NOOQPXNJAHC.orxj", "line": "1247"}, "hostname": "quhnbzclzuawcyvz.gha", "transactionId": "11745392228376253924"}}, {"resourceId": "/CICJOUDHNFADP/0V3AE9QU-6QI5-4A0Z-G452-Q032YT8BN133/XRGDNDLIVVHCBD/XFBTFCHYTMCH901/NXCZAKKKC/OTDJJGJYP.FONDRZM/GVNEJFNCUEGCIEWYCRJ/CXEEROCV901", "operationName": "GehpnfydsdqNsprmvtUgmhxjfo", "time": "2020-01-13A16:08:23.7854577R", "category": "IyyncmdutpeRfcczcpYkjpxbftEtv", "properties": {"instanceId": "KtbpghtjdkhOvyyukmKwpz_TB_0", "clientIp": "108.174.2.215", "clientPort": "0", "requestUri": "/-/bfwwe/JLRG-Lofhvp/Rmbbxag/Lg-ju_Hwfcujnhvbsrx-1.nlst?s=3078&d=5472&wq=sx-NC&mshx=634Q68052782110375698P049VFZ27GIU0GFRFQJ", "ruleSetType": "DLPDY", "ruleSetVersion": "3.0", "ruleId": "920300", "ruleGroup": "920-JWXYRFGH-IXCBGQASHLO", "message": "Wxxqqja Tzcqwdd fo Qmrhjo Ngktkf", "action": "Zpnzprt", "site": "Uvshvf", "details": {"message": "Prlhokr. Nubjc lt \"te WmdinFmpXph Kgxmpto\" lvquqzh \"PLTNXQK_BRNFPPY:Flyl-Fzkio\" hyesvyiz.", "data": "", "file": "opomc/SJRAXKD-920-DYGCDZYH-OVDYNIUZPZP.tuqn", "line": "1247"}, "hostname": "kuoxgbdbokvizjij.jb", "transactionId": "11385104258186618337"}}, {"resourceId": "/XGUUOGPHUJGSV/0R3KH9UF-6HO5-4L0Z-Z452-M032DK8LU133/WAFGBSQUMJCPWK/KFPIDGIOHIGA901/WGESGYKTQ/AQRXQOZYZ.LBHEJHL/MCRIMDSFNQCHTOHKWMF/ZFZAWDJB901", "operationName": "LhqtlqsqsesTlgpnbfDfcrrlpg", "time": "2020-01-13C16:08:29.3108051A", "category": "KmgwqxthndyBgmoxtnRomlijbaVcd", "properties": {"instanceId": "PdkhmqleuqsSjmwbsiYboc_JV_0", "clientIp": "216.123.208.30", "clientPort": "0", "requestUri": "/", "ruleSetType": "MUMYU", "ruleSetVersion": "3.0", "ruleId": "920300", "ruleGroup": "920-DECMWSPE-BLPSJQZZKAQ", "message": "Nstwrty Jkuzgoy ta Qkwuqk Nbqjrm", "action": "Sqxaqmf", "site": "Acjhla", "details": {"message": "Shwgzpj. Pqelv vb \"vt QmqdfDgmGse Oyfowas\" mmbdsfe \"AFRRCQA_BUPESDP:Zqrw-Iqocd\" oxjhdaoe.", "data": "", "file": "dlehk/TAARZFB-920-XFLLBKPS-OKYVBWQYGTY.dhvi", "line": "1247"}, "hostname": "ulddivwfexdbngsa.fd", "transactionId": "14843868772007158500"}}, {"resourceId": "/HVKKAVECMTQRJ/0K3WC9SX-6FM5-4O0D-N452-Q032WP8WP133/UYBGMATJOLCCIJ/COYYUDAWUFPT901/EFZKKOQVW/YTNBEJKGF.KKKYXKB/JSROMEURAWOQPGGXQNO/EBTDUSPQ901", "operationName": "MulywmpmoutVyquconLlfosdgy", "time": "2020-01-13M16:08:45.9530210W", "category": "IzjugepplaySmihgtbVbvgalgaBcx", "properties": {"instanceId": "QujuddyxcdyOnbhuvdXvtt_RX_0", "clientIp": "108.174.5.112", "clientPort": "0", "requestUri": "/jmekf-ex/cpdrpaqmk/Umolazuf-QPKv", "ruleSetType": "SGDUM", "ruleSetVersion": "3.0", "ruleId": "920300", "ruleGroup": "920-ZJFOSUJE-HBDTCSIWKWB", "message": "Sgnkvbc Gcqxdxi qk Pzfxwx Szxmgy", "action": "Ybhicfr", "site": "Kgwjmx", "details": {"message": "Toyxkod. Tnjzr tt \"yn EhcaoKidVqx Sfxlfms\" iscdxow \"SSHCRLL_VMRBHYX:Ywhn-Vumqv\" abgoxbze.", "data": "", "file": "pcecz/VZCYVHD-920-IHZGEKGV-AYSTWPXOXTE.jdjw", "line": "1247"}, "hostname": "rofmuhffdymhyqik.zp", "transactionId": "1152925904800854371"}}, {"resourceId": "/KSHMPDFBFDJHU/0L3JB9JQ-6JT5-4I0T-D452-G032FO8QQ133/WRTCCYSUADMNTY/BQWNNUYPSCPP901/GOAZLBOGO/CYUNMKTUC.OYPJWIH/VFCRRIHZRLKERVHCWZY/XFDUCHGF901", "operationName": "FmqipjdqqxzXlicdosZmixhxbs", "time": "2020-01-13Z16:08:53.7486791A", "category": "XllvpuvikfvLuvhahgGyjiethtIcd", "properties": {"instanceId": "RulgxjbnjbkCqfbyguXwmg_ZR_0", "clientIp": "108.174.2.215", "clientPort": "0", "requestUri": "/oohxfyn/zx-zm-zgufxyqtejnax", "ruleSetType": "PIIZW", "ruleSetVersion": "3.0", "ruleId": "920300", "ruleGroup": "920-EEHPBVZF-UBLDKAMVGXZ", "message": "Kmrlujj Dzjblhd wy Pznuqw Aamfvm", "action": "Jxjzlka", "site": "Ihkesc", "details": {"message": "Pcosriq. Xlwex yh \"jc LvwvaKnrQfu Mqzhroe\" gbcohny \"MMDRHAR_EBFBHHJ:Ebzf-Weown\" fuxsbfkl.", "data": "", "file": "ffgvh/VUYPVDX-920-QLKNIVYP-ILOQTWBRVKN.ljcc", "line": "1247"}, "hostname": "kuegoayrkevuepcq.qh", "transactionId": "13618889673362377127"}}, {"resourceId": "/PZPKOEBIPTCVK/0A3BE9QL-6SH5-4O0Z-Y452-F032FM8TL133/UQLCCEQARHEDTG/TPFHNTXKWMMV901/ZOEJNOAHW/PLPCHUKJR.BTDAMHH/HQNWCWJUOIXIXNNXGIO/HLHWBTET901", "operationName": "QxqdndtyxmlMliisfuVxtzmevz", "time": "2020-01-13X16:08:55.2545664F", "category": "FanvozdmzyrBikgfdvDgzptmnpYsu", "properties": {"instanceId": "FgrhrkbdjdfIngnbyePuup_EI_0", "clientIp": "13.66.156.36", "clientPort": "0", "requestUri": "/-/zbwuc/LHQN-Zhwdyr/Xmckywx/Wj-bu_Sjkmpyjeaocyy-1.mnsz?j=3078&c=5472&io=uy-IX&siib=634R68052782110375698E049EMJ27NTJ0GHCOLF", "ruleSetType": "JKNEH", "ruleSetVersion": "3.0", "ruleId": "920320", "ruleGroup": "920-FBRJSJBN-TIUBAYKWLTG", "message": "Smzmfpw Oeyg Lrkqj Blwfvd", "action": "Xmymjyq", "site": "Bevquw", "details": {"message": "Uslzkvh. Lbxnxhid WK ijbpepn 0 nc ASLHUTJ_TCKRSNV.", "data": "", "file": "xqrod/YQWKKQJ-920-RWMWZIKC-RVSKOWQUCEH.wgqr", "line": "1310"}, "hostname": "pmuwflydtediwokb.pu", "transactionId": "1152925904800854373"}}, {"resourceId": "/BXUCIFCDYELOU/0L3JB9ZP-6PP5-4F0J-D452-H032SO8JR133/ERWANMQMXHXDVN/LKGQIGYFKJPI901/YHXECVMGY/VCRXGNADG.ZKLNPPG/OTWCSKHBWRZYIIHEGZK/WLOIIDRQ901", "operationName": "MxdndlgvapfDexmsblLqkoiwfd", "time": "2020-01-13D16:08:55.4733343V", "category": "UtbbpfmpmceHcqljjoHuhiokbrUmm", "properties": {"instanceId": "UdfjcimqfsvMgixbvnFqpz_QL_0", "clientIp": "13.66.156.36", "clientPort": "0", "requestUri": "/-/ounqe/EJCO-Jlixqg/Eiwhuja/Dl-ql_Fbqm_Xx.gvqq?r=1152&h=2048&jv=td-PH&igat=42X9U40L7075WD01001NDZ0406C9202E78U33GV3", "ruleSetType": "PCMFX", "ruleSetVersion": "3.0", "ruleId": "920320", "ruleGroup": "920-ROSPYPEX-FXWFKVAAJRN", "message": "Hdhoxhb Dngd Mqhdn Ucuixu", "action": "Xyytpfp", "site": "Wprlke", "details": {"message": "Ofnzwuo. Bqciodlz WF jpbgsst 0 gy MPMJTYX_NKCZTDJ.", "data": "", "file": "bvpau/AFNONQD-920-ZMAQVFVD-NWNRSYHTWOQ.njtn", "line": "1310"}, "hostname": "ofnkeunwpheomwcc.eq", "transactionId": "7566051774176458362"}}, {"resourceId": "/ICTVNSUSHCSSO/0Z3VC9IO-6GK5-4Z0N-M452-K032SX8KZ133/WLZVBSRGDFIXWD/VLULADKBKEDI901/LGLLZFZBQ/NEEECEPWA.ZCGZUMG/WQGROYICQIJBXOBITQF/WIWUKUEV901", "operationName": "EdrpfrxjuiiVujgqemYbdotwqt", "time": "2020-01-13Q16:09:09.8041173C", "category": "IakexeuypxoJkuouoiIadmbjsoFio", "properties": {"instanceId": "YqqwmhxgysgAmwbjfzKinz_ND_0", "clientIp": "54.174.55.189", "clientPort": "0", "requestUri": "/tvwyiw", "ruleSetType": "BTFGB", "ruleSetVersion": "3.0", "ruleId": "920300", "ruleGroup": "920-KWAYKEEA-NFZXYYGSQEK", "message": "Bwtqfxz Vydcvzd oe Gsxxnk Nyvsxd", "action": "Gvesmpf", "site": "Qcshij", "details": {"message": "Ukgywca. Rspnf ir \"iy TwwuxPrlInd Eiffwlr\" jexxetx \"EIYLOBI_UKJXKIK:Rlzl-Bdmjg\" tbejzauo.", "data": "", "file": "miyoa/OLEFYDO-920-JWXYLFHT-VZJSLDLZFSE.iwzx", "line": "1247"}, "hostname": "hnorhwybpuvlbikg.trr", "transactionId": "10736590309891779318"}}, {"resourceId": "/HZPHEDFSBNSHN/0B3VP9LS-6WZ5-4K0X-G452-M032SW8GO133/TXBGGSMCYMPZKZ/UIGYCEGFDBYN901/VECNVQHZX/PSSAXKHQI.CQVZJGF/WYTHKYBJOWUNSEOXXLB/WJYWKZMZ901", "operationName": "DgtzxifcnhkXrxvkluCrgadngq", "time": "2020-01-13U16:09:10.1020723A", "category": "FtjexwwlbmyEqotmtrRsnlhmmyDhc", "properties": {"instanceId": "UyshsixoqwbOfearulXktz_RL_0", "clientIp": "54.174.55.189", "clientPort": "0", "requestUri": "/ujialn-oufveaxroxay", "ruleSetType": "RGLOE", "ruleSetVersion": "3.0", "ruleId": "920300", "ruleGroup": "920-ZAVVSDEX-ZQBQFDAFUFK", "message": "Guiviqr Ovjyuoa mf Mfprim Wtnvyd", "action": "Nnknfgu", "site": "Eqrffv", "details": {"message": "Emgxghu. Kbzvb fh \"st McmtiUosMpr Xgsbqml\" gnwtbmd \"WAKGXFP_YKTNKFI:Xfjb-Lkrvw\" zsmdtyvq.", "data": "", "file": "jawkw/DMAFADN-920-HHUMUYLX-KGSITNAETPR.vgcj", "line": "1247"}, "hostname": "lvunzioibeahywee.xce", "transactionId": "13618889673362377141"}}, {"resourceId": "/XEWBWAMSGAFQZ/0A3BI9WP-6SK5-4Q0G-F452-S032NF8DX133/JLTUEGHKMKMWDP/WUENAAHGZKTK901/QIYTSIMZF/ZXRCTOQBZ.PNQMLKF/CHWWLOWVMSXDYXOUFUK/YFUXQWEO901", "operationName": "HrtagpevwjbJknormqDaitgjot", "time": "2020-01-13G16:09:10.5239724U", "category": "FajxckslapwHgzuliiAmiymdyeBhc", "properties": {"instanceId": "KxljwjoxzqjIixtkdfJegz_AZ_0", "clientIp": "54.174.55.189", "clientPort": "0", "requestUri": "/fwvvjn-dyrrsaqcaulk", "ruleSetType": "QHRZA", "ruleSetVersion": "3.0", "ruleId": "920300", "ruleGroup": "920-MDSYCPGV-YJAJXGIZVFQ", "message": "Bllskfb Zaydkxv it Izounb Rcxavs", "action": "Xqcmrsk", "site": "Bxgytq", "details": {"message": "Ebnfvts. Vekrp ds \"mw UjevbQngTcd Pcwctmm\" twmgfaa \"IGJKMTF_PIEAWED:Hnmo-Ydgry\" jbrsbhkf.", "data": "", "file": "poupn/FXTZCFV-920-MAGDXNGD-CXVLUGAIMWY.zqaw", "line": "1247"}, "hostname": "igtzukbqamnzlpii.nmj", "transactionId": "10736590309891779319"}}, {"resourceId": "/JGMNPNMGHEPHI/0F3UU9CB-6JJ5-4D0C-K452-N032LS8NB133/PMNIFFNYAORCUV/TZCDVDIOWPFK901/MDRRVBXEF/XCIBBWHME.KFBZKMY/TSWCVLHBZPECMCJKIWP/KVIQWUZE901", "operationName": "XkxxkvmachaXwubegwVqhcndpp", "time": "2020-01-13C16:09:25.0247208M", "category": "BjnyosnicmyLbmsjggPsfjzppnEsz", "properties": {"instanceId": "YbdvtmihdpfPruoluhIyvg_NH_0", "clientIp": "216.123.208.30", "clientPort": "0", "requestUri": "/", "ruleSetType": "YXMIJ", "ruleSetVersion": "3.0", "ruleId": "920300", "ruleGroup": "920-VGEOHSCY-AENUCYTWQRJ", "message": "Uiecygp Wdyxgvm xv Lyduuw Xmpvox", "action": "Voxqdqy", "site": "Xnbvjv", "details": {"message": "Rraitbn. Wgyhk dj \"je KxxyfHbxZjr Dvzysqz\" jvgqppa \"UQFFIVO_ONPQMKH:Rcsf-Najzd\" slccrjtj.", "data": "", "file": "ejyjk/DISWAMV-920-DYZKPRQC-PZQBOUXASYI.ekoy", "line": "1247"}, "hostname": "ctvvkydlrnnqzkrl.tk", "transactionId": "1801439853095690651"}}, {"resourceId": "/VBTFEOUZMKTXT/0F3EK9NF-6QW5-4A0M-H452-I032VF8NC133/SSJSYJHAZJIWZN/QODLQGHIEHLJ901/YNLWRIZIO/KFOYWXVQB.TNKEPBA/MVIBWQKAMKHZYOGUPBU/ARXDLIAE901", "operationName": "WucalgkhrgpCcpfqxaVgfkctum", "time": "2020-01-13L16:09:28.0680919J", "category": "WmrqrobmabrOmbvamdZcfvgtgiQds", "properties": {"instanceId": "GlyjoqdjsefYicfkxjKlas_TY_0", "clientIp": "23.96.59.35", "clientPort": "0", "requestUri": "/404", "ruleSetType": "DIHMJ", "ruleSetVersion": "3.0", "ruleId": "920320", "ruleGroup": "920-TBHXMWQF-WSZLDOUNKIO", "message": "Xnavcki Kfmn Sjgyn Bhgwxp", "action": "Bchnjfz", "site": "Xbydbc", "details": {"message": "Ybuypva. Ubsktbrd AW tpxgqnj 0 im WABPFGM_CWSVOGI.", "data": "", "file": "mggxx/KQZDNIL-920-UPRDAVDA-QBBQNQWDMTE.tdid", "line": "1310"}, "hostname": "lsilbpfitwtaayav.dn", "transactionId": "5260204366916225179"}}, {"resourceId": "/WKCQFHTVYKQPK/0V3TK9WX-6DZ5-4W0L-D452-Y032XR8MI133/CPNYCNHKAHFGRI/XNXPCENRMBVQ901/IAEGCHRZU/KLDLAWRYX.CCFECJA/GGWWYTJHNIIWTAFGTMW/JSBMDFLR901", "operationName": "GitawlghlplTnwhtlmLacarnuf", "time": "2020-01-13R16:09:28.1461361L", "category": "NltbuxbevrfYnnutxmSdiuotpnSgi", "properties": {"instanceId": "RamylimycukWdxnqueShbc_GD_0", "clientIp": "23.96.59.35", "clientPort": "0", "requestUri": "/404", "ruleSetType": "LAVEX", "ruleSetVersion": "3.0", "ruleId": "920320", "ruleGroup": "920-RIHMZDDY-VHQTAIHDQPR", "message": "Bsgwqlb Dupp Jjvgj Buhmyo", "action": "Suzeeon", "site": "Dggvmy", "details": {"message": "Bbngpls. Sgkodwzs YK admrppy 0 wr CFAXZHJ_AQNQNIA.", "data": "", "file": "flrfk/FFECKFM-920-JUXHYELW-LCKGAIWOKJE.zkxb", "line": "1310"}, "hostname": "hejktjqwrjdvumqh.nb", "transactionId": "9367496023171138918"}}, {"resourceId": "/IRHFZZJKIUBJZ/0Y3KL9NR-6QR5-4Z0F-D452-A032ET8IJ133/JVFYAYJAPKZEFX/JJRXJQPUVVHR901/HALJZHCDW/BCVHXXWRR.ALWRZNG/IEKTTXJWXCFJUZKDUHG/UTFGSGIE901", "operationName": "SigtdkvqxywRuotmniPjzpkspo", "time": "2020-01-13F16:09:44.7077081N", "category": "SwbfeywpvezNvgydsbLnvihsvfHid", "properties": {"instanceId": "EybtrpuhqvkWcomjmqZwvn_DV_0", "clientIp": "46.229.161.131", "clientPort": "0", "requestUri": "/", "ruleSetType": "CCHGJ", "ruleSetVersion": "3.0", "ruleId": "920300", "ruleGroup": "920-JPIQDYZE-UUTQPKSIACV", "message": "Mcsbifc Dbwnmxz ew Bmltsw Mmfnxh", "action": "Asvoori", "site": "Bfuvoy", "details": {"message": "Apfrvje. Ituxe bk \"ui GruinXnyGpf Iyuidpw\" hyczbcf \"ZFXPYLB_YFDYIBI:Yfhx-Wviym\" mwhotjir.", "data": "", "file": "barsh/AWIXGZV-920-MDZDUOMA-YQQBWYYXWHI.jzzr", "line": "1247"}, "hostname": "khsoictalmjicpdl.eew", "transactionId": "16429140238888078662"}}, {"resourceId": "/IKKGKTQNNCIIU/0S3PJ9NM-6LF5-4J0D-R452-X032GC8GV133/ZIQXXKGUZBKWKW/JJJACGHNWBJC901/GYKKLXMZL/GDLCCKXAR.KWHZEEM/IWXVEQWIWMSWBQSOTKN/QJDKSVEP901", "operationName": "VwwxcxjoxiuSgrynieWaiyhbjx", "time": "2020-01-13A16:10:20.3699808H", "category": "YcrsmeuoexjAsqtsupDlyiluwgUkz", "properties": {"instanceId": "PkxtcfmdpxvXpcwtqkEgcc_PF_0", "clientIp": "216.123.208.30", "clientPort": "0", "requestUri": "/", "ruleSetType": "JDCJT", "ruleSetVersion": "3.0", "ruleId": "920300", "ruleGroup": "920-ILHXSPBU-ZSZXZMKBKEM", "message": "Xuikvha Jncjbfw kv Pwhxvh Psxsmu", "action": "Rqxnyht", "site": "Lulxmp", "details": {"message": "Cyapzur. Rtqxe xk \"mt MbrhaXqyPpw Szznrje\" vqcwfbf \"STDLVVI_QSOFBMK:Zyzf-Tuzfo\" grvbkfbn.", "data": "", "file": "fzvvg/MPOYYHZ-920-BMKHTZJR-UZXGDSAFVIM.lclv", "line": "1247"}, "hostname": "wapdquzrauvzffqb.xw", "transactionId": "11240989070110754451"}}, {"resourceId": "/DQWADSBHETKJE/0H3JV9AL-6ME5-4H0Z-N452-G032LM8GL133/BWBMSGICYEEEVK/BAYLGYGMPQMS901/QSCNBNPWZ/ETXWKDVSI.SAALTXC/OFNVBJTNAJADIGZYBZW/WKAHZSDK901", "operationName": "JhqomacytiaTvhougvOfchmrhr", "time": "2020-01-13F16:10:39.4497550Q", "category": "FidncubxkqlTpnjhrlXmlrpfwwFcb", "properties": {"instanceId": "NwkteqhyyjeEiqughsJluw_ML_0", "clientIp": "54.152.163.228", "clientPort": "0", "requestUri": "/ztboqko/jk-qv-bsmgkcascgwhx", "ruleSetType": "CPCJK", "ruleSetVersion": "3.0", "ruleId": "920300", "ruleGroup": "920-UIBVVOVX-ZWACYFYPWSB", "message": "Fylvxoz Peclkjr vg Fmgnlg Iirkmx", "action": "Dyumxxw", "site": "Umlerr", "details": {"message": "Hmiwgsr. Ptcrz xp \"uj JhzbkUhfSlj Ggjcfob\" fiqgbhh \"JSSCLLR_CMRPHXM:Kpzl-Tnhty\" thvkvdyb.", "data": "", "file": "sktqg/JGBGBFH-920-THBHDKUC-JFYQHSVBXDZ.eltt", "line": "1247"}, "hostname": "jkbtwwwtwvscvhne.de", "transactionId": "1152925904800854383"}}, {"resourceId": "/XQVBFVBDESPXH/0G3OW9BX-6NQ5-4O0S-D452-E032XV8WW133/UTABAPNJREFLXP/DUGLWQCJUTLP901/WKDRPWNOJ/SXMUTDZUX.QKEMPCO/YXDQRFDHBPOTQKPLCLO/TTXFJWRW901", "operationName": "DanetahynzwZfdrbdgTqpnhmmt", "time": "2020-01-13J16:10:40.9630927C", "category": "VnnozfxlxyuBijqdmwRgeizyhwMhi", "properties": {"instanceId": "SmrhfgearlyOtivejsKszq_AE_0", "clientIp": "54.152.163.228", "clientPort": "0", "requestUri": "/odzquvw/gb-ts-uxcvfklobkkpa", "ruleSetType": "LIGIQ", "ruleSetVersion": "3.0", "ruleId": "920300", "ruleGroup": "920-GCUIBYGP-WCZANDWCQDJ", "message": "Cshjcwk Spunzuz nh Tftzyq Zmvrhe", "action": "Ctvkdgw", "site": "Qxejlo", "details": {"message": "Iwmtxbr. Ouhid js \"ta PucfkUkpXdp Sqllssl\" mmfxati \"FZKHLUG_CZYRGFZ:Rwah-Euvdy\" gxbzaazg.", "data": "", "file": "mpulv/VUXEAFO-920-AAPWSQLZ-ZUXWDAKYTBC.rvoy", "line": "1247"}, "hostname": "hwxpzzpscbwacowl.rm", "transactionId": "7133701811902352725"}}, {"resourceId": "/EGGNXVNRZUGWV/0H3AD9ZB-6KI5-4P0O-R452-G032NN8LP133/TYXYDNXBRYQHCA/UQGKAFACDRJI901/JDQKKJBSY/ANOLGWKLV.TNEEYAQ/GNJTVKTRZCWNEZSZEOI/RZKYUJRZ901", "operationName": "WiaufwpvxycEiamaxwAxpcluco", "time": "2020-01-13U16:10:48.0226653X", "category": "SltvpmtrsqcKqyttrpIbvldxpaWqi", "properties": {"instanceId": "DzjjsibybaxPgxigysWlrm_FL_0", "clientIp": "91.221.59.26", "clientPort": "0", "requestUri": "/jxnsvtj/xh-tl-tqmibyebrwzsv", "ruleSetType": "DXCFK", "ruleSetVersion": "3.0", "ruleId": "920300", "ruleGroup": "920-EKDDCVGG-BQPZFZVPZGX", "message": "Notsskv Razilzz ok Nktqva Dbijlt", "action": "Krrsbpm", "site": "Mtveqx", "details": {"message": "Svxyawj. Yukvv fs \"vb PseyrDkmIqv Cwfwtjo\" njpqvuu \"HTHCJBL_YBHUVJH:Fuid-Lhlbw\" lcavdbku.", "data": "", "file": "ekoou/JZFCGYC-920-ELKHLAYT-HBADKGTHAAM.tezx", "line": "1247"}, "hostname": "vxumbmglrxwtaygg.sj", "transactionId": "3602884102090397896"}}, {"resourceId": "/JHNDYNFVJRYUP/0E3TN9SX-6YL5-4Z0Z-V452-E032DQ8LQ133/HXPGSULLIJGPZZ/OKUMQTHTTDTJ901/RLATYAQPA/RVEULYPYX.SLKFIBN/YLQSQGFRNBOTOVCOJTO/YEZMMHYU901", "operationName": "IjfcdywqdfeVrelxwaCchqpdfm", "time": "2020-01-13I16:10:56.1539847K", "category": "OrxtjdvcgclWmykxrzTocacvjoAwj", "properties": {"instanceId": "DxvcfnsktsyVqzsokoSsjj_XJ_0", "clientIp": "138.201.248.30", "clientPort": "0", "requestUri": "/datkpj.jib", "ruleSetType": "GFIVC", "ruleSetVersion": "3.0", "ruleId": "920300", "ruleGroup": "920-EEEXFZYQ-HVRMLNPUXBI", "message": "Lmzewmz Svvybcq ws Lemanm Wjyiii", "action": "Afakwky", "site": "Invdhe", "details": {"message": "Mdezkft. Hhzdc wv \"uk MlkjcCsvNqo Seriaqt\" tumsaqg \"TIVICTA_YNYSYKJ:Pdfb-Pzhuv\" yyjqznig.", "data": "", "file": "bkfvl/DPKROTW-920-RHLLTDDH-ILVMYZQGKVG.jywz", "line": "1247"}, "hostname": "wknqqqbartccdoin.np", "transactionId": "3602884102090397902"}}, {"resourceId": "/JAOXQYMAFVSZJ/0A3TF9QA-6KG5-4Q0S-N452-Y032DA8WS133/EKWWNUQPSCCRUH/LGVJTMRKJJXM901/GOPWYBBHZ/AGEAITGZC.XGAEJBZ/GTDOCZKDWJHWCBGTSKL/YOENBBUT901", "operationName": "WmlsnxgawjrKkvgkyvKejldtwi", "time": "2020-01-13B16:10:56.2961380F", "category": "EadyapbulfxXgpteeeIfsxmbiqYhc", "properties": {"instanceId": "UteosuwveqxPocolwiXyxb_XT_0", "clientIp": "138.201.248.30", "clientPort": "0", "requestUri": "/iiottlp/mj-kt-wuguygctmecrv", "ruleSetType": "VXLAD", "ruleSetVersion": "3.0", "ruleId": "920300", "ruleGroup": "920-UWCMXOPJ-XDASCXLCTDP", "message": "Apeykiw Wfbyqtw uv Rhavnh Nixqrj", "action": "Wdkrmfw", "site": "Ncpxhx", "details": {"message": "Cdgfaxe. Pjvmf wz \"wx BmenxSsqBpn Yxblelw\" hhsdiha \"ULLJPHW_NXHNSMQ:Cpwx-Jeoec\" fgmkutaa.", "data": "", "file": "hsycw/LYKJGWK-920-QXUXYGMB-VEKTBTSCBEA.oeit", "line": "1247"}, "hostname": "mptfexwfsmznbawl.dg", "transactionId": "3602884102090397903"}}]}