{"logs": [{"resourceId": "/FZJEKHSHIYZOO/0E3PH9QF-6ZX5-4E0R-U452-U032XB8YK133/SKARIZGFLJTYRP/IIZWYNCIUWWG901/AVDTCYPND/DEHYTWDXU.VBWDPLF/MVUHNQVVXRXCJDMXIFI/QSIMAESH901", "operationName": "VlnyltszvdcCjztiveAtctcbcp", "time": "2020-01-02Y05:00:16.1150809K", "category": "DdgpfptlpwdAxcynxwBlmnuimfJdv", "properties": {"instanceId": "FksidmczblhPlwukruBqhl_MT_0", "clientIp": "199.58.86.211", "clientPort": "0", "requestUri": "/ciisqe.vch", "ruleSetType": "XSWNW", "ruleSetVersion": "3.0", "ruleId": "913102", "ruleGroup": "913-NKEQPCY-BNAFGAJTF", "message": "Sqfvt Lfbc-Fwwiz vhdpsbgaze byxi lag szhymza/xir", "action": "Kfdvclp", "site": "Nbhrwy", "details": {"message": "Yfblcwp. Iekzibi laxmmp \"JL12mwh ...\" hu KWHWVJD_NGBKLYH:Ezwp-Nwchn.", "data": "Pxmdkhk Wqxk: RV12pai vemul sjocgk VMUPKWZ_QHQJKID:Jgig-Jlgvf: Feeymcl/5.0 (xwdnbyfjgh; EK12gtx/f1.4.8; kiuz://bf12mlq.ilr/)", "file": "ojcrb/HMSKNYI-913-QLSJCRX-KFGHYDVFS.lqzz", "line": "196"}, "hostname": "xujxggshciuqgipu.emw", "transactionId": "11313046664148688184"}}, {"resourceId": "/WFTNRCNCIKQLF/0X3YI9PG-6FA5-4Y0W-L452-I032MA8TP133/KTXESXZPOGGDRP/PBKKFSNTPCKV901/BGHJJIHTQ/BBAUAAULG.FSZBPVB/NFYERKKOYYEYEUXSOGO/LQQIFKYY901", "operationName": "NlndeswwamrUclcgvbDpmwhvyo", "time": "2020-01-02Z05:00:16.1150809P", "category": "HysjceleljvVgcwuqkKrpnsjxvFgz", "properties": {"instanceId": "XglvdhrmmvzSyjtqhvMfbk_ZH_0", "clientIp": "199.58.86.211", "clientPort": "0", "requestUri": "/zcfalf.zcr", "ruleSetType": "BAYPU", "ruleSetVersion": "3.0", "ruleId": "0", "ruleGroup": "Gwxwztr", "message": "Risqmadef jpbx. Klriio up ucoptnmb. Eatxvop Uhcrwrb Kdwzx Aeeubjcl (Rbfuy Bzlhu: 5)", "action": "Wvzkqco", "site": "Ssuhpx", "details": {"message": "Dgmcea tilypz lpja kaxv 403 (cadxj 2). Eemoxjdd PN kjrdppi 5 dw CM:bxsoicd_hayvn.", "data": "", "file": "vnnse/GPNSGLX-949-FXIXRKUA-TIEQKQUPHK.tpcv", "line": "57"}, "hostname": "aoeydnfvgkdyixio.jev", "transactionId": "11313046664148688184"}}, {"resourceId": "/CPTKRIFLWKVJZ/0V3RE9PX-6KK5-4N0O-C452-P032MJ8YH133/PACKDTDVMVVRAY/KQZDVTIIFRUF901/UITNAQUGC/TQJTJFXJI.LMZPMBQ/INKMUWCDLBDMMGYIMVG/JUNXQYUZ901", "operationName": "JnbfcsyvosdQtkzpvkOpufakfv", "time": "2020-01-02O05:00:16.1150809L", "category": "HfnwwppaqatMhdlnxhUmhunhhzHcr", "properties": {"instanceId": "QrxozfijxwuTuuotvhZlsi_CQ_0", "clientIp": "199.58.86.211", "clientPort": "0", "requestUri": "/wqpmbq.acr", "ruleSetType": "GRRHU", "ruleSetVersion": "3.0", "ruleId": "0", "ruleGroup": "Ffcwxth", "message": "Btvylfjwn ekgr. Drultl pi acnogvka. Zxtrsbr Krcesbw Kecdh Yqhuimhw (Ybyew Ushplsk Fjbat: 5 - GITZ=0,BDL=0,VCN=0,NXB=0,XPN=0,IYYX=0,WQWA=0,XKDY=0): Kmmzf Chzj-Glmek ffdgsktakq ceqz qif hlgfbiv/ymu", "action": "Mtmkgwq", "site": "Bhrpct", "details": {"message": "Bwiyzzb. Zqvgtcwx NC pyahpfq 5 ve DK:dimcbau_iffdhfo_dfppv.", "data": "", "file": "iyevt/LXZMGUQG-980-HSPWGTCQNAP.pqub", "line": "73"}, "hostname": "evvrjxpdgmgqwxem.rcx", "transactionId": "11313046664148688184"}}, {"resourceId": "/KXOHRDLCLEUZI/0R3YV9MN-6IX5-4H0E-Z452-M032PA8JU133/LKBEDSQHMEZMDF/YLIOMBYXLEMS901/RKQRUEWLT/TJOTPJIHH.VTQPIFI/PDEYNIUUNJZDVYVLPQL/VXUUUTBR901", "operationName": "JnhpdjhatptAnrsqskBlxgskjg", "time": "2020-01-02Z05:00:16.4119918K", "category": "FempdfprliyPdhixhjIthflxyeIbz", "properties": {"instanceId": "BdwjmwybvltNgacmodObws_CS_0", "clientIp": "199.241.100.194", "clientPort": "0", "requestUri": "/adouexny-zzbijbssr/qpeswes-zjiaujb/vsxyault-gaewcu-gnul/", "ruleSetType": "ZZJIQ", "ruleSetVersion": "3.0", "ruleId": "920320", "ruleGroup": "920-UXTAEOLS-YJJDUNSDVHI", "message": "Czzqnoj Lzsl Fnayx Eieglw", "action": "Kihawhz", "site": "Xpdwbr", "details": {"message": "Telhljn. Prwpckkn BX nwevzpq 0 xk BLUXREV_XXGQYAF.", "data": "", "file": "ykano/UUIEXHZ-920-QEDFTMMA-ZHUTVSRNTTJ.sssn", "line": "1310"}, "hostname": "myffbojuatacujvt.lia", "transactionId": "14051235237589956568"}}, {"resourceId": "/ZFTMAJWFVYDXV/0Y3ME9YF-6IK5-4M0P-X452-B032HQ8XJ133/APZPAUVUYKMBXE/JLSEBXORPTNG901/FTBLRKAXL/OBHFDZFLR.GCQTUOS/TUHZVPTMYZQJNGKYUOU/KGNXKFKH901", "operationName": "WxhrwljewcsSvqprlwBlpohtxc", "time": "2020-01-02M05:00:16.4901155T", "category": "LyycgqiwrxhIsaszsjLdgslvchDxj", "properties": {"instanceId": "SksqtgiqsaxXohkkllHivm_ZC_0", "clientIp": "199.241.100.194", "clientPort": "0", "requestUri": "/xaeirywcs-vjvaavtlywr-fyt-jcrzro-fnllraw/mvlmuvqo-kkjqgf-ywrz", "ruleSetType": "DGVAM", "ruleSetVersion": "3.0", "ruleId": "920320", "ruleGroup": "920-ACBVIUJJ-RVWXCDIFTXI", "message": "Vllcevc Qpbo Gjqpr Wgjzmk", "action": "Ywmdbzx", "site": "Shjgem", "details": {"message": "Aqitswb. Uucccqde NC tdhoclt 0 pv LHSEMGA_ROVEUUY.", "data": "", "file": "jgaod/FUUAGHE-920-VPEQYFJW-KPHDUMORJRG.xmoi", "line": "1310"}, "hostname": "szyqzulexlnjwkgh.zhs", "transactionId": "2449962597483579288"}}, {"resourceId": "/DBXCADCSLNTVY/0P3EK9XZ-6DE5-4J0E-G452-A032HI8CS133/FRZSYBYSOPRKHC/XEVHJMKSSSFY901/RFWWKVPGD/CVQUIPUHB.FYBTXLS/RFWMEMUXQYDDJOLEKAQ/UZELWHRL901", "operationName": "VzdfswfbesdLcqkmxjBouaxcpu", "time": "2020-01-02V05:00:16.5682264A", "category": "HgbintghbrxVnlysdiRyygbswaCta", "properties": {"instanceId": "JlagepwbdafDwcsfqvSlia_US_0", "clientIp": "199.241.100.194", "clientPort": "0", "requestUri": "/yuewsslyp-tkflkmirssd-lwn-nrggkf-jpwiqpi/arwyqvgb-gevgik-lqol", "ruleSetType": "EPRFX", "ruleSetVersion": "3.0", "ruleId": "920320", "ruleGroup": "920-CPYQILUQ-OQDVVQBXYIR", "message": "Oseywrb Qpwk Noyfo Mkyyll", "action": "Whntyap", "site": "Jjuiex", "details": {"message": "Kjorywy. Ztmyfqcb BM wrndukw 0 gz BOWRGWV_WZRTGTX.", "data": "", "file": "gigvi/WSGQQHE-920-KWLICQXQ-XKNAOHKKLKH.nzfh", "line": "1310"}, "hostname": "mpgaktsmvwafvlqe.vei", "transactionId": "14051235237589956569"}}, {"resourceId": "/IJRXXENKGNMUF/0X3MO9DZ-6LB5-4Z0V-L452-Q032QQ8ZJ133/OBNPSLAQZGSDAQ/YHWBFWJHNCUJ901/JWTSZPAYU/XXYJMWKUA.PSBPFTT/KIKBLJWAZHSEJLQEIHN/NOXUVEDE901", "operationName": "FydnmhokqjhZulctolQwexpqjn", "time": "2020-01-02V05:00:34.0983374B", "category": "RvmqflhjaarCxhaceoNdkymphsQvt", "properties": {"instanceId": "KziplhhugwvItjvsizUitx_BF_0", "clientIp": "199.58.86.211", "clientPort": "0", "requestUri": "/ifkqed.yck", "ruleSetType": "JKYYC", "ruleSetVersion": "3.0", "ruleId": "913102", "ruleGroup": "913-VMLFGLT-OCYXEYCEX", "message": "Zqhlx Xqua-Votuw vtasophuqg fbhw ocz gsvkafa/wvd", "action": "Brgginh", "site": "Knmwxz", "details": {"message": "Pqzjefy. Qdgswfs ldhhgs \"RD12hjv ...\" hr YUNYONX_CWGANLP:Oumy-Meqhq.", "data": "Yjoutoz Inuf: IQ12fyz zjeyy ztdoff TIWHAXQ_FIBWUOY:Pkvn-Cekbq: Cjrltag/5.0 (ghhhbaovak; DH12jzo/d1.4.8; ohqz://rk12lyl.srg/)", "file": "nizqy/JFLQVLG-913-PMIZPGL-OVCBEXRMC.xrpj", "line": "196"}, "hostname": "yltszazexezkfzww.ubx", "transactionId": "9223372039002278121"}}, {"resourceId": "/FSLXNIQMOKBIH/0J3ZH9NM-6EZ5-4J0Q-W452-A032OW8NO133/WKCDFBFKWBMVJM/EKTEFULQVXWT901/BBPZJTPNT/BUKLJJMQY.AFMYPWQ/LLSAYDCMBCPATAYENVY/VBOVBYQV901", "operationName": "GerdcqswtxpJxgjgycOgelzecz", "time": "2020-01-02Q05:00:34.0983374B", "category": "OvmwadqepkiMkagpobJvfbthddYdh", "properties": {"instanceId": "XifwwzgnvbiLeahurqCpoj_TY_0", "clientIp": "199.58.86.211", "clientPort": "0", "requestUri": "/amqcoj.buz", "ruleSetType": "TNUOY", "ruleSetVersion": "3.0", "ruleId": "0", "ruleGroup": "Ebwvmgg", "message": "Wmavbzxbg lrpf. Hbkrqb if ordudpso. Eippksa Pjtjtci Qyssf Iemvwpiz (Kdkur Jojdm: 5)", "action": "Lsjkcra", "site": "Znpvjd", "details": {"message": "Twxien ilcbfq dzkc ocgm 403 (kwevq 2). Bugegcwj NZ poaqkqp 5 cy DB:headyxt_xlxtb.", "data": "", "file": "iltog/VUGECXF-949-XPJKZAWC-PDRQSTBUVY.mkwc", "line": "57"}, "hostname": "snevvkzihxetnotq.saj", "transactionId": "9223372039002278121"}}, {"resourceId": "/MMXOPHVQBEHWY/0G3HB9ZJ-6SF5-4Y0K-S452-M032AX8SK133/NJZIGODVREWDZK/AGFPJOYFKIVP901/XFMFBVKKA/XQSSINVQI.VBJMBSL/HXZTXAXMSLIJEELANQQ/CWPYFLIQ901", "operationName": "UeubeeegxecDvewiwsPtcmaxto", "time": "2020-01-02H05:00:34.0983374B", "category": "XznvfmupvduAjpfbpkKxuzjtihIli", "properties": {"instanceId": "IfbaktlwebyBouvsymTfds_NO_0", "clientIp": "199.58.86.211", "clientPort": "0", "requestUri": "/dicrqc.egr", "ruleSetType": "HOHPF", "ruleSetVersion": "3.0", "ruleId": "0", "ruleGroup": "Mwnmgbr", "message": "Igyledfyq kktq. Ojzakj wb gehdmhox. Wcixwbm Mdybyrr Hghhf Mfhzrgiv (Iqbjq Vznkyjm Qzvga: 5 - OSTD=0,JVU=0,DUX=0,OCP=0,JTM=0,ULFG=0,NZYN=0,EXIA=0): Tzjsq Wffc-Xhxhb cjuzjjbych mnnq frc uxmxymj/ukr", "action": "Jqkwayj", "site": "Wavpqv", "details": {"message": "Ccedmzm. Blcwhxav OV oqhxsyl 5 ua AC:xucpwqb_ihleyfn_xftux.", "data": "", "file": "fddac/CVBRYHPX-980-EXUTCCCDWAR.qwug", "line": "73"}, "hostname": "dhaugbfmknmiwiry.iai", "transactionId": "9223372039002278121"}}, {"resourceId": "/VLNQDYWIHXIQE/0N3ZU9LG-6GN5-4A0N-Y452-V032TJ8NS133/WMZUAHLTUBAPQN/VIFDHZVXGIVS901/ZNPMANUTG/OSUVCNHBV.IAMCKCQ/DTASFFHXBHIILUPMGFJ/NQXMVZGX901", "operationName": "DrcybggemsrTskjifsNfsxtfzb", "time": "2020-01-02K05:01:10.3804724T", "category": "XqeowapuyfaThqtxooDkwxjpdjCbk", "properties": {"instanceId": "EtzrezrceidEwisbeoTthj_BT_0", "clientIp": "129.146.158.17", "clientPort": "0", "requestUri": "/jhxzkq.vob", "ruleSetType": "WYKNL", "ruleSetVersion": "3.0", "ruleId": "920300", "ruleGroup": "920-XFTMSYIH-JRCEPHOPCTK", "message": "Mhcqgeq Ftipuzl xc Jgrtll Lutjii", "action": "Ubhyjzi", "site": "Wrlsoh", "details": {"message": "Efmccfj. Gucjo bo \"jy MvzcnQtkBfh Vgbxakf\" vyuqjfy \"MOUDJPE_NPJXPVD:Wpiz-Xhubo\" hytlupws.", "data": "", "file": "pgzgh/HIIRREL-920-BIQVXODC-LCHAAXPRLRF.zrfs", "line": "1247"}, "hostname": "dluwdpqfugdg.zxb", "transactionId": "15780617494500232067"}}, {"resourceId": "/KNYTDGUCZAASA/0W3WN9KJ-6DR5-4P0G-D452-K032XZ8CG133/OBPXSPSPKAZDCQ/DLGQPFFMFGPK901/IEELTGBGJ/OXHBJIEUH.RURFDFW/XVZGVEKXNRFZRRAYEMB/ZUZERIJA901", "operationName": "DjapdebitbvBlksncsSwfsphqf", "time": "2020-01-02U05:01:10.6873151R", "category": "UyevenvxeteMhbqsdqLthtynnbSem", "properties": {"instanceId": "EccvqdhrcwtWofyfimMixi_ST_0", "clientIp": "129.146.158.17", "clientPort": "0", "requestUri": "/ifzwbw.epv", "ruleSetType": "GOGEC", "ruleSetVersion": "3.0", "ruleId": "920300", "ruleGroup": "920-SYYPYVAB-KUQFTHRNOQM", "message": "Tanemny Jahhnob ez Cagita Butabl", "action": "Edhzoss", "site": "Toqrod", "details": {"message": "Hfocpzr. Ykypr md \"aw MvvubMjtFxp Itvxsan\" mxiplmi \"IMKIYKR_EPSOROH:Hxpc-Vevsn\" abzragqy.", "data": "", "file": "beoov/CWVEFOZ-920-UMXXQUST-XQSYZLUDPDI.evsi", "line": "1247"}, "hostname": "svyijjrwxlcw.mca", "transactionId": "11961565010490058239"}}, {"resourceId": "/AVNMTULBPPSGY/0J3MG9MI-6OU5-4E0S-J452-K032OP8HA133/TVBYXZFBNYRVFE/QEAHNOISFYMN901/LYZPMJHEQ/XEUUICECI.TBZCCCI/TSSMARFQJAJYTORSRET/EAJQWWBE901", "operationName": "JxcivsvzoseJemjreoDjnwhbug", "time": "2020-01-02E05:01:20.7710997J", "category": "SsmftomvplxZwhxbezSclixbwnSjb", "properties": {"instanceId": "WksmjxopzmkMykigmqNctb_QU_0", "clientIp": "129.146.158.17", "clientPort": "0", "requestUri": "/mpsehi.fnk", "ruleSetType": "SSJOT", "ruleSetVersion": "3.0", "ruleId": "920300", "ruleGroup": "920-FTAFDLCN-YEDJPNLTUAK", "message": "Vyuryaj Wsdmxdo hc Pfncvl Bixmxb", "action": "Tjuxdoa", "site": "Qfxqft", "details": {"message": "Bncemtn. Qhlgd bk \"br HhltoZciAon Uahljwq\" noyuwem \"HSGJIDM_BMGOKVO:Fhbl-Qyjio\" uflitmcg.", "data": "", "file": "smuzb/IXVVJVP-920-ANTQVVUV-VVSBJILZCZG.zyux", "line": "1247"}, "hostname": "emjxyjsbkrkk.oiq", "transactionId": "11961565010490058241"}}, {"resourceId": "/MNNTFGYLZODVU/0R3RH9CH-6MY5-4J0F-O452-S032ML8RK133/MUADBURXNPFZCK/MIUNVUXYMMEG901/HIWQYTGVP/PMODKXJZC.AAUHLDM/KCSRPOXEPMZTFOBXTHX/HNAMFZLR901", "operationName": "LtsmqiswqqkZwjlckpXwuaicdd", "time": "2020-01-02G05:01:21.0707636L", "category": "CigfuqecopiBjyygqiJvvpxrujEaq", "properties": {"instanceId": "LzesksezdlqVbmqxfoVkfj_QH_0", "clientIp": "129.146.158.17", "clientPort": "0", "requestUri": "/oafqvk.dbb", "ruleSetType": "KNEPK", "ruleSetVersion": "3.0", "ruleId": "920300", "ruleGroup": "920-ZIHGZRQX-URSGKEVQSSK", "message": "Vpbwhqi Ibqbjoz qb Ngzpbz Vnhbty", "action": "Knefiut", "site": "Shrrlz", "details": {"message": "Gheiubw. Nhhqq lk \"dw SdcucCiwSjl Gixkfnu\" tiffwfk \"DRJJGFF_OYQWZLJ:Nwng-Qplcw\" igaqjvna.", "data": "", "file": "iznng/HFCNUVL-920-FEXUYALW-ZVZZKGIWOCG.utxb", "line": "1247"}, "hostname": "zwbeejhftoue.ydr", "transactionId": "15780617494500232069"}}, {"resourceId": "/OETDHVZXPECDA/0Z3UV9QN-6SM5-4L0X-E452-K032LS8IG133/XGZWGDRAPVGPTY/UBCMORZIHILN901/TSUMCKVNQ/RPFWVIQBA.OAWGAKT/NBMFKALHLELNWZUQMVD/AMNYWXTE901", "operationName": "SknzuxkawqgJyagedhAunrykxv", "time": "2020-01-02H05:03:15.8502311G", "category": "BsusgwglylvJedrbmpYysnbrnvOkk", "properties": {"instanceId": "GqqhqnpkbxyRlzqhloTdnf_EC_0", "clientIp": "23.96.59.35", "clientPort": "0", "requestUri": "/404", "ruleSetType": "HHOOR", "ruleSetVersion": "3.0", "ruleId": "920320", "ruleGroup": "920-XUSIDSWB-AGUIJNYFBIL", "message": "Nshqzdy Bqvx Bropo Txfzoi", "action": "Rjwvwif", "site": "Xngldv", "details": {"message": "Pnmjbrm. Zegjlkkp GL koznomi 0 tc VSXZLEG_CAHFLUX.", "data": "", "file": "eljbp/ZYNXVNR-920-HESAWNCM-KZTJLPAEBQU.qjpb", "line": "1310"}, "hostname": "yydzdgtrbarwemoa.mxt", "transactionId": "9223372039002278125"}}, {"resourceId": "/IPJBJFPHFPDZH/0B3LV9AA-6OW5-4M0Z-K452-N032AU8BL133/KBQDDORUAJIRUA/JZZJYXQPZAJQ901/ACSAWBTJP/PALVDECAW.ESUIDYP/GBFFPOPCAALZRUAANLO/NSNCRHJA901", "operationName": "BxexopdveyhRknbqctYgcsxgfw", "time": "2020-01-02D05:03:15.9209460W", "category": "LeidxlwczibSsfjeodWcpguxvsCzw", "properties": {"instanceId": "YnujthkbgykYymutdgEezr_SX_0", "clientIp": "23.96.59.35", "clientPort": "0", "requestUri": "/404", "ruleSetType": "EKBLC", "ruleSetVersion": "3.0", "ruleId": "920320", "ruleGroup": "920-BJLNZJYX-RRLCVFNEYFO", "message": "Yqchaft Wlzv Wpowu Bopyci", "action": "Rrvarmn", "site": "Kvxjtp", "details": {"message": "Afnkzrc. Tyglyhau PH ehyoizj 0 qv USUKPGC_CCUJNFI.", "data": "", "file": "gwwju/SJGOFCB-920-LESWRGKG-HKBYCLZQTHF.hjkq", "line": "1310"}, "hostname": "rmjmanclxdbdophh.nvt", "transactionId": "5692554329190325112"}}, {"resourceId": "/CPTQSFNREZBKB/0J3IG9OK-6DA5-4L0I-M452-L032HW8ZA133/UTTVVFIKPXCXNC/BSHDPJNTILVW901/FJGEXNTET/OBICUQMBZ.WCUFHIY/NDJMMAVKWHAMXUOZWLK/SFQIQJJW901", "operationName": "TiasmzriprkPdfktvhOgobyvmt", "time": "2020-01-02V05:06:49.4614760D", "category": "VsuduwtwkczOmkyrknRmbjcpsoXuk", "properties": {"instanceId": "EkxhkvgpqqaSrxilrzCguw_MH_0", "clientIp": "23.96.59.35", "clientPort": "0", "requestUri": "/404", "ruleSetType": "ELPOX", "ruleSetVersion": "3.0", "ruleId": "920320", "ruleGroup": "920-JOCYXRIP-PIDHCTACGSN", "message": "Kdgjcgu Ifkn Puski Mgxpke", "action": "Ghwnxff", "site": "Cjfenq", "details": {"message": "Opwiedc. Vgahojmw UX gpvvlmv 0 ju DPEKWXG_EQUWMVV.", "data": "", "file": "ovepj/NMEOZKF-920-THWFWZIH-GWGQVVKFUEC.qsfd", "line": "1310"}, "hostname": "nsszquqqewgqrwbp.iau", "transactionId": "14483576403771027177"}}, {"resourceId": "/GWPQOPAUGQJOV/0H3KS9KZ-6WX5-4D0K-N452-K032RY8JK133/ZXGAZJAHACJPVQ/JAOPAZEGGWAL901/NBEHRTFDC/AJATFGKTU.VLNPBFO/FAZRRTYIKUCXFMZGXDP/HECIEZGF901", "operationName": "IjzsresigwqZdfybvdSrlzqqef", "time": "2020-01-02Q05:06:49.5396383N", "category": "EibeekpqlctSjdphhiIfmgnfawWsr", "properties": {"instanceId": "NnwgxzmxgpfAecpynwWfnt_AK_0", "clientIp": "23.96.59.35", "clientPort": "0", "requestUri": "/404", "ruleSetType": "HHIMM", "ruleSetVersion": "3.0", "ruleId": "920320", "ruleGroup": "920-RBTMTVEV-FWRFOALVNVD", "message": "Jkqypqn Imwj Swofd Xwbgwj", "action": "Ipodkht", "site": "Dnlkhh", "details": {"message": "Lpxrfua. Ydkhcicp JO dtbdvmy 0 oy BJSSACD_EXGMSDC.", "data": "", "file": "harox/KCKRMHH-920-QBXVJKZO-OOJVUJBSUGV.dmep", "line": "1310"}, "hostname": "ypippnvmkqepncvb.tiy", "transactionId": "15636506704470879415"}}, {"resourceId": "/BXRPHVTTFTTKC/0H3OK9MM-6KW5-4K0P-V452-P032RK8QD133/NTUKJMPNAZMDQB/EWCPEBXCVTVO901/QNYGNGHAB/FGTZRLGAF.VBYSXCQ/ENKJJONJKYLUPZGDOME/BPRTZAHY901", "operationName": "XzkismbadupTvqzhtnPvfgeyru", "time": "2020-01-02N05:07:13.8942763F", "category": "HhkzptixwqlUwhpmkmCtzmxdspOml", "properties": {"instanceId": "SghueiddyukEpegcjrLudf_ZT_0", "clientIp": "192.99.6.226", "clientPort": "0", "requestUri": "/uhmraw.jsg", "ruleSetType": "SADGT", "ruleSetVersion": "3.0", "ruleId": "913102", "ruleGroup": "913-IYOVTMK-PJNCSQNKD", "message": "Bwxrq Xgoe-Comzm tcvuralzyx nwkt slf eafbxnm/urb", "action": "Cqzilgo", "site": "Kzpuij", "details": {"message": "Zhhhkoi. Cmbewbw vvpjbz \"NB12xsc ...\" oe MHBBBNU_EXIJYDP:Gnbn-Sjujl.", "data": "Tjjnukn Ggmg: WB12esc dqnff lajrzf EACSCNO_YFEQSEQ:Mdzp-Ojzqk: Eperawo/5.0 (gjxasppxvf; EN12jey/r1.4.8; yjjj://rt12keu.ybs/)", "file": "ukecz/BFRYFWC-913-XIDOOTW-VIAJTXEWO.gqzl", "line": "196"}, "hostname": "cpcuhndqpwqxcwqt.llq", "transactionId": "13258597305126238190"}}, {"resourceId": "/APFOQMBXBBDGJ/0N3SH9UM-6JX5-4Y0N-Z452-Q032AW8QQ133/BNDECXRKWCQKIF/EHNXPULSZRMX901/JASGVQGEB/CRMHFTQNW.XPMDIBL/CASWFZOCAXFLNLBQOMV/NVOYKSGU901", "operationName": "PncgjuqimuoKmvgtrpMjtllmsg", "time": "2020-01-02O05:07:13.8942763V", "category": "XnqrmmlydlvHklhzksBclgtmjuTmy", "properties": {"instanceId": "YsbejarmlvrZhozgrrZhic_TR_0", "clientIp": "192.99.6.226", "clientPort": "0", "requestUri": "/ewitcb.vjz", "ruleSetType": "WTIFV", "ruleSetVersion": "3.0", "ruleId": "0", "ruleGroup": "Pfppnyz", "message": "Kyozhyvuf lvvx. Jrhypc uj flztgvlg. Uyyuqzt Mlwxoiw Plfep Teyixwwo (Nebmr Wamkg: 5)", "action": "Qnpuctl", "site": "Jqcnnr", "details": {"message": "Cmjqan kquevu jnyk lael 403 (kzmdz 2). Ywxbwcrt AM vmkqaxv 5 lb MV:ocfalgb_anadc.", "data": "", "file": "yzfaz/UMTEVOO-949-RHYMTSBH-SWUCGEPFYX.xjti", "line": "57"}, "hostname": "vzzyiqazvwnpihkq.spd", "transactionId": "13258597305126238190"}}, {"resourceId": "/WGNOJSBGJSSWZ/0R3OD9OL-6HZ5-4E0M-O452-F032IW8YK133/TTWDKJWTAPPMXA/KPCVAVNUEQYX901/JNLHNUZGM/XPDYXJLSM.ZYEAPDI/WMFOKIKFBDJVTHPZWAG/WIFEHNPN901", "operationName": "JaidvepqluyJyfskldNxameiyw", "time": "2020-01-02M05:07:13.8942763X", "category": "WczyygqbbfoXqdjcjdQmmuieuzEhu", "properties": {"instanceId": "OkmzrztunrqTlrbmywVgxt_QJ_0", "clientIp": "192.99.6.226", "clientPort": "0", "requestUri": "/yzzhuk.lim", "ruleSetType": "MEGWL", "ruleSetVersion": "3.0", "ruleId": "0", "ruleGroup": "Pjjtebn", "message": "Dsrttcbis ggbm. Dnlztr es lgbinbva. Dugbatx Vvffqxm Frjkx Bzycyrgr (Ugkmn Sgsydos Nianu: 5 - JVGO=0,AGT=0,AYV=0,VXU=0,PDX=0,QWIM=0,ARGR=0,CTDE=0): Weyff Oqqy-Caryq fxkcedrczs codj bpr ousefhe/cmr", "action": "Yypeuxr", "site": "Psprbo", "details": {"message": "Pdowxjc. Zcymmysm JY urdfxrk 5 uw DT:zpkbxzp_mvcwqri_nfxnf.", "data": "", "file": "ffwnc/TZVJYEAN-980-ACSGMCWEUHH.erul", "line": "73"}, "hostname": "jgryilpafemjztwn.gku", "transactionId": "13258597305126238190"}}, {"resourceId": "/VDKBMBXRCPAWL/0R3KQ9OU-6JM5-4E0C-P452-K032WB8LD133/PUNLZGWTWLIZDD/XNPBGOYXQPNB901/AFQXOJOIJ/CWGFRIBLP.TUNYRPX/BXECXVEGJRACRERQXBT/RGFGTJWV901", "operationName": "LbgpkemxagcNyufnfuCgkaxrxb", "time": "2020-01-02A05:07:35.4615040Q", "category": "PxvgyrocauoYwioyrnMlvijstaDum", "properties": {"instanceId": "QxutknqqtdcAgdnjktNwzp_ZB_0", "clientIp": "23.96.59.35", "clientPort": "0", "requestUri": "/404", "ruleSetType": "DTDCX", "ruleSetVersion": "3.0", "ruleId": "920320", "ruleGroup": "920-MZYCHFFS-FZSBWSMZJVN", "message": "Yeyplzt Vkyy Gyrez Rxwefo", "action": "Uwosbbp", "site": "Zzkped", "details": {"message": "Dppyxhe. Bdjkkrcn QE fflobro 0 sg VHSEFFR_DYGFRFI.", "data": "", "file": "owain/PLECSUI-920-YFXECKQU-PXBCPNBUHUU.ycir", "line": "1310"}, "hostname": "nbygvwuiixuzrsqw.zuc", "transactionId": "11096869483988396935"}}, {"resourceId": "/BJPYMZTRYMEWF/0T3EF9XP-6ZF5-4K0M-D452-U032ER8HX133/XLNSNXWQSTJXDV/BAIBAQMIYXVM901/UNHALSYSG/UBJEEGGKE.VQNXGKY/ERDCSSFBAVKXHABDLEK/RGVGITPM901", "operationName": "QiazohcoliiKpqhakiWsyqljhs", "time": "2020-01-02I05:07:35.5320541S", "category": "UqtxdtxfqyrJyeyqkkKqbtmmhxBis", "properties": {"instanceId": "SitttppnzvuPyammlvUxvg_CL_0", "clientIp": "23.96.59.35", "clientPort": "0", "requestUri": "/404", "ruleSetType": "VTPMS", "ruleSetVersion": "3.0", "ruleId": "920320", "ruleGroup": "920-VCWGZSJP-HHAGEMXIXZE", "message": "Pypiart Leua Jhzvb Syjhce", "action": "Atprdna", "site": "Tnhyoc", "details": {"message": "Srdwmih. Llzlhojy NM kxlpebl 0 xp BOAFJIW_ZASMVLN.", "data": "", "file": "gpurm/PPTKSMB-920-NWJDVLLZ-MXDXAZSABUH.opgu", "line": "1310"}, "hostname": "jhfcknxttniirori.yts", "transactionId": "17942345315638077389"}}, {"resourceId": "/BAFQIEFERYJLC/0B3BJ9LV-6HH5-4H0L-H452-R032OY8JU133/KGOMEMKXWUTEWA/JJEFXRRASXXA901/HSJTBEJNO/BKPIIXUWC.SKNTXCG/GTHRFICCTLKOSNRYTNO/SHNGWZXI901", "operationName": "JgfcrsnjcciLglthynRqdiuwhj", "time": "2020-01-02K05:09:20.8237338G", "category": "HqirzrnxmehHpygaqaNsnyrpdvNce", "properties": {"instanceId": "CzaovzilvsxXfjvapuLshc_JG_0", "clientIp": "23.96.59.35", "clientPort": "0", "requestUri": "/404", "ruleSetType": "MINQM", "ruleSetVersion": "3.0", "ruleId": "920320", "ruleGroup": "920-EAPKWLET-FXBGCMMCTKA", "message": "Nkyvzap Nhzh Ebuqj Dscige", "action": "Xxlrdlm", "site": "Uskwjz", "details": {"message": "Qtmhxch. Hhrknrkb XA brpqmjr 0 bz GVWVIDZ_RTTABOG.", "data": "", "file": "uwxtt/EAHYFQA-920-ATSNFKKA-CGZPLNYRUOP.izsr", "line": "1310"}, "hostname": "hlomoiwcgxgczvvo.vte", "transactionId": "13258597305126238204"}}, {"resourceId": "/JFOLWYRBACJTY/0Y3PV9DM-6WX5-4R0K-E452-I032EI8ZQ133/EIUIZZYVIFQXEQ/LNBPTLQGAXFX901/BDJOOAPKY/RYLLKBMZB.POZADXG/HGAZAGWJXMBSCQHUBVP/SPAMEKAZ901", "operationName": "TybdaxycggeYswzebtCnstlmgf", "time": "2020-01-02K05:09:20.9018342N", "category": "EbdxggupxgsSwkggpeLvezbwhdZbq", "properties": {"instanceId": "RkfaeenhcrzRklcihhCkay_PI_0", "clientIp": "23.96.59.35", "clientPort": "0", "requestUri": "/404", "ruleSetType": "WYSWU", "ruleSetVersion": "3.0", "ruleId": "920320", "ruleGroup": "920-SFUNKLVO-YCXZWGCPIJR", "message": "Jdczzxd Mtbx Fzxpp Aivmfw", "action": "Gbgacns", "site": "Odkfrp", "details": {"message": "Ynkbvit. Rjjnoezj VK ipmpyst 0 bq HQFPLED_DBVGJCA.", "data": "", "file": "wggsx/NQEWXWC-920-SFZPMUGQ-XUQXVGWSKUJ.mfwx", "line": "1310"}, "hostname": "dbipzimglqqqwvpl.hxq", "transactionId": "11096869483988396941"}}, {"resourceId": "/LHUIWBARGAAOD/0O3XN9PK-6YR5-4T0X-Z452-F032RW8UM133/MTNKIZUCUFMEWU/RTVZVSKHKCES901/NMZGQXOOH/GDZJRMEOF.ROZKJEU/RFUXVOUVVTHMGENFLFA/OBTEEKDY901", "operationName": "IgxdzmiivmxLnyjurdAylxcfgw", "time": "2020-01-02Z05:09:44.0187685J", "category": "OrzxzlqpwxbPnnyailLkxjnpamYuy", "properties": {"instanceId": "ClczvlxnlriHyiwfneZdnr_UZ_0", "clientIp": "209.29.4.43", "clientPort": "0", "requestUri": "/", "ruleSetType": "GBTAQ", "ruleSetVersion": "3.0", "ruleId": "920300", "ruleGroup": "920-BBIATZDC-ZOZSLXJESQX", "message": "Pcrazdz Icxtjoz go Rwrijn Zjxgrh", "action": "Jfjktvp", "site": "Zuhyfm", "details": {"message": "Jmfuwdy. Pkpnb ww \"mc EibubPjlTjv Qubtuxq\" linoxpf \"TTACUOO_WCJKSTD:Ypou-Bpirb\" xmthqxqx.", "data": "", "file": "eaqqu/EWFZQJG-920-THZFRDDB-NWMRWPGAHHC.mkel", "line": "1247"}, "hostname": "skqmfmteevowqjau.kf", "transactionId": "3891110080195614712"}}, {"resourceId": "/ICYFGZTADAFEU/0R3IV9OA-6SP5-4A0Q-G452-K032XA8XS133/HBAJBWEHJSPVGA/PFPMHQRQIMWA901/DSASUBRZC/YNMTYHPWJ.ETCCQCS/CXNOZOJXVBPVMEZAHBW/DEWAASUX901", "operationName": "YezvokebplsWmwultwXrzokffu", "time": "2020-01-02N05:15:32.7146204X", "category": "QbsvlfepfcwDkzmowuRopveurhCrn", "properties": {"instanceId": "FkshniterdsMsojcyzNtur_DG_0", "clientIp": "34.224.35.80", "clientPort": "0", "requestUri": "/ytieicx/ymtbvj/GlefgskLtvydtkwqcndedFIF.gxms?1577942133922", "ruleSetType": "APBYY", "ruleSetVersion": "3.0", "ruleId": "920300", "ruleGroup": "920-LHIBULPU-TJTESILWOJN", "message": "Cslynqi Itpwoqv hw Qlhmtb Poxjgt", "action": "Pdonqhb", "site": "Rouobq", "details": {"message": "Sebfxgz. Gihtv mx \"nt BzcvrDcsPco Stnlfxb\" jcgszjx \"GJUPTPP_ONSONEG:Lkmv-Cjfju\" tbarztjn.", "data": "", "file": "vforb/ZQKMPJL-920-RKAALFXJ-MCYJBXTSGSW.xxxb", "line": "1247"}, "hostname": "hvyrghuwaotcytzm.fi", "transactionId": "7061644217864454039"}}, {"resourceId": "/KDEURJXZXVXQE/0N3MI9YB-6FU5-4K0P-V452-Q032XW8WN133/UVNWHDOBSBCHZL/SLANCDRSDSPA901/EWQNPQJCK/IBTLAZPID.CCNNXXZ/ETEWJPGGGCWCTHXFFOU/UWHMBMXP901", "operationName": "EkumwvfyrcxKbfteorOozjjiae", "time": "2020-01-02J05:15:32.7927444G", "category": "EqeecewdvguYndhitqIsmafeqcGrn", "properties": {"instanceId": "IawvufmixtkJdzjnxjBlvj_UL_0", "clientIp": "34.224.35.80", "clientPort": "0", "requestUri": "/zbwxmau/tbqkip/JgmpcsnXybamlttjfggrpALU.hkuq?1577942133922&1577942133922", "ruleSetType": "YTHPJ", "ruleSetVersion": "3.0", "ruleId": "920300", "ruleGroup": "920-ZDPGDSFF-WDJVINQZGJC", "message": "Bvhaqgf Szncmoq lz Fudsie Piutkn", "action": "Yeyzouv", "site": "Kydchi", "details": {"message": "Kxvoycm. Sflti qa \"do PwbfoTyuOji Ucgmzjn\" nqoagte \"ZVHINXD_AUVAOJV:Oobv-Kwmbc\" owsdbbhx.", "data": "", "file": "laplo/SVHVKWH-920-NMIFRULI-THRPFMRGFVI.ipit", "line": "1247"}, "hostname": "wouzzeqzrzjcoccl.wd", "transactionId": "14843873170053681953"}}, {"resourceId": "/HSPQOZPSCOURU/0S3HV9BV-6WB5-4M0T-Y452-O032YO8IS133/OIZLVZIJLWBIHL/UZUWLCLKTHUZ901/TZSBYFXSC/GFPDZBJWL.HNDNEUC/VTLJSKMEMFPWBLBBEWI/LEPVAPQK901", "operationName": "JngdvhvcazkBnyzoxaKnhpuibq", "time": "2020-01-02N05:15:36.1487945F", "category": "XhwgadyexrwVmfbtdkZmuiespgExa", "properties": {"instanceId": "RsweewfxdtfBbejgwkUtwt_EG_0", "clientIp": "209.29.4.43", "clientPort": "0", "requestUri": "/", "ruleSetType": "JJSDB", "ruleSetVersion": "3.0", "ruleId": "920300", "ruleGroup": "920-MCGKSLAJ-PALRCYGDCEH", "message": "Ybnlupp Tdvnvvo oq Fwvfaw Dmwvyz", "action": "Npjodcv", "site": "Yhpxii", "details": {"message": "Skwejoc. Fdlxz sa \"ah KsmhvNvmHjo Lsfvxcv\" bzokhbf \"PCGAFNO_IVVHCTD:Vmxp-Rqhzq\" ighxqkae.", "data": "", "file": "aphyx/FYCXLXW-920-SKSEDSWT-YLGSCXHYHFG.pais", "line": "1247"}, "hostname": "umcjplmlgmkbwcxw.op", "transactionId": "13258597305126238224"}}, {"resourceId": "/MQSEZADKWFJAX/0X3WG9JI-6JH5-4E0V-C452-A032HF8LC133/VBLXJONWEFEZTV/LENATRNRIPTF901/FSIABJWXO/CGAMTGTMM.YBINHOM/JUKNZDEJWBKERESCDCY/JPEZFXDI901", "operationName": "YqartepgseeHgysfefAkckafxe", "time": "2020-01-02Q05:15:44.6431448A", "category": "GjrncukpqliZjljeccGkoconodRwr", "properties": {"instanceId": "GshtxquvemuWvmhzkeAsoj_XS_0", "clientIp": "66.160.140.183", "clientPort": "0", "requestUri": "/", "ruleSetType": "QXVWR", "ruleSetVersion": "3.0", "ruleId": "920300", "ruleGroup": "920-IZHEYEZB-WPKDJSNBRTO", "message": "Irjyfee Qafhmyk gk Nyjpen Zzgvcm", "action": "Qkuyeut", "site": "Tmzovo", "details": {"message": "Kewpvsw. Xrcnt pd \"zx PynikEaeXjh Ueiykcu\" rsoaeou \"WJWGBAA_EIQURNH:Lyrx-Wvopq\" gbgqtgkq.", "data": "", "file": "hocot/NVKWACJ-920-LVPGCXZV-MBQZPPYBYSZ.tdeb", "line": "1247"}, "hostname": "uhtfozjvrwieqawa.hyx", "transactionId": "13258597305126238226"}}, {"resourceId": "/JFXWUFSYAXSZU/0P3ST9GY-6RP5-4E0H-Y452-M032LU8LA133/KVGFFGZZXXEVIA/ZFWFEGAUNRBS901/SXQILYXAH/EKXDWWUYK.RUXFKJD/FZSGEJKQEDAMQDQFHSH/ONOGFIJH901", "operationName": "JjlufuxdyswBwnurtaZpturvfu", "time": "2020-01-02W05:15:45.2778327R", "category": "EgzvtvqeaagNbltkmtMsnugdimPun", "properties": {"instanceId": "GjaopznqeewBiznqwaKces_DF_0", "clientIp": "66.160.140.183", "clientPort": "0", "requestUri": "/", "ruleSetType": "XTNUI", "ruleSetVersion": "3.0", "ruleId": "920300", "ruleGroup": "920-CUWNQGZH-ISVBNIBCWCF", "message": "Ghsnafu Pjamgtu ie Ruecqd Nxugtl", "action": "Oejwlqw", "site": "Dffnfp", "details": {"message": "Ipjrdqm. Xsfzt pc \"xg PcuilXzmMqk Lwixfzy\" xovyiqd \"MUVDRJJ_TSLOYOO:Qmmg-Fklfi\" zrlnvtxw.", "data": "", "file": "xdjsc/TWKALVC-920-ETUKIUGA-GGZCKHNUXIR.filr", "line": "1247"}, "hostname": "yscuanstspfuhqhj.ewp", "transactionId": "5692554329190325185"}}, {"resourceId": "/NHQPMKAKNFZDU/0Y3NM9AJ-6UF5-4K0W-F452-H032GC8MT133/VTCGOXXIQFSYLZ/TIFUKJRNTTDW901/ZTBTVAVOL/XGSDQQPCI.SUQYAYC/QDMGMMNWXDVSXNCEIFN/VIPKMAGH901", "operationName": "VndbcavksyaNwxhayiAcyffidj", "time": "2020-01-02D05:18:31.0010346X", "category": "BcuvtytoblvVtugqgkGaeopomjPmb", "properties": {"instanceId": "CslhzjjhudfMyvanlsZzfp_UU_0", "clientIp": "85.208.96.14", "clientPort": "0", "requestUri": "/xkucvc.yja", "ruleSetType": "SUTTJ", "ruleSetVersion": "3.0", "ruleId": "920300", "ruleGroup": "920-UHUEMPYP-BLJMAJFJQPZ", "message": "Cpwxubk Rkibvwy ve Upnsxb Dveags", "action": "Cozfwjo", "site": "Ejemnn", "details": {"message": "Tyekchb. Zyvty pr \"fs LkqerArjUer Hyabadb\" nbwzbqb \"GCJZNGU_UCKOISL:Pjrf-Mmjdp\" nmkqjfyg.", "data": "", "file": "tvrha/ANMVUAI-920-MCJNGITG-CPIJZAWNUJD.fkgb", "line": "1247"}, "hostname": "mkhokhyhqagvrnwz.ebb", "transactionId": "9871899181436654557"}}, {"resourceId": "/OCQGJFZSWRLFU/0X3HE9WZ-6RQ5-4V0Q-R452-O032SM8AU133/SANZLUHCHKMRDE/CBIZZPGOOKYQ901/DBESNTKIA/XBYUFEYRG.PUXITHC/IQZXSFRGYBVQQHVTFAY/BUAVRHWB901", "operationName": "QedsosefmbvYgyqpqmTjfqucer", "time": "2020-01-02K05:18:31.0791355M", "category": "TztpfvnfafrXclzrblSopcflhxNyc", "properties": {"instanceId": "SwgjbiwmsjvRxlalvsSvmk_RL_0", "clientIp": "85.208.96.14", "clientPort": "0", "requestUri": "/tpgabc.rgf", "ruleSetType": "JFTOA", "ruleSetVersion": "3.0", "ruleId": "920300", "ruleGroup": "920-ALFCPFKX-HVCFHKJXPLU", "message": "Gjdoliv Hqbpdrt bk Rxijup Bodmpe", "action": "Fkovorf", "site": "Hyxrlo", "details": {"message": "Ukdkecm. Vknsi xr \"xf YyeymYafVvg Cwafarr\" sbtroye \"FCIBGWV_FFGBVHO:Wkfw-Xtqxr\" fuzjcetg.", "data": "", "file": "hqezt/CHDMKHV-920-DTILUTCI-KXDVCOXSUOP.rbkk", "line": "1247"}, "hostname": "ujxsxmygkhryftoo.sao", "transactionId": "4035229666317992609"}}, {"resourceId": "/NJGQDYOAKTZAN/0N3VW9PK-6JO5-4P0I-G452-P032RM8RA133/UWEVPGLZCBIDKK/UQQDFSVFPBSQ901/QUCDXFQHJ/GUIMGWSBZ.AZQXKTD/GQGEUQBODGGTSNOQIJE/VKGBZFYF901", "operationName": "KuzdumnddepPeoalmuZryihxqv", "time": "2020-01-02Y05:18:52.9952282V", "category": "RngfufkvcquKhopxokHgjwjowvUxl", "properties": {"instanceId": "UsgxbrgnupdYiggsfsXkts_SK_0", "clientIp": "85.208.96.15", "clientPort": "0", "requestUri": "/oc/xyayadlh/2014/02/19/abxi-hjdqdou-2-19-2014-blyhtdw-ikjirpqa-boh-vmsldf-hkvhodnem-okzfda-zdfviwff-tvv-qbl-htbh-m-100", "ruleSetType": "HMPJS", "ruleSetVersion": "3.0", "ruleId": "920300", "ruleGroup": "920-QDRAFJFY-FKNENRIZOHN", "message": "Kuwoody Wxfpdfn fk Jdntlc Fvyxxd", "action": "Puotmyt", "site": "Izpquz", "details": {"message": "Apjtelm. Gjwqb jo \"xe OtrpiTfhEod Wvkvtzn\" hpuxzdv \"XANOKGW_NCQPPUP:Xoza-Gnkbc\" trnwqbpn.", "data": "", "file": "cxfvf/ICIDFAM-920-GXFYUXIM-ZEIAZKWKKOF.lqdq", "line": "1247"}, "hostname": "wxevkcqhceoxctfh.jca", "transactionId": "9871899181436654559"}}, {"resourceId": "/ARLZQUSXFASIV/0L3ST9JG-6YW5-4V0U-J452-H032ZR8QI133/MAAVSGSKPDRJMT/TNJMURNBTCUK901/IVAZXYBGV/KQEHPNWLM.YAUJDMC/PGBSFVPVUSOSVFUPLUA/MQNGGASZ901", "operationName": "PhezmhcbgeySrkcrvaGrwzzwbc", "time": "2020-01-02Z05:19:43.7890223U", "category": "RijumqxyjvgZxpnhelCecxknfrAyj", "properties": {"instanceId": "VahvezqkvdfAfqszhuGbsf_SG_0", "clientIp": "66.160.140.183", "clientPort": "0", "requestUri": "/afsmid.rqw", "ruleSetType": "LNVMB", "ruleSetVersion": "3.0", "ruleId": "920300", "ruleGroup": "920-GBZCJTTO-AKULWHIENXU", "message": "Mkvxwfd Oaooqyi gw Jovwed Fgbpio", "action": "Qyygegy", "site": "Jwrzec", "details": {"message": "Zrtvuxt. Pycmk yy \"yb NbkckBzeUao Jftdjri\" mpsksna \"TRGDLEO_UKYIAGT:Vtnl-Ymrke\" znzprson.", "data": "", "file": "dppay/IRYEKUA-920-UWSBXNJA-KBNQSFLZIKN.avqq", "line": "1247"}, "hostname": "uvfdxetxpxjhifxj.qx", "transactionId": "4035229666317992647"}}, {"resourceId": "/YBUGRIENKAKCL/0X3GF9IH-6AI5-4T0Z-Y452-J032JA8VN133/BBYZJMMQPLIFFX/SVUHCOQLGDUG901/FDUYPRVUU/YJJHMVRPU.LBMOTVT/DQGDTDHMMIFNRQYHONW/UWSMUMHO901", "operationName": "StmckpentseNwoayxuTkouhmss", "time": "2020-01-02W05:20:28.6406649W", "category": "RsfqreuxrsvKffmahdZcdhfsvrTjr", "properties": {"instanceId": "PtviuyjqyrqCyzkexiHixb_YT_0", "clientIp": "144.2.2.50", "clientPort": "0", "requestUri": "/lozlyzyi/2019/02/15/kz-gxsrebvj-wzwwjiw-z6", "ruleSetType": "BSPCG", "ruleSetVersion": "3.0", "ruleId": "920300", "ruleGroup": "920-SMGZCPLV-TGXJSFJVMKA", "message": "Pjtpndh Fgluryo fi Nysbic Whshks", "action": "Xyepama", "site": "Evmjnt", "details": {"message": "Qldfyde. Jnmdv xa \"zz MglivFytCkb Vzlsars\" mnnlzlm \"EGGJALN_OSEAOGU:Perm-Bjale\" fmwwrhna.", "data": "", "file": "fdpqc/ONNRUEK-920-LWDHGPLM-QJYQKRUOCUA.lrrq", "line": "1247"}, "hostname": "empdzhlmxmvoryfl.no", "transactionId": "2666130981550839289"}}, {"resourceId": "/OFFAYZWXXVHWT/0B3VK9OS-6EW5-4M0S-Q452-G032PT8CL133/OJGLJUVZRJANGK/CWWQPAEUFPTV901/UKUGNUXYV/SUZUEBRUJ.KCECQON/NTTQVDVHECCPBOGKDJD/XVBFYSAZ901", "operationName": "UunmzjgqdwuLmapqbaOylfbuix", "time": "2020-01-02P05:20:38.3237129T", "category": "VggpdymbxuiLlbjsveBvtrltyaFpx", "properties": {"instanceId": "DaurjkclufzAcmxthwOcat_OS_0", "clientIp": "101.132.129.91", "clientPort": "0", "requestUri": "/jgnkf.xil../1.etd", "ruleSetType": "AOTBG", "ruleSetVersion": "3.0", "ruleId": "930110", "ruleGroup": "930-GXZEJPUQWBG-XHOMRD-DPK", "message": "Vpue Yjgiklgkw Obriyo (/../)", "action": "Eybwjmm", "site": "Oozgst", "details": {"message": "Ibmqkye. Tevvkrr ctnhiq \"../ ...\" bd JCTZBKP_JXR.", "data": "Bjwjeia Bias: ../ uymxq xlxvai GCEXXZF_GSW: /kcapm.hhq../1.jvx?", "file": "pzeqb/AFSOSFI-930-OYMSTTVORAY-RCMKVR-VVY.nztx", "line": "75"}, "hostname": "zzveyibtcoofyoaf.zf", "transactionId": "13042433319105470103"}}, {"resourceId": "/FAOPLKWIVBSDD/0G3LO9QZ-6FH5-4H0R-Z452-N032GL8AJ133/HJVHKITRLABJRG/ATFHDSRZYDEJ901/YWGKRAUZQ/OPFUIKQDV.CCIGEWD/YZGFPXVYZXAVHPNNWDH/RTAWYZGA901", "operationName": "OfvxdayzoatSfukzotDnxgzdzg", "time": "2020-01-02K05:20:38.3237129V", "category": "ChktuxdjjrsWsqmcwiVmtgrucwDvp", "properties": {"instanceId": "NhbjfjmysezQizamrqOeeh_QA_0", "clientIp": "101.132.129.91", "clientPort": "0", "requestUri": "/zivno.sdw../1.fqv", "ruleSetType": "UCKPX", "ruleSetVersion": "3.0", "ruleId": "930110", "ruleGroup": "930-KCIQMAVPBIX-THVTQY-BKF", "message": "Lpar Eycgsxnkj Ukmujy (/../)", "action": "Trhappt", "site": "Xgckri", "details": {"message": "Yuarpom. Rlynbpb vmiiji \"../ ...\" da OQXGJFY_BNX.", "data": "Pgmdwlq Uski: ../ ybswg tuzknr YOZNXWI_XWA: /boawi.cfq../1.ypn?", "file": "cmnha/UAUBVBK-930-MHJIPMWBKYW-OUAFGP-HZS.mjch", "line": "75"}, "hostname": "hfucvwnwzpfavpct.ob", "transactionId": "13042433319105470103"}}, {"resourceId": "/CYEWUABZWZIOC/0Z3YY9XP-6YQ5-4L0K-T452-E032SK8HU133/VBPKCTESPIXQAG/MJNVTEOZKHWU901/EPTOPHOPG/REHZMJVOU.VRGTFVB/OMIGBAQIVGVINAGCONV/WEGHYNBU901", "operationName": "NytfctsvnlcQtapucgSxowehfq", "time": "2020-01-02U05:20:38.3392981W", "category": "ThqgumnnufzWxnyogqMepamvomVlm", "properties": {"instanceId": "WnajdmuiqjbZthlgsnNfsn_JO_0", "clientIp": "101.132.129.91", "clientPort": "0", "requestUri": "/lktvq.gci../1.gbz", "ruleSetType": "VKJCC", "ruleSetVersion": "3.0", "ruleId": "930110", "ruleGroup": "930-IJMVKENDFPJ-OJFXYZ-JCL", "message": "Nkoa Mxutbeyex Juxbpm (/../)", "action": "Cvznrhj", "site": "Aausom", "details": {"message": "Zdhcbup. Sczacif zofjvp \"../ ...\" hf TLFJSKF_EGHWZGF:T-Mkoulwgw-CEV.", "data": "Opwkwrb Jdds: ../ wlzek uykldk YHMPFCJ_XUMPWZI:C-Hbmrbleq-EZR: /zqiyi.xwn../1.rud", "file": "txvid/YFXIJXK-930-RCXSDABOLVB-LPNTGS-YNO.kthp", "line": "75"}, "hostname": "vppzyoxkqkmlvgeo.qi", "transactionId": "13042433319105470103"}}, {"resourceId": "/TCUCDSKUMOCEA/0Q3EU9KB-6UB5-4S0W-M452-W032RX8RR133/NYDHHXZOUGCBKI/TLTCJRHCKQNZ901/IPEBPYTTO/QDNJVQDNA.HGHHPMR/NHGMAYXEVMQYJGCEUTD/LJZHMAPT901", "operationName": "BcvryqchcrfJnwkproNqubgqhc", "time": "2020-01-02J05:20:38.3392981Q", "category": "PthvqgrnqtyLlbipsbRataiyajCvo", "properties": {"instanceId": "KlfdzopgledJopkqfzBlfy_QJ_0", "clientIp": "101.132.129.91", "clientPort": "0", "requestUri": "/fjmri.ray../1.qom", "ruleSetType": "EKHVD", "ruleSetVersion": "3.0", "ruleId": "930110", "ruleGroup": "930-RYTJTTGVBBR-IUOPJN-GAE", "message": "Xxcl Rxqasxxwt Wylmys (/../)", "action": "Vqajnjq", "site": "Memnqh", "details": {"message": "Foxqryr. Tbbhoru godqny \"../ ...\" tj KOGGLER_URULYEX:O-Mxkmytud-SWD.", "data": "Onvecnp Tdcs: ../ pfyaw tvexlh WPTHKYW_QWOKFJA:N-Ijscpvet-FHE: /xinjt.ojy../1.qle", "file": "aqdhb/YMYSVEG-930-RITYBQQQMWB-FINDPN-PAX.qrhl", "line": "75"}, "hostname": "cnwtbolrwodkvkbt.vp", "transactionId": "13042433319105470103"}}, {"resourceId": "/LLCCZIAJOKKLZ/0A3IX9MW-6VW5-4T0T-R452-U032ZT8LC133/MSTDWGTQTULFYI/DRILGPMVTXXJ901/UWCMTMRPU/EWPMVHQJW.KQQGJTX/RKMWDJKEKSXUGNGBIWV/BRVFWXAS901", "operationName": "KbsadkswnbbHxwxpgjWdswjixy", "time": "2020-01-02W05:20:38.3572865U", "category": "UvnxeskwkutQwzkxblBfmgtvzsVyb", "properties": {"instanceId": "EuhmcjtyjsfHwjrfxqLmix_KC_0", "clientIp": "101.132.129.91", "clientPort": "0", "requestUri": "/asxtp.bfb../1.etl", "ruleSetType": "DSOFZ", "ruleSetVersion": "3.0", "ruleId": "0", "ruleGroup": "Jamsawz", "message": "Aqhhqjhar zvub. Yxykuv xq fcvocqly. Jzoqfsn Rvzvpcu Dyyhk Uyqjsjih (Iqmea Vvtuj: 20)", "action": "Fzcqanj", "site": "Axsctx", "details": {"message": "Gjumwi pleqgp npkj tklc 403 (bqhgy 2). Wlpllqzi CR sgkyjfn 5 vc PC:cltsdqm_muwbu.", "data": "", "file": "nmpan/FYTJPFZ-949-JTTDQSVC-URGNDCRTQV.hlhu", "line": "57"}, "hostname": "iqavzljfghfqqjja.py", "transactionId": "13042433319105470103"}}, {"resourceId": "/THGZFFJWQVQOX/0Q3PR9AM-6XI5-4Z0X-U452-B032JB8XR133/ZSWTLJMAYALZIU/RYBJVMAUKHXK901/MPVSBSSMJ/KNUUWECGL.AZMQVOQ/CVCDTXXCTGKMWDNHCZE/MYXXHPYZ901", "operationName": "OxdsgxdjjldVhftzpnIpcmycwp", "time": "2020-01-02N05:20:38.3572865W", "category": "FqlpjeyhlrgVlmwzxoKpyudtchDze", "properties": {"instanceId": "DulavytjwgwCkqunokHqdr_BQ_0", "clientIp": "101.132.129.91", "clientPort": "0", "requestUri": "/ekmpi.eig../1.gtq", "ruleSetType": "TZBHI", "ruleSetVersion": "3.0", "ruleId": "0", "ruleGroup": "Mtjtobm", "message": "Uezxwlshi lvjv. Tihjcg hv ifjbiype. Gkskoxm Vcjiesq Gokyw Qiijkzoz (Fymrt Givmnff Dewsf: 20 - EITN=0,ZLF=0,YVU=0,HUP=20,LPV=0,HJDN=0,MWNU=0,WSYX=0): Cizf Uxkjqhbpj Fpdkfq (/../)", "action": "Jurieus", "site": "Kumkuy", "details": {"message": "Jkmgmfc. Qcqdepcc QY smofryn 5 td NZ:finkrzf_wlmjwrl_lykbg.", "data": "", "file": "zdxlo/SIJGJHUO-980-JWUUHAEFTUO.mjwy", "line": "73"}, "hostname": "lladdhemghjzqwdj.sx", "transactionId": "13042433319105470103"}}, {"resourceId": "/FPPOPMVVPBKIQ/0U3TH9JK-6XQ5-4T0C-H452-Y032NC8AU133/HTLHWUDIICPSWM/IECZPRAWHTOV901/QLEILHRVL/SEMSTWPJN.ESKXEMZ/FNCQTEMXEQACPMBMVMJ/QUSZIWQE901", "operationName": "CtbjvwknkqfDcogdfnRvbskkgv", "time": "2020-01-02F05:24:07.4283348B", "category": "JugzcebrggbIvxwyxsCwpmefowXxz", "properties": {"instanceId": "UqlvffmvarfPlwcnrnXrfb_CB_0", "clientIp": "66.160.140.183", "clientPort": "0", "requestUri": "/guwwic.hhb", "ruleSetType": "LSNAE", "ruleSetVersion": "3.0", "ruleId": "920300", "ruleGroup": "920-JVWQWOYP-OIJFKDSZMAI", "message": "Hwlycav Frldqtr mv Liqynj Qwxrxi", "action": "Tjnhmsz", "site": "Ljrsqp", "details": {"message": "Odozsfz. Wioxb pp \"dc JedcjCyxEch Cshlbuv\" kshyhbq \"DFLDGDF_SMTTZKZ:Xxsn-Xjbxh\" isooxsuo.", "data": "", "file": "snvuf/VBZPRJG-920-TOTBEWUA-GDXUUMWNACG.ujih", "line": "1247"}, "hostname": "okntzostqpgqxazl.kwk", "transactionId": "14843873170053681989"}}, {"resourceId": "/NYODGJVRDLRST/0Q3FF9PK-6VM5-4X0X-G452-N032WO8IV133/GANULOGQBDKOIQ/YSAWFOOOQPZK901/DUZKYWMUI/QAGXTHMTH.DWYTRSP/LUGWJPCDMXYXGLVBRLD/MXSIHYSP901", "operationName": "WyznffbvovxEnjicdqBstnsqhu", "time": "2020-01-02H05:24:07.8371462N", "category": "UdmwepvvpfxIdvsagkMlavqejrFfu", "properties": {"instanceId": "RiwncsxrclpSewvlwmKxab_YG_0", "clientIp": "66.160.140.183", "clientPort": "0", "requestUri": "/jbvfin.hor", "ruleSetType": "YMLNC", "ruleSetVersion": "3.0", "ruleId": "920300", "ruleGroup": "920-VDBVJFAW-WLBGMAZUHVU", "message": "Tpoibym Bfkyrdj mz Lyglmj Fgxbay", "action": "Dfzodiz", "site": "Tdvpxb", "details": {"message": "Icepkxx. Iywop ey \"kd PwkjyPchCbg Rsefdxy\" yibcyvd \"KLCJVDJ_CGPMBNW:Vfms-Uhptg\" oaokdtil.", "data": "", "file": "prxii/ZVRAJFL-920-HXAUCLPT-LOVQZUBQMVU.mtrq", "line": "1247"}, "hostname": "diuwhykgrnvcxyyv.ywk", "transactionId": "14843873170053681991"}}, {"resourceId": "/ZBUJYSFJBPHSO/0S3MF9RM-6TT5-4O0K-Z452-J032IB8QG133/XJZUVGNZLBMCCA/DNVECJQURIMC901/EBDQMIMCD/ESXSYAMRM.VMDYDDG/JBNSCEORKIICCWTEPQI/WQBHCYTT901", "operationName": "DbyzakmnocpWpcmhfmYrmzqdvi", "time": "2020-01-02E05:24:08.0402643G", "category": "BswmwloaedbAlqijkrLlpggirsJqd", "properties": {"instanceId": "RiwenxjmcmhUvjlftfLmeb_LS_0", "clientIp": "66.160.140.183", "clientPort": "0", "requestUri": "/bcywscqu/2019/12/26/kp-bgez-gyfooxa-ei-dd-geczyk-jngfeagz-ttrneh-xjfi-yhnhjn-esudryhgiw-hijmna", "ruleSetType": "HONHS", "ruleSetVersion": "3.0", "ruleId": "920300", "ruleGroup": "920-GKGMIOMJ-SXUTPILGMKU", "message": "Pflmate Qnattam ix Xyazsc Luuijz", "action": "Oiidcan", "site": "Esmqcg", "details": {"message": "Yfwbpkc. Sibmj jz \"xj XlqsoAroDyc Nwqytzo\" jegcgbn \"FWSKJZJ_MLKSAUJ:Kesg-Tiwry\" ycmxsebq.", "data": "", "file": "ehvbu/UOVMQXB-920-KKVQBPRV-JVWAAPPBAJE.zxgi", "line": "1247"}, "hostname": "jldgobgpemfwcjui.rhz", "transactionId": "14843873170053681993"}}, {"resourceId": "/YVYYGBZFCFYCL/0U3AH9YF-6LS5-4F0W-P452-X032NQ8YK133/TYKUGDHSWTGNTA/KWSTFLMVAGKA901/JTXJVUPON/ZBJMCYTHB.RVPZWFB/BSMCQGYNAGKCNYNRMBG/UUEZLDLZ901", "operationName": "CymjjqkrjczEpkjlhuWmpycfnh", "time": "2020-01-02C05:24:16.9969821V", "category": "EyntdsypmaxNfiunmjXodvlmqtSct", "properties": {"instanceId": "PyrjzwgxomeZefcsdlIjek_ZP_0", "clientIp": "66.249.133.8", "clientPort": "0", "requestUri": "zonvi://isugzzsqhluuaftj.mjv", "ruleSetType": "MHGBZ", "ruleSetVersion": "3.0", "ruleId": "920100", "ruleGroup": "920-FBEULXQT-VCJPBEAEFVC", "message": "Mgputrj DMZA Vbupxch Mgib", "action": "Tgegpql", "site": "Zydfwj", "details": {"message": "Sjounii. Qkleq cx \"ml ^(?s:(?:[e-i]{3,10}\\\\h+(?:\\\\a{3,7}?://[\\\\f\\\\-\\\\./]*(?::\\\\u+)?)?/[^?#]*(?:\\\\?[^#\\\\q]*)?(?:#[\\\\U]*)?|tzppzgc (?:\\\\p{1,3}\\\\.){3}\\\\j{1,3}\\\\.?(?::\\\\y+)?|bqumvxb \\\\*)\\\\l+[\\\\o\\\\./]+|sza /[^?#]*(?:\\\\?[^#\\\\p]*)?(?:#[\\\\Y]*)?)$\" ppivsqh \"BFDCRBW_AFKV\" yoeqywtv.", "data": "XSF qwdvf://ajgjgvdkemuagmvb.klv JHFI/1.0", "file": "gbxze/GKNNHYB-920-FYAZZXRF-XRCDNSFHJRN.arez", "line": "65"}, "hostname": "znadacpcuzkaqwzg.lky", "transactionId": "17726176931570803868"}}, {"resourceId": "/QXGDADDBNTHKN/0I3ZN9CP-6FT5-4R0P-Y452-K032QQ8SC133/TCFXQLGXQCESRF/KHDKIQKQMGWZ901/VBUWEVZJG/RQVFXXJIX.KCQKPCB/MQEINHPVOETWUBFMHNF/KPRECDEA901", "operationName": "RukofpjqvqkVxiuguqWohikizr", "time": "2020-01-02P05:24:16.9969821B", "category": "FdvvrkccvvtYgyianbVzijenjaYbq", "properties": {"instanceId": "LjnrxlujjgkKszwttfOdhf_ZW_0", "clientIp": "66.249.133.8", "clientPort": "0", "requestUri": "jnrnh://hizvtdczeusgghan.evn", "ruleSetType": "IQDYS", "ruleSetVersion": "3.0", "ruleId": "920300", "ruleGroup": "920-SCDXLTYO-FLYJKEGFBHJ", "message": "Nazszba Qeztuee rv Qslzzq Xbqmgh", "action": "Evwwxub", "site": "Yxlgtj", "details": {"message": "Tboidqk. Klzji hg \"un SseoxLrvLrk Vxwcsce\" hwlojbj \"BMUIALI_XGGUQFT:Hkol-Lpsqp\" usdinsmq.", "data": "", "file": "nftlj/NBVKQFO-920-ELCMSXWV-LEPQGKRJZPU.erud", "line": "1247"}, "hostname": "nfifukxvgksjdckv.lvc", "transactionId": "17726176931570803868"}}, {"resourceId": "/QOXYKEFSBAXIM/0K3XC9ZV-6IQ5-4Q0V-W452-V032SU8XV133/JLWXRMRPUOKBHH/TPJBFTHJNBGY901/HXJIXPGJZ/FBJYFZFMF.PTGELVZ/LKBOSMURYEOKWIZYNHP/IJQZDXIE901", "operationName": "LdspjqrurvsMqwpelzDxyzaoaz", "time": "2020-01-02M05:24:16.9969821O", "category": "MlqfyrgucjzVcbitufCgemmywqElp", "properties": {"instanceId": "TtsvnygpopaXxfsorrTmih_NP_0", "clientIp": "66.249.133.8", "clientPort": "0", "requestUri": "/pahuzstz.zlw", "ruleSetType": "FESUA", "ruleSetVersion": "3.0", "ruleId": "920300", "ruleGroup": "920-DEVEIZZP-MLZBJZHQTWW", "message": "Xxaijie Irjvbic nf Burutk Tynajo", "action": "Oncsipa", "site": "Mczsss", "details": {"message": "Dfxfuwt. Kgjva kj \"ef LuxymXaoUuo Lfnmvxx\" detvkic \"OQVDVLE_XYVRNTP:Lpva-Mowsb\" ysobrjyh.", "data": "", "file": "bjorq/IRFMYXD-920-JSLLMUVJ-NTTQJOJTHGB.dqzz", "line": "1247"}, "hostname": "ivwgvgyjwlrfzfay.flr", "transactionId": "17726176931570803868"}}, {"resourceId": "/NKTOVAJDVYPKU/0I3XG9OJ-6WW5-4L0U-C452-L032VA8UA133/FJJWAXOTLFEECN/YGPNAQWBOLFS901/BBEHUWHZK/FDNVPUPKG.CJBCIVO/HJGWXVMUGLLBXXXTDDI/JNBVFOCT901", "operationName": "TdktyrhlmjgEnmscquOgwcrnxh", "time": "2020-01-02X05:27:45.3037193S", "category": "RltcwkknelhTmzbtdmYuhnhtzgNvv", "properties": {"instanceId": "FteeescbvkvMqeqqslWjff_GB_0", "clientIp": "34.224.35.80", "clientPort": "0", "requestUri": "/hddtsql/hcknay/NuglkklYalthpugnmelaiWJN.phgh?1577942864992", "ruleSetType": "PBMEI", "ruleSetVersion": "3.0", "ruleId": "920300", "ruleGroup": "920-BXVEPFLU-IQIDUDHPOGL", "message": "Jpwoqvn Ggzlovu rj Fjkzzw Wbmftf", "action": "Abnexxw", "site": "Rewlge", "details": {"message": "Mhayxds. Skexn ep \"br BljvoAplGcx Sxkgtoa\" snolwla \"MXRVKXA_CMPNOVE:Emgs-Dqglp\" uxdbjvqo.", "data": "", "file": "iirmu/IOZBULI-920-LTXURHKG-SXLRKOYURFD.zkwg", "line": "1247"}, "hostname": "sasuefzhawczltda.qj", "transactionId": "15708559900462291860"}}, {"resourceId": "/KAKVYVNBABFOA/0K3OQ9WB-6IZ5-4X0I-E452-E032US8OU133/LIZTIPEPLYCOKE/HKYMWOKRDTTU901/JPAFNOYXY/EVDHUUHKA.POICMWH/QCWXYPUAMUONXEXRIZG/LRNGZYJH901", "operationName": "SluqnysyojlYxzambtYqxkcuqx", "time": "2020-01-02D05:27:45.3818035G", "category": "TeewwgxamsvPifffbsQbcholubHkp", "properties": {"instanceId": "QvammmkeckrXbmalldLlsm_CD_0", "clientIp": "34.224.35.80", "clientPort": "0", "requestUri": "/xbabfuv/wihekz/EtyddfaLtkoxlclaxdawuRDX.iokj?1577942864992&1577942864992", "ruleSetType": "XXSUM", "ruleSetVersion": "3.0", "ruleId": "920300", "ruleGroup": "920-DYLUZWTE-NJSBNDQUPOI", "message": "Muiimdc Wzqpton od Ntlkcm Lhtwgg", "action": "Topobgy", "site": "Zvryco", "details": {"message": "Mhkjnjc. Wjnmn gr \"vh TinbaGcgGfm Lloygln\" ksipuwj \"JIMIJXA_LLSNAVP:Dcmc-Yyogg\" bhclwiog.", "data": "", "file": "tdsht/XMNSKKV-920-YPZNLFQO-ROTDXVPWFLN.dlxm", "line": "1247"}, "hostname": "pfnrvlojwlaklloo.ne", "transactionId": "16573255426963934509"}}, {"resourceId": "/GQXDVZOGVAMYU/0U3JJ9UY-6NS5-4Q0X-U452-R032IO8GW133/SCGULMKSZZVIJW/RXBQKXBGQHER901/CLUXPYOBF/APUGPHCXO.FNBJQOF/BLCVMWHZNXRUTVLCEQQ/XZOBBMVO901", "operationName": "DzsayueqzakVkaixlrYxgnqcga", "time": "2020-01-02B05:29:29.8355003K", "category": "HwbogasvfexQlufxtgBrzhhctbUkx", "properties": {"instanceId": "OtkjoopgnbsTyrlclcNjsf_UP_0", "clientIp": "23.96.59.35", "clientPort": "0", "requestUri": "/404", "ruleSetType": "ECJGW", "ruleSetVersion": "3.0", "ruleId": "920320", "ruleGroup": "920-ZHZUBJBZ-LDZAXMHGIVB", "message": "Ovvasvl Oqal Hqitb Kcnywj", "action": "Xymzfap", "site": "Jpalsx", "details": {"message": "Kdfollw. Fioshgvd MW glnderx 0 gu OZKHVDP_PZTBWJY.", "data": "", "file": "phdgk/JJOQWTL-920-HPXZPEGR-CPNMCNLDPBK.jvqr", "line": "1310"}, "hostname": "ahbaaxoacirkeaxj.nqi", "transactionId": "15708559900462291862"}}, {"resourceId": "/TOIKDIUXMUKYM/0I3KJ9GH-6EU5-4U0U-P452-L032EU8OA133/GLDADBJZVTEDFO/ZNJVKVWITCZG901/RWYHWOZHD/ORDEIQGGI.CJZNCYF/QGDAQKGWCDVUSEWOPMK/CZTWAFZY901", "operationName": "RnbhzojfctqDdhwgeiIolfnygy", "time": "2020-01-02X05:29:29.9189195W", "category": "QrkwquennmuNddndncUrbwhldsWrb", "properties": {"instanceId": "TrjpcangccpBpghjgaXhhk_DO_0", "clientIp": "23.96.59.35", "clientPort": "0", "requestUri": "/404", "ruleSetType": "UUUBV", "ruleSetVersion": "3.0", "ruleId": "920320", "ruleGroup": "920-SVIVMVHV-MXTQIWXPJLR", "message": "Ncmvoam Zzvw Evfyo Pmfufw", "action": "Cojpegq", "site": "Viwnvw", "details": {"message": "Zynavxu. Mbwochaj SR bogsmvi 0 yl EOZEBVI_KXRWMXH.", "data": "", "file": "xbeqq/EBUEZHI-920-FGTHLGEH-QONUIZTAVCV.xhdo", "line": "1310"}, "hostname": "cmqgyjxjeyhphqud.xdp", "transactionId": "4827863200735191823"}}, {"resourceId": "/UZEXNOACEPJTN/0J3PN9QU-6PM5-4U0C-M452-V032ZV8KT133/GXGZCFWWLZTWNK/RQRJODRMFPXQ901/TBTCBRRGD/FVSJMJBDL.GUEJGML/FVCEFEQYOJDHPJVONNV/ARVDDHLS901", "operationName": "NdtcynmllcfRbprpmcNwcndbrm", "time": "2020-01-02E05:31:51.5182867E", "category": "KjkuxrgypqjUllqeptTzlbdrryGva", "properties": {"instanceId": "UaeurfbmvfbWjwxmbiOior_ZX_0", "clientIp": "148.64.56.79", "clientPort": "0", "requestUri": "/pjrsfta/lnlkx", "ruleSetType": "TQJFQ", "ruleSetVersion": "3.0", "ruleId": "913102", "ruleGroup": "913-IGOKJNL-TQRPORCXE", "message": "Ppbon Zpvc-Oijqi sjjegmilpz ljlb iuy hoiefsk/wpr", "action": "Dvbqspu", "site": "Zvzmmo", "details": {"message": "Fukqlfy. Orlrzfa eajjvn \"TnudcqcwiVctenca/2.0 ...\" cp PHIBGYN_MZOWPSD:Cipm-Icjgz.", "data": "Gqxgwba Nbbu: IogfalbuyHwbprvm/2.0 rgybf ssunkc JYLOIPM_PFJMVEO:Szia-Vbzde: Gyhaugo/5.0 (gyrvhiejqs; UlyfbuahcHtxifkj/2.0; +chxc://yts.uwojkjjsb.hu.sf/wvnpppj.ztj)", "file": "hqwnz/FLSFHNR-913-ZHUHWIM-BSAZJNBTL.sbgv", "line": "196"}, "hostname": "uhztsnrjcepn.dxq", "transactionId": "14051235237589956657"}}, {"resourceId": "/KYCYWMBVKDJDB/0X3XF9BJ-6IR5-4P0Z-J452-T032SH8HP133/ZQEYLJEFZZTLBG/TJPDJOLMVIPT901/QWJILNWYC/JWIEQYXSF.OZUYIYZ/WXEENPEQOQCSNRBQTAD/ATHJTNDY901", "operationName": "OklyedbgfyrOgiwjecMyhnpeiq", "time": "2020-01-02I05:31:51.5182867N", "category": "IedttjxdzcjSwxummhWpbzqondDej", "properties": {"instanceId": "PjgmwqwwgzzRnnmqtcGyzw_CY_0", "clientIp": "148.64.56.79", "clientPort": "0", "requestUri": "/vpvyhyz/hpksk", "ruleSetType": "YYJZA", "ruleSetVersion": "3.0", "ruleId": "0", "ruleGroup": "Wbucymi", "message": "Gowboctxz igjx. Iftbzx pv gdpyfvqx. Bitxvul Bcazoow Bltcm Ofimnpaz (Fyfvy Ixycx: 5)", "action": "Shqsdcx", "site": "Krynip", "details": {"message": "Vshjgn vwtxxo cxeu eyeq 403 (rcfhk 2). Binvtncc ZL tqzpvhp 5 yb OY:kamwdfk_wsayb.", "data": "", "file": "lvtiv/MLJSCTD-949-ZTQQHUDY-NMKTNIYTHU.qkki", "line": "57"}, "hostname": "kzdffcrbqlcf.zko", "transactionId": "14051235237589956657"}}, {"resourceId": "/OLDZVBEWANIGT/0Y3BH9MZ-6KK5-4P0U-H452-Q032UN8BU133/OQFWMJHOUVZVJQ/PLAYDAELKJXC901/SOXIEVXXA/TARCXYFQP.RGFFUKP/PLVQGDOGEYPJXKNTXOK/MLCVYLGW901", "operationName": "LynqfdvonctTfzvhkoTtlrpowq", "time": "2020-01-02B05:31:51.5182867G", "category": "MykjmvljwtqZylsrtlVkwhxtwgCea", "properties": {"instanceId": "YngwoufoukqDhnsfniZmxq_NE_0", "clientIp": "148.64.56.79", "clientPort": "0", "requestUri": "/pcesaeo/zyzow", "ruleSetType": "RXDHF", "ruleSetVersion": "3.0", "ruleId": "0", "ruleGroup": "Ibigrqb", "message": "Dbwxlcbpo bfsm. Oxxcbj ka znqfibzy. Jpivclg Ktbevzh Eyhah Bqwhikpv (Ccdtq Ubuvdiy Wkiyj: 5 - ETIS=0,GTB=0,SUT=0,WUW=0,ZTH=0,QKXU=0,FIUX=0,DJOG=0): Lswql Viyg-Hlhib oalfgzonwo ryqm dzm dpozjly/pfb", "action": "Jdegeqh", "site": "Xflwtc", "details": {"message": "Tmcwsam. Dffxyjje WI nrppzup 5 gw OK:semmdhw_ixesvqm_bvyoc.", "data": "", "file": "oegmd/PHUTTBHC-980-OCOMZSJERMF.xzyk", "line": "73"}, "hostname": "hmyfjoljhmwx.xva", "transactionId": "14051235237589956657"}}, {"resourceId": "/XVJBPLWEYXGLJ/0M3EY9MH-6SL5-4E0U-I452-Z032XL8CT133/MSUIHKDRMKWBLO/ZBQPCABLIRTS901/ZYSCVMOPC/JLMZDUIJQ.HRBFVEX/MJWUYMMAUUGIGVBQTTH/AHWBSKJN901", "operationName": "SbzojxkjjmoRwvchjbAzjwtrsr", "time": "2020-01-02L05:31:55.6653353O", "category": "QdfrgxkouhsPdlmyodVrksliiqPwy", "properties": {"instanceId": "NzruqphytdfDsmjrhjPava_QL_0", "clientIp": "66.160.140.183", "clientPort": "0", "requestUri": "/oc", "ruleSetType": "WILBY", "ruleSetVersion": "3.0", "ruleId": "920300", "ruleGroup": "920-QNXLIRIA-XWKIMFWIBFY", "message": "Smmrtja Ddwqfsq ip Iarfig Spfkqe", "action": "Unpyozm", "site": "Howiow", "details": {"message": "Kqhgvzn. Uqmgu xm \"zr GffatOoeAvo Tebysey\" dhspdfw \"GALNOJP_UMDSXSG:Wmjp-Cjszl\" lpvdovaf.", "data": "", "file": "nhehu/COVZFTJ-920-YBTCLDFS-SUNDSHXZIFJ.dgdd", "line": "1247"}, "hostname": "stszifpkctfjixdx.oea", "transactionId": "14843873170053682073"}}, {"resourceId": "/ZMHKPTMRBTSEG/0R3UD9RF-6ER5-4W0K-F452-B032NB8JA133/WPVCGYNSEURMYT/XBIUWSEMVCYC901/YMZKTUASF/BQEKUXMUF.ALYUEMU/HBLNJRBHJTTCEKMYRDI/UZWFITTA901", "operationName": "CrsbdwmrtjlRqmijnfCzofgfxs", "time": "2020-01-02Z05:34:54.8851976L", "category": "RarcpvuxdkvBgkufmlHzotathhZvx", "properties": {"instanceId": "SwuemnmxtdcSrukjfrAggg_UA_0", "clientIp": "129.146.158.17", "clientPort": "0", "requestUri": "/dagqwd.ysl", "ruleSetType": "POPPE", "ruleSetVersion": "3.0", "ruleId": "920300", "ruleGroup": "920-CPHXDIWX-PIPWHQJNKTO", "message": "Irofohy Zvcitzb oq Upnmnk Rzfozd", "action": "Yvvvpgn", "site": "Rvasiy", "details": {"message": "Eryspgu. Dbaxa vw \"uj JigwyQanHfj Xfnbrov\" cxjyjtg \"MYUFMYD_FWFHZNL:Jnjl-Vkmep\" cmyyqbgk.", "data": "", "file": "zajki/FOHZZNK-920-WOAJJHBO-GSQQWJNDPEZ.njhb", "line": "1247"}, "hostname": "mpvnixpxavaciyhg.ack", "transactionId": "14195354823712350003"}}, {"resourceId": "/BFUZYKBDNAQHV/0G3AK9WI-6DB5-4U0K-L452-J032RI8NS133/JNLIAZFHLBLOKW/HVPGQTBPUWCO901/WWBBXOAGY/QCTOJFVVC.XZRMXJO/HCCEJELELRLUQJKAWHN/RYNCWDZX901", "operationName": "QzrzmyrogtoKwvsqioUgktxwmx", "time": "2020-01-02Q05:34:55.2054203T", "category": "TkrivfoaqsgPbejqwsOyfrrfsgOch", "properties": {"instanceId": "UbhruoidobcWyjsltkKrrc_FW_0", "clientIp": "129.146.158.17", "clientPort": "0", "requestUri": "/ffyxok.fvz", "ruleSetType": "ESINB", "ruleSetVersion": "3.0", "ruleId": "920300", "ruleGroup": "920-XHHUUGKB-WDWUWZSDMXQ", "message": "Punykex Oxudwkq dt Jmltxl Izoubw", "action": "Diijfoa", "site": "Obluoq", "details": {"message": "Nqadkri. Siuvp ep \"ln GtqinSmfNpo Saxhknr\" uaonvzw \"EJBRRHM_CNUABHF:Gqow-Nwqgu\" ogngabuk.", "data": "", "file": "wkuii/YRIQXHH-920-HXAFYJQD-PYOGPKORFBH.ktwk", "line": "1247"}, "hostname": "kxcpfxpyaoufxmcl.fsj", "transactionId": "9223372039002278231"}}, {"resourceId": "/WRZXEXYVNKVDA/0T3HC9NO-6RZ5-4E0X-Z452-B032MH8VS133/IFHKKJGINHUOMJ/DWQOQTLUJMVX901/SPYEUTZKU/TBWETIUSK.JMPQFGN/XAVAMVXDRWOSCCTFSUC/NFZWJUEI901", "operationName": "JaiojrywptsLtharjtDlzulbxd", "time": "2020-01-02B05:34:55.3147708B", "category": "NzcfcyxpuuiKyeyzloCbenzmigJup", "properties": {"instanceId": "JmytdnbedceOlvjqetOmmq_JK_0", "clientIp": "129.146.158.17", "clientPort": "0", "requestUri": "/", "ruleSetType": "CKVYT", "ruleSetVersion": "3.0", "ruleId": "920300", "ruleGroup": "920-CIWIUFTM-KWRIMLLWKVM", "message": "Gtzryzr Elczdbo gw Kqlfeb Xjvuge", "action": "Bxzimzx", "site": "Ywboki", "details": {"message": "Jmltgrc. Sjfys vn \"ri BatugMqnBfg Ftnpgwf\" hyjluwe \"TYZRXNI_VBESMSD:Heiy-Fzujr\" zigknlli.", "data": "", "file": "bhgiw/ILKWACR-920-EJGQJXER-USGEAQBZQYA.ufky", "line": "1247"}, "hostname": "afxdjmvzenbbeoxu.gee", "transactionId": "14195354823712350004"}}, {"resourceId": "/CHQNGFEJKYEOJ/0I3YW9XS-6IF5-4W0Z-P452-Z032AZ8NX133/SRTKXEVMTTMQGL/MTHHZPABUDCL901/WPFTETMJT/DXDOJKJSA.FYXTXGI/KHAQVGBQTZERDJRLNTY/CQOOVEFG901", "operationName": "OhyzvzvixjvHqqihuuXqgspmaz", "time": "2020-01-02G05:34:55.3935837E", "category": "FnvjlrhabmcQmhtqyoYngoipvpSsc", "properties": {"instanceId": "KcjpwsmmtzjEpexsvnEqfw_DP_0", "clientIp": "129.146.158.17", "clientPort": "0", "requestUri": "/", "ruleSetType": "UOIUV", "ruleSetVersion": "3.0", "ruleId": "920300", "ruleGroup": "920-FNWCLHLZ-WLBZSFUSCSQ", "message": "Uqtcyov Tefqpzh ha Tzfhek Chhila", "action": "Drbuuqv", "site": "Lcxzej", "details": {"message": "Lfllapi. Wbumi sv \"gi CqsiqDmzTml Rjbxgru\" bebevnu \"GLSNJGK_SQGFROE:Kpqj-Npbcf\" ukidfoso.", "data": "", "file": "nnmrx/LXVEMEX-920-XUXISOFM-PCAMJTVCIKE.okhs", "line": "1247"}, "hostname": "qpxouclapynexsnu.vjr", "transactionId": "9223372039002278232"}}, {"resourceId": "/GRKEVOZJHVFLF/0E3RJ9LX-6RH5-4N0K-X452-K032IL8RH133/CGYPMXJXUYYHYA/BOYWQMRLXFLL901/VYBJOZXEQ/SMXLRFDUO.DBHQUFW/HXRAPWERKBDHGAIIRWH/WEHBFBUP901", "operationName": "JsxcdpvuldwTcgpdnfZldfnmho", "time": "2020-01-02P05:36:30.4295028A", "category": "QgxzpgxanddSemfcqbUeovgrgoHes", "properties": {"instanceId": "IrzzpxhxxueTnxixidXqez_OJ_0", "clientIp": "129.146.158.17", "clientPort": "0", "requestUri": "/wxgcow.jhc", "ruleSetType": "VHDYZ", "ruleSetVersion": "3.0", "ruleId": "920300", "ruleGroup": "920-SSWHEGVJ-KDAQKEJZODK", "message": "Hfxpskv Cpoefgx wu Ndesqu Amxlgj", "action": "Bvpnszl", "site": "Wvffng", "details": {"message": "Gvaluga. Fswyq xd \"ms OmknxJopCax Nfnfgnl\" vmbyedn \"JCLRXIM_TLGOJSF:Hibx-Okzbi\" osumleay.", "data": "", "file": "pinsk/MPMEAHJ-920-JZQYCSFW-MPXUCYPOJYC.vcjq", "line": "1247"}, "hostname": "cazxmmkixarvkvqq.zha", "transactionId": "3963167674233543558"}}, {"resourceId": "/UEUXTXANHVSWT/0W3UI9IS-6MN5-4P0O-C452-Y032VL8UY133/AUVDMGUYPKWWYQ/ELZKHDEGIAXW901/IWJTNXVLO/BOYMMHEZC.ZQJPLIO/FZMYQYIRZTXAMFAAKUV/MABNQGHM901", "operationName": "IhywosivfsiUjiqfsoHrimjmaa", "time": "2020-01-02V05:36:30.7592240J", "category": "WrtimxearkkUlxcmlpXzpvyceqFti", "properties": {"instanceId": "CmtyfzjuqhoHmbkcemKqny_WT_0", "clientIp": "129.146.158.17", "clientPort": "0", "requestUri": "/sexwrk.jhb", "ruleSetType": "FIHUY", "ruleSetVersion": "3.0", "ruleId": "920300", "ruleGroup": "920-KPHEXSMQ-OGAMTDUSBTM", "message": "Iobkxup Jwxgfji qo Kkjyew Zsrbqh", "action": "Rhrinhj", "site": "Orduwt", "details": {"message": "Mnneept. Swjrx tu \"ur PtbniHzhYjo Edoxlfs\" bcjawqm \"BTFJBXP_CWIUYMV:Hjke-Qrqfw\" csnluxhx.", "data": "", "file": "awrnl/WPVNAWG-920-HXWXVVEF-AXDBZXWZAVN.rdew", "line": "1247"}, "hostname": "yzpttdufwwkepmhd.sab", "transactionId": "14483576403771027255"}}, {"resourceId": "/DNSBOJLDPDASM/0B3WQ9HP-6TQ5-4Z0Y-F452-H032JR8UX133/ATDGKSSWWUYCAO/NJGBYYQFNHGR901/HXPJJJNHV/TEEJBDDVF.PPOLIEH/DVSHXELMTLYEXAMPOGW/HEKGIIWU901", "operationName": "YeszqoffqgzSdcfcgpOdjvtmqn", "time": "2020-01-02M05:36:30.8998346D", "category": "VzwyfsfwrpqQdxpuxmDqarkcjpBgr", "properties": {"instanceId": "XwmfgrnhwgvDlbyfigYyhz_QW_0", "clientIp": "129.146.158.17", "clientPort": "0", "requestUri": "/ko/pqjtizc", "ruleSetType": "ISMEB", "ruleSetVersion": "3.0", "ruleId": "920300", "ruleGroup": "920-MECJVMWE-MEUYFWGIKEJ", "message": "Hkfwgmp Hopkmvk oz Gjwyvq Anvfft", "action": "Upbgnnh", "site": "Wvhssp", "details": {"message": "Mdzzqge. Pcgms mc \"ea BwqoaQayHoa Bqbubmz\" fxytjnc \"SWIVJJF_AUOKJOO:Dbug-Dxtcr\" zbzcpmfg.", "data": "", "file": "gwzpj/KRRLVDD-920-FMYOUZLR-NOBTIXTWRVK.jchg", "line": "1247"}, "hostname": "tzkpkdphtvwuflfx.wdf", "transactionId": "3963167674233543559"}}, {"resourceId": "/JZUUKNBQNFPJM/0Z3TT9KY-6FJ5-4S0V-E452-X032GO8LD133/YLMAGPPSRJPODB/DAOCDYGLZEWJ901/HXWOUBWXI/ZSWDHPQSW.QXJAWUV/NQJXCZEDUWHNOPHIUVH/WONDSTXW901", "operationName": "NditeygyklxHwhjkbkZdazpytg", "time": "2020-01-02N05:36:31.0404607F", "category": "RylnciepxqfPmftfopKmpsldunSgj", "properties": {"instanceId": "OjduwpyhzguJmeyjvaDzcm_LU_0", "clientIp": "129.146.158.17", "clientPort": "0", "requestUri": "/op/koayxoi", "ruleSetType": "SHHNE", "ruleSetVersion": "3.0", "ruleId": "920300", "ruleGroup": "920-XIFZEYLI-TQMPCKNJWWF", "message": "Bzrwyhc Asjhnty jv Hytsrv Klsemu", "action": "Qchqtsb", "site": "Eqfmpg", "details": {"message": "Tjdooqy. Hkven wm \"xu RemsnXxnBte Espdczl\" iyttoyw \"GRUHZUM_THQHPMU:Bico-Gybko\" fkfdsuli.", "data": "", "file": "kmvrh/JKMCPAD-920-BCWOQNJT-WXDEUOOTWJO.jsez", "line": "1247"}, "hostname": "cvsqljwrfbfaoyuj.ezp", "transactionId": "14483576403771027256"}}, {"resourceId": "/AIJEDZVCCCYEO/0K3AD9YZ-6JJ5-4W0T-G452-G032ZV8ZI133/HRZUQOWNTCUNDF/CBXCICNSEFYN901/LDDHVUCMQ/YKVOHLSXG.BHHRUTV/FQQCXAPOKBOYWCIXLAY/ONAVJBKR901", "operationName": "ReyhdztjjxsRirrjxeBekzpuad", "time": "2020-01-02V05:36:57.7510044A", "category": "UzwztajpxybXcjmjvtZsusapcxCzc", "properties": {"instanceId": "OzjhcsukutbKphjnthPiow_DX_0", "clientIp": "129.146.158.17", "clientPort": "0", "requestUri": "/wpgzwa.buk", "ruleSetType": "RQWOW", "ruleSetVersion": "3.0", "ruleId": "920300", "ruleGroup": "920-KNJNAASP-HQNBUNUPCFJ", "message": "Eawmkuq Sbbjpgm tw Lknwib Kmmhya", "action": "Blkhdki", "site": "Yvmyli", "details": {"message": "Iozcefq. Cxkti sz \"wa PgghrCotWll Uaqzszm\" fysyukg \"SQOGBXN_TPIWKSB:Syzz-Dzuil\" ywxcmpjt.", "data": "", "file": "dpfwh/MXVMXHV-920-GMELBNFP-NIGYFWBFFFX.itcj", "line": "1247"}, "hostname": "eufmsiuuicwj.vud", "transactionId": "3963167674233543567"}}, {"resourceId": "/LRVBDKAJYZLOL/0R3WU9JT-6PO5-4N0E-P452-U032TT8KD133/INGYBFOUPWQCHQ/SPIPOLLMNEHV901/JPBPOVVYT/OLGTSCJVE.IFYGQWO/OUMDOVXKTSCPXNIIBPO/NOTAJHAS901", "operationName": "VkaerewkdceZwyoijrLqhlajpb", "time": "2020-01-02H05:36:58.1134541Q", "category": "QwbvnvwvkjvWegbzsdNuhwkpgsXhm", "properties": {"instanceId": "QxinarcuxjuYvwnmjjIjpk_KE_0", "clientIp": "129.146.158.17", "clientPort": "0", "requestUri": "/faercm.gbi", "ruleSetType": "SQGDX", "ruleSetVersion": "3.0", "ruleId": "920300", "ruleGroup": "920-LMWBQODT-ATRPCAAAJZB", "message": "Jlhvllz Yuocqga mr Ptivkf Wfkizc", "action": "Afdyako", "site": "Opxtfg", "details": {"message": "Nvwxevy. Spiof st \"uy HgqyjNaqQlp Babxkej\" tdncxnd \"SPDOFUG_VJHNALK:Jqlv-Qlhjl\" howczhco.", "data": "", "file": "idzjm/KRKNYKH-920-DICLTKFM-IHZJPKVVKKG.nphr", "line": "1247"}, "hostname": "crelvgcilzqn.rbs", "transactionId": "14483576403771027268"}}, {"resourceId": "/YCSYAOPSJFPYO/0B3MP9PJ-6NZ5-4G0P-O452-O032UU8RK133/MIHBDIGQZDYXVP/OWQEPJXBIGSM901/BZIOSYCTE/BCACJPGJZ.PQEEIGN/BFMGUGKETZDURUMLQSO/TZDCHUIO901", "operationName": "LufqdftzjegYgeqihqRyfpperc", "time": "2020-01-02P05:38:25.3217956G", "category": "ImeizjszswkAtjmkdfGogykguoVul", "properties": {"instanceId": "VetwxduqsycIhjafsaXmdx_BK_0", "clientIp": "78.106.169.40", "clientPort": "0", "requestUri": "/", "ruleSetType": "YFGNN", "ruleSetVersion": "3.0", "ruleId": "920300", "ruleGroup": "920-XECNHPTP-CTTZIPTWYSX", "message": "Umkxcoh Tuyppex ou Vvlnna Vwfyoj", "action": "Vsdqyfz", "site": "Cawxgp", "details": {"message": "Kelslxr. Vhhfp xd \"ke CtkrpNxiItp Lzzcfcx\" buuxgta \"KVGBBFG_IFXJYLZ:Slsm-Uyuim\" kwfxbbhm.", "data": "", "file": "eybsw/IOSKSER-920-UFBOJDXR-QVRSGZBVSTK.lujr", "line": "1247"}, "hostname": "wauykqkqkndpwhnw.wi", "transactionId": "7133701811902368035"}}, {"resourceId": "/QZUEYMELYOTVJ/0L3NL9WH-6PQ5-4P0K-J452-T032UC8JT133/WBUFXDJYOTKJWV/QYYAAWVFIPPF901/CPTAAFHYU/JARZKPQUK.ZVJCPUQ/ERXSAFDKFILBIFZONRO/NNOMBJBK901", "operationName": "VvczlxwdwrpTyianqmOtsxmvce", "time": "2020-01-02A05:38:44.6211387L", "category": "VfijtxnqdftMpiqqciZjmqxsfxXum", "properties": {"instanceId": "XazhqgejmfaUkcymxnKecp_AG_0", "clientIp": "209.29.4.43", "clientPort": "0", "requestUri": "/", "ruleSetType": "FHCYT", "ruleSetVersion": "3.0", "ruleId": "920300", "ruleGroup": "920-EYYOWLXQ-QSUJAKPHMYI", "message": "Kfshtxh Ubzjrdy jd Czjxhz Qsezwb", "action": "Pfyhamo", "site": "Jzfduo", "details": {"message": "Hsltydl. Cnjom fp \"xo TssiyAslYux Pbjwefz\" jnlrhml \"AIOYBGQ_TODTWTI:Dtvc-Mbnad\" jrimfoin.", "data": "", "file": "bqqly/CUJMTOE-920-KSYBQMUN-MORTOMQFXYJ.jldw", "line": "1247"}, "hostname": "qusyqyuiahpwvcyq.sd", "transactionId": "2449962597483579474"}}, {"resourceId": "/NLUIGZUBBOJZP/0G3YX9KQ-6EA5-4K0O-E452-G032KN8JA133/TANQQJHYHEJYIV/UUQTYUFFVPZP901/JAMSRPKZL/DDZKUVMHC.RJDBIOL/TBFDCJRMESPDKIMDGBZ/VYQYNABO901", "operationName": "NcmfrfrxbmxAnyntqvKbhlgteb", "time": "2020-01-02D05:41:36.3269518N", "category": "TblfzgeiakfVjnqkwjGuebmwxnDge", "properties": {"instanceId": "DujmmjmmshiTylshjpXhbs_PX_0", "clientIp": "211.249.40.10", "clientPort": "0", "requestUri": "/-/fxxkb/Xoksioz-Rlgrovuh/Ztffip-Eupcfykeok/nujkzsdk/bztys-ixjrz-joey.lvz", "ruleSetType": "VOWQU", "ruleSetVersion": "3.0", "ruleId": "920300", "ruleGroup": "920-LZAQTNGI-IQMIHTZYLZH", "message": "Lkyrmwm Grcxjrs cr Rdvjcp Ykiypt", "action": "Bippqzu", "site": "Brkrwr", "details": {"message": "Encicqj. Grcrj dd \"nv TfftbUvqVjk Uewbgwa\" slvsdgb \"SPBSWXD_FSUXCJI:Wgsv-Dootd\" apkrafln.", "data": "", "file": "gqofb/XTIOPXA-920-ASAXHQPH-PZAHTZJGCEQ.kmtu", "line": "1247"}, "hostname": "shxkhdybocvnpmxf.jqi", "transactionId": "7133701811902368083"}}, {"resourceId": "/MFHMVWGTDAKHX/0T3EH9SK-6XH5-4D0C-W452-Y032YW8ID133/DNEENHXFLLZDYY/MTQCUPWTGSJF901/JOCXNARXH/JAUIKXQYR.XOYUJYL/KQSIOPXAFDIOILYSKTV/ELKELLKA901", "operationName": "CgrpummztxaLhhnqkkIwlgnnwz", "time": "2020-01-02B05:41:37.1597808C", "category": "VmddvlcpguhIbmkmrqGobtelegVhj", "properties": {"instanceId": "VlzrwifgtvpQjnjjvaUbcs_XY_0", "clientIp": "211.249.40.22", "clientPort": "0", "requestUri": "/-/kphnd/Hiszasg-Xuaqdura/Pswopg-Zrcmxjidol/rxizklql/sljyh-guati-xzzo.cth", "ruleSetType": "ZFFXW", "ruleSetVersion": "3.0", "ruleId": "920300", "ruleGroup": "920-JXSHFUEO-QCGHESBRAKK", "message": "Umvlily Pmqvcwv ot Rpdbqu Mvxtcs", "action": "Djljwao", "site": "Uepvsz", "details": {"message": "Udhjbtq. Ppqgy xa \"eq JmwfcNsjHte Fqkvbtu\" elkotpi \"VAIZGIL_LPQGMXW:Xxfx-Eynzl\" kzymeuab.", "data": "", "file": "pvuag/GWDOICE-920-ZNAJDEJF-WJMSXJHWMZH.tmwp", "line": "1247"}, "hostname": "mhbyxlvswjjnkgwf.szd", "transactionId": "7133701811902368085"}}, {"resourceId": "/UYQADJXQUUWVK/0V3FX9XS-6UV5-4G0U-S452-T032VL8SQ133/TSGMISTQKDPDXC/SJZTGSGQFVNF901/ZEVQEKXLZ/YSQUWUWUE.DSOCTIE/JFSGXFOECKDZGNRPHSO/OEVLXCQS901", "operationName": "UhrenjxnuxtAeilrlbHsehrirr", "time": "2020-01-02Q05:43:02.2872572B", "category": "DqtfqdkpdfgBfpftlaWbaqfxmvXhd", "properties": {"instanceId": "BzmhxvccdxuKshwlpzIpfm_LX_0", "clientIp": "52.9.240.36", "clientPort": "0", "requestUri": "/-/ovspt/Xgjaild-Pdxevbon/Fymzlvsz-qwf-Ehnkrfwyx-Yppvkyo/Rchiwx/xtzoxe-ssgstbz-flkfss-wlq-qktwxcz.kjrz?o=250&y=444&we=qt&pd=lmxqia&vged=90658KO6I1N3182B802807UGP81G6K66QEA31585", "ruleSetType": "EHSMA", "ruleSetVersion": "3.0", "ruleId": "920300", "ruleGroup": "920-WCXRPIPX-FBXJNWJEAQE", "message": "Hukjstx Xfvglxh di Gfdfvj Yahevb", "action": "Tlaeabb", "site": "Pbfwcx", "details": {"message": "Pimfrod. Pcjfr jb \"ee CutxyTbuIjz Itakcdv\" rewdagc \"FLKXKHV_ATNYMNB:Lhah-Lejuw\" upkkotio.", "data": "", "file": "yxuam/BROGKDV-920-IJKPCAWE-XTSGKSYESBK.ksju", "line": "1247"}, "hostname": "eongdmydqmcmlyxe.gyk", "transactionId": "14051235237589956751"}}, {"resourceId": "/PWPPWOLGGOJHT/0L3ZJ9LG-6TK5-4W0Q-I452-M032PW8LO133/KVMXYKNWTSYELE/KKFJEQURGMYY901/KIGEDOKPX/HBXGTZTCW.QSPCDCE/EKLMVKFWQRHMMLQXPPQ/MZXAHCSH901", "operationName": "GfndjmypyfjHozketfXbwsblsa", "time": "2020-01-02X05:44:49.2614089G", "category": "WumabkooqrfIuvsdjcUexucphnEge", "properties": {"instanceId": "NffgbtyuchwYrcuampLmir_DK_0", "clientIp": "216.123.208.30", "clientPort": "0", "requestUri": "/", "ruleSetType": "SLKEH", "ruleSetVersion": "3.0", "ruleId": "920300", "ruleGroup": "920-ISJWEVIZ-NOHXSUHTVLH", "message": "Mjwgtlf Ylxaexy ue Vrgori Jmfimd", "action": "Deojuab", "site": "Ohjvlx", "details": {"message": "Ksvalvz. Opxym mx \"ac GhgvpMwmXxp Gqixbbi\" uufeylp \"NZXBZOG_KQHRIIF:Cctj-Ikqqd\" gnleblut.", "data": "", "file": "xozmg/KQNDRUJ-920-AVTYZZYH-BFDGHLRVYVB.vewl", "line": "1247"}, "hostname": "ekrrwekupkswaseq.kp", "transactionId": "13258597305126238435"}}, {"resourceId": "/WEXLIMXUUDTYL/0X3QH9GN-6XI5-4G0P-O452-M032IV8IB133/GOLUHIJPTCXPHV/VGOTZGPLLATU901/HEDYCJOHW/YZUDMEHQM.KWDOIPR/PVJFDYNJTMDSGUUJJCG/WUAAIUTP901", "operationName": "VqtqwiecmfkMpnvrljYlavrgtz", "time": "2020-01-02O05:45:18.5968532O", "category": "YytiuqpdsyqPlvtlcoWlkskrbnRgz", "properties": {"instanceId": "DqmbzqspnljYhqnyjpUizh_PT_0", "clientIp": "66.160.140.183", "clientPort": "0", "requestUri": "/cyxeu-wd/jqtjbkysou-iwru/rwvvw-rxcqyccvdq", "ruleSetType": "UITVV", "ruleSetVersion": "3.0", "ruleId": "920300", "ruleGroup": "920-COPDUDID-KZOPPOYIQQC", "message": "Pbkxrnj Vktgski wh Pgkbvy Emyhkd", "action": "Ohjaywg", "site": "Kgaxdd", "details": {"message": "Qtulufw. Bixye jo \"ng HzqvpXqtCmy Hegdlze\" vjdusod \"ERKOXPC_OFUHJTB:Hcgv-Brlkc\" whwhljjn.", "data": "", "file": "tajlq/ESFEWWJ-920-BCXDHKDP-VRMGWWHSTEP.gdxs", "line": "1247"}, "hostname": "xvwrcqeqdevmntqv.wxu", "transactionId": "14843873170053682223"}}, {"resourceId": "/MAZKNKOFVTFAD/0J3QK9AX-6QS5-4W0H-J452-N032MM8LY133/FILVPOWAQMWSRQ/IJRBPGLFNFIN901/DHKETJYXM/VGTVGLUIH.YGDABLV/KCDCLVCHOZBZHPIOUOF/BMDITBCE901", "operationName": "HqqaoxodmclAwmwsecXddglhfb", "time": "2020-01-02H05:46:50.2970082O", "category": "QgibearfnqgWpwyffdDypysvgzQgq", "properties": {"instanceId": "CuunuivuqqtWspphjkUsfm_OK_0", "clientIp": "104.131.15.13", "clientPort": "0", "requestUri": "/ssxkiwd/", "ruleSetType": "PYBQC", "ruleSetVersion": "3.0", "ruleId": "920320", "ruleGroup": "920-ZIZWUVJN-GGKGZXWZLTR", "message": "Xnhzeto Jonm Stiwb Muwfiz", "action": "Apjqapk", "site": "Ddrzmq", "details": {"message": "Slxuzsb. Milddulb XY wvcdfax 0 ef MLMBBCP_MWMXHPH.", "data": "", "file": "iasqh/DTHQULV-920-QBLVHVPJ-WJKVSMSFOCM.hmaz", "line": "1310"}, "hostname": "wlirwujrcjlvnrdi.jrg", "transactionId": "15708559900462291953"}}, {"resourceId": "/NJOEKTWTPKBDD/0J3FJ9RY-6EB5-4D0S-N452-A032XO8JG133/HZDCFOGRWZMNIA/AVXEXJNGMXVP901/IWYCNFPNE/PPUSCFDXN.YRCYGBV/HFTEOLSQFGZACNAEYJM/IYIKSTHE901", "operationName": "NtevlifwcggNiwmuvlYcismmqi", "time": "2020-01-02O05:47:38.3982442O", "category": "CdktmopvtbtRgvlpmeAfzrpqsaWaw", "properties": {"instanceId": "PdbarwyxywsLjwqqqnHpxo_XJ_0", "clientIp": "23.96.59.35", "clientPort": "0", "requestUri": "/404", "ruleSetType": "JJUVM", "ruleSetVersion": "3.0", "ruleId": "920320", "ruleGroup": "920-SBHLQPJP-HLTUVRKDNVB", "message": "Kkkpnuu Gqtg Uduad Yxnoij", "action": "Npujqii", "site": "Deysuw", "details": {"message": "Bwlaeqc. Kumdbxmc IE swbykny 0 nd UOLBXIW_FROJNZW.", "data": "", "file": "dqarg/IOAOZAJ-920-MFIYRAVX-NOXMUZKATHF.fygz", "line": "1310"}, "hostname": "rotjhdfubjwhyccn.qww", "transactionId": "16573255426963934597"}}, {"resourceId": "/IRQNGAUSIZRDQ/0R3OS9WQ-6LN5-4Z0J-D452-K032IT8QY133/TUZUDXFCJSRRQJ/OZPPUJRNGXWQ901/XZSEBHAWF/DRRWROBMW.KPJZEBC/GHQDLJIGDYAEBZCNSMD/OMPGYITH901", "operationName": "XgqgmljnkkyVtijohrZbvjybrx", "time": "2020-01-02K05:47:38.4923328T", "category": "JtfbjgfbzypHilxkghGncofkgtVkn", "properties": {"instanceId": "VdfgmdxqahjNqdoqvzVvec_WP_0", "clientIp": "23.96.59.35", "clientPort": "0", "requestUri": "/404", "ruleSetType": "LKGFU", "ruleSetVersion": "3.0", "ruleId": "920320", "ruleGroup": "920-TBJOAUIW-OLKEDRUAGFC", "message": "Rxtouhe Lphu Ccwkv Cqqacu", "action": "Npezdja", "site": "Sjxyyo", "details": {"message": "Pkidked. Qzuuukkw FG aybuflh 0 ud ARUVXHR_NTCHPOQ.", "data": "", "file": "egngc/YYVRLYX-920-ZGIJQGLN-MLPWANIAKIC.twjt", "line": "1310"}, "hostname": "ciqrlvaesjwpnjwi.lvu", "transactionId": "7061644217864454072"}}, {"resourceId": "/BRGATFFFNNIUQ/0Z3SH9TV-6AW5-4V0E-S452-W032FR8BS133/XOHTQFDJRTGXHJ/JRUKQDFAZRBA901/FIALGESPL/IVWCSAHSE.KGMJXIE/MVZNCTUCWPWVEMWXNTE/HTSTLYWM901", "operationName": "TreugzsgodaMsvryuaPumsguzn", "time": "2020-01-02R05:48:04.8088914N", "category": "DazojjyejyiBogcgfbKdvskuchRgv", "properties": {"instanceId": "BkftpjwbnsjKfklzumPvxs_ZU_0", "clientIp": "129.146.158.17", "clientPort": "0", "requestUri": "/ykjdiz.hye", "ruleSetType": "LFSUW", "ruleSetVersion": "3.0", "ruleId": "920300", "ruleGroup": "920-CYYOIZVD-FCTUOUHEIRB", "message": "Wimkoko Tdzaxtj wa Rqnsli Wsvyca", "action": "Ttjqvpy", "site": "Cihdhz", "details": {"message": "Jkkknsx. Jhkij js \"ns ItmrxXxlQoi Wklipvj\" eiwgzcb \"FRSBSAE_SYEKCFJ:Ixrp-Qqclk\" limqfzrx.", "data": "", "file": "axrsz/EWMBOXJ-920-HYCYTEWP-LKTXEXHDWDB.pyur", "line": "1247"}, "hostname": "jrrffiwllycvkutg.qir", "transactionId": "15708559900462291971"}}, {"resourceId": "/MVCCUDWSRGMVY/0K3YS9HI-6QH5-4E0Y-N452-W032RX8XW133/MCNPJMNRREUZEK/YJREJJNSDWDV901/CDIFTRZSD/VYUAVHTTN.TWEOSCU/OWSIODKUEGFPLEQKJDL/ITTCYYTH901", "operationName": "UnsxajxpgxqUhfqtbfTwvveejo", "time": "2020-01-02D05:48:05.1586864I", "category": "QkkgnahhqdbXxohegoIbyqtvhjAzz", "properties": {"instanceId": "DvrwbxlklmlNbktjodDadg_VO_0", "clientIp": "129.146.158.17", "clientPort": "0", "requestUri": "/lygebe.pcx", "ruleSetType": "BFKBV", "ruleSetVersion": "3.0", "ruleId": "920300", "ruleGroup": "920-QKQPXUHR-MPAUYAGNFAO", "message": "Jzghcyc Ccmfwpd xd Etggyl Lmcozd", "action": "Gpclmnw", "site": "Atayps", "details": {"message": "Agburgw. Upldn vx \"eh WalecCnzDui Dvotpuk\" vtqluxg \"WMTKUGG_ZZYTLAN:Ebxa-Fxbtb\" yifzpaqx.", "data": "", "file": "krgmh/BNWSFCX-920-MAGGGZRV-QDPHNGATJKZ.rxhg", "line": "1247"}, "hostname": "igqxigaitzdviffd.pdk", "transactionId": "4827863200735191877"}}, {"resourceId": "/HHPXNUEWEDCPZ/0O3FI9RH-6FV5-4H0H-G452-Q032NP8RZ133/DSHYFHENDDJQBF/HVRAAGHXZYUZ901/MXRIOBQOE/DDYUEWEKM.JLNRVNY/DCHCBJYFSUHXMIRSDTH/BOOZVOUN901", "operationName": "GuyuashqufhAxcrssoVdxqcspv", "time": "2020-01-02K05:48:05.3214607Q", "category": "GwvinrkfoufMtrcjrcBwmnudicZhe", "properties": {"instanceId": "UrtoppranyuWbhzadtXkel_NL_0", "clientIp": "129.146.158.17", "clientPort": "0", "requestUri": "/pmeluvvv/ycfti-amlogerply-cvs-oskgqypjbcd-duwjajwj", "ruleSetType": "PBJNL", "ruleSetVersion": "3.0", "ruleId": "920300", "ruleGroup": "920-YZMZVRRG-JFJSWGLZAJK", "message": "Yvzpcub Qblzmyr lz Gjiwjx Jkuyaj", "action": "Tuwabgn", "site": "Lppsup", "details": {"message": "Dsyxyfs. Ocmev gn \"dw EagbfEmmSkw Ocfvjvv\" moxkzur \"KYKFAOU_EYVZUCQ:Ntpb-Bemdw\" etkztfuv.", "data": "", "file": "axmrz/KURGRLR-920-UXUYZFKD-CVRHHJKANWQ.wrov", "line": "1247"}, "hostname": "dmbubetxdfpbqvah.glo", "transactionId": "15708559900462291972"}}, {"resourceId": "/VKRGRIZCZESGH/0L3VQ9RE-6DF5-4F0J-O452-N032NS8RV133/OBOUDJQCQEMNWL/JPOYBLOPABWA901/NZIEJFUYB/ARHHTUCVL.UBDGHIH/NSZHGLNFTFXCQWOGGSY/YYGUQNVK901", "operationName": "YjymwwhbarpMygqbqfTpbgyxbf", "time": "2020-01-02B05:48:05.4681937K", "category": "IxqgsthoxiwLkbsslpWkjceqrdBph", "properties": {"instanceId": "UvxuppxuxuzDkklgieVkjp_XG_0", "clientIp": "129.146.158.17", "clientPort": "0", "requestUri": "/vizqwshm/mxsrt-egsfroufvz-wwy-vidalkgfyra-wcawyjib", "ruleSetType": "PJVTZ", "ruleSetVersion": "3.0", "ruleId": "920300", "ruleGroup": "920-CEZZZGDG-IHZZUSGUSKH", "message": "Phiwxpa Elvague md Wlijwq Zyvrve", "action": "Vvxfywo", "site": "Cffofn", "details": {"message": "Zbugcww. Uvqrz xy \"yf JvjybCboXrk Lotaidp\" mmqqrdv \"HZXNBGI_BFVFAZG:Jiml-Vagrd\" lrsfynup.", "data": "", "file": "ppooz/FBODYYV-920-ECRNDSJF-QKATYSQYMIP.weor", "line": "1247"}, "hostname": "rbglhojehfbtrswc.nzh", "transactionId": "4827863200735191878"}}, {"resourceId": "/TYEVSAFWFCMXC/0X3SQ9IN-6LO5-4H0R-Q452-J032AG8KA133/VIUWNAOCSSPRJI/WNZIIBHKSBJY901/HZEQMGQZE/UPZMLOFIQ.UBGBIIM/IDSBPXKAFKKKVLQCKMZ/NBUDMTJX901", "operationName": "EnqvakflmhbRgebtqmTznhlggm", "time": "2020-01-02R05:49:15.6049674G", "category": "OarpzkshcrvDmqpzvsYbwlghhdYbx", "properties": {"instanceId": "OhsbbhsvsxvBwxqhunZfjn_GJ_0", "clientIp": "129.146.158.17", "clientPort": "0", "requestUri": "/sfxmm", "ruleSetType": "MTOTV", "ruleSetVersion": "3.0", "ruleId": "920300", "ruleGroup": "920-UISMAMXJ-GLJWNRRASGI", "message": "Lfbkuog Yciljst oc Fzsnfk Dvqpsa", "action": "Rvwydxx", "site": "Epppoa", "details": {"message": "Fjvvuoq. Pihgp xv \"sa DqifjCvwWor Gwvdslh\" yydaqam \"PJTMXNZ_IAJTUCV:Gzwc-Upxvq\" abahkguz.", "data": "", "file": "dgxgh/UJDNBZX-920-NGIAWZFW-TZBZEEAUPYF.lmbj", "line": "1247"}, "hostname": "iebvpovpfvqfnajz.trw", "transactionId": "8430738504585061203"}}, {"resourceId": "/VZHDKAEBGDEKO/0E3XX9UZ-6DK5-4E0W-Z452-P032VK8QT133/KMGYVXXJDOCLSE/TSAEPBMPIKGG901/XNDCLXKXB/DRDDGLLRB.PIYLDKW/VWQHNQCHJVUTWPVBKGZ/XJRFLOMJ901", "operationName": "RclqepodcrdCfilijlCrwketwa", "time": "2020-01-02M05:49:15.9719476S", "category": "YlrzjehcqdsLhwqimdUwzrrkpsMjc", "properties": {"instanceId": "LaazljkfafwNgfvsmeDaqn_WD_0", "clientIp": "129.146.158.17", "clientPort": "0", "requestUri": "/fpips", "ruleSetType": "GBUDB", "ruleSetVersion": "3.0", "ruleId": "920300", "ruleGroup": "920-FJBIAZBM-KVDDIUWPYSJ", "message": "Kifnmnj Eocmetq rf Npljrc Najqzj", "action": "Bgeivaf", "site": "Wabolw", "details": {"message": "Qxetaqj. Aiogf lg \"gq KnfsyGhpYue Vgshyxp\" cdcvykg \"KGSDKMZ_QBBWWMQ:Jfsy-Wklgx\" xqhjoyvv.", "data": "", "file": "lnaxo/FZRPVHG-920-WNGUDEVQ-HKCDZKOUYIU.wpdi", "line": "1247"}, "hostname": "vhjmkugkuiughfzw.kwb", "transactionId": "17798230127562203598"}}, {"resourceId": "/TGILSSUBZKGJE/0Z3YR9JJ-6RS5-4R0H-K452-G032FH8NC133/CIJADWOAEHGBUG/BQYBGQBORBFS901/SDPRYZATN/JDQYJULKV.VWVRVSZ/IIDNMZJWFLUUHYAIQCT/YUTHNEKA901", "operationName": "TzeinhfwmsuAjvzunwKeemlniq", "time": "2020-01-02Y05:53:58.0018387O", "category": "KcmdyhsnyjsEjfilgpMdfmyprpOri", "properties": {"instanceId": "HnivvjxzojaVneohngJlmm_AI_0", "clientIp": "209.29.4.43", "clientPort": "0", "requestUri": "/", "ruleSetType": "LFHLT", "ruleSetVersion": "3.0", "ruleId": "920300", "ruleGroup": "920-XSQIIMEA-RGVRZJSSVUX", "message": "Wnobqhi Ncgxnse kx Jzuufc Kcyhtd", "action": "Frxqqnw", "site": "Ptqlpo", "details": {"message": "Ridddib. Vrazm yi \"ny VcvoaAuwYqz Oualmsp\" hkwywtp \"IYBKXKG_RVCBBOF:Bwtv-Mklwq\" fossecsz.", "data": "", "file": "gbxae/ACMENLO-920-JXZMRQZH-SXXYLVRKGUL.khkk", "line": "1247"}, "hostname": "yvskjjoyxungeych.uq", "transactionId": "4827863200735191924"}}, {"resourceId": "/DZDPTDKCGMBAW/0Z3XN9BI-6WJ5-4G0S-T452-E032VB8VT133/VUJTYGTIRFZFEJ/EUHETPWPJHGW901/RDIFRZMEE/XAHUAFHZF.SWPMHSQ/MLJBWKRAYYUPLJWTUPT/SXWHQUKG901", "operationName": "DnrgwenpgkfTkbyuhrIjofivsu", "time": "2020-01-02V05:54:31.1591835K", "category": "TrvazppmvrqYnbrisfNmougsgqPhb", "properties": {"instanceId": "IclhquvouplVdeymbfLvju_PW_0", "clientIp": "108.174.5.112", "clientPort": "0", "requestUri": "/rk/gtsfh-ie/xmgpv-ytaqnrlhj/wummzixnuj", "ruleSetType": "ETTWY", "ruleSetVersion": "3.0", "ruleId": "920300", "ruleGroup": "920-HXJRHAQS-QEXGWIOSIWW", "message": "Hyobfiu Vsnwpbk wc Fkdhce Trlffc", "action": "Jjmlwvb", "site": "Jqcdxu", "details": {"message": "Ghjhfuv. Vtowv zz \"ax TxajgOlpAsh Msscakq\" bxbjqgh \"LHNPMLA_VOPWTFK:Yora-Tdnpc\" wkodgwyv.", "data": "", "file": "ncaxw/FFGOSJW-920-ESBYCXBC-LXXGBUWUPUW.rwlt", "line": "1247"}, "hostname": "uotljglgqwwnmncw.gqj", "transactionId": "15492387118348528914"}}, {"resourceId": "/UCPPNEQGFQHZJ/0Y3SS9JU-6HU5-4G0K-D452-I032FX8TJ133/VTHIOVNBWZXBLB/TSJOERNPDITO901/QJKEJZHEE/DUKDDZHHN.WQLNAOT/PTXXYXGDYIDUOVVSLGU/JNTQYTPW901", "operationName": "IneyedwyniiUeekprqDehsnenn", "time": "2020-01-02P05:54:31.7249695C", "category": "GbbonysxttaUgwmryfKmnqesatUbd", "properties": {"instanceId": "TqqqlniadpuOhcnachMffu_GV_0", "clientIp": "108.174.5.112", "clientPort": "0", "requestUri": "/lrdzf-ii/fkqfo-gsykeoeeb/yqnqvnahov", "ruleSetType": "JHGKJ", "ruleSetVersion": "3.0", "ruleId": "920300", "ruleGroup": "920-XDUWIEBD-OCNKLYWZQTI", "message": "Mleqijr Drgmpuu eh Pdetbm Mvuani", "action": "Xhzwkzi", "site": "Jwkvkf", "details": {"message": "Cpljczn. Yeoyy ty \"tf XzkruDieNcq Nkeixvh\" uxomzck \"PUZAUOQ_UYCUCID:Rxku-Jhyjf\" optwnvxj.", "data": "", "file": "hswnt/MFUMCNR-920-MFXZKRRV-SAQGKLHXIDW.rbxj", "line": "1247"}, "hostname": "zicjiofpyakwerzi.fvf", "transactionId": "2449962597483579542"}}, {"resourceId": "/MCLZSPCDAGCAQ/0E3UQ9CJ-6LP5-4I0H-L452-B032VG8QH133/SQWTZIASVVAETM/LOZPICYQPWWJ901/EEDLOMQGB/WGINHIFJN.LPKKIFE/IZZPWLWUKIGVNDQXYUL/KSTCUNGF901", "operationName": "UgxxrobxfzbBhuvtfqAtfwsuoh", "time": "2020-01-02B05:54:35.2015456C", "category": "LrbhuvkmqqxOuzbdecAeojcunuNlu", "properties": {"instanceId": "JhrrpkcpdmvBljwcvmVwyu_TR_0", "clientIp": "23.96.59.35", "clientPort": "0", "requestUri": "/404", "ruleSetType": "JMIVH", "ruleSetVersion": "3.0", "ruleId": "920320", "ruleGroup": "920-YHHEMIRF-XZAXGMCVMEU", "message": "Zthvuim Quyj Qnufa Zjcmnv", "action": "Krgvrou", "site": "Dhzvbj", "details": {"message": "Xpduyhh. Zkbxdvit LK uiigcgv 0 if FMVPLPZ_SBDXMBB.", "data": "", "file": "uzczc/XKEVIMW-920-NIWKBHKX-TEBHWZWGFTW.rcsu", "line": "1310"}, "hostname": "ywdzwulhhvqvrzzb.zwc", "transactionId": "216177182307793468"}}, {"resourceId": "/WKJHRPQKBTSQZ/0H3KT9JF-6RE5-4D0F-I452-L032UL8PZ133/UHISWYFRUCZGTK/HZGHBEEFEUGP901/MFESTAWME/APXJSFTYC.VTOXDUO/MLGIKPSDEXGWVEACTCH/HKIXNYHX901", "operationName": "QeyiykjhpddDlnahqlAjgildhq", "time": "2020-01-02B05:54:35.2652991G", "category": "OgiafyixrkiDvqgojzItngaoqxMlo", "properties": {"instanceId": "HgervrmznwiQbxyypqWvsr_FG_0", "clientIp": "23.96.59.35", "clientPort": "0", "requestUri": "/404", "ruleSetType": "DUOAW", "ruleSetVersion": "3.0", "ruleId": "920320", "ruleGroup": "920-GHVRIJWO-CUUHLAXSNSZ", "message": "Tefzjdi Rdnj Tqzyb Wimtny", "action": "Ngurnnz", "site": "Xpyncc", "details": {"message": "Nbmsjtw. Bjubnkzv MY jioyusr 0 np IGUQSVJ_CWCSJAV.", "data": "", "file": "mgsbq/MZYGSDZ-920-DCTYZSLR-GHJSOTPNZPO.dhhu", "line": "1310"}, "hostname": "jfhgcibqqhzqwpew.kks", "transactionId": "13618894071408892624"}}, {"resourceId": "/XORCJLCDWDUBN/0G3JN9VV-6EM5-4V0J-W452-R032HK8BC133/KTHKNDRZAUXVMZ/RQJUVVAAOGJU901/KLWLTVXEW/EFYJSDYOI.SXRUATP/ECACADRZKTUBOYVNGWP/EZOIXGGY901", "operationName": "NyzcwqekurbHobcfkrQwppaiox", "time": "2020-01-02O05:54:57.7210642G", "category": "JviiaprlnhkYfminslCsfmghupSbs", "properties": {"instanceId": "JlfgqqukeciTdwzrceMfrq_ZX_0", "clientIp": "185.220.100.254", "clientPort": "0", "requestUri": "/niuic-hf/dpiclwuhezhuc/eobzouock/bzelsmvus", "ruleSetType": "WOKQU", "ruleSetVersion": "3.0", "ruleId": "920300", "ruleGroup": "920-GASEUNVZ-SXNSEUOKPDX", "message": "Zykfven Cexalkm ev Edjlcc Dmrgmk", "action": "Rkbrtlh", "site": "Craecf", "details": {"message": "Ufmcuqu. Bvxao kl \"fw BuwahCfwMvb Sjxsbdh\" kjclswq \"MZVLKOX_ZQEKIYA:Hkgs-Jvnqr\" awkmnnor.", "data": "", "file": "xsioi/JHKGSOB-920-QFEZUAHC-PLXHVJVJPHA.uhic", "line": "1247"}, "hostname": "mupfppuqfhafgkvw.tfa", "transactionId": "6773418239759239738"}}, {"resourceId": "/DGWNQTTACDCSK/0K3XY9IF-6GF5-4A0K-M452-Y032SV8SN133/NJPIOPWGIMFJMG/LZWNBZAAXUDF901/XUYRVEBUW/WJIOENTGC.ELVMJSE/MLQZXFQDUEBLBORALEW/IUXHHVXG901", "operationName": "FejvtanbeudEtjzrlgCtiozmxd", "time": "2020-01-02J05:57:48.9550092D", "category": "GwfgddvrcbdBoxohrhQdesivfhVtm", "properties": {"instanceId": "VjeckgiofqgZpdjdubUgrn_PD_0", "clientIp": "101.200.184.110", "clientPort": "0", "requestUri": "/uvpyd.ycy../1.znc", "ruleSetType": "VBUCM", "ruleSetVersion": "3.0", "ruleId": "930110", "ruleGroup": "930-HVWOVOUBVMB-MWENAI-PYZ", "message": "Itck Pvfszgaod Dqxrxn (/../)", "action": "Bpvkpxm", "site": "Jezlbz", "details": {"message": "Ulibvpk. Yoresvv dmbhvy \"../ ...\" sz GQKGQQL_GUR.", "data": "Peyfzpv Rujk: ../ zeicb xucieo VAEJSXW_SXO: /pppju.udu../1.elq?", "file": "aiiat/WNUPMBJ-930-UQJONGTEZCR-VAGVOE-OTE.yapv", "line": "75"}, "hostname": "mpgwjgmwupqphgzj.xke", "transactionId": "16573255426963934650"}}, {"resourceId": "/ECXCAKFQZAXEA/0G3NI9DS-6NN5-4U0W-M452-E032LG8ZJ133/VPEYSPEXQNWYZB/YWHZZZNVYMTM901/JCEMQIWJB/AEUBPXVBZ.QJFYQAM/KLHAENSRUHAIKCCNRIA/OZPMFXKR901", "operationName": "DkhnqavjxlwKxaozyuTziqshis", "time": "2020-01-02D05:57:48.9550092J", "category": "OvtjfshygquUtmwhhcJwfvbejbGmj", "properties": {"instanceId": "BytppqklzpdJqgajrcXink_QG_0", "clientIp": "101.200.184.110", "clientPort": "0", "requestUri": "/kdkgr.rfw../1.iza", "ruleSetType": "MKHPK", "ruleSetVersion": "3.0", "ruleId": "930110", "ruleGroup": "930-CGUWADGQAWI-NRQFJO-ZCN", "message": "Sqxf Zkwgjaovn Enrxam (/../)", "action": "Ibinzxh", "site": "Rprnoi", "details": {"message": "Zvlwvbc. Yejhrwa gftmcc \"../ ...\" ni YGCCRNG_FJD.", "data": "Dlqtqwv Wlig: ../ lfevr ewhaff NHWZCHZ_CTD: /blaop.wdy../1.bkh?", "file": "zgpui/XWWGLPE-930-YVZVMOPDPQU-SPWGEQ-WNT.lcfq", "line": "75"}, "hostname": "hnvqtvzubfzbyvxo.tfa", "transactionId": "16573255426963934650"}}, {"resourceId": "/OMKPLCUTCPSTE/0A3GQ9KM-6AT5-4A0F-F452-E032KX8AY133/WAKUAFRWDGFNJG/MGWBGUWLMZAB901/JOQYCOLLX/YTULMQQKH.ZKAJFAF/HXJJZOIYVTXAEIYEHEW/AMJPGPYY901", "operationName": "PsfzwqgmfgrNmzmlmuBaxrugyp", "time": "2020-01-02Y05:57:48.9550092C", "category": "EnrnxxkxgzhXtfvnniXbcfdjumGse", "properties": {"instanceId": "WnipyynqwvjAricsdbLuwt_VV_0", "clientIp": "101.200.184.110", "clientPort": "0", "requestUri": "/aowlh.wqz../1.xmb", "ruleSetType": "HRCWV", "ruleSetVersion": "3.0", "ruleId": "930110", "ruleGroup": "930-JRSZXVWYOEI-IHVSSD-TXQ", "message": "Qmcs Hpmhmtjdp Rpubel (/../)", "action": "Erbfyhf", "site": "Mqbwqf", "details": {"message": "Qctusvj. Fhgimam jledfl \"../ ...\" mj TIDAZXQ_ZHBHCAY:E-Ltuterve-PUT.", "data": "Xxydxhm Jvfx: ../ hdjkz yshwok TYKVQOX_IJNIWSF:F-Gibebuxq-SME: /mrkci.jad../1.gzc", "file": "slevf/NYULSLH-930-QUCMEEDPQKX-DOJTIC-IRU.pjwu", "line": "75"}, "hostname": "brdxuygwldlfekye.tde", "transactionId": "16573255426963934650"}}, {"resourceId": "/VNNVKTPRABCVX/0F3FF9NK-6NR5-4H0M-R452-M032KV8BW133/MNNZQJZJIVJDNL/BAADLYNPTIWX901/GZIKBVIBO/PCFKMXYKE.KSFTLAT/UQIHQJUKDTDMJZUFLWT/LEJVECEP901", "operationName": "BzvteikagkqHcncjkbPplxaexm", "time": "2020-01-02Y05:57:48.9550092A", "category": "TlvqxpmoxwbAcbfocvPocjcbmeDdv", "properties": {"instanceId": "MtrgxnvcatkEbnrxkpNdtu_BT_0", "clientIp": "101.200.184.110", "clientPort": "0", "requestUri": "/ttvgu.jdn../1.rxf", "ruleSetType": "SJUZH", "ruleSetVersion": "3.0", "ruleId": "930110", "ruleGroup": "930-MUAIJABAGSB-BKDNDI-HYC", "message": "Wwlz Ekbyjizjh Pnpsdt (/../)", "action": "Dncmlna", "site": "Oextiu", "details": {"message": "Ufdkjvh. Juexdpo tedekq \"../ ...\" ef BPHJCKZ_VHXKXIP:Q-Mctavzsb-SIG.", "data": "Hqyszga Fkio: ../ ireah jzmaaf XMMZSCU_MAPHNYN:E-Xmquvqic-IFY: /ypxqr.jiu../1.vmb", "file": "nmpku/KIDZSBV-930-QICMAIVBRWV-EBGXUD-QBU.smlm", "line": "75"}, "hostname": "xwrlkfnyjvjdnnsz.ocp", "transactionId": "16573255426963934650"}}, {"resourceId": "/DATNJBVFRBSYU/0L3TX9QW-6SV5-4F0K-O452-A032OR8HG133/EQMIPMQOCGDPQP/ZQZUCBYMGUFA901/MSJBTTCIU/JYDYWYCOQ.GYPPAIL/WFJPMYHGPHPUJFJJCJW/NKVARDWL901", "operationName": "YwxtbkintdhEgraanfBvsmlfqz", "time": "2020-01-02C05:57:48.9550092P", "category": "LcxtyhvachfPqbljlzUjaasesrQrm", "properties": {"instanceId": "CnzgnpkvrcfZszmgobLfmg_ZV_0", "clientIp": "101.200.184.110", "clientPort": "0", "requestUri": "/afobu.pbx../1.ncb", "ruleSetType": "YEPAH", "ruleSetVersion": "3.0", "ruleId": "0", "ruleGroup": "Eajrvfh", "message": "Cohwtyubt bwzw. Dyeyrp ia enabwcuj. Razahbx Xshetbd Wmzko Mfywaron (Gugnt Yhaaj: 20)", "action": "Refmevq", "site": "Rojvsu", "details": {"message": "Syffqy amssyv swai ybxx 403 (elkcg 2). Qjxoecmn US deaocgn 5 lw HV:uwmpwmg_yfusc.", "data": "", "file": "jiwrv/KFTOFTZ-949-RHYZMDCY-HPJQMNUZXE.okgu", "line": "57"}, "hostname": "xpcwiqyjupeuhtie.akg", "transactionId": "16573255426963934650"}}, {"resourceId": "/YXHAMABLATIYB/0W3KS9GW-6HH5-4F0Z-M452-O032KR8QM133/CMLHCWIAXBKKII/ENQHTGKWRBKP901/YMUEAWVLE/HLRXADLYN.SVJMUMP/VHCIGRFAVUYUNVTDKWH/HOYPDVPF901", "operationName": "EtnejoeqsqiHoczauhCqjrexfb", "time": "2020-01-02U05:57:48.9550092U", "category": "CuthboewujfMlrhlcaAwvoplcdJam", "properties": {"instanceId": "XxxflzwgodeBuvibgbIdaa_AU_0", "clientIp": "101.200.184.110", "clientPort": "0", "requestUri": "/apwuq.vfv../1.mor", "ruleSetType": "UATCV", "ruleSetVersion": "3.0", "ruleId": "0", "ruleGroup": "Wicvdvd", "message": "Vdlmeymnm jbqu. Gecfjg ho hmmnxhna. Acykgov Ydwcxns Ysxtg Ytfvgyyk (Qghcs Lgzpori Vweki: 20 - WGSX=0,NGQ=0,NZY=0,XYX=20,HMB=0,SXWS=0,CHPY=0,OVDV=0): Qkvl Jtnekydoj Pblxrn (/../)", "action": "Cdsqgar", "site": "Lrykyi", "details": {"message": "Zbmoukd. Klxgezvw MJ jtnfscm 5 db NC:trwslgn_yhghbtq_gidgf.", "data": "", "file": "vjenj/EHHDBYTS-980-MVGIMOMOMAU.eldx", "line": "73"}, "hostname": "dmgvqopbwhhwoysl.umf", "transactionId": "16573255426963934650"}}]}