{"logs": [{"resourceId": "/OYSCGPCSNMXGG/0W3AX9PU-6NF5-4N0D-I452-F032ZC8DX133/BNBEOMLFNMEZSX/SLUQZMKPPTBM901/YNWJOOZSL/JPHHCFGUK.IOUPGWP/OIVRDROOVQKXHFOGHRC/YRWWDMDF901", "operationName": "YifxbwquppsItrlcuvOsxhmsab", "time": "2020-01-09W15:00:53.6625287A", "category": "WvbipmqfkgyHelmftoMghfascnRrc", "properties": {"instanceId": "HwxsudoeubxOpfjojzDsgt_VX_0", "clientIp": "209.29.4.43", "clientPort": "0", "requestUri": "/", "ruleSetType": "PSPZS", "ruleSetVersion": "3.0", "ruleId": "920300", "ruleGroup": "920-AYEJQHAT-AASGITMCGBY", "message": "Baykrmv Dbmnfas tk Durhhu Fniqnl", "action": "Jgbxklb", "site": "Pnqcbj", "details": {"message": "Cuviyoo. Jqrlc sy \"af CukovYjmHzk Jcizqle\" ptbzxmd \"VRBPBBR_YVDYYBA:Ewfc-Czhyl\" hywiuach.", "data": "", "file": "zkiga/LJWCLPU-920-NVYNGQCH-PORYOVHXIXH.ohsx", "line": "1247"}, "hostname": "kxncbwxfgkelbbqk.st", "transactionId": "2305843011361183528"}}, {"resourceId": "/XFMDMCTMPAPKN/0N3RR9DY-6ZT5-4H0S-K452-A032VZ8BV133/DMGKCCAAYSYIIW/PWOLNLKWAXIJ901/KTKRMYIHT/RQOAYTCPQ.LJPKACC/JJETOMMMXDLSOQLZRLO/NNZYVKHP901", "operationName": "PsnqlsopowpSbflthzJksibyxs", "time": "2020-01-09C15:01:30.0917048O", "category": "NflpunowufqXcjmpeoMqeupkyxEtb", "properties": {"instanceId": "PvcoqeydobdIbafresTrny_GO_0", "clientIp": "209.29.4.43", "clientPort": "0", "requestUri": "/", "ruleSetType": "GNIKQ", "ruleSetVersion": "3.0", "ruleId": "920300", "ruleGroup": "920-HUXELFUJ-ILQQAMUWGUW", "message": "Pzxgadj Uemljze ie Frhngn Lrvzpb", "action": "Oybgwmm", "site": "Pxjgmo", "details": {"message": "Dbojvea. Cswwu wa \"ne MqgykUrgXaf Hhlkdpf\" fhrxbzv \"GILBHNP_AKROROQ:Qzzv-Ymusa\" ummsfsfw.", "data": "", "file": "mrhre/DBVRQIF-920-BCHYKFZX-NYAQMJWELCG.husi", "line": "1247"}, "hostname": "qyvtbezukdgewrwo.id", "transactionId": "8430747300678074527"}}]}