{"logs": [{"resourceId": "/EAVWLDSWDNHRY/0P3EP9NW-6IQ5-4G0E-U452-E032LU8OJ133/CLCZDZITUUJPKM/SJYKQBLFEBOB901/NSATNNFVL/HRZLXYLQM.PHYSCBP/FZZWXGSYAYITVCORQJF/ZESUIOUL901", "operationName": "OwctyyclyrzMrmtypwCvxaprze", "time": "2020-01-12G08:00:04.9676947X", "category": "JlgwrxqzuqrDcabiuoXdzmimfdJvk", "properties": {"instanceId": "MbbxzhlgeyfKelvueaJmga_KX_0", "clientIp": "34.198.170.138", "clientPort": "0", "requestUri": "/-/tiewq/Rzevjly-Vcscbkfy/Njkacd/BAN/Plkwybmz/CQGQ-Wnlhbdgm/Vcnqqdmhz-Auowerchkekao/Tcvxuenv-Znxj/8000-005.rvly?op=uh&idpq=89M45KP9643S2W6981GZ4R196J5NG692IY215F20", "ruleSetType": "ICHGS", "ruleSetVersion": "3.0", "ruleId": "920300", "ruleGroup": "920-XLVHUOGC-JCAPYKQOQDF", "message": "Souzcyo Ryvmsia th Gtqphx Fpffro", "action": "Uhovklp", "site": "Lucgfm", "details": {"message": "Ilelpzn. Nbrxi mo \"zu QeuqjQyfPdq Dijtmzp\" lkmyfmp \"IANNNVO_TLLFYDI:Joyf-Ulmcv\" dwdfzenx.", "data": "", "file": "nlhhn/TPTBMUJ-920-BNQBBOYB-BONLYNWICHW.ydjv", "line": "1247"}, "hostname": "eptgjinsbuhazlyt.slq", "transactionId": "16645304224908845690"}}, {"resourceId": "/JJWYUKUMNXRBA/0O3UC9HW-6UZ5-4U0G-X452-N032XQ8JN133/DWGSBPYSUWCRWL/LYKEOPLRXRCQ901/GLWEOUGIQ/KOJMPAYIV.YXXOREN/WKIOUXMXZAXNTEQPXFC/YSTUIYBZ901", "operationName": "QfuewyoaycgZhnnexpTaojowsf", "time": "2020-01-12K08:02:10.6684857I", "category": "SigvzmtwvdyJcujebhHklcymdjXto", "properties": {"instanceId": "EmyebzbeliyKipxxmwTqhl_PT_0", "clientIp": "23.96.59.35", "clientPort": "0", "requestUri": "/404", "ruleSetType": "YCNZC", "ruleSetVersion": "3.0", "ruleId": "920320", "ruleGroup": "920-DZLFSNTJ-VFCCVHFDMAI", "message": "Obpxwqq Gipt Lhcdg Myxzah", "action": "Cyxwvhf", "site": "Mvgoni", "details": {"message": "Fouwtsx. Xkoivoye YT rxzmogo 0 wv UTIHKDG_OMCIMLA.", "data": "", "file": "wpqcj/ZRALNII-920-ZHYQPIVJ-UZNBJPTGXQL.jvkn", "line": "1310"}, "hostname": "hiocxypbsijgbwik.tss", "transactionId": "15348267532226143417"}}, {"resourceId": "/CWNIFLNRPPTOP/0X3QM9RA-6LL5-4P0W-T452-X032UP8QZ133/JCYQOCWLKAAYWH/MYCBQZPWESER901/HAIQKKMIP/DLTZJIAJM.XQANSTP/MHCFOZEHABBDNZCIHWX/BPYWIGHH901", "operationName": "KaxsrwcytczYbvxlifBfanlwtx", "time": "2020-01-12N08:02:10.7502677P", "category": "EcbvnslkruvTvcxdygDmgqhqgyDwz", "properties": {"instanceId": "TtvhqhippliPyvpzecDaft_DE_0", "clientIp": "23.96.59.35", "clientPort": "0", "requestUri": "/404", "ruleSetType": "KULCL", "ruleSetVersion": "3.0", "ruleId": "920320", "ruleGroup": "920-RIDFBQHT-HJTAINNUSEH", "message": "Jjjizpd Guom Wdlll Ebmkha", "action": "Wxqvjcn", "site": "Hdedxg", "details": {"message": "Iomzxzd. Vthexhgh XN dgnusrt 0 rw BPJDRXP_ICLBRNA.", "data": "", "file": "nqjge/SCGFOAK-920-SJIETDVN-XKKJVZGAVKK.zkuk", "line": "1310"}, "hostname": "hwqdpcotyvdwvlnm.spi", "transactionId": "12393906176671093681"}}, {"resourceId": "/PEZMUDSIZJTZH/0K3FO9XF-6UY5-4G0S-O452-F032VC8ND133/KXBDOPWIVLLAVU/WUYIWTFMPJOB901/ZYQLLQTNF/NDAXYHSUE.GHUKHJY/VTUWWXVIRKZACHUILEW/SXFKBULZ901", "operationName": "HgcmqogyqljEcembqfQajfehei", "time": "2020-01-12J08:02:10.7502677S", "category": "IfzmpnuhvcuTozrposXztaxjnnZzt", "properties": {"instanceId": "QbizsqmgeudCrkuejkLwia_YX_0", "clientIp": "23.96.59.35", "clientPort": "0", "requestUri": "/404", "ruleSetType": "HSKQJ", "ruleSetVersion": "3.0", "ruleId": "920320", "ruleGroup": "920-CEFEWXBH-MGYWYOMKGZK", "message": "Etpwcsk Xgxt Rbsem Ymmkqa", "action": "Djagzuv", "site": "Pqhppf", "details": {"message": "Yjhiddn. Xxsaufcx HO becipvn 0 hv LOJBOFN_RSKHFGH.", "data": "", "file": "sjzne/IWLIXYL-920-GWYZGFSM-CVNHNIGUKJX.fjii", "line": "1310"}, "hostname": "bokdxuzflhmufwao.wmt", "transactionId": "4179344854393817126"}}, {"resourceId": "/ILPUEYYWNVWPV/0O3IF9CR-6LX5-4J0V-K452-X032PZ8WO133/ALIVZTAHJPYGRU/BBFIHAKZSBMW901/KSBHUESIZ/XKWPZYSCF.OKUKZAM/BEMUJQWJQFHDYJANVHJ/KYFFCMHE901", "operationName": "PthbqnozqmsYhgrsmfYugzckjm", "time": "2020-01-12R08:02:10.7934596I", "category": "EwxhjlvbxskJkowenjOgxcjovaUuq", "properties": {"instanceId": "JflhdfhdcvfIbkauldLzij_RC_0", "clientIp": "23.96.59.35", "clientPort": "0", "requestUri": "/404", "ruleSetType": "QAFLT", "ruleSetVersion": "3.0", "ruleId": "920320", "ruleGroup": "920-FGRAPFVP-KGJRYSGSFZF", "message": "Tjxgjrp Hmba Ivhkd Yivtvc", "action": "Atcddge", "site": "Rrftpc", "details": {"message": "Skijpay. Uuqsjvdo NG vmxujyg 0 po MNMNLMZ_LSTEPIY.", "data": "", "file": "xxjyq/TBDDTAW-920-ZIYUENYM-KRPDMQADTIK.xsex", "line": "1310"}, "hostname": "mnhgoccmskszfqrh.lpy", "transactionId": "6629298653636866693"}}, {"resourceId": "/CMKBMYSADAYWM/0H3BJ9LV-6RJ5-4W0I-N452-V032JG8BR133/SVXAPMDUUMHFMK/IXPWQAUPSXJU901/ZJYSDNMYH/DXTNBYTQR.FMLCDHG/QEJQGSMACUPBTBOLHNF/UHBBRVTW901", "operationName": "WvftyylovmcYyzknqbCxopxgow", "time": "2020-01-12O08:02:26.7919550A", "category": "StlfkwnzejoNmxhaouZnnrifzaJwi", "properties": {"instanceId": "TwxnaukbzayXuxpfgeIxal_RS_0", "clientIp": "35.230.15.1", "clientPort": "0", "requestUri": "/-/igtmp/Qzjpnbp-Prrjbuqa/Dckvg-wax-Xinroytxxn-Ahjwvsa-Pzjukqx/SFG/Hkzzpvagj/eucbi-ogh-78-joz-kffcwl-plhmvzkia.nppc?oy=ka&imgx=NH0S5556262V6T6624471JQ9W24Y2L77QK2744Q0", "ruleSetType": "VZSMJ", "ruleSetVersion": "3.0", "ruleId": "920320", "ruleGroup": "920-IXTCZRUS-ZECUNVAVXOA", "message": "Vrltdcx Xmbp Gynzc Zslluc", "action": "Qwqfioh", "site": "Lpwlvg", "details": {"message": "Kybcbgy. Becjnjum SW orohpsk 0 km FGYCYKR_BITMXZO.", "data": "", "file": "msuyj/LRCZWII-920-MEMZYTWW-MUPXHVHPUHL.pfvc", "line": "1310"}, "hostname": "wxdcwdbpxcpjbpej.rbx", "transactionId": "11313051062195193661"}}, {"resourceId": "/TPGCTUAAZUDEZ/0S3QK9XX-6NW5-4O0L-K452-L032OY8YK133/VWUIRXLPCYFDQO/OSWPVKDYLJBH901/LOIYJBIHZ/OKVVUZRIF.WJHMGZB/HIHEEWSYCWLCLOIHJTM/CFJLBHLV901", "operationName": "SgrtmqsyxgcSqpnzqpDxpgedhj", "time": "2020-01-12J08:07:37.8279688G", "category": "HzspzgjgmqaKbcblrgGdvgudbtQda", "properties": {"instanceId": "XfqgjukozfsEexvbxeSzhk_XV_0", "clientIp": "46.119.175.129", "clientPort": "0", "requestUri": "/-/gljne/Lrpkdwr-Xwistsad/Reeal-vra-Vthyaevloa-Prbjekg-Tfmfshj/LXJ/Czjgm-Zlocd/", "ruleSetType": "JNYDK", "ruleSetVersion": "3.0", "ruleId": "920300", "ruleGroup": "920-VWHKAWED-YCPCCGUDOSM", "message": "Sswahgw Rtnqopk jx Imhzhb Saqbbd", "action": "Vvhdlyy", "site": "Afzwdu", "details": {"message": "Otprqzq. Okiid bt \"wo UgkwwOvpMmp Jphbylw\" bqkaklh \"TIHJGXU_DVNNPET:Ytrd-Spbhd\" nnzacnse.", "data": "", "file": "dzqtg/UNXAQAI-920-KNZDYYSA-TODGJIHVYWV.edon", "line": "1247"}, "hostname": "rhpykecklfbnivbx.ypx", "transactionId": "11313051062195193706"}}, {"resourceId": "/YCRBQDYWPTUTW/0R3LU9CL-6KG5-4T0H-S452-A032LT8HH133/CPLXCJTREFZJEM/WXEGMVJAERXO901/KUSTVQLSG/JGZTBYEQI.KZIIHWY/XQIFYSKLJMWJYDYZVPL/THZCQFWB901", "operationName": "EkljmnjnswsRblulqqXvapgqjq", "time": "2020-01-12D08:07:38.4493985R", "category": "TxtjgxxzbkiQjljtvgRstwsisqOgh", "properties": {"instanceId": "CzysbskmzwqKbmpdddYdwo_VV_0", "clientIp": "46.119.175.129", "clientPort": "0", "requestUri": "/-/ipwty/Rqcckyh-Lpybhqab/Fnwxk-jrg-Bwlqevdocs-Zenqfyy-Kjajqwk/WSY/Epcwl-Ofhpv/", "ruleSetType": "DLGQE", "ruleSetVersion": "3.0", "ruleId": "920300", "ruleGroup": "920-UCBXEZZH-IBTYWFYWAYX", "message": "Cxwsxoq Hchjygk hr Lpxlik Dgdltx", "action": "Dglipgv", "site": "Tzbiqq", "details": {"message": "Gbaljov. Rqwgd ua \"ep CikvrSchYyx Bhtgdbr\" szmmxbl \"LVTWXTB_OHTPOEO:Wdby-Hwjcp\" vlmfueck.", "data": "", "file": "vjqsw/EPOXFNC-920-LEZFKHYS-PBMCZTCJAEK.yehs", "line": "1247"}, "hostname": "pfydjocwdibayriz.jwn", "transactionId": "11313051062195193708"}}, {"resourceId": "/WPIKDKMSRFVQX/0X3IC9IE-6KT5-4T0K-K452-K032ZG8DU133/WHDULXFVHARYYG/NKAAJAFOPKBP901/XLEHFPCST/SPSCVBLYP.RFAETPW/ONLVGUEONBIQBPQDCDY/LMRXSZCA901", "operationName": "QncacelcssaTumwfemRvjycsfd", "time": "2020-01-12E08:07:39.1492884W", "category": "IhraqpgropoDodonrkKwovflemPjm", "properties": {"instanceId": "GalqjjqobsjEbwpkurVdrw_PQ_0", "clientIp": "46.119.175.129", "clientPort": "0", "requestUri": "/-/sxwoe/Lxictug-Bocynksm/Radwj-euq-Umwxpvtyzw-Qmckywy-Kdnrrqh/IXP/Zflxl-Wbuuw/", "ruleSetType": "QBDGJ", "ruleSetVersion": "3.0", "ruleId": "920300", "ruleGroup": "920-DYQNVKJR-CZNJOOVPOJZ", "message": "Ctbrhnm Unojbuo hu Wfhtqe Xavwbc", "action": "Nneqftk", "site": "Necgwb", "details": {"message": "Hjusxkn. Bbhgr ud \"mc TsivuHcdNrr Halztot\" rznojec \"UUEVSER_JWPPSJK:Nvou-Xkshx\" binkuigx.", "data": "", "file": "idrkj/MITRAPX-920-FTUJSRMH-IEVLPGJBCFE.ziss", "line": "1247"}, "hostname": "ctezqdnatpwxngxz.pyg", "transactionId": "11313051062195193710"}}, {"resourceId": "/APMZXPABJZUVK/0L3JP9QF-6GR5-4K0Y-D452-Q032ZG8WD133/EIIDXTENCXAQVC/WPDDEPXBSIUF901/TEXDBOJGH/OVZEWLXJA.LCIFCJL/PECTDQBKLFCBKAXMFAB/JQHQFOHX901", "operationName": "OeefxeixataPdiiayuTgtkavwe", "time": "2020-01-12L08:08:26.5452955T", "category": "WusicuszarpBixvjgnNooamluvVqq", "properties": {"instanceId": "WwgydmkjraxWvmqxezCcfr_EC_0", "clientIp": "23.96.59.35", "clientPort": "0", "requestUri": "/404", "ruleSetType": "VBYEH", "ruleSetVersion": "3.0", "ruleId": "920320", "ruleGroup": "920-LNUMXOAI-UPURTVBQQJI", "message": "Fkwpzom Jjaw Nxcay Pqfqzt", "action": "Btladxq", "site": "Rgfgyz", "details": {"message": "Fefzzzr. Qftuialt GX vcoxuox 0 ye VKTVIKD_PGTANYV.", "data": "", "file": "gcbio/BCASCVP-920-QYRDEKII-THNUSNBQORF.mpfb", "line": "1310"}, "hostname": "zqxxlcjmlgojxvec.mqi", "transactionId": "8430742902631566148"}}, {"resourceId": "/VIYKGMYAQRWFF/0H3PP9SI-6TO5-4M0S-K452-H032HM8OA133/YGPSXUUATXQFTH/TRQOPBGUPBPY901/QBGRUVMIN/OLPAKXLSC.ATROQFV/DVTPMWJCYCHBJJPCVSF/UPDEYNMH901", "operationName": "IhnxcvemugrSbqctegNdyodxij", "time": "2020-01-12B08:08:26.6082699F", "category": "EtbgzypeqykQiojztcXlotetunHji", "properties": {"instanceId": "JteuujsfcgtPfzimyoSkun_BX_0", "clientIp": "23.96.59.35", "clientPort": "0", "requestUri": "/404", "ruleSetType": "AZNYT", "ruleSetVersion": "3.0", "ruleId": "920320", "ruleGroup": "920-THEQSNGI-VHPYOYBCTZW", "message": "Yzmlptp Yjbv Uyyrz Tvvhqz", "action": "Vucwcik", "site": "Sivibs", "details": {"message": "Fnewtpm. Xhphqxzv FZ oxjdflt 0 ii HYKYXVH_ZGFEIEG.", "data": "", "file": "sbqva/KZHNWXG-920-LEXVJKMT-IAGBZDJEYKU.xytl", "line": "1310"}, "hostname": "tieocnkmztklxvxi.ryj", "transactionId": "14195346027619289756"}}, {"resourceId": "/IQLQALTMWPIKC/0N3YU9DT-6MS5-4E0I-X452-F032PG8PX133/OXGZZZGXPSYCAV/SNNMGKRSIYGF901/FWYSBHKXN/BAHSWJRRH.GVQSCGS/ORUSPVEICFKSRRMOKAI/MPVTUKXL901", "operationName": "FzsysrgubspNjbybsmKxlurvpn", "time": "2020-01-12O08:10:41.0720061H", "category": "JjhudqjgbuwSfgnydwRvmrtvamSun", "properties": {"instanceId": "TdiodasfrsiUiyocpmKivi_YQ_0", "clientIp": "199.59.150.180", "clientPort": "0", "requestUri": "/izmfno.oju", "ruleSetType": "LXKAJ", "ruleSetVersion": "3.0", "ruleId": "920300", "ruleGroup": "920-FZKYZGXX-PDUIYSFAKBC", "message": "Nwtghfx Jsucugr wy Wudtde Nyvhnb", "action": "Gkmeezb", "site": "Xoflxr", "details": {"message": "Ybxvwwp. Bcvwe za \"yk KsebtLrfMrm Yaxylyl\" btyffpq \"LXTWWQL_RTJIYTW:Fymv-Sjqza\" yzbkayxp.", "data": "", "file": "kpoae/NPYWYDK-920-DECYQGVR-QEJCFIIFRKY.rqpb", "line": "1247"}, "hostname": "ngwtfbvvqulcnqua.to", "transactionId": "7926339744366075208"}}, {"resourceId": "/FBYPYJGWMUJEV/0G3LX9UN-6DL5-4X0N-R452-V032YA8TV133/IUAJXOLCPKZOFD/AQRMFMPGKYIR901/GEFSEWXSM/AUJEVGFGM.GWVZUVL/RUJCOQHZJCJHXUJRSHI/TWNHBNZK901", "operationName": "EwtppkfqumjBlqjlweBmjxnvru", "time": "2020-01-12N08:11:31.5488759I", "category": "NvbrlvrbmbtLdplyklTkitcpopXbt", "properties": {"instanceId": "YunfjsvvjuiQdopphzLtco_JZ_0", "clientIp": "128.8.132.236", "clientPort": "0", "requestUri": "/", "ruleSetType": "AHDQS", "ruleSetVersion": "3.0", "ruleId": "920300", "ruleGroup": "920-KSPWXGFJ-MLJYIFGXLGX", "message": "Kqselhy Gfammgt te Onunyd Dmsmoi", "action": "Esugovi", "site": "Telvpd", "details": {"message": "Lsuczet. Ktfqq eh \"yz IgbvzNpvAxu Suysewo\" tudlvyq \"FGORMXY_OSHKMMB:Siqn-Dsxkl\" drnrkpil.", "data": "", "file": "slhaw/MJFOFXC-920-EFACMECY-TQMYBPRFYRE.mglp", "line": "1247"}, "hostname": "qsfzbqtealaecpkw.nvn", "transactionId": "8430742902631566162"}}, {"resourceId": "/NOKDSFWUDFIZO/0I3UV9ZH-6IU5-4U0E-I452-U032YW8ZC133/TWDWSFLXDNBSFM/TOFKEBRUWSTL901/GGREKOBBF/VOLXSFULO.BGCJXCG/TYLEAWLWQSKCGFJSWHN/USSVSVEO901", "operationName": "JknmzjbpofsTqopmswOalwutmn", "time": "2020-01-12N08:14:23.4896577L", "category": "ChrebgoglbsDmetuvtJoghydmiIvs", "properties": {"instanceId": "IvdxndrduqiVuyxhtrIggy_SO_0", "clientIp": "178.137.19.29", "clientPort": "0", "requestUri": "/rl-YT/bowge-nulzkizruy-tndvhaoyvxae/", "ruleSetType": "RDDPC", "ruleSetVersion": "3.0", "ruleId": "920300", "ruleGroup": "920-AXQLRNBD-QQIJHPTTXJZ", "message": "Ecfftdh Vmegxak dy Nragbz Vavjwi", "action": "Khpfdtw", "site": "Hvbymy", "details": {"message": "Nesxlxs. Fhyil qk \"rw VqaoyLptUyy Igbifxt\" kmquhqd \"ANVWPDL_WFUJHAL:Mjgp-Ebufh\" gyapxdpr.", "data": "", "file": "ikwkg/VVWLLPO-920-UXQJRDZU-NHLLBXBKSKN.ndtv", "line": "1247"}, "hostname": "woclwyohutvaxwye.km", "transactionId": "4755801208650735900"}}, {"resourceId": "/IENORFPABKHAM/0Q3SS9CR-6UT5-4A0L-G452-X032NL8AR133/OIESJDHFMIDGMH/XHWAYALBYDOL901/BGFRPVHVF/CQHPDQIPH.RJGIKXX/UYVXCORCPHOUENWMUWJ/RBINBKEY901", "operationName": "LlzpjidkuxqWpgaehfPybytmth", "time": "2020-01-12U08:14:24.1150955S", "category": "GlziljnlzdqVwdxxxcTdyzlucsYfr", "properties": {"instanceId": "UvkyjdticrbWpfiaonUivi_LA_0", "clientIp": "178.137.19.29", "clientPort": "0", "requestUri": "/qe-ZQ/cduiv-yardmvnyfq-hemgjxcfkxjj/", "ruleSetType": "YLFAR", "ruleSetVersion": "3.0", "ruleId": "920300", "ruleGroup": "920-CUEYAODH-ROBUHEXIXEL", "message": "Unjrrli Ynxhvry oj Mivyqd Mtqqxn", "action": "Ibndjav", "site": "Ritqvd", "details": {"message": "Ubpawwb. Ivzsa bc \"wf FqqvzBtjWpr Ogeftxj\" jawbwml \"ZXXCPHQ_RBOVUAE:Wgqf-Phawl\" ubigpsro.", "data": "", "file": "angth/PUZPQXZ-920-TODLLXEH-TOQVMNZNWTP.ozjy", "line": "1247"}, "hostname": "viplffuwbbghrprc.jx", "transactionId": "4755801208650735902"}}, {"resourceId": "/MBMGGUJUREZRO/0H3EX9IJ-6RI5-4Q0N-J452-Q032EJ8VH133/KIIINBVBAUJMXK/MBIEWNQMDTHW901/GLETLPOPC/XOUBPHIJO.FCZTTZZ/DDNULQNNGIZQSMKDEZF/JQJBKGHY901", "operationName": "FhlmktcyljzWvcksceTcbfbfau", "time": "2020-01-12B08:14:24.7352137P", "category": "KenujakvrriPehkppjCoeolrhbDru", "properties": {"instanceId": "OtnekqpasycTnlzgcsDjai_BC_0", "clientIp": "178.137.19.29", "clientPort": "0", "requestUri": "/ig-DS/xwznz-eacrudylya-ryachpyhyqsz/", "ruleSetType": "SGVPY", "ruleSetVersion": "3.0", "ruleId": "920300", "ruleGroup": "920-GCPWMXBS-MRRLPHOBRPX", "message": "Uzzauyh Wryypet ga Kliztl Rfigmp", "action": "Wrfstts", "site": "Mzuilc", "details": {"message": "Xsfyqkx. Pyaqs rr \"xx TjzdmBaeDqo Cuypyqr\" fsfrfmk \"LMLBUBZ_KPJWTCW:Zywc-Gkrik\" szmjfymq.", "data": "", "file": "mynml/VICLNQP-920-ESKJTUZB-UZREIJAOATU.mmjx", "line": "1247"}, "hostname": "sktlbpemyppoelqc.hm", "transactionId": "4755801208650735904"}}, {"resourceId": "/TZIDHHLYJDYDH/0F3RW9MB-6FV5-4W0T-S452-A032TW8WV133/IBTXNTZTUHHBUZ/QFGBIRDQFCIW901/TZJGEJUDZ/CBSOCDPOL.RGQILON/FAESEGPRSDOCJAHDKEM/KEAPGVWV901", "operationName": "TtwhuqmgnmaSvhgyvkKtzjjffo", "time": "2020-01-12I08:15:58.1015269O", "category": "TnfeoorjlmkRggmgjiBdlvibtcJuz", "properties": {"instanceId": "GtmdcjiaeecMmkpsqpHczi_EW_0", "clientIp": "199.58.86.206", "clientPort": "0", "requestUri": "/nspbam.yem", "ruleSetType": "UDIUT", "ruleSetVersion": "3.0", "ruleId": "913102", "ruleGroup": "913-FOGLYXS-PYIZPZPKE", "message": "Tcodr Jqjs-Riqyr xkbpwviosj ceor fki ladadoz/lta", "action": "Khcflui", "site": "Uxuzex", "details": {"message": "Bcyipjc. Yhhfefm qzxmfi \"JC12nye ...\" do ITWMONL_YBEGWTU:Vlta-Kooux.", "data": "Pkfpasz Yhdv: EV12rgh mibbi xyaple FLYNSKD_WTUITTB:Ktti-Dsbso: Gbrwfnc/5.0 (uugfwagmbt; PU12zqu/j1.4.8; frxc://vs12fpl.ymd/)", "file": "ghhqg/SPHLGDH-913-TWGEFNL-KUFKNXKWF.zbwp", "line": "196"}, "hostname": "qtydloqrcpllyskg.nxi", "transactionId": "14195346027619289801"}}, {"resourceId": "/DWNIJPDHZUMXE/0J3GK9ZQ-6KZ5-4L0W-L452-Z032XA8KH133/XVYKBCECTJZDUH/QSIMVVHISGTV901/TWKTQGYLB/BVSXTXLBJ.BSWGDGU/UQGBJEIOTQCQNNVFCRG/OKTOGBUJ901", "operationName": "OgeypovraagSsnidxzZjlujfvm", "time": "2020-01-12Q08:15:58.1015269P", "category": "UraxekyirrxTmpwnkeKdspjquqPij", "properties": {"instanceId": "VvvnyajcytrZghiycmDdoj_DO_0", "clientIp": "199.58.86.206", "clientPort": "0", "requestUri": "/mrdvme.xmz", "ruleSetType": "JHEWB", "ruleSetVersion": "3.0", "ruleId": "0", "ruleGroup": "Winsnfz", "message": "Hqvssobyj dfqs. Dootwj fs inawmfkt. Fwhgqur Nxubvff Bssvg Zgutmswa (Qxmwc Wutuu: 5)", "action": "Jugrbkm", "site": "Lrbphu", "details": {"message": "Kihvzk yiuwvv gwzj gaxr 403 (twlvg 2). Bwbktluz MV eubkwuz 5 ri NF:ekqprrh_jxxzz.", "data": "", "file": "lebpy/NMAYQMD-949-YDHTNMOJ-MPHHANDNEI.kyyh", "line": "57"}, "hostname": "aqwemudqseczhbcw.gpv", "transactionId": "14195346027619289801"}}, {"resourceId": "/IEQCJKQFWFZSI/0K3TG9AX-6YR5-4O0D-E452-L032OK8LP133/NKFXQJRWDSYEQP/BECNPKGWPMMT901/YUMBBWTLI/NRMVXIUQO.SRGPIGS/KHYXYWJQWKPMEAYSPZY/WSDZLDQY901", "operationName": "QivffzuksekVmkzsjtOkgvlkvu", "time": "2020-01-12Q08:15:58.1015269B", "category": "CguacpfrjdzKyprkwvOnjcetxaQql", "properties": {"instanceId": "NendbuscrdoIoaxampMipj_VL_0", "clientIp": "199.58.86.206", "clientPort": "0", "requestUri": "/fsxuwx.lvc", "ruleSetType": "LTXNW", "ruleSetVersion": "3.0", "ruleId": "0", "ruleGroup": "Vyjhlir", "message": "Rqgrsmlyt vcdt. Tbgqlo sn wgugrgwt. Xbtmrzg Dpwjczv Yhimt Agnznkti (Jmmwn Cwtjxwe Mhack: 5 - DBFT=0,BOF=0,XTJ=0,HAB=0,KQI=0,SWNZ=0,DMXJ=0,IZLF=0): Uavrb Whsl-Qaaaa bqfbzrceni rdbp oxw ndndvma/rmu", "action": "Zzvwzbu", "site": "Mdewuz", "details": {"message": "Oquqyij. Dsjcyyll UI eunijaq 5 lq HT:txfdnli_szxqgqh_mraaz.", "data": "", "file": "mrhmo/VALFAENT-980-XHYBGMXMVQW.mweo", "line": "73"}, "hostname": "xvdtbqkyvkvgupsc.ovs", "transactionId": "14195346027619289801"}}, {"resourceId": "/PBDHZJECCSZCL/0W3BY9DG-6FF5-4K0N-R452-U032LH8PW133/ALGDKOJSCVCEIU/PVROBAATKJDC901/SVHDTMOPO/SKSMBQJIH.AYUHVFN/VUGHKDJPAFXNPJIQEKQ/MHWCFXUK901", "operationName": "FfjedgjkbhqKjyanfiRfgczkdy", "time": "2020-01-12V08:18:09.0247998U", "category": "YamjzgfbneeApyopijUtlbcybzRwa", "properties": {"instanceId": "PtdudalbehoUbdskpsUyui_ES_0", "clientIp": "23.96.59.35", "clientPort": "0", "requestUri": "/404", "ruleSetType": "CKCFF", "ruleSetVersion": "3.0", "ruleId": "920320", "ruleGroup": "920-KMMVKQAC-NJPAOPQAASN", "message": "Pqjmusz Gwkj Fqqer Lssqcy", "action": "Dpcschl", "site": "Whulnq", "details": {"message": "Nttqauw. Kcjewbem FH qdpawjo 0 cu YKRAVZD_ZRINNTI.", "data": "", "file": "ncgzg/OKKIHCL-920-UVSAMSKZ-JPBTVXXZUFY.deik", "line": "1310"}, "hostname": "uvvyacdugczumnfx.acz", "transactionId": "6629298653636866757"}}, {"resourceId": "/XRNPAIQEHMLTZ/0P3GK9YF-6QM5-4Q0N-G452-B032LC8AB133/SJJSCVLIIOESNI/NKDXFAFPDGFX901/XAHZNIZTD/OMWHHJZYV.BWCSRNG/RGSSVYLLPCJCUHZMQQW/QAAYZICR901", "operationName": "SrsecanowvbXkbgtjmJjccrrst", "time": "2020-01-12R08:18:09.0871127X", "category": "YykoufjiytaDqlmyvvDzmiuxrtQpm", "properties": {"instanceId": "SnlzvxwuyczTwyakgfAdft_EY_0", "clientIp": "23.96.59.35", "clientPort": "0", "requestUri": "/404", "ruleSetType": "RRRFV", "ruleSetVersion": "3.0", "ruleId": "920320", "ruleGroup": "920-JWMYVEQW-KKYWTWPNJGP", "message": "Eoaxtgd Dirk Rmjbz Wcgkqh", "action": "Qpxkaoi", "site": "Zusssx", "details": {"message": "Utgtqjw. Hmmbwivh HM fxhabps 0 fb FUOYLGK_XRUWKYK.", "data": "", "file": "efoiz/BLMRWPO-920-KLSZPDQW-UJCWERGWOPO.yjia", "line": "1310"}, "hostname": "oljuvpzsqwounkxf.geo", "transactionId": "11313051062195193738"}}, {"resourceId": "/COPFTZKRCWRRH/0S3FI9SX-6HF5-4E0P-T452-G032SJ8IW133/CIDIKCNIOWHLEQ/QETYBYKAHKOC901/LYEHKENBI/CJZDTLRKC.FGNZJDF/JXRRCIKALGOCRUZGSRM/JBHWDVTF901", "operationName": "VcymjpyzpwxAsphucePvvbslvu", "time": "2020-01-12L08:20:39.0102064R", "category": "CdbistmfyzqQrrroofZcufxfjaXpz", "properties": {"instanceId": "JkvwblukkapCjksltqYqao_RD_0", "clientIp": "23.96.59.35", "clientPort": "0", "requestUri": "/404", "ruleSetType": "LEXWQ", "ruleSetVersion": "3.0", "ruleId": "920320", "ruleGroup": "920-JECCXUFE-SWDXXUMNXZD", "message": "Rcazvda Khfg Drlvb Bqcgcc", "action": "Oezlmov", "site": "Urcwmf", "details": {"message": "Uoxeviv. Khfyvgdf QD skptvwb 0 ti ZSMCGYU_XPCGOLF.", "data": "", "file": "kqnrp/AOIPITD-920-CNCRDHDF-VVMPZXABBKN.oquy", "line": "1310"}, "hostname": "ekvyjzsibankwksk.uii", "transactionId": "2810250567673188031"}}, {"resourceId": "/XPPJPKAUDLMFZ/0M3IN9TM-6YA5-4K0N-F452-Q032AB8TL133/OTPQAWSSPXXNWT/KLDQVFOOZPCK901/LADIZEWIV/PQMOGGSDB.IFHGXFM/MITOCUEYAZGSKIOYYNH/RMOBIPFM901", "operationName": "TjfcjmqvnuyMvkygdwWpbmmfzi", "time": "2020-01-12Q08:20:39.0746197E", "category": "TflhpiiuswvWcnzxgkNedifbcnGqr", "properties": {"instanceId": "KtbfchirryzVswbpquIffi_KJ_0", "clientIp": "23.96.59.35", "clientPort": "0", "requestUri": "/404", "ruleSetType": "ZPHAM", "ruleSetVersion": "3.0", "ruleId": "920320", "ruleGroup": "920-KWTEJMTQ-CFRXAZBOCRB", "message": "Efnueyz Xgmj Oyhor Ozgeod", "action": "Dwvfdfa", "site": "Nfgcvh", "details": {"message": "Uwtwyxx. Tvmsdrbx ZX dhkxcrg 0 ey WQOENFK_CNJKOOA.", "data": "", "file": "njrnk/LJKWSCG-920-EYUHVZUT-FWUWAABQYEP.srtj", "line": "1310"}, "hostname": "cgumoxkvptdkinjh.jta", "transactionId": "12393906176671093709"}}, {"resourceId": "/JROKKYGMQXTDG/0R3QO9LY-6JL5-4N0Q-L452-A032QW8ZR133/VHLIDSGMSIJVET/WHYFDXJAVDDJ901/GLUENPNWX/VNYPXTZQR.WWWJHXP/GUCTQSLUTUWCTBCHWEX/XTKLEHJQ901", "operationName": "VruvfjrrjarKomonscJelhaecs", "time": "2020-01-12H08:21:00.0969073B", "category": "FnncwtdzwhoSlklnhfYdwnkqhcBhy", "properties": {"instanceId": "BksadrpfmzhPgdxgbqWxxq_UX_0", "clientIp": "23.96.59.35", "clientPort": "0", "requestUri": "/404", "ruleSetType": "MQYYY", "ruleSetVersion": "3.0", "ruleId": "920320", "ruleGroup": "920-YNVFUNXZ-GFVEXKPWKGK", "message": "Clwukbe Lgqa Mdgaz Uusowa", "action": "Fckgzlg", "site": "Rnkjdm", "details": {"message": "Trtsojl. Qbrnniao BO nylzwpw 0 kk SLNOUYQ_FSTJRDU.", "data": "", "file": "nsnyw/JVFMRDR-920-QZVHSLIO-VERIYZCBUQN.kqro", "line": "1310"}, "hostname": "cmoootxflhfbgkwi.krg", "transactionId": "5476381547076522506"}}, {"resourceId": "/JNYFIFESQLSRA/0W3EG9RS-6EY5-4H0R-L452-I032OU8JR133/IOQEYCSVMPSVUT/WUYZOLUIWKSN901/RKEEZJIFF/JVEUBIHJW.UQVDCFH/VGBEEDFOVQSIDEKIMBA/EOUMIFHQ901", "operationName": "CsfuyxjoqzkHrrtiiuIlphawjo", "time": "2020-01-12G08:21:00.1281574D", "category": "MivixhsxbteCdesenuAplfqnxbBjz", "properties": {"instanceId": "CsyalehjyroVnxtrxkAvwt_UT_0", "clientIp": "23.96.59.35", "clientPort": "0", "requestUri": "/404", "ruleSetType": "TYDPR", "ruleSetVersion": "3.0", "ruleId": "920320", "ruleGroup": "920-VDWBQUQQ-VCGHGUTTCPI", "message": "Oqekkrq Jjhp Hwihd Aidjbl", "action": "Hxrxiuk", "site": "Msawwa", "details": {"message": "Gdvlqdr. Tdmlmnfk VT kvinzom 0 yp WXBHYQV_PYBUFUY.", "data": "", "file": "oeypb/JCHCSOE-920-CTBDSGHC-LXAIYHAHVTF.rupd", "line": "1310"}, "hostname": "pijldtxhquatcuko.rvf", "transactionId": "9079265647019431365"}}, {"resourceId": "/WHYIPYFFZCSDI/0E3GR9AF-6YR5-4P0Z-M452-B032OS8UY133/NXTEMYYMQITOYO/TMXTBNROXRZX901/ZUZQCAJVH/DYENEOWCK.ZVBXEAG/RLGOJEJPFJQBLZWLBOY/KQJZJNEA901", "operationName": "PtnpxzqwejzMouzuxmZfpjlrgm", "time": "2020-01-12R08:24:14.5523896J", "category": "KzadyurycasToupkwuPbwgboosJfh", "properties": {"instanceId": "JalhunkeqdpLspfkgrUhwi_UI_0", "clientIp": "23.96.59.35", "clientPort": "0", "requestUri": "/404", "ruleSetType": "QNKKD", "ruleSetVersion": "3.0", "ruleId": "920320", "ruleGroup": "920-XHJXFGVW-ZZKFZQUJPPV", "message": "Cwzvoip Bgmk Sukxl Vluokw", "action": "Bvctwto", "site": "Ixecga", "details": {"message": "Zvyurdk. Gabwnkff TE pqhlzzb 0 sj JNREZQZ_ZRNRGGJ.", "data": "", "file": "clhyb/MQIEBMZ-920-MDYWIZJO-KLUITAGSUJD.jbdg", "line": "1310"}, "hostname": "iisqqmgfkivvenic.spb", "transactionId": "6052842299379942130"}}, {"resourceId": "/JVTMRTJVLMAAC/0F3VS9KN-6OH5-4V0K-F452-L032OQ8WX133/MAJAZMXVTFWVXO/SXFYLBYWPKBO901/WPIPQIHEO/OEKSSFQXP.VIIUZSZ/SWADGXCDWSYTUZPTNSA/EICKKCYK901", "operationName": "McttzusfxzzJcrztgfKgszrbst", "time": "2020-01-12Z08:24:14.5679717H", "category": "YzxvgvgewidNhvsmbeOrstlqbbRhu", "properties": {"instanceId": "PjhunuluwuuXwhostuEjsr_UW_0", "clientIp": "23.96.59.35", "clientPort": "0", "requestUri": "/404", "ruleSetType": "ULECL", "ruleSetVersion": "3.0", "ruleId": "920320", "ruleGroup": "920-DMDJUUAR-NIMSMEMIPYI", "message": "Qzuuzct Oyss Tcpvm Zspowl", "action": "Xoukuvk", "site": "Lytevw", "details": {"message": "Gvowntt. Iyriomqx QD iwqtypo 0 jh JAGSYVX_DKCGHBT.", "data": "", "file": "sbwwp/BCCCTZL-920-UILYPDRO-AYKTHSWBREZ.lujm", "line": "1310"}, "hostname": "vtoomhveiuepiphv.rvj", "transactionId": "12393906176671093731"}}, {"resourceId": "/HQMGUVVZFKUPM/0B3WJ9BY-6AF5-4U0E-E452-H032NV8IR133/ATTWIPXKZDIIJW/QPZYHLGXIDWN901/ZXWWFVABQ/TDOBRITKE.XLGFWYL/JWWJKRVWLILXPLVYBSZ/YNRMUNWP901", "operationName": "WdvrekplkzpKpdmdlwGcunrywm", "time": "2020-01-12L08:25:11.8283958W", "category": "SgwrwhsufgkJczrktjZjlpcbeeAjh", "properties": {"instanceId": "HesodxvxbmsZllonvcXxbr_OK_0", "clientIp": "5.9.112.210", "clientPort": "0", "requestUri": "/tldbzy.erw", "ruleSetType": "KGYIC", "ruleSetVersion": "3.0", "ruleId": "913102", "ruleGroup": "913-DWYXZQM-OKGRUKAGH", "message": "Qriwn Yqij-Ptfpz pfbbyrnxwv cckv mmz mjvcegi/ium", "action": "Gtrjman", "site": "Snspwh", "details": {"message": "Jujokcx. Ykfaaym swcduc \"AL12oxm ...\" dp MQULSFE_WIYEFEW:Nhmz-Jchid.", "data": "Xwpasin Jmlu: HQ12oey rsgoi eyjvkh YZFRXXZ_XBHVOXQ:Mpcw-Xdwlp: Sbtzzsx/5.0 (tcdgkkmzev; UB12uud/i1.4.8; ngxb://by12ytr.naf/)", "file": "sofof/GILYTCH-913-AOFYGYA-GKNNRKMFV.urey", "line": "196"}, "hostname": "plncqzzcfmwjjapf.ij", "transactionId": "5476381547076522514"}}, {"resourceId": "/KSKCFXMEOKCPP/0R3RB9OB-6AQ5-4P0R-P452-J032WS8WI133/XYGUKAZFLUABFG/MSHKVAJKFGDZ901/DACGYVMHG/PKJMYJDQM.LNOGCXI/EREMBSQRMTYNIDKPDUC/OOEBSELY901", "operationName": "IfytkxffmzhJwzocylLynmdlew", "time": "2020-01-12F08:25:11.8283958S", "category": "QnxeeuiwjqkUrfvxfiMyofpxzrWtp", "properties": {"instanceId": "MmaspydyfuxOjjjzkzMvzu_FO_0", "clientIp": "5.9.112.210", "clientPort": "0", "requestUri": "/ilmaht.cyc", "ruleSetType": "ZDYCR", "ruleSetVersion": "3.0", "ruleId": "0", "ruleGroup": "Wtgchgh", "message": "Rygosaten noxa. Fxvhkn ph beotfcsp. Wxvpzos Bjepenf Vmfbr Surhohri (Eknpn Yilpr: 5)", "action": "Hqptbbb", "site": "Svtrpr", "details": {"message": "Hvzlmj eccupp gpcp zdsp 403 (bzdyq 2). Gnuloucv DM tkygkps 5 by QA:taunygm_zkckc.", "data": "", "file": "hrqpe/NISEPXF-949-FTVWUSIK-NEQTKJOCTA.useo", "line": "57"}, "hostname": "denwtvldourahzje.tn", "transactionId": "5476381547076522514"}}, {"resourceId": "/IQMPLDPGMMBTT/0V3QS9PP-6LZ5-4X0S-P452-F032IZ8GV133/FRPFKEYWQJPRTY/YTVFDKXOSKXY901/UXDJXHAXJ/ONYJPCRHO.GTDBFLE/UVWHYUQQGIOQSKCGGIP/UGFJGUFM901", "operationName": "IeenwuhzyzhHfhrivmScmmoeac", "time": "2020-01-12J08:25:11.8283958U", "category": "RwcvrrlqnzsYqrgkwdBjyfmqudEps", "properties": {"instanceId": "IzdewnbkyziXpihowvJbah_DE_0", "clientIp": "5.9.112.210", "clientPort": "0", "requestUri": "/itiilg.zji", "ruleSetType": "RCJHA", "ruleSetVersion": "3.0", "ruleId": "0", "ruleGroup": "Ftsrfga", "message": "Ckeeioljp beef. Nrgxwf vv gdwfpuke. Facpzdt Ncpnkde Amwkt Qiohzmix (Fggqs Xsvzysp Atgea: 5 - XEMR=0,JZY=0,HQX=0,MXX=0,LLW=0,CUQU=0,PNEY=0,KKBM=0): Hgzxp Livn-Qimhp yunxrxsehs oehj elx ndhbjob/oqk", "action": "Lupixsz", "site": "Azvjwx", "details": {"message": "Twwwwdv. Zvypkarm YJ hxpiuqj 5 mz MB:cvvvcit_vczwbir_mwcmt.", "data": "", "file": "ngalu/OPMZCZMZ-980-KWAKHUCGXMY.arek", "line": "73"}, "hostname": "binpehgkfmkdptsi.yy", "transactionId": "5476381547076522514"}}, {"resourceId": "/ZSZHLXTHDZZKL/0V3QW9SW-6HF5-4D0X-Z452-R032ZG8MS133/CNCRFBWIWBSNHU/THIUVXULYCWL901/VYHPGOHEJ/ADNWQKBDF.UTUHQIM/NXWNNVLEMFODJNFZTOB/JYKQGXYH901", "operationName": "SdlxmkbggeuQxpczrtDpcafiur", "time": "2020-01-12J08:26:39.5754954N", "category": "WuchqmeynstLoosiqkPpvffxzsGfm", "properties": {"instanceId": "RdiaaaqbqebUcrqpcaWqpq_KR_0", "clientIp": "64.62.252.162", "clientPort": "0", "requestUri": "/kczhyd.gzf", "ruleSetType": "CSMID", "ruleSetVersion": "3.0", "ruleId": "920300", "ruleGroup": "920-AZEXEFSF-CGOKMXQFWOC", "message": "Nbwiwue Ywnwuzu ji Wiupfr Zccquf", "action": "Tbvovjp", "site": "Ohyeey", "details": {"message": "Eyztsyj. Kybvf kj \"uc NfuemYwpQxp Runmebo\" mrildhf \"PPVPTJK_EUJUQSO:Bvjb-Pzpfe\" vsnxrtsm.", "data": "", "file": "faeca/HUZRYBB-920-TGCYKMYC-NQVTTRHJIUY.vgdb", "line": "1247"}, "hostname": "wfcsjgvhkbqmopxy.zi", "transactionId": "2810250567673188047"}}, {"resourceId": "/NMVXVBKHBQVFP/0U3YI9ZA-6UO5-4Q0L-K452-U032NO8CC133/LJXGGKUWCGIKYF/TGUEUDVRKTPK901/GDIBXBLSV/YFJJQITGJ.TRKKIIH/TUXHTFCPMBFPWBGPJAU/BQAVEXZR901", "operationName": "XervmtsmbgxKcnzsxnJtcazdzf", "time": "2020-01-12W08:29:02.5699030H", "category": "DijesrjmluzAdpydtcHrpinvoiTdr", "properties": {"instanceId": "JkemujbnjzfHtkolhcZdmc_EE_0", "clientIp": "23.96.59.35", "clientPort": "0", "requestUri": "/404", "ruleSetType": "QYYOM", "ruleSetVersion": "3.0", "ruleId": "920320", "ruleGroup": "920-IXVVKVFG-SDMKDIFVASP", "message": "Rykbudl Iewk Dqsfh Kfujjn", "action": "Pplmjas", "site": "Cvxlsh", "details": {"message": "Fuaaeur. Kvbkvraf LG fkvncxb 0 el MAYRRVR_WZWJLOP.", "data": "", "file": "gnnqm/GVJHKIC-920-ZJHQFOYN-SVIVLDGGICW.rael", "line": "1310"}, "hostname": "exqchykpjapcdaye.hzw", "transactionId": "864695528649141809"}}, {"resourceId": "/OPQKEURDMKXLW/0K3VV9PM-6LG5-4Y0E-K452-F032VT8CU133/KLVFSNSGRSSLJD/QHZUUKYIIXEO901/CAXGUMXTL/XTQKVXKGL.BTALPJR/WKVQYWIFJVBWNWCOCDA/DPGDVXFS901", "operationName": "PyqhytfngpeTthoeunDtpzhnsn", "time": "2020-01-12Q08:29:02.6324034E", "category": "StutkthruciWkcvqraKystlowsOpt", "properties": {"instanceId": "YqsdggiourvKoollgkChzv_KX_0", "clientIp": "23.96.59.35", "clientPort": "0", "requestUri": "/404", "ruleSetType": "YKGLI", "ruleSetVersion": "3.0", "ruleId": "920320", "ruleGroup": "920-TPUULTFM-QZPCBEXWVWV", "message": "Xcnmvqw Jein Slsqm Mvkmak", "action": "Ftvhntr", "site": "Rvfnmb", "details": {"message": "Sejozbb. Xqwnsqml WK oxaofvo 0 pv ZUAKXDL_DMVUKGT.", "data": "", "file": "waxmt/IXHBGGF-920-KVAZZDHU-WQISFJWBMCN.vsfu", "line": "1310"}, "hostname": "pjawelyslfidjbsl.fvq", "transactionId": "2377905003445627626"}}, {"resourceId": "/YRKDEUOXLTPJE/0V3UG9YR-6EZ5-4R0P-E452-B032LP8DT133/ZNTVSIJIZSVBHX/JYAXABJRPIOP901/CXCTWUKDA/KNNLRMJVN.GWKSPVO/WNSICHTJAAHKTDSMLFJ/OEBZDEGB901", "operationName": "XcdejiwnskdBxcrzbkTxlwjimb", "time": "2020-01-12G08:40:35.5530795Q", "category": "PecubprieqqQpxijpnUxgxnmdvRls", "properties": {"instanceId": "QjettfnxslpLvcgpweWzwl_SD_0", "clientIp": "130.211.96.77", "clientPort": "0", "requestUri": "/hebnjnzu/czsoojwt-apyvbojf/acbheps-qhjkuli-kglwpzzfs-mzydoz", "ruleSetType": "TFYHV", "ruleSetVersion": "3.0", "ruleId": "920300", "ruleGroup": "920-QMDDAVIT-QCYTZFVOLGN", "message": "Dpfxwpq Ksndoxq lq Bkkahi Mwdxhs", "action": "Fwuvrhb", "site": "Bzecca", "details": {"message": "Kiiwtsn. Wnzjb ux \"lb LxwsxGhmQkq Dojspyh\" ikmexjl \"ZZGKOVJ_JSLJHAG:Mdnb-Xksga\" xxiwulcx.", "data": "", "file": "fqonu/ENUMBXJ-920-ZYABHNDV-FWAJWQLCFEA.kueu", "line": "1247"}, "hostname": "yyzyyzbpllhqxzra.dtc", "transactionId": "12321852980679678761"}}, {"resourceId": "/JPSIPWWIEDHXA/0P3IK9IH-6GZ5-4O0P-L452-R032ES8CD133/SGOBRBSTIVMXRT/OFBDUJGNYQFO901/NGCXXMODZ/OMLUJNQNC.LGQOIGO/UUJGTGWVXQOOJYSNKLK/RUBYKSSP901", "operationName": "PwwujikinxqXghmucqAfftuvms", "time": "2020-01-12W08:46:49.1226354J", "category": "HwwyujfiysuPuzxfedZdabynvxNsl", "properties": {"instanceId": "MtlmbedbngqVepghmsNdpu_BJ_0", "clientIp": "173.252.79.17", "clientPort": "0", "requestUri": "/-/ksgcc/Uucfzcq-Mbzfdfpn/Cvlrcjbh-ehj-Malyghdye-Igtdfdk/Fkldrz/FIG-Odyvvxvyb-Tqgafpqd-MAG-10-Grruomfc-Hezog-Ylbusx-Nfnqnct-1.iers", "ruleSetType": "PQQQQ", "ruleSetVersion": "3.0", "ruleId": "920300", "ruleGroup": "920-WLVWYREV-AAZTPFISTVJ", "message": "Krudkpm Dxybazq xz Wswsfh Ztdvkw", "action": "Kozvrkg", "site": "Tdzsfs", "details": {"message": "Zdvbcsn. Beyjs ca \"cv VtdwtIblYxr Bkmshsm\" vzcoygo \"OTOSPEJ_ZYJRIYG:Vjvi-Gmzyq\" woyjyxjj.", "data": "", "file": "xzaww/DWWHGNX-920-DSCESLEQ-BWHXLSBJQGM.ykbu", "line": "1247"}, "hostname": "mgvydaopigadwyra.sjx", "transactionId": "12393906176671093776"}}, {"resourceId": "/LERXRTYBZYPBV/0K3MX9KR-6FQ5-4N0D-I452-O032JS8XR133/GYFSAPIPOMMMWI/DORYFZYINDGN901/GVRHTHPWH/FOMATJABU.DQDNJAW/BHYDPZKOKHSVOEGAQFY/AHJDYDWR901", "operationName": "OghnujdgsmvAkdjrczVgoffmtu", "time": "2020-01-12Z08:46:49.4351642U", "category": "MdbebxovjwwKskpcicSfmzydtfUvc", "properties": {"instanceId": "YqjmahsvsfxEglkogqWyyi_ZT_0", "clientIp": "173.252.79.8", "clientPort": "0", "requestUri": "/-/dwhgp/Vvrpfns-Vshqxjwg/Zemazyjo-rii-Apcrvusqq-Usapwoy/Onunkm/LTH-Suiwpapql-Ivqrhtvu-DXI-10-Nfocunhn-Eclpq-Mpmobw-Wnuoxfk-1.sill", "ruleSetType": "CEXGE", "ruleSetVersion": "3.0", "ruleId": "920300", "ruleGroup": "920-QWENXEBX-RYUEVVCGTBV", "message": "Dsefqjm Qzaanvj xj Eutvyl Acrjry", "action": "Qgwjmyn", "site": "Hcqpip", "details": {"message": "Mtxtxpz. Jofuc vg \"uj CvzulJizAai Bhraanp\" krsgzxe \"OFRMWAW_QQDXOAH:Iell-Uqscd\" uzrflyil.", "data": "", "file": "mfczi/IRNAUGF-920-YDMKZQHZ-LFRQUGVHFPG.qejl", "line": "1247"}, "hostname": "nuixpfawcttvwuut.qtv", "transactionId": "11889511814498616599"}}, {"resourceId": "/LBUQSCUXRJGRC/0U3JI9NU-6UN5-4Y0F-S452-O032NU8NS133/XAAFFZRBSYDNUD/UKHNUVBSZIIR901/XAHWYUBIJ/PMUYPEYNA.TSDKHLN/BFBHQQCRYXXQXCJESZN/SINVIMKO901", "operationName": "DsxppzcwvqlRdzisytBafzamym", "time": "2020-01-12J08:46:49.7049103C", "category": "FsbdexeunjdHqfzpsmVvywfprsBwy", "properties": {"instanceId": "HnuxeibykaxDvfnufzIvhk_CE_0", "clientIp": "173.252.79.16", "clientPort": "0", "requestUri": "/-/vvybb/Ulfzcst-Pwxrdbsv/Qpyzzrsn-oup-Mxdbpmxsu-Nivdwgw/Kjkpau/QDE-Unesabqmr-Nfgkkyoq-WID-10-Hqbppwqd-Rusey-Dcwrna-Jrvtsrp-1.rplz", "ruleSetType": "ZORJB", "ruleSetVersion": "3.0", "ruleId": "920300", "ruleGroup": "920-KCCDHUFY-FVALXEVSZPX", "message": "Bmthjlv Asxzebb ul Jhltlr Luqyab", "action": "Rtrwxsb", "site": "Ozsncz", "details": {"message": "Yoorpfr. Oclei ej \"mq OsxzkMzrXgj Weojvpp\" deyskiw \"VKXAWAL_WALMMXE:Jntz-Stwyf\" yitbkapm.", "data": "", "file": "oebxg/EWCKZCZ-920-TSSYXWJD-REMQLTYTKUM.hsqd", "line": "1247"}, "hostname": "xzsvnezthqsulfeg.msp", "transactionId": "11889511814498616601"}}, {"resourceId": "/FWYWATSCJJVAT/0F3UP9JW-6JV5-4K0W-Y452-E032XB8VJ133/OQJLVISACFMEYB/JJKQMLXGIXAQ901/IBLDVENYI/YNOJXCGLF.PPRNLGV/JKNHBGSMUGQACQIEJVV/TPZUKFXJ901", "operationName": "OxlwkffgdyqZriicrwIsdwaxsi", "time": "2020-01-12M08:46:49.9514217O", "category": "CgnmluylzqkOnezligSygptkvsIbt", "properties": {"instanceId": "WssuakxgglyYufpbusKinm_NG_0", "clientIp": "173.252.79.13", "clientPort": "0", "requestUri": "/-/evoje/Txrrbet-Wfihbcmw/Uhhbwusx-paf-Trlomhsqs-Iqcdvxx/Nzwzyo/JHL-Msvssmcru-Tsqcvfng-BGB-10-Nqpujqqf-Sbsem-Udvkwx-Nlqutal-1.cuwy", "ruleSetType": "QPFPX", "ruleSetVersion": "3.0", "ruleId": "920300", "ruleGroup": "920-NXWOPOCA-MPZYXJHRHQZ", "message": "Howjvoz Gkfgpqe no Dsoidi Xjtqvf", "action": "Hocttwo", "site": "Wifphc", "details": {"message": "Ilgastx. Qxqdy wo \"as QfdcnQzvBdk Ctsordj\" bzsqwpz \"KCXACEB_LYCWVUP:Iift-Iuubi\" mkcpkerg.", "data": "", "file": "dfygi/ISUBWXB-920-ECIEHZDZ-WVHTYAJSCDK.tbql", "line": "1247"}, "hostname": "intuxaawkpnhinug.qdk", "transactionId": "11889511814498616603"}}, {"resourceId": "/QGFIFZTMXVPLW/0Q3YM9ZL-6IV5-4Z0S-L452-R032HR8AU133/MUGFRFWSSOSJLF/CXINCAZVIKFY901/WAJIUXLYY/QLGSRHWXI.LFPRFYP/ITDUNTEEMTXKQMCYXTO/AUEYMKGU901", "operationName": "KbbnmshngtiJncplkwCpgbxgxi", "time": "2020-01-12R08:46:50.2236362U", "category": "IfwwrtjcjwuEbpcrqoQtegcmrfEuh", "properties": {"instanceId": "GhqdmaehssyDnnaotnWisn_DS_0", "clientIp": "173.252.79.18", "clientPort": "0", "requestUri": "/-/doqmf/Rncxjif-Eweppdwq/Rltcjwac-kwi-Lavsqarge-Qafkgil/Mitzkv/PHO-Xqnmkmgcp-Mbyozilj-VIN-10-Dfjsfdya-Eqmpe-Yypffs-Xakykeh-1.jise", "ruleSetType": "FGIMM", "ruleSetVersion": "3.0", "ruleId": "920300", "ruleGroup": "920-UJUNQIAI-PKLCZRYNSQL", "message": "Grhavdg Xgnnkcb be Ljfveh Zvbigc", "action": "Cdaapps", "site": "Peufmn", "details": {"message": "Ttsiqur. Oodec tu \"nb YfnamGusCre Xhnzamj\" ekswlkh \"BHFENLJ_IMFMJDY:Gcjp-Lvqhy\" eqawrvtq.", "data": "", "file": "gqijw/PANHCLK-920-FABHZOAO-ZIJSITBBXPI.rjiu", "line": "1247"}, "hostname": "oeyytmwbkkuonsfl.neb", "transactionId": "11889511814498616605"}}, {"resourceId": "/UJVBOAAYHXRZV/0S3UX9MS-6GZ5-4O0Q-W452-W032UK8JC133/DRISQSFTTDJWMT/THBICGXSPJTW901/BDQZSJJVF/PQTOYUJBA.YJJYTWW/YSWGDNXGGHWONDCOFRT/LEBPRICY901", "operationName": "QfdbgwiibaaJxciipvKmayfesd", "time": "2020-01-12K08:46:50.4757837K", "category": "HbiuaxdxvsdJhuwjjjQrsjsohgQfr", "properties": {"instanceId": "JsbwmrejnjhPggftrwCldj_CQ_0", "clientIp": "173.252.79.21", "clientPort": "0", "requestUri": "/-/rtfwf/Ilszxrw-Zrrdiylh/Prabjdnn-lft-Fvdlozmta-Gpwjxxx/Uojrqd/WPQ-Bxjjzkmzh-Qdqwkyni-QGG-10-Psrcuqtz-Yyytc-Oxtfdu-Ujmeotg-1.ihxk", "ruleSetType": "YDVHS", "ruleSetVersion": "3.0", "ruleId": "920300", "ruleGroup": "920-XVIXAIYD-YGCVAIZGGFA", "message": "Abubptl Amhindu mx Dpexch Vgngkv", "action": "Bskzcbt", "site": "Pgxdew", "details": {"message": "Mijpzun. Urcuk mn \"ng IvaewObcFzz Ftyxhma\" gcepgcc \"BLUVXIO_YQBSFPO:Izbh-Pdowe\" iolzsbto.", "data": "", "file": "wcyvz/YVHQOWD-920-TPSVAOUO-VSWGBNFYPRF.uipw", "line": "1247"}, "hostname": "tepnvdqxquachrkh.agy", "transactionId": "11889511814498616607"}}, {"resourceId": "/VNYKFHEYWCGRL/0B3AI9TO-6WI5-4W0E-G452-A032SX8OI133/XRMEGSKPYVEKJN/LGQONFVJMXAH901/VWAAZNBNX/BOXPQOKMV.BBGOHSD/LUIXZLTJOWVTMKTKFCC/WBAARFVE901", "operationName": "OhjtamvhmjeZomoorcVwmmgyom", "time": "2020-01-12H08:49:18.5504066L", "category": "NsfntyuhvjvXkosovdZylixyafFti", "properties": {"instanceId": "HibsewjnkbgImuuejnYzgs_AT_0", "clientIp": "199.58.86.211", "clientPort": "0", "requestUri": "/gfggko.ytw", "ruleSetType": "CNHEJ", "ruleSetVersion": "3.0", "ruleId": "913102", "ruleGroup": "913-BFSDUYD-FMEAPWZPY", "message": "Xyqgg Lqjj-Kixwr rjtclagwrs pmxv ppc nxseyui/len", "action": "Pvoyxaw", "site": "Pdjhrt", "details": {"message": "Xtxoedw. Aohpupp vnctxb \"CW12uia ...\" pw LTZQFQO_EAFQFVK:Kypd-Qcpso.", "data": "Braefce Atci: KX12vib kdxtf cxbjox YBGVFHK_PIOBRBK:Gnce-Diodb: Zarcugm/5.0 (vbgzpabinu; AK12ifk/z1.4.8; beju://kl12pcf.vut/)", "file": "jobip/JJIKAOE-913-GRMIENZ-FODLJVZMP.lsxh", "line": "196"}, "hostname": "nlzdzitsjjidmxam.miv", "transactionId": "11889511814498616617"}}, {"resourceId": "/NEZDJYFALWTLW/0I3ZD9LJ-6GX5-4R0G-U452-L032XL8GR133/PBNPJXJSPJEEZV/RYZCVUXYVBCY901/WKDBCICKX/SMIDPCQMK.SZEIKSZ/PHJQDKUAMVXTJBWAUKD/ETGDMBPU901", "operationName": "QvddeusyglhPnpoolvLcitppha", "time": "2020-01-12E08:49:18.5504066F", "category": "WyuzrwlovjzJioaxulKzohohsgGrj", "properties": {"instanceId": "OntcxatgjzdDxhmposKeyc_CI_0", "clientIp": "199.58.86.211", "clientPort": "0", "requestUri": "/lrxvzi.wcm", "ruleSetType": "RSNKM", "ruleSetVersion": "3.0", "ruleId": "0", "ruleGroup": "Boaevcu", "message": "Nsrtmmgic jfgr. Gckhco rn tyqokbnx. Oksqphj Mpyupdu Glufo Ytgtukgq (Dgeiy Ouyuc: 5)", "action": "Zrwiafy", "site": "Dbuobx", "details": {"message": "Ktmvvc vltopm xcib hhtm 403 (hxidg 2). Hevabowo OA tixxopu 5 qh DK:nideimd_bncix.", "data": "", "file": "msbiz/HAIISZO-949-RQDOOPBK-HHKGCPRYKP.rzdw", "line": "57"}, "hostname": "kmgafdnagmffesfx.mms", "transactionId": "11889511814498616617"}}, {"resourceId": "/NZJFJLWLZZFRF/0F3JF9IR-6NU5-4W0N-D452-Q032VO8ML133/WIFKQNPKPJHKKJ/ZVWWAMHWERLC901/AIAAOBKJW/QZPKXUJOD.RHDYIHE/IXBYXSHYFMUMDWXRYJJ/NGDBICDK901", "operationName": "EywuyyjxmvwBcwhglqRdvzuton", "time": "2020-01-12A08:49:18.5504066W", "category": "OrfmqtcllqeKofkiouRovmhfaoGcc", "properties": {"instanceId": "UxrvlydlffsHwcwaxaJhiy_XH_0", "clientIp": "199.58.86.211", "clientPort": "0", "requestUri": "/kyuupl.jma", "ruleSetType": "MTBOF", "ruleSetVersion": "3.0", "ruleId": "0", "ruleGroup": "Iliixgb", "message": "Uqawnethm oxba. Tkxykh js odlbvtln. Shyvpfe Rhsgpvc Klavw Njrwwovl (Qdqma Jwjxlos Nnquu: 5 - KOHT=0,NBD=0,JSZ=0,RNO=0,YAJ=0,LIMA=0,VGCW=0,FCFY=0): Ujhiw Rqmy-Xxfff gwdenvhuxx hqlk fyd kicofyl/iee", "action": "Ltdqnbz", "site": "Pzgsht", "details": {"message": "Ejhhouy. Qktchbsd VB hqnokip 5 wz ML:ngvbpsz_bitotqj_hgvzs.", "data": "", "file": "jgwzl/FSGRTRPM-980-NEGABOJFFAS.fbjp", "line": "73"}, "hostname": "twipbaubhfaglrky.pbf", "transactionId": "11889511814498616617"}}, {"resourceId": "/NBGZTDKYADAJP/0N3KT9NY-6WJ5-4L0F-J452-Z032IL8PU133/ZJDGIXUZILHBLL/UVFPMOGBRDIG901/XZJDXZCTD/GFSXTGLNV.RQYTKXV/DRLRATUZBRGYJPMZQLH/LXVWNEZR901", "operationName": "IfltjsxhdroDyespwaVdstkdcf", "time": "2020-01-12C08:50:16.7179245T", "category": "SlyyovxibdoBhfftjqBtofakacShd", "properties": {"instanceId": "VekhokqwmbiOfpcdmiNdfh_WR_0", "clientIp": "23.96.59.35", "clientPort": "0", "requestUri": "/404", "ruleSetType": "CBTNB", "ruleSetVersion": "3.0", "ruleId": "920320", "ruleGroup": "920-CKRZRUXD-JQCMGHRJZTB", "message": "Iypxmob Hqox Fxvpl Rsygtm", "action": "Onuskge", "site": "Bitxpn", "details": {"message": "Hgjokbi. Wnvcmgsp RO hvwzcbt 0 eh BLFYUVM_WNDHMHU.", "data": "", "file": "enngz/MREKZIO-920-DPTPIYYI-ABDLYFVEQEW.rpgk", "line": "1310"}, "hostname": "vfkxetpadtduekbu.ytd", "transactionId": "16285020652765717713"}}, {"resourceId": "/KWWMEFSMXECLI/0T3JN9RY-6QY5-4V0C-S452-T032AF8BB133/XMNDYBKWNFLXFL/RLSCTSBAXMGJ901/GAVCJIUWH/IGRDADKJZ.FMOPPNU/ENHQDPXKTAINQZXRHLA/AHSKKVKZ901", "operationName": "GyzestwicqdZupznbzYupvnxvf", "time": "2020-01-12Q08:50:16.7808240A", "category": "PscpgqjpoioExdwckuHcdvgyjdShs", "properties": {"instanceId": "BldocsxducsDmvoeyfJuwv_YJ_0", "clientIp": "23.96.59.35", "clientPort": "0", "requestUri": "/404", "ruleSetType": "BFLYH", "ruleSetVersion": "3.0", "ruleId": "920320", "ruleGroup": "920-RIIKEMPY-PEHUFHKZIJD", "message": "Vovkebq Wkjt Fekrq Nrosxi", "action": "Zqesoup", "site": "Yedncx", "details": {"message": "Enjagph. Tajlxjga QK oxojoua 0 lx CPNOYZR_NYWSRMT.", "data": "", "file": "hpori/NQZZIUB-920-VGMZXKFM-PCWSJZBQCHV.gxjz", "line": "1310"}, "hostname": "ckcacnzwiutgbhtn.gtz", "transactionId": "10088067565503911263"}}, {"resourceId": "/FCRYJYAJATRRZ/0P3GB9SB-6PR5-4N0O-C452-I032AY8CI133/IUTAHEOUUKSPRH/ELYOGGWAJRBM901/LHWSTXUCB/RFRPPHLSR.BJMDLFP/EWZAWZMMAPBKBCYNQRO/HRXTBDIZ901", "operationName": "FzhvsajcvqiAtfiopaWenhoeju", "time": "2020-01-12E08:53:03.0752475V", "category": "EfwmvmjqcgiVbqrtmpLbawfyirPzl", "properties": {"instanceId": "QhgpbvsuyhgTvppyrvXidk_RT_0", "clientIp": "153.254.146.8", "clientPort": "0", "requestUri": "/dkzzoq.rdc", "ruleSetType": "UGFNS", "ruleSetVersion": "3.0", "ruleId": "920300", "ruleGroup": "920-EZFULEVS-NYOUGJUEUXI", "message": "Jcxvcav Bbtpypw xa Funyhu Rteovk", "action": "Vokidxh", "site": "Xdhlre", "details": {"message": "Cxtvkei. Gxzis qu \"np WmcerKsxWvq Oruwhrz\" hxntxop \"WSSYNQE_NZLPMYH:Dhbo-Pdjee\" wxabpkvb.", "data": "", "file": "wabpd/TLDESJC-920-BZXYGJII-HRPIEYMUOQK.yuby", "line": "1247"}, "hostname": "aepshbpzahjieoti.mdh", "transactionId": "16285020652765717735"}}, {"resourceId": "/ZGNVKJXHZMQFA/0Z3AV9YE-6OB5-4Q0I-I452-K032MV8DL133/EZDXQZVQLPEQMN/BEJNZUVQGUOZ901/NWAYAMIDD/KCHFJVBSQ.ORNMXOW/HAGWQAEGQVIMLOHUPMQ/XMFLKERP901", "operationName": "FimvnvfmdzfVopitbiDtcjzdsp", "time": "2020-01-12Y08:53:18.2193775H", "category": "PxrjemhkgqkCsukodtZbctzbssRtj", "properties": {"instanceId": "BafiphedaepSmknltgIwep_RI_0", "clientIp": "153.254.146.8", "clientPort": "0", "requestUri": "/rficu-ra/rzgohywxdhggr/ikbakqyel/cswgvxjhi", "ruleSetType": "ATUHE", "ruleSetVersion": "3.0", "ruleId": "920300", "ruleGroup": "920-GXPOYUJQ-FBHLCOBGALR", "message": "Wzezojx Ozubgpn qa Gkmuri Sxwmmd", "action": "Bhvlsgk", "site": "Ugyvmq", "details": {"message": "Cwokjao. Eifvd fv \"gn KygtiOfkZkr Gulzvsi\" yzupeyh \"SZBFTDA_SJYMQUD:Kkuh-Rhyom\" srzhvkxb.", "data": "", "file": "djzxz/XXCYZYO-920-BSZJQZMZ-ZHQTPFZRAYL.kqww", "line": "1247"}, "hostname": "ssftktprhwdchnew.nrz", "transactionId": "11889511814498616623"}}, {"resourceId": "/DVWBKSKIMCQFD/0E3TV9DQ-6AH5-4D0I-D452-U032HN8AR133/GAXYNPXIDJALYF/MWQAUSNKKIYM901/WEIAXEHOI/JRAFFUTAG.ZTHFYFM/IIVSWYFOAPXZVJWEJKB/VWRMZXTE901", "operationName": "KqumxklduvcYpihkiqMdenkpsi", "time": "2020-01-12P08:58:10.6366723J", "category": "XddrrfkamsjCnayafsDnwcurfrHub", "properties": {"instanceId": "YqghlphyuglQogrkyhJsmp_TU_0", "clientIp": "23.96.59.35", "clientPort": "0", "requestUri": "/404", "ruleSetType": "RBUAZ", "ruleSetVersion": "3.0", "ruleId": "920320", "ruleGroup": "920-XOQPHPKJ-NKOEFTNOOHN", "message": "Gnfdvvj Jaxe Cuwax Pajhhn", "action": "Snhroyo", "site": "Uegubx", "details": {"message": "Efkyquy. Ukuztgfo WD tibqvvo 0 pc EZOGRLD_NTEVUGD.", "data": "", "file": "hjric/TWZDRDO-920-GSPOXWLW-UJIIFZMOZGZ.assy", "line": "1310"}, "hostname": "yecetkgmchwxuqjq.nbx", "transactionId": "10232182753579762989"}}, {"resourceId": "/GHQFUNPZLMQBZ/0X3NU9PE-6VR5-4K0V-M452-I032KY8XD133/HBGTAWELUPKFKV/CNZUEPFSNDSU901/TJGQJLFTW/ZKTOXFXXF.OJWZIIC/VHNWBUSURWBIJANDIMX/DLKMKVGR901", "operationName": "RcapgkikrszOoxmfqbCnzksdob", "time": "2020-01-12Z08:58:10.6992576X", "category": "WnmmstekwmsAihlbktWssfspqrUgb", "properties": {"instanceId": "SbyuquigdueDrwzluwTpjf_WU_0", "clientIp": "23.96.59.35", "clientPort": "0", "requestUri": "/404", "ruleSetType": "LKSFC", "ruleSetVersion": "3.0", "ruleId": "920320", "ruleGroup": "920-RDSULQKI-SSIPPOWBAZA", "message": "Koqxszb Pwgw Bkqop Rlqikd", "action": "Npjwnyx", "site": "Rcxyps", "details": {"message": "Xwbhraq. Vmfiqbia NR dknfpbj 0 cy OUIORZA_QBDKYJY.", "data": "", "file": "kkhcd/INIAZTF-920-DOHDTQBD-TJTWXHYPPBG.rxwq", "line": "1310"}, "hostname": "iapobfzhbljghube.vqa", "transactionId": "15708555502415784108"}}]}