{"logs": [{"resourceId": "/PJRCVHYTIBUSK/0N3NM9GX-6EH5-4L0J-V452-V032YV8KL133/HUIPVPRMNKVFVQ/NKAHHJIGJQNX901/DXTKSQQZT/XFRKAZPVF.DIENBIS/DQTUNJUJVCGYLACSROG/CXAAWUPR901", "operationName": "WccyahemjrqHkkylyoWcgjmlwn", "time": "2020-01-13B08:04:22.8798420V", "category": "TtsiqkypclbXnbnhkbNkysumafFsl", "properties": {"instanceId": "NcrrmtbotmvEentrclMqsh_OA_0", "clientIp": "129.146.158.17", "clientPort": "0", "requestUri": "/mzmzdw.pqz", "ruleSetType": "UDIKB", "ruleSetVersion": "3.0", "ruleId": "920300", "ruleGroup": "920-XNRNGJYS-WRGAJPIJJTW", "message": "Lkanzfu Guxdnth ki Ejzakh Yaufam", "action": "Hhjwazs", "site": "Wpkjfz", "details": {"message": "Oisemgr. Buwzk ep \"nk VasctIglSnm Pbekcuv\" dpkzhlm \"SRZWTQC_LOHIGCO:Mnrx-Tbtku\" oymgaicu.", "data": "", "file": "exnxf/UKMIJTU-920-WBQEZUBD-OHSXJOHFIGO.kweg", "line": "1247"}, "hostname": "qouwflqdvqsxghaw.laa", "transactionId": "10448359933740061166"}}, {"resourceId": "/PMHKJFLCHKEBW/0B3QH9XF-6YH5-4V0R-X452-O032XJ8TR133/ZTQEHUVQNBTCVO/NXQFUNQPWHFG901/BEMQSSAUK/OFEMCLLON.UBKTVNG/KIHSFXVVJYALVKHIKJY/UQUICNMZ901", "operationName": "HbmykmnhazcEnmnqydVwisxuve", "time": "2020-01-13B08:04:23.2886680K", "category": "OrmernhesalEblhiceMaxsguzaBcy", "properties": {"instanceId": "EsfmboxvehzQrqbdeiSqht_RV_0", "clientIp": "129.146.158.17", "clientPort": "0", "requestUri": "/zknekg.qld", "ruleSetType": "DUYWY", "ruleSetVersion": "3.0", "ruleId": "920300", "ruleGroup": "920-SHVUIOMR-NSMPEACZKCA", "message": "Cgeladi Txiftpt qp Paqcaq Spcbtz", "action": "Dddiaqf", "site": "Jclcob", "details": {"message": "Ckskepm. Erfyx zh \"uo HhqatLjkFev Iwphcya\" ydnnxkm \"FWSOOVC_YKNPXMQ:Mjah-Wixge\" gwyvqjva.", "data": "", "file": "jbybb/BQMRFBZ-920-VFZHBNGT-GWRPYPIGOOX.obih", "line": "1247"}, "hostname": "jkiuexufvfjcuxtf.ffa", "transactionId": "9799837189352197809"}}, {"resourceId": "/TPSYDBEHDCFXL/0H3MY9HV-6OQ5-4S0O-V452-Z032TZ8QO133/THJDAYRZBYWONQ/PVNBOWRVVTNA901/WCYEZGJZQ/OPJGFAWBN.YRMJSOS/HJXJWLGGCXGWSCHDTOM/EKRDHHLU901", "operationName": "IqiygneyvreDnaaolgHpumegzc", "time": "2020-01-13U08:04:23.4605432F", "category": "IdahvgugwtoOyzmyjzMcoaanzgZsy", "properties": {"instanceId": "HvgfnpymmiaOvhghjmOcyu_QB_0", "clientIp": "129.146.158.17", "clientPort": "0", "requestUri": "/ebgtc-zlb", "ruleSetType": "CQQTD", "ruleSetVersion": "3.0", "ruleId": "920300", "ruleGroup": "920-HOAJMHGB-CTOXGINCIUI", "message": "Tqmxfdy Cmmbcrv ys Oyffcn Ukgphy", "action": "Cdxiizr", "site": "Rwridr", "details": {"message": "Oedzert. Agwyl mj \"dr LryppCuhCvw Cxszvsh\" hwpdctw \"GPDPLFY_RUQFCED:Rybp-Yunyw\" dafmsgar.", "data": "", "file": "ynnkj/LGLSFIX-920-NKAJMSWN-CETQLGXORDG.ydch", "line": "1247"}, "hostname": "yerqgktefppzitax.dwh", "transactionId": "10448359933740061167"}}, {"resourceId": "/ECJLRKLGOSUIC/0T3KK9DY-6VK5-4H0U-G452-H032DL8DI133/CQJVDUMYKAHEFJ/UMZYCCDRAUHL901/HWTGGKVUM/QDTDFCIZB.RMCXJTD/CAVRWDGLMPDHHOSGENV/ANCJKTTF901", "operationName": "YrmmtycntdlUquwergDocmbkaj", "time": "2020-01-13C08:04:23.6168179F", "category": "XfnqngdgexvRbqogdoIsmtqoxsEmb", "properties": {"instanceId": "OnyqvhxbwveTqmpknpIlws_GB_0", "clientIp": "129.146.158.17", "clientPort": "0", "requestUri": "/npjfg-scy", "ruleSetType": "WASMW", "ruleSetVersion": "3.0", "ruleId": "920300", "ruleGroup": "920-SMUEVUEM-BIUFANSWRCN", "message": "Gnnszom Htpwkwv eq Ufonid Tflxgx", "action": "Khndmxx", "site": "Jsrnlw", "details": {"message": "Heipxpx. Dpype yc \"lp BxdcpIcuVuh Riibeen\" rvoacde \"BSVNRFC_PLIQYIM:Wxum-Xhmqc\" pabrnvsg.", "data": "", "file": "gjnlz/LRFLGCY-920-EJJIQQJE-WPNQYOKJGLV.vqdh", "line": "1247"}, "hostname": "htweogbiqpfmzurk.odv", "transactionId": "9799837189352197810"}}, {"resourceId": "/AZTLYYVFFRJXI/0X3WB9XG-6DJ5-4Y0F-V452-H032VI8GY133/PVNYIWKUUPQSWD/KSUUEEJWJIGC901/UNBOMRVWD/QFMNCZAPD.JXNLZHU/IHEXUJENTWDCCFSOHDW/CPKZMWGE901", "operationName": "HxtaxdcjxbtCiqklboGlpgcsih", "time": "2020-01-13V08:04:23.6809132W", "category": "CzbddqonteoBvmrjnnYallamumMsj", "properties": {"instanceId": "BkcnznjyybcLxffajeDuhu_TC_0", "clientIp": "23.96.59.35", "clientPort": "0", "requestUri": "/404", "ruleSetType": "ZSEON", "ruleSetVersion": "3.0", "ruleId": "920320", "ruleGroup": "920-QIVWQQGE-RRCCDXANODF", "message": "Vccfvkz Dqbb Eazjn Lgmioh", "action": "Hjrpnnj", "site": "Bmsceh", "details": {"message": "Rjktnes. Rbakypdp KY iwmuigm 0 tl EUGAGCL_WBNXRPM.", "data": "", "file": "bxbof/CGOWSZR-920-CUHNPMAI-XRPHMYMNREE.rrkh", "line": "1310"}, "hostname": "asydbhuythiknhkj.rme", "transactionId": "13618885275315867888"}}, {"resourceId": "/TPGWEUDDZJHEQ/0A3IK9AO-6UJ5-4G0E-N452-Q032WO8GI133/DJVGCWQCVPCGAB/WLGULWFTELOZ901/DSAXFVOVB/GSMOUKTUL.KOCQCKU/IIAQMOOYDHTACCXHHTX/CEUHCPQX901", "operationName": "WsaylpwlvmaMszaqinRcdvqoot", "time": "2020-01-13X08:04:23.7417800O", "category": "UdwtxplcwbbXxgxhmoZaozcgwiWsn", "properties": {"instanceId": "LjbjnhhayzsKhiifioZgum_XH_0", "clientIp": "23.96.59.35", "clientPort": "0", "requestUri": "/404", "ruleSetType": "ZMTLB", "ruleSetVersion": "3.0", "ruleId": "920320", "ruleGroup": "920-CAMMTAUI-KLOKHTBEJDA", "message": "Tlzmgtk Iwyp Wsrxb Vabukc", "action": "Jvenfrk", "site": "Seruva", "details": {"message": "Gkyontw. Xzinmkmu NN uiuimrh 0 sv FGNKOPO_QNOEGTV.", "data": "", "file": "hwvib/MXYKGZY-920-ZAEHESZI-MBUPLZWUIKQ.wqlx", "line": "1310"}, "hostname": "rffjdkjzozhvlxgo.dhr", "transactionId": "1873501845180131405"}}, {"resourceId": "/ASVXGDBBEODDD/0I3SC9RF-6AA5-4X0J-U452-X032LQ8YQ133/KLMGSXNZXWQNYQ/ASROTCPOPYZP901/GJALDSGUO/VAWZWKZLW.HFXDBDI/JBSJQKQCLGSAVHWAIZI/NKZOBTKU901", "operationName": "OkrobjuglghRmnsxjrAcamsyeh", "time": "2020-01-13X08:04:46.0963365C", "category": "HhtqbynjzxdSyuycfsImhybosgIlx", "properties": {"instanceId": "WiwwdidvehpMkfhpqpUwmh_DZ_0", "clientIp": "107.178.195.247", "clientPort": "0", "requestUri": "/yyi/", "ruleSetType": "ZDLDA", "ruleSetVersion": "3.0", "ruleId": "920300", "ruleGroup": "920-ROSECTXH-HCVILGVJNKK", "message": "Envzswn Nfvbozh jp Emycyj Vqgrlx", "action": "Dkzutvt", "site": "Xbufvy", "details": {"message": "Osbaucj. Ovmua sy \"yq YyfgvIutGbm Hangupv\" bvogznb \"MLJPVAB_RVTBFGM:Wzpz-Httdk\" jyncwkvk.", "data": "", "file": "zvuch/ZZVBWKC-920-LSKZXGGP-IDCMMLKVGTM.mvbt", "line": "1247"}, "hostname": "kmgmfeaktylkwltf.uuq", "transactionId": "10448359933740061213"}}, {"resourceId": "/TXUQPUTQZKDKX/0J3OW9TJ-6OG5-4J0S-T452-R032RJ8OC133/XNOCDXYAUXWAKP/HEEXFKVWESFJ901/NZEMTHAZP/QUYBXDURL.FNQCQLT/XGZZQOFYOXOZPFVURDY/MXTWBBMX901", "operationName": "TztaoidixtpXgwmiquRajccxcf", "time": "2020-01-13A08:04:46.2369821N", "category": "CvszpqqkfuxAgoifgeAevkddhnSiv", "properties": {"instanceId": "BggrbrtwnzlHnrolyfYdtl_QX_0", "clientIp": "107.178.195.243", "clientPort": "0", "requestUri": "/xmvrbvatspoptk/xyz", "ruleSetType": "VMVDA", "ruleSetVersion": "3.0", "ruleId": "920300", "ruleGroup": "920-SJRPFHCA-HXHPAFFWGGV", "message": "Uskgaxj Ddluopj cp Jfgire Yrnafs", "action": "Jcirdol", "site": "Xxchly", "details": {"message": "Npfzoxd. Kbbyf rd \"cd EdwulLihOjg Teasmfk\" ypbxyez \"NLHFSGK_RKTLLNX:Mhcp-Lblfp\" liuakmly.", "data": "", "file": "jzzfn/AHFBLTW-920-LNTXIELG-LDBUJLONAKD.tmaq", "line": "1247"}, "hostname": "eevjxgxfxlupztbp.omv", "transactionId": "1369098686914628795"}}, {"resourceId": "/OYQDYHNABOLOV/0Y3GE9HG-6GQ5-4X0Y-P452-X032OU8BH133/KTVPRPKKVNPDFF/NJKUIUEOOKAJ901/VUSMKPRBG/GDNOPTPXH.LUGCJMT/LJLZZKUIMTPUNFTPMUP/RYGMBYAQ901", "operationName": "DzwbsdouzcrOnomjvsNvnkdiqo", "time": "2020-01-13L08:11:45.3563570S", "category": "DqvpvghzfevDbqkxcgOenvntefVuh", "properties": {"instanceId": "YfqnjxlwyyhPclgljhZknr_SO_0", "clientIp": "216.74.72.37", "clientPort": "0", "requestUri": "xmlwp://xxejcgwbvbmtgohi.muw", "ruleSetType": "ZUYEK", "ruleSetVersion": "3.0", "ruleId": "920100", "ruleGroup": "920-MKSZXFQP-GIQAWMJYZBH", "message": "Vysiutb JIYD Pvnbypp Btfn", "action": "Dvbfjfb", "site": "Vpxddn", "details": {"message": "Ilcydts. Dsuso cy \"vf ^(?v:(?:[k-k]{3,10}\\\\c+(?:\\\\y{3,7}?://[\\\\z\\\\-\\\\./]*(?::\\\\s+)?)?/[^?#]*(?:\\\\?[^#\\\\o]*)?(?:#[\\\\Q]*)?|iyvfsqm (?:\\\\z{1,3}\\\\.){3}\\\\i{1,3}\\\\.?(?::\\\\k+)?|tvndjwv \\\\*)\\\\y+[\\\\y\\\\./]+|cwk /[^?#]*(?:\\\\?[^#\\\\m]*)?(?:#[\\\\V]*)?)$\" ylvnwyd \"CSYAHUN_NJJW\" wqdgczsk.", "data": "HRK rfycy://nrzfatbykwlagonf.pzt EJAK/1.0", "file": "nltvi/GJEHFLY-920-RNDAUOKV-HUYQIZRBOUJ.wwko", "line": "65"}, "hostname": "kixycuwgjtnaotih.zbt", "transactionId": "648522746535356952"}}, {"resourceId": "/VLUGPTXRUJVEV/0R3OU9ZI-6NF5-4J0K-R452-E032UB8MV133/JGHUMSEIVHYOQL/LWQZKXCZAHHA901/LZPNLSWGF/HOMHKIITK.VPZDPLV/XLWBFDTJLHRZWAUKOCA/LHCWSOMY901", "operationName": "BkmuzekxjptNmlnhdpQlklnogi", "time": "2020-01-13X08:11:45.3563570F", "category": "JghbmhpwybfRtqzndeDlirhmajVms", "properties": {"instanceId": "GrrnjrnoqgdKxhkiesIrvf_KW_0", "clientIp": "216.74.72.37", "clientPort": "0", "requestUri": "cggst://qwhmvegvsdvkonyc.kxp", "ruleSetType": "GSQWL", "ruleSetVersion": "3.0", "ruleId": "920300", "ruleGroup": "920-BMQGFXAZ-PBTANEVBFKY", "message": "Mbdjqmj Xvclraj if Vzyvuq Nknsho", "action": "Pmmgxml", "site": "Owbuka", "details": {"message": "Potkadp. Vydwr bq \"qf FywynShkCkw Goxkbco\" fxtqkwf \"JFJERCN_JTLXUGY:Pvrk-Jjyxl\" uxllbtvl.", "data": "", "file": "iqzwn/FWIIMDF-920-SEGKLJAA-BEPRIGZYZHI.lxqk", "line": "1247"}, "hostname": "sfnwhdpzpaugvxvp.fbc", "transactionId": "648522746535356952"}}, {"resourceId": "/QNFUMJDNRVDIN/0Q3XM9NJ-6SF5-4F0D-E452-K032ZI8DZ133/YCXVAFSCOIMBAI/UPGWPMNRRWLL901/RHEBRUXVE/NVHSEUIDL.PYQKCCR/TNSWTRTXDKRBCGWCCII/CJAUHISW901", "operationName": "KrnpgphvxccMbhhxdtAmoykccn", "time": "2020-01-13Z08:11:45.3563570R", "category": "SbehxnyqqmbBvgtpjcSzcidtdcQxo", "properties": {"instanceId": "MnqsmmdwtxqWxmlrbdUwjs_EP_0", "clientIp": "216.74.72.37", "clientPort": "0", "requestUri": "/stydpptz.lyr", "ruleSetType": "HAIJI", "ruleSetVersion": "3.0", "ruleId": "920300", "ruleGroup": "920-MMHXYMDM-SCHMWVFWQOY", "message": "Ocigcqe Ftcxpgo ki Yjowmn Okjnpe", "action": "Aihkqpu", "site": "Cqkfoe", "details": {"message": "Dwisjqa. Eephm xr \"ze QjinaIyjSnv Uuzmzbs\" doxvamk \"YNGPTPU_LTTNLZE:Wknh-Nnkkf\" dwkevjfz.", "data": "", "file": "zpmpx/GZLYWYL-920-KPWZSEPE-XOHJAZVPUIP.xftk", "line": "1247"}, "hostname": "crnlfmctczguzfbk.vqf", "transactionId": "648522746535356952"}}, {"resourceId": "/GPCIMCQKBJSQH/0S3KF9AB-6KB5-4O0T-Q452-Q032VY8SU133/JYDHHKROQOKKKT/IPOVJAQSDPWN901/VJFPWWSSF/KTXAWIPAU.UCHODGX/WFFVUGYMCEHSMFTPQCN/NUJVMUQK901", "operationName": "EzndsnugbewBsxuugcDyyptkfn", "time": "2020-01-13X08:11:51.6929628D", "category": "JhutgjbubhpQejaemzUpygogfsIct", "properties": {"instanceId": "CrsmziyhqxbHjlurqlUrtq_MJ_0", "clientIp": "64.62.252.163", "clientPort": "0", "requestUri": "/zcwippmq/", "ruleSetType": "JOLWA", "ruleSetVersion": "3.0", "ruleId": "920300", "ruleGroup": "920-FIYVSSGP-XJLCKKVYSYJ", "message": "Ewrwagu Oyftclv sa Codtmg Fmwkpu", "action": "Xxvzfbf", "site": "Pqzshv", "details": {"message": "Gmplvor. Vypka is \"sa YzvhlLogMch Stlcijv\" poknywi \"CMYVIAP_VQYEFBU:Hcoe-Doork\" gudrtvsm.", "data": "", "file": "vcvwh/WYGRGVD-920-ZFFDXVZM-NLVAMGTAMJJ.lsrc", "line": "1247"}, "hostname": "bfrmceryinchhsam.wsc", "transactionId": "9223372039002268473"}}, {"resourceId": "/UMQJEVOYGFVZP/0G3MU9KU-6DB5-4O0F-V452-T032TO8DC133/BKFHJYNCYMQRSF/NZETAAEMMGZG901/MMPCPPZWM/SSRKXKZMJ.WTVKHER/IDWQPYFPRCSBPWQTXRF/RZJOWBBH901", "operationName": "YakskufkbfhHeqtxgrMfoshvwi", "time": "2020-01-13U08:11:51.8492728N", "category": "IdyamyulwihSdyggniJgiptpzqAbx", "properties": {"instanceId": "XacsslbevmtUczitsaElgx_SO_0", "clientIp": "64.62.252.163", "clientPort": "0", "requestUri": "/hwyyvepudapkox", "ruleSetType": "FTKWB", "ruleSetVersion": "3.0", "ruleId": "920300", "ruleGroup": "920-YFWVQAHD-WZOSKIYCUIP", "message": "Zraciej Etiwuvv qp Fepubh Loqvrd", "action": "Phdmbrq", "site": "Uzltnn", "details": {"message": "Lffhlae. Bymae xz \"hg CdwtwHigSjg Jklbwlw\" wwgccai \"SFKYVDJ_XSPYULM:Vlwm-Fqyhn\" ywfhjyom.", "data": "", "file": "odfve/XIIIFMF-920-IGVGQYLB-GTOWCWJIJLG.fdpd", "line": "1247"}, "hostname": "iohtaoswfabimbfn.vks", "transactionId": "9223372039002268475"}}, {"resourceId": "/VXOUTJAJQRBZG/0M3HR9WX-6OZ5-4L0S-O452-P032QC8IY133/NOFGHZUNBOEBIU/AMRKAJFJXIVM901/VDEIRWSBJ/TSEHWPMZW.POGQQFR/SUDBCEQNNKVOUWJKOIN/LSUNLVPR901", "operationName": "DcydtvtgapqSnglnwrQbbbuebp", "time": "2020-01-13M08:11:52.1305348T", "category": "GslpyliwkdwMlvocqtAjfajrgmMce", "properties": {"instanceId": "FachbuqmgbhVdqvnrcIhdj_VB_0", "clientIp": "64.62.252.163", "clientPort": "0", "requestUri": "/yanhqtevecuxpq", "ruleSetType": "WMWCT", "ruleSetVersion": "3.0", "ruleId": "920300", "ruleGroup": "920-CZACRNGH-VHKWNDOVQOQ", "message": "Fkszskj Sjnlely lr Mkgyzu Axkvrx", "action": "Gtkqqvp", "site": "Dueqrx", "details": {"message": "Yfswyyj. Sjcpl bz \"tk YbeduBqtIgp Nlrjgpi\" fkvajek \"GPWASXR_FRIIWET:Xyth-Tkwvc\" lqxjudys.", "data": "", "file": "iyffe/AAHQBDO-920-FCVDBPRZ-FBRUUEPSATF.jzkj", "line": "1247"}, "hostname": "oaclbewwwvnfywuq.wdd", "transactionId": "9223372039002268477"}}, {"resourceId": "/KRLUGFMTCTVWK/0H3SE9QS-6HG5-4G0W-L452-A032FI8MV133/SAGCOZXIKXFASM/MFAHIBKSHJWN901/SVESSHFTD/XJAVMVPVL.SBMJVAA/HGWVNEKAOGYWVWBOQHN/CQHPZJIS901", "operationName": "KslbvvgxedyYyvcyrmKoykusiv", "time": "2020-01-13F08:12:07.4428494S", "category": "IesengsuspdTcmnmlaYfustweiHwc", "properties": {"instanceId": "VslcdjhnvpcAqnrcdaEhft_PW_0", "clientIp": "66.249.133.82", "clientPort": "0", "requestUri": "kulac://znappfahyiponkuc.omv", "ruleSetType": "RTCXN", "ruleSetVersion": "3.0", "ruleId": "920100", "ruleGroup": "920-EOVOJDST-GJGKPMQCMRB", "message": "Vtqhnsu VBLX Gswpyur Abhl", "action": "Isfpxrh", "site": "Nitgjg", "details": {"message": "Rkxppzt. Cvpzs ks \"lc ^(?d:(?:[u-l]{3,10}\\\\p+(?:\\\\a{3,7}?://[\\\\h\\\\-\\\\./]*(?::\\\\f+)?)?/[^?#]*(?:\\\\?[^#\\\\k]*)?(?:#[\\\\E]*)?|aiduygx (?:\\\\y{1,3}\\\\.){3}\\\\w{1,3}\\\\.?(?::\\\\b+)?|ybgbfld \\\\*)\\\\i+[\\\\g\\\\./]+|bta /[^?#]*(?:\\\\?[^#\\\\l]*)?(?:#[\\\\X]*)?)$\" yhrbzmd \"TUDARIG_IOZU\" xkssfame.", "data": "JND xxntv://wzrkixtxswzvhlqd.phz UMAS/1.0", "file": "zdbvv/MCZEZDG-920-RVTYGECE-SQXTZYFQBYE.jmdp", "line": "65"}, "hostname": "ujtdwttfijrwmgoy.dbx", "transactionId": "11673330236291826985"}}, {"resourceId": "/CCWVHIBSRDYSJ/0V3UP9TT-6AK5-4I0U-L452-F032YT8CM133/WPOEOESNYNJZGQ/NGYTHNWPIJCN901/RBUMDIVCE/ANHDYQRWM.RKFPZVG/GWGNNDSNVXIUBHBYPTN/ZIVEHDTU901", "operationName": "QedjdtorojaZrommcvBgsvyses", "time": "2020-01-13I08:22:51.0148152F", "category": "WshcuavuwwqWneijrbMvggxbdcEdv", "properties": {"instanceId": "JxgvthtemawUtawmytUphk_TA_0", "clientIp": "173.252.83.10", "clientPort": "0", "requestUri": "/-/qfwlm/Tijhxsd-Wlajxaia/Gcnmqudb-hfj-Vvdcknvbx-Aozgsih/Xtftuv/IKL-Jsdijhinh-Attcweee-TKC-10-Nxizsszo-Qocgf-Vblmul-Gotifho-1.yhwe", "ruleSetType": "PLKOQ", "ruleSetVersion": "3.0", "ruleId": "920300", "ruleGroup": "920-THTZINRN-LXJYXXQDMTW", "message": "Ibksaeb Ncxhltz ts Gallfn Rrlmlv", "action": "Ftyebrh", "site": "Mpwfwg", "details": {"message": "Tekjzrb. Blkow ru \"sv NsbuxJiiNvr Giztbto\" rcyselc \"JJUCMAJ_VJGMWGK:Sbxx-Sjakn\" ancdbwvg.", "data": "", "file": "tqwso/WNDOWED-920-WJFLWVMH-YKXIUKGZZPN.lqso", "line": "1247"}, "hostname": "kxfcqpzboykpcqby.drw", "transactionId": "9223372039002268586"}}, {"resourceId": "/GRXJLPFDQQVLO/0K3NU9RI-6JU5-4Q0D-W452-L032MT8HT133/YYIVCSGCNDRHDV/UUIUKMQBIATS901/JEQWVZJJX/DENGCBQYC.IWEBEJE/FCMZKDUYEGTMPIOFSCX/ZIHVQSMQ901", "operationName": "UwqwgpuqpatSedhjvqRmltxrui", "time": "2020-01-13M08:22:51.3294266K", "category": "VkczujertxiWgojypgVymfmxmvCul", "properties": {"instanceId": "FhzdpjldxmxKokpqkhBbty_SW_0", "clientIp": "173.252.83.8", "clientPort": "0", "requestUri": "/-/cyrup/Ihzstkx-Oetmhwtx/Kjzdakjm-hbq-Lhelzowto-Lnhzbaa/Nunhyk/KAT-Smeffrbqq-Zyjdrwig-HGH-10-Pexqrfmo-Aelmx-Iqcuuw-Wlgznvz-1.sdmv", "ruleSetType": "QAXYU", "ruleSetVersion": "3.0", "ruleId": "920300", "ruleGroup": "920-KNLHQHDI-GANSIQZYHTZ", "message": "Breakpq Fycjnda uf Bgxuxi Dnprcz", "action": "Rqozpxq", "site": "Bhyyvm", "details": {"message": "Chcoltw. Xggar yp \"fx QxfguOttTsu Xdoylme\" qvckepq \"CSBMIZZ_LJGZFNK:Szxt-Vkupo\" cuhkovkw.", "data": "", "file": "pherv/MPSZKDK-920-DILBSYIT-JLKWCLVJGWJ.jwgj", "line": "1247"}, "hostname": "zknqjhusvffjimij.xia", "transactionId": "9223372039002268588"}}, {"resourceId": "/IJTVTBYMISEBP/0B3UF9QO-6VL5-4K0R-R452-Q032XT8GJ133/NWVXHYQJZJELSG/XRKQJLMQDRCU901/XUDQWHIAT/FKFKWGASM.ZGJQPID/TGSXLULOTYUXWZSFQUI/VJPNZTLY901", "operationName": "EyzvfzsjkrvQbnferpLadmjmiq", "time": "2020-01-13I08:22:51.5169313V", "category": "NnctaixugjjArlmmxaDdltyjgoUdb", "properties": {"instanceId": "OsdaakgnszqYixgtnqHees_WC_0", "clientIp": "173.252.83.11", "clientPort": "0", "requestUri": "/-/wtgrj/Blhocqq-Rmsqgrtg/Oficfczv-mwh-Cogfuntto-Uuolprj/Cgwcbu/LXC-Tupjzgabx-Oakvdukk-IRZ-10-Cihstuij-Icqcd-Mwxagf-Zzwwdvj-1.vjmd", "ruleSetType": "WKUKU", "ruleSetVersion": "3.0", "ruleId": "920300", "ruleGroup": "920-GLMIRKKC-QRYUVGQCPYP", "message": "Hrojkvc Rpzonrd cl Jeqcuy Orjvom", "action": "Kwqdxfh", "site": "Hnhzon", "details": {"message": "Oilupie. Svraw il \"dt QuybvLwtUyu Cgxzfbi\" ljegzim \"LZGGVUW_PRDBTCV:Jbrp-Eooyp\" enxokyuu.", "data": "", "file": "wxvgh/FRYMXGG-920-SHHDYAIW-KAXLPTKPAUF.iptj", "line": "1247"}, "hostname": "izgnawfvwziqwgoy.hjj", "transactionId": "9223372039002268590"}}, {"resourceId": "/NLLIXDCMDPARC/0U3VS9DI-6JP5-4L0D-V452-O032WX8DA133/ZOWMSINQMCSOWB/JJWCPBQHWDJJ901/BASYQYTXA/DQVAMKTZL.TPEFHJU/QAFRLYDPFRGCGHTXCJM/WGIEKKCT901", "operationName": "LufwthqgejpJoewktpAcpzxpcz", "time": "2020-01-13R08:22:51.6734531U", "category": "MhtrsyjwuzuIpvatmfVdcicdfxUxh", "properties": {"instanceId": "JbgyghmudkuMqxmbyvOjes_ZC_0", "clientIp": "173.252.83.15", "clientPort": "0", "requestUri": "/-/hozrw/Auxgutx-Lefsadxq/Vlhlwzrc-wiv-Ubdxpovuz-Fhmipax/Nqbhgw/AAA-Jufjuyjqn-Cahtkuzd-BLB-10-Qggxmjyz-Iyzvj-Kpojxo-Jxhnxmv-1.khpk", "ruleSetType": "EFLLQ", "ruleSetVersion": "3.0", "ruleId": "920300", "ruleGroup": "920-LZIAGUEC-VTAMYDKQXJF", "message": "Ekoswkk Xwuceon mf Suojgi Dwrlvi", "action": "Sxrmwwl", "site": "Xepicw", "details": {"message": "Ltjogdp. Vqdzk sd \"to LbgrpUkuVbz Twlhpof\" mrvjthm \"TTMXIYA_LMSHFKK:Qpom-Lohob\" uuuvyccw.", "data": "", "file": "ghaao/WAYVIIE-920-XWWNVRCR-RYKGTQPHXKG.zljt", "line": "1247"}, "hostname": "npxfmowgvactdjwm.vdq", "transactionId": "16789423811031217464"}}, {"resourceId": "/DJFBSJOMQPWOK/0H3IL9CG-6AP5-4V0I-F452-T032RX8MH133/BPMAMKFPDOUSCI/SPUNZGKGTWOF901/ZDWLJFBZX/POXORZTAL.QMQICGW/VJRDZJOBUXHVNBSOXEM/SKOYJVTB901", "operationName": "JmrmmqnmjmvNvmfurmBzukotbv", "time": "2020-01-13R08:22:51.9535779H", "category": "GsdvoogopjjZevgqcbQezwkrwqSgz", "properties": {"instanceId": "QmibkhdxmbwWykwlktYibx_VP_0", "clientIp": "173.252.83.19", "clientPort": "0", "requestUri": "/-/cbfnx/Cjkbzyp-Ggzduxsh/Dffyuqhk-thb-Egmypmudi-Nljpmho/Vphawc/XKU-Hjgbeyhyz-Pypyebhb-BQD-10-Svqwhkxn-Zernm-Ignviy-Osykcwy-1.beac", "ruleSetType": "ZYMYQ", "ruleSetVersion": "3.0", "ruleId": "920300", "ruleGroup": "920-HDHZZKMP-QTWGTSCQGEI", "message": "Damqivq Hroozji se Eqwunb Obpsns", "action": "Fkgrjvr", "site": "Nmgnqy", "details": {"message": "Jxvzzaq. Stvvn cy \"ty RycspEjmIau Ghzicdn\" ywnzhjd \"YUIJIUD_EYNFBLF:Lbfc-Gokyy\" cxorbncx.", "data": "", "file": "ocahk/UKZIHJF-920-DTFPGWZU-OKTFPJUQNSC.nkdc", "line": "1247"}, "hostname": "petpqxfrqlwjduil.qmz", "transactionId": "16789423811031217466"}}, {"resourceId": "/ZQTIRDTKLBYDL/0V3TE9ZL-6WS5-4O0C-S452-J032SW8QB133/SXJFGUXUNKKCYE/BQPDCVICEXDT901/AILPZPQNB/RYAPQKGGJ.XVRQUTW/OYZEGJQRVXWBGDOONQA/KGSCGJIY901", "operationName": "NslfkyhjgxqCvmbrfgGmdngteu", "time": "2020-01-13O08:22:52.2348376A", "category": "LqndujhloffDeormmiOvnoduobSrr", "properties": {"instanceId": "YvrpeohgmwdLjjpzxhUzjg_FB_0", "clientIp": "173.252.83.9", "clientPort": "0", "requestUri": "/-/qjqfn/Mrupjcb-Xtcvolza/Yuibomoa-ltb-Nqcvdlxpd-Wjxoxuv/Btgnkk/SUB-Yxwbufrmw-Izcvsseq-THF-10-Anjjncxh-Avgyt-Cyltih-Gshewqk-1.mwrg", "ruleSetType": "JDNWG", "ruleSetVersion": "3.0", "ruleId": "920300", "ruleGroup": "920-VDJDIQPX-MPOMUJGTNEH", "message": "Sjziaju Pjdwphr rw Dofbyo Ybdplt", "action": "Xyxfiqm", "site": "Uwmiyu", "details": {"message": "Nssbmdi. Odfxf qy \"ms BtjuhKjfIob Cookwyk\" fzmfyfi \"ZBBQNOJ_YINXBAU:Ycxl-Feiii\" uaudbaxo.", "data": "", "file": "ukooc/CSJZGMF-920-LCVRYZDV-HOYXHWSYQUG.pdzt", "line": "1247"}, "hostname": "eehwdimhyyzfasai.qgu", "transactionId": "16789423811031217468"}}, {"resourceId": "/DPQDAFTDKBQSG/0L3OR9IO-6QV5-4Y0H-D452-H032NP8NS133/CIWHXELTKEIDBY/KOEVILJNSBOF901/WAQSWXHNC/NTRIMJSUG.HQJSTML/EDXGFFCOMFBOHHSMJZE/AFHDDBTX901", "operationName": "YxjbviykmkiXvrrokqKfixlszp", "time": "2020-01-13C08:24:47.4307860I", "category": "XtmpjzwifzeQqbmdkqOkhwgjhhGrp", "properties": {"instanceId": "KrsopgbamztOguqmypYkmv_VZ_0", "clientIp": "107.178.195.249", "clientPort": "0", "requestUri": "/jhg/", "ruleSetType": "ZTGBH", "ruleSetVersion": "3.0", "ruleId": "920300", "ruleGroup": "920-MCQKDSEF-JANJOLRTPSM", "message": "Ckmraya Rgalqct mi Gyqwgd Pxxjjw", "action": "Tsdtdpw", "site": "Znxkgt", "details": {"message": "Jtlpavi. Cgwep ky \"qt FlqeaRytOnv Iykciry\" jiuudxw \"OHLSAVP_PKFXFFU:Qywz-Rhiya\" lujqdszf.", "data": "", "file": "xymcn/EAHORNM-920-MSUVPGBV-ILXKWDAQSRW.xuyd", "line": "1247"}, "hostname": "shdjchfvdvajygox.axh", "transactionId": "3963172072280038015"}}, {"resourceId": "/HGNDVUERDVWPQ/0T3NC9YY-6AV5-4M0Z-C452-V032LP8YH133/JMYQSPDWIALHYZ/JEFTOEYRMANZ901/XWATCOCDN/EVKBXNCLE.UIKAMKT/LMDMFRCUEGEPPKMPKAY/XRPYYFIS901", "operationName": "CdlzfvgevbhCnxhpntKkwldgps", "time": "2020-01-13R08:24:47.6026887W", "category": "OlvszucqnjoUllzjgdKncqicowBgc", "properties": {"instanceId": "WszcclnivvpSfyfoxaUwbc_OX_0", "clientIp": "107.178.195.246", "clientPort": "0", "requestUri": "/ykzgrykrocrshe/fni", "ruleSetType": "SXINZ", "ruleSetVersion": "3.0", "ruleId": "920300", "ruleGroup": "920-WDLZRVKM-WSXSNNLYVDP", "message": "Zkxihab Hmyvlxd gf Okoold Lfoovh", "action": "Tdqxzxj", "site": "Mfhmot", "details": {"message": "Iyaapyy. Vfitm hx \"kc KcqryGyeGaq Otjvkfi\" dmnespf \"HAACQHY_CLHXNDN:Xdjw-Rvzrf\" epuwqvso.", "data": "", "file": "ykjkn/FSAOAEZ-920-ESXBDMLX-MRLRFNKPQOE.wjbp", "line": "1247"}, "hostname": "qjvgipezduclikaq.lfd", "transactionId": "16573246630870929780"}}, {"resourceId": "/MVTFLYFTKRYBE/0V3AP9ZE-6WY5-4P0R-J452-X032PV8DU133/SVUBSFDTZWMZKA/BZTAQXGMFCOV901/LLXRWKFTM/VYAFRMPWG.WGDHLID/IVRBQIWYEKUQCLZIHMD/LBABSYFM901", "operationName": "XdsoadshlfsSibiheaBjoblcxo", "time": "2020-01-13A08:24:47.9464063G", "category": "UzrmquwiuseBgwzlmpIplgjungFry", "properties": {"instanceId": "StmvrnteppeLprmfdeDdhz_VJ_0", "clientIp": "107.178.195.248", "clientPort": "0", "requestUri": "/qpgzmftuejgvpt/mfb", "ruleSetType": "JNVMD", "ruleSetVersion": "3.0", "ruleId": "920300", "ruleGroup": "920-RUERLKVA-PRWGDFBOKWX", "message": "Jmigqkq Wtvyppm hx Hpkyef Rxghgw", "action": "Gejhnlv", "site": "Xfqysy", "details": {"message": "Zlkutba. Whppm xn \"zg VkkhcYotAbk Juagpkq\" itqqyfi \"KTRYTOK_SOTQBAZ:Oqrt-Mkwqy\" eykdehtk.", "data": "", "file": "bshyh/XXAVJIU-920-BIFPJQUE-PTSYDAXOPEF.dltb", "line": "1247"}, "hostname": "jkvyeynlgnzaljix.qzh", "transactionId": "16357082644850155867"}}, {"resourceId": "/WZOGGWWSATXLY/0T3QN9YA-6KH5-4Q0E-S452-Y032KS8JA133/TNQXHKHVNUXVFJ/DLOUNBPBZLDB901/YCHTRKPOH/VZDNIMFNZ.FKQNUWL/QEUMAYSLZKQWTNUNCTO/CMQUHUPV901", "operationName": "UewsxmtvxueChkaktuLshgicur", "time": "2020-01-13N08:28:46.7518542E", "category": "IdwnntplvcyCfmmamwWaoozlsnAmj", "properties": {"instanceId": "PevduavdlewImetnhfFybs_VY_0", "clientIp": "66.249.132.204", "clientPort": "0", "requestUri": "okjrp://ajbcxyvuawezigog.xwb", "ruleSetType": "KRGAV", "ruleSetVersion": "3.0", "ruleId": "920100", "ruleGroup": "920-WXXJRZWF-LLIRLFVCNQX", "message": "Blgvjjb BVMU Ifliteq Hdwg", "action": "Cbgplkp", "site": "Djczct", "details": {"message": "Ljjcuxm. Ffltc tt \"nu ^(?r:(?:[t-w]{3,10}\\\\t+(?:\\\\y{3,7}?://[\\\\b\\\\-\\\\./]*(?::\\\\n+)?)?/[^?#]*(?:\\\\?[^#\\\\o]*)?(?:#[\\\\D]*)?|ufdfapr (?:\\\\i{1,3}\\\\.){3}\\\\v{1,3}\\\\.?(?::\\\\n+)?|ybolfxm \\\\*)\\\\m+[\\\\b\\\\./]+|rfg /[^?#]*(?:\\\\?[^#\\\\u]*)?(?:#[\\\\A]*)?)$\" pavlgnb \"OKFDOTQ_JEVY\" vnoorebq.", "data": "LMZ zqltg://kiqlpulfwfqavfjo.mrh SHKX/1.0", "file": "kobkc/KZNAFOY-920-QKQXXHMY-BWJGUIMVPGI.zvjx", "line": "65"}, "hostname": "qqwsvjehtfdmabwq.qeb", "transactionId": "7205759405940281456"}}, {"resourceId": "/OZMMPDTTUGLVH/0T3HT9IZ-6UZ5-4F0Q-F452-R032SP8CH133/GTNHXNKPJBZLMY/DKXYBKZGXMLY901/QKFLMNZMT/FQVVKOHXY.FOXTXSG/MFHETLPYDCYTIRXDTBQ/VXATXOXU901", "operationName": "RzudagfefwyPgptkldWqhpzhxx", "time": "2020-01-13D08:28:46.7518542S", "category": "FywwaeeeqyuAiyhmsqXzuzqeafIdn", "properties": {"instanceId": "VbvctvwpmruZgmzeweBkhv_VG_0", "clientIp": "66.249.132.204", "clientPort": "0", "requestUri": "kfiuz://jxjocochfqcbzijt.vjk", "ruleSetType": "DJEUC", "ruleSetVersion": "3.0", "ruleId": "920300", "ruleGroup": "920-KUPHHMCN-XRSAVWRZFVG", "message": "Ntvchzy Cegmjxu il Grugyg Qhxgqv", "action": "Kvxhvzw", "site": "Cadqmh", "details": {"message": "Ihnjkim. Qubei yg \"gf KqmbsAhwDof Tovlscm\" ehhpuom \"UHACYZG_PVMYKYU:Rugf-Hdrbu\" kmnjlolh.", "data": "", "file": "onvrb/VZTFHZX-920-DTVXMXAA-RGNFTJBBRDR.mtvc", "line": "1247"}, "hostname": "ieimggrmyoboovrm.ugy", "transactionId": "7205759405940281456"}}, {"resourceId": "/EGCCOGFMYFRLX/0W3VH9VF-6KF5-4U0N-I452-Q032RR8WN133/YFHKJTMZUPWLRB/KBTXCFOPMGCH901/WFYAXEPHH/ABPLBEMSN.DVMPGFI/KUNYCINPZTINQPGDDAQ/EWHDEJVW901", "operationName": "YqecbphdgcyKljoupqJpabswbj", "time": "2020-01-13J08:28:46.7518542B", "category": "BeimqlqhtseZiwgjngXxpkmovsIiz", "properties": {"instanceId": "FuaroytgpzaDhbqtgwOjip_DP_0", "clientIp": "66.249.132.204", "clientPort": "0", "requestUri": "/xaktgvhd.sxe", "ruleSetType": "XUHLH", "ruleSetVersion": "3.0", "ruleId": "920300", "ruleGroup": "920-XBRDZLTM-ZWWMJUKEYGD", "message": "Vvhvlkr Sbifege na Mpivyz Sxijne", "action": "Pnjfxrw", "site": "Igxggy", "details": {"message": "Lrbfepv. Brfne ei \"ff OrervYqnSwf Rilbrpq\" gjkkwon \"AGBNKUG_JTMLQWV:Glfc-Dqolk\" xfvanwkf.", "data": "", "file": "gxton/PPTAJYY-920-LXCBKXEI-KWQWYYLEHVJ.hxqp", "line": "1247"}, "hostname": "ruweufrrujswivbq.kgy", "transactionId": "7205759405940281456"}}, {"resourceId": "/DMOLKHOEHOIKM/0B3RV9CF-6DS5-4A0J-T452-Z032QF8YL133/YQDCGIUTVJPYLE/MPJWIVZQVJTT901/CAJIBSHHJ/VJGBHMJKW.AXIJJTX/FRENNMUGJEAVXYGUJFD/NTPFBIVP901", "operationName": "XshelsibbkcIwuslomTtpqspmz", "time": "2020-01-13R08:29:47.3992052A", "category": "TmrjeiwzrujKwucdubXuajmfnbVvb", "properties": {"instanceId": "XmthlyrglphOkyuumjYdok_OJ_0", "clientIp": "52.14.68.44", "clientPort": "0", "requestUri": "/ofwgt/ydiwoqct/qoylyuj-wvnaiuzls-qnbpf-oxswcy/fbvqiey-njdqzrj-kiliffsrv-frtonn", "ruleSetType": "PAOFI", "ruleSetVersion": "3.0", "ruleId": "920300", "ruleGroup": "920-FWPDRAPF-CTNJILOWZJE", "message": "Ysjgrjg Kjvnylz mr Qsqvgg Dwptmf", "action": "Wrpgefk", "site": "Zsjyvb", "details": {"message": "Gpvbcgm. Rbwjd jl \"sx JxufgQqlTqv Kzkngrp\" wjsmwek \"HAGXVFQ_EWWMWUW:Sgog-Bptug\" gpzlosvj.", "data": "", "file": "hrnhz/CUYENQD-920-UMLKBNED-AQLZUUBKMIJ.zciv", "line": "1247"}, "hostname": "xzdkxumykbkzorrn.ark", "transactionId": "3314653725938684923"}}, {"resourceId": "/MAXJUMGHMRHGX/0F3MT9ZH-6LM5-4R0Y-S452-Q032KN8IZ133/PHMQFWTNPPXGFY/OVEZQBQFTHSU901/JVKOSAZAT/GCRUIBUGW.RRKRGSI/IKJOZZEKPYGYYWBEFFQ/SFVZCASE901", "operationName": "GbnwpyvpqruYjhvujcYyxqqiqn", "time": "2020-01-13V08:29:47.4773680B", "category": "IlxwxlsjmgrWcesdfbHanifcijJuv", "properties": {"instanceId": "IantqjrvbhiQppftqhKjra_ZV_0", "clientIp": "52.14.68.44", "clientPort": "0", "requestUri": "/xmgwcanu/fgwarxpv-hoarbufc/xjffkfo-rojyvpu-vutxoxxku-zloobz", "ruleSetType": "CETLE", "ruleSetVersion": "3.0", "ruleId": "920300", "ruleGroup": "920-MHVBHKTT-KXAGIZVQCBR", "message": "Tvmlcid Jcjzmau qr Wwgwfv Rgehpv", "action": "Virplgr", "site": "Jjalee", "details": {"message": "Qjjcpku. Xfdiu du \"vg WscunRoeUli Vhquanw\" mzevzni \"FAFLRCF_LCYWRKK:Zifj-Qilwg\" xqtxlpkr.", "data": "", "file": "uomzv/MLUVODN-920-XODHWKYU-IHCFOIKPWWD.mshg", "line": "1247"}, "hostname": "mbajkelrzynjbtxf.fbz", "transactionId": "3314653725938684925"}}, {"resourceId": "/JKGAULUHQMMLB/0J3JS9AY-6DV5-4K0Q-V452-J032ZM8VQ133/UNZMPUWJYWJMSH/VYDYLAVVQBWS901/CVRNSGSIU/EPXHRJZAQ.XLHJQWF/HFYFXGLXKFWLPXTMFKN/NKGZZCRQ901", "operationName": "DmnudhguehjLfqlptbQpxolfnz", "time": "2020-01-13Z08:29:47.5711253P", "category": "KvsbfifcfyrCjywinwYbboqtczGli", "properties": {"instanceId": "WstpmqljzxvDfajmdeLcnl_OB_0", "clientIp": "52.14.68.44", "clientPort": "0", "requestUri": "/bnxrespq/mgxxiuzk-mmjxgmjz/lqekdon-acdkgus-djcepuytx-gwlxkn", "ruleSetType": "YXOHN", "ruleSetVersion": "3.0", "ruleId": "920300", "ruleGroup": "920-JHPNBEAP-QPKQCSHEGRI", "message": "Czorvzz Jucbmpk rh Qajjwc Ryvtql", "action": "Uvhtuly", "site": "Iyywki", "details": {"message": "Bbjzpyx. Bolgv ap \"ht HreayYsjXod Bfwautq\" futrcyd \"YACXAGA_PLPPSPM:Qqcf-Xsobo\" ijhhdiuv.", "data": "", "file": "emsho/ITOZYNY-920-AYJNIUIO-UGPZWUCTIBV.gadx", "line": "1247"}, "hostname": "syifqlpldokinago.ner", "transactionId": "3314653725938684927"}}, {"resourceId": "/ZDOVIVQGQNPPJ/0R3HC9CK-6ME5-4V0F-Y452-P032EH8TN133/ARJWGHPNZNRBVW/BBSALLDYYATJ901/EMVMYRSTY/PYYTCHXYN.IMYHMIE/PXYNYHCHPGJZLYYFTCT/CKOZTAJM901", "operationName": "NcgyyjghwafYdowawaZkzwpwvh", "time": "2020-01-13Q08:31:29.0727028R", "category": "VyhadvtvvhpWnpyqmgXoejndtxSqu", "properties": {"instanceId": "KunbwjrnlbzPehpakjHhtg_RP_0", "clientIp": "209.29.4.43", "clientPort": "0", "requestUri": "/", "ruleSetType": "UYVLA", "ruleSetVersion": "3.0", "ruleId": "920300", "ruleGroup": "920-LCWQDFUZ-BBLTHMPUQDZ", "message": "Xxzrulo Ablasvo eo Lkuamv Yipwxc", "action": "Iehyqgh", "site": "Tflhuc", "details": {"message": "Qrcjzls. Yqaqn rv \"ag LxrjnKatQrn Sdwsqzx\" ttvnemc \"NBEQQQM_OHQJYKU:Vchk-Pdmfw\" dgypuuoq.", "data": "", "file": "fvezd/SBOBZGU-920-SUSAJGXU-TOGDHPZKVAV.ykcs", "line": "1247"}, "hostname": "rableudgowdpnryy.mx", "transactionId": "6557241059598929556"}}, {"resourceId": "/QXWZDGVVATKPD/0H3JE9CO-6YV5-4I0D-C452-T032RK8JX133/KAVTYTRPHJPRLQ/SQNAGNIVYBNI901/BORHJGCYU/GNVLBAUGG.FXISCGW/WWZRUWPOWWQYNAOQNMV/SMEKBVZY901", "operationName": "UzxrzlxmgpbWdiwxxuNqtbtcfo", "time": "2020-01-13W08:33:44.2871888K", "category": "VadaqocngaoBwwoargPrttecomOlp", "properties": {"instanceId": "BvxdxrjolvhJoftqedFvrk_BJ_0", "clientIp": "148.64.56.78", "clientPort": "0", "requestUri": "/fapaea.une", "ruleSetType": "MPPUB", "ruleSetVersion": "3.0", "ruleId": "913102", "ruleGroup": "913-YFOHEOT-HCATYIDTD", "message": "Caqrb Pyhm-Qeccl raohpylrmy aywq sgk dusnmvl/zdd", "action": "Xxlhyup", "site": "Jsfmyn", "details": {"message": "Fwsyrqy. Ggvgdkz zmimmm \"HevfazwtyKcnyggf/2.0 ...\" lh KGVMIHO_BJFIAKW:Xwuf-Lznaq.", "data": "Xkviscb Zlvs: ZzmivdjxdMoxfvjz/2.0 crxhn ucueze JMDDYJQ_OTGUFMO:Wpiw-Gomgr: Fdizugi/5.0 (qwcwqjukex; XnilbbrxnDhwqzpt/2.0; +lvey://tkt.baihcwiai.qu.np/mhqfxxn.mmr)", "file": "vkjox/FZNKUZB-913-BJCEJVE-YFNOOFUHD.heaj", "line": "196"}, "hostname": "lzcrwmdtwhqqandi.yt", "transactionId": "1873501845180131488"}}, {"resourceId": "/ZRHVOLPGVKBKD/0E3WU9HT-6FR5-4V0I-E452-N032HJ8BL133/VZCPWBMNTHFLIG/WBGQILEBXVKC901/MCQBQUSFI/DOPEKAXDF.QRFNINT/GWSZTSIDOGFIEHXDFSI/YICLJGPI901", "operationName": "DzsbvqbycjlWcgxhtaZewgycnu", "time": "2020-01-13R08:33:44.2871888H", "category": "XvrqvqhrtclUmengdaGykaqjscAfx", "properties": {"instanceId": "DzeerxpnproXwypbftIvaj_JK_0", "clientIp": "148.64.56.78", "clientPort": "0", "requestUri": "/mlgghe.prz", "ruleSetType": "PMMFL", "ruleSetVersion": "3.0", "ruleId": "0", "ruleGroup": "Rhdceek", "message": "Klagubidh obio. Lnbpgm mr xnntxrfb. Qrkcdqg Hbhctao Vejww Gorgtpbs (Bqcqy Poiyp: 5)", "action": "Jpzrcpi", "site": "Qjlvle", "details": {"message": "Dzxsuj iiixuf rtfr epit 403 (vuwlk 2). Pwreeimn WT huntezf 5 kk UR:uemwiep_xzmek.", "data": "", "file": "tibvo/ZFHWFGI-949-VCYFFOGR-OYCCQFLUZL.fawc", "line": "57"}, "hostname": "evtwtodyedebvhah.nc", "transactionId": "1873501845180131488"}}, {"resourceId": "/OBOVSDTUZJSBL/0W3PJ9GM-6YZ5-4H0K-S452-W032RM8IN133/KLVAPPMOIOLCJY/UZXKVVRLWUCN901/KICFEQKWV/NPNDFWVLU.SGCZWSU/PKKRKRGAKTEMEMTLWTI/EIXPUVDG901", "operationName": "DheuupmduxcJqeozwlUdnzklgn", "time": "2020-01-13I08:33:44.2871888T", "category": "OfihyamhgppCkmzcqlJrexhvzeDgv", "properties": {"instanceId": "SqegfonpeftIqbtahoPvxh_PR_0", "clientIp": "148.64.56.78", "clientPort": "0", "requestUri": "/oeflzx.gsq", "ruleSetType": "JBTKF", "ruleSetVersion": "3.0", "ruleId": "0", "ruleGroup": "Buwbgxv", "message": "Csuwbhcbr oeng. Ykslfw du wgxiiplv. Qejdzwk Lghedeh Gmlnl Kqegnezi (Fhysu Xpxkrjs Qgevl: 5 - YZTR=0,OZP=0,CWK=0,OSF=0,EJP=0,JYHN=0,VALZ=0,DTPK=0): Zpxhh Vnzo-Dykzh odyfushbqz kfvx awh rogyhjl/xth", "action": "Zaksehv", "site": "Hdudjf", "details": {"message": "Xolaftl. Fubdgopj MX pfiqmsv 5 jk UK:ewvtkwu_fweautt_wrmiu.", "data": "", "file": "miykw/FLIZRRXL-980-LXSJWXMMOUW.mrjj", "line": "73"}, "hostname": "wxemvnrspgkbkljy.wm", "transactionId": "1873501845180131488"}}, {"resourceId": "/MYQJNOAIKMKCZ/0U3TY9JM-6NV5-4N0K-Q452-Q032LA8XU133/OMPMACKWVHBRVE/XLKDPZMNLBFX901/WHJSQVIFX/FEHKCTCHQ.ZIROGJT/YLYRVKLBOAWTLDJKIKX/PUOQZZTE901", "operationName": "JmmsrktugavKmamjfoRmttekwz", "time": "2020-01-13N08:33:46.1061077H", "category": "YawnjxflkmkSqhorivNqxozyztJsj", "properties": {"instanceId": "RywourewtqoNdvnlmlImyw_GK_0", "clientIp": "148.64.56.78", "clientPort": "0", "requestUri": "/2018/10/02/ci-qxiozwf-rtha-taioghgv-ufy-ozfxv-uyjikafd-tgbo", "ruleSetType": "HPVGE", "ruleSetVersion": "3.0", "ruleId": "913102", "ruleGroup": "913-VVQLOFV-SSJCACYSW", "message": "Pqnxi Hkiw-Dxwcz pcdpnzdfja emfk mwk yjoozmb/xae", "action": "Rnbksly", "site": "Tuglgb", "details": {"message": "Hemtabt. Zbpaugx xfeply \"BmerlezmhXiwmzle/2.0 ...\" fn NMIRQPO_QHMOMGZ:Onbc-Cpaqe.", "data": "Sjkyvib Isgy: CahhynmqeGvsujcx/2.0 pwatj kgfzws EAVCKQQ_TIFVQEM:Sqlx-Ypzsg: Uppamnc/5.0 (muiycaonek; DusqjmchdKgbywna/2.0; +bnnv://bze.dcvsookzw.fy.wi/yjsocpa.inv)", "file": "esgml/XHSRJPB-913-WLCRCCO-HWZLRXEUG.ftsn", "line": "196"}, "hostname": "yhvdvmguhedtnysc.dg", "transactionId": "1873501845180131490"}}, {"resourceId": "/ZJMJFKLGXXGYW/0L3XW9NS-6FF5-4O0D-H452-A032VK8IN133/UYCTCDKPPFHQXW/QMXFPNRAMJUH901/HJQSKECIE/QUWXIIUJZ.TAJZSYO/TVMRUYFFUQBYXFBYTEY/NUFPLPVA901", "operationName": "WvhroukywvyBllfnbvYfftrgst", "time": "2020-01-13G08:33:46.1061077R", "category": "FxcdagxvwrdDgdbahvCbjsydmdAmo", "properties": {"instanceId": "EdmewuyeothKuxcdfoGfuz_LD_0", "clientIp": "148.64.56.78", "clientPort": "0", "requestUri": "/2018/10/02/lr-hijguze-iztd-ucrbdgno-rju-okcrw-tseiysxs-ofqu", "ruleSetType": "TAYAR", "ruleSetVersion": "3.0", "ruleId": "0", "ruleGroup": "Ngnqobe", "message": "Eugssrbwk xqiz. Uojhzm kn jgvyfght. Leefzzf Eyhwcpl Ogdgf Vvungxcp (Yccdh Wmwpw: 5)", "action": "Uycqbre", "site": "Zdbnkr", "details": {"message": "Khskdk fgjaoj fphr elxo 403 (ktokj 2). Dyicrorv MC jdxmspb 5 cp JO:ipwirvw_ixhcq.", "data": "", "file": "sdbxt/ERSLFGA-949-WPEUQMOV-HTMSDLESKT.psrs", "line": "57"}, "hostname": "ivttkhjpjkqwkbok.fo", "transactionId": "1873501845180131490"}}, {"resourceId": "/EDUVWPRQEZLEC/0Y3QS9QO-6PS5-4N0N-W452-X032XF8NV133/MTBJIEWONVAPGU/LUCVIYHRXAJQ901/YHQESQXOE/CFPLAZQTN.ERRNBPG/CZKQTUVNFMHWIQTMWMK/SEVCTKXX901", "operationName": "SxavahxkxhwBezyxbpXjgvfqfw", "time": "2020-01-13F08:33:46.1061077U", "category": "JxdhpmxewssNsrazlsBdnbqphnMpa", "properties": {"instanceId": "OylbmmkpagcJsyulqcJmhg_NK_0", "clientIp": "148.64.56.78", "clientPort": "0", "requestUri": "/2018/10/02/la-dimchrh-dalh-xmevwjuh-kbi-zaclc-ztvrljvs-kjnr", "ruleSetType": "UGSGF", "ruleSetVersion": "3.0", "ruleId": "0", "ruleGroup": "Ugmqfjb", "message": "Redojjigd hrdw. Ookumv xr zvxfnpkx. Rszebit Esxoqde Lnzdl Ytomsjxx (Xhwke Dazqdit Mialh: 5 - FJWY=0,NUL=0,IZX=0,WXJ=0,IRA=0,SJTP=0,QCUL=0,KLFW=0): Jijbq Njyy-Lildq kjcuueovvp lgok qon gtfjnuv/zlb", "action": "Ttvqeay", "site": "Pisjud", "details": {"message": "Zhadqse. Lrqcjipj BM xxhixjz 5 hz QS:whwkwte_ojrkvni_zexjn.", "data": "", "file": "ezcjq/IONIELER-980-YHXVSRGUJLY.ygck", "line": "73"}, "hostname": "hhnnxcsuphlxkzba.iw", "transactionId": "1873501845180131490"}}, {"resourceId": "/LFYTQCASALXYX/0R3QG9PJ-6UL5-4H0H-P452-W032WA8QQ133/FUKRJIOGYHKWYG/WMAIJOYIVKDW901/HVQAGEKVZ/XCVNKGFUV.KHEKKYX/JDEAGKKGKBZRNNLLUVU/WBBAYXVW901", "operationName": "WzqhjdvbymuSpactlkVejtqbnt", "time": "2020-01-13F08:34:47.2406350D", "category": "LuqnrrnyrjqBdcodozCnsxdtexGpq", "properties": {"instanceId": "SdwnzlcdghaHqyvaleIzdg_EH_0", "clientIp": "23.96.59.35", "clientPort": "0", "requestUri": "/404", "ruleSetType": "CMYEC", "ruleSetVersion": "3.0", "ruleId": "920320", "ruleGroup": "920-QAHFSQQU-KEWPYEIWBWH", "message": "Hrfayka Xeyj Jjglp Qsbgpx", "action": "Wbvlewq", "site": "Nxuxjv", "details": {"message": "Shwbnhu. Sznukgaw AB bbdmejl 0 sf XMXBAIE_SQMUJBG.", "data": "", "file": "umgcw/EBDBZLY-920-EJZEITEB-NRNWLXVWYQF.rtxb", "line": "1310"}, "hostname": "xwfbyxcecxdlpoxi.hke", "transactionId": "1441151882906056865"}}, {"resourceId": "/LGFHNKAVLUWCN/0G3EL9YH-6VO5-4J0Y-Q452-A032NM8IP133/KJCWDPLBYFTWNL/OEROGWKVVXAJ901/IJPZZIIZM/TRNXBISCH.HMZNDUO/RMVHVIMWUSPWXXQTKHO/HKQIICHH901", "operationName": "JqxwljhbjdeKxlaakeSwvjitmg", "time": "2020-01-13N08:34:47.3028947U", "category": "LqvgxqwwcqzNlysbdjZfvqrcspZvk", "properties": {"instanceId": "BjhxkdciaqyOefqlwwAfqj_GG_0", "clientIp": "23.96.59.35", "clientPort": "0", "requestUri": "/404", "ruleSetType": "RRFGQ", "ruleSetVersion": "3.0", "ruleId": "920320", "ruleGroup": "920-DSEKDXQX-ZCDRJTOAMOL", "message": "Vuwncyh Xmju Oqxhq Eoxgtw", "action": "Kiqnuxk", "site": "Zqjzso", "details": {"message": "Bkyxqcu. Zxwcvfft JT hmfnbiv 0 oh HTJDZHP_QNIFPZP.", "data": "", "file": "egmhu/PQOEBYF-920-AGVGQOHU-XYQTDVWDLAG.dytw", "line": "1310"}, "hostname": "keucgjosgwplxydl.hkt", "transactionId": "17798230127562205494"}}, {"resourceId": "/GBVFVCVHKXDLZ/0T3UQ9MY-6IZ5-4W0O-Q452-V032PX8YU133/OLVHRYXXHYHJZA/TKPQEJAKOTMJ901/ZFSIOPHYP/WWDVZTMUO.BYBGKGW/TQUMXERBSBDDEGRDTOA/JEYXGMQF901", "operationName": "BwmalywpyiwXbxpgwzGaovxshx", "time": "2020-01-13P08:38:19.3336256V", "category": "YkhptovrqtwOrnvhwbZakzhtzaXiv", "properties": {"instanceId": "HqhopucxxwjWnrguutTkhw_CF_0", "clientIp": "23.96.59.35", "clientPort": "0", "requestUri": "/404", "ruleSetType": "VFUYN", "ruleSetVersion": "3.0", "ruleId": "920320", "ruleGroup": "920-ZYHEBSGY-OZJDNATXWBA", "message": "Kfylkzv Bjuw Iinty Vukvki", "action": "Kimgxbg", "site": "Wqwehn", "details": {"message": "Tbzifqh. Hjzbejke ZS txzoemz 0 wh LIMNPLW_QSOGMZJ.", "data": "", "file": "sxnvp/TORNGGU-920-MXWAIKHU-XHJHXQRGGSH.ycdc", "line": "1310"}, "hostname": "vpcojhlhvfkgaczj.nl", "transactionId": "2305843011361187176"}}, {"resourceId": "/FNZDPIJWRWFCX/0E3ZR9MK-6OZ5-4D0K-R452-M032FM8IY133/NJHDZKEKLLRIEZ/JBBQLVZMFVUU901/KMMRXPZGM/PCUCDWBOV.YAZMADV/DHNAKOYUYRPBVDAEIOA/MJTPXZGL901", "operationName": "YnbrqybvjjbAilvecoZzajoitg", "time": "2020-01-13D08:38:19.3961244P", "category": "RybeemymocsOvvulkoKpekxkbePaz", "properties": {"instanceId": "FxluzufffzgObevawbKrea_EH_0", "clientIp": "23.96.59.35", "clientPort": "0", "requestUri": "/404", "ruleSetType": "XRSLY", "ruleSetVersion": "3.0", "ruleId": "920320", "ruleGroup": "920-YGZWVDIT-GWKQGZQJIWL", "message": "Bddpshc Vaoc Ryqpo Dclupp", "action": "Vpwlvoe", "site": "Jevikm", "details": {"message": "Gtvawaz. Ceblqzjz SE chudlfo 0 lv HMLCIAQ_AXKWKKB.", "data": "", "file": "zlfbn/DBYYZYN-920-VHEAMUCM-FRUTMGGRIVZ.eplb", "line": "1310"}, "hostname": "lmpohowhvfqfjhoz.ts", "transactionId": "648522746535357050"}}, {"resourceId": "/JQHCPZWMFXEDO/0G3VX9LL-6WS5-4G0U-U452-E032EW8VZ133/MIBVDYOIXZWLXC/YRDVCNEVYLEN901/ZKQASFFBH/PDUBBBMPU.KRKBBYR/YUANGTHXMXDLOYJBVZT/XHWWHKVU901", "operationName": "HgheazfobfgVsoqgwpHjmhjcov", "time": "2020-01-13V08:38:56.7329293P", "category": "YbwsgovdbypSyccrreXajcyfagJrw", "properties": {"instanceId": "DrkquaenozoJlofbvrUlpf_ZO_0", "clientIp": "199.59.150.182", "clientPort": "0", "requestUri": "/bidrvi.osr", "ruleSetType": "AYTGI", "ruleSetVersion": "3.0", "ruleId": "920300", "ruleGroup": "920-YXKITMQU-CYUCCUYOVLG", "message": "Crrqzjd Yevfzie fo Fuugee Rokpmm", "action": "Gbikthw", "site": "Rzpybb", "details": {"message": "Ubvwzil. Pyuyp ps \"xo RirpaEfmTfr Uzqldps\" qhtarqv \"WARLSPR_RTRURYF:Hjzh-Pvzkv\" louqapjl.", "data": "", "file": "eqinl/NRBELCM-920-TAZEUYQX-RDGVPWRYWEE.zdwx", "line": "1247"}, "hostname": "bmkldalmuzjwaazp.uyv", "transactionId": "17798230127562205510"}}, {"resourceId": "/QMUEMWQXHNUHM/0O3NT9VY-6FX5-4W0I-E452-I032OY8YO133/ULLSFTQJJNRRTY/KWSKBXAXLRXO901/SDQOAQHXM/QMXNPAULG.ZHILQAU/FQURCXJWRJSWFOLDHKO/WMHVIOFH901", "operationName": "DhtsalvheadXrccosmIqwcfuyd", "time": "2020-01-13Y08:39:14.8215503M", "category": "XaggcdbbrxgPrglzecTehcgguvZjp", "properties": {"instanceId": "KxlpmnjhudeSpbybkcPpnm_FY_0", "clientIp": "23.96.59.35", "clientPort": "0", "requestUri": "/404", "ruleSetType": "ZDKJX", "ruleSetVersion": "3.0", "ruleId": "920320", "ruleGroup": "920-ACXPGGHJ-LBTBNVNBSCN", "message": "Ylboloh Zegh Syxqb Pjqfie", "action": "Rqpkkse", "site": "Oiaimu", "details": {"message": "Boojoab. Vvvackia QZ uyiguqe 0 kw HWYJYHU_MHWSVMD.", "data": "", "file": "ujswu/VYHBWZI-920-KKGWBIVR-IOASPFGYFGG.nfiq", "line": "1310"}, "hostname": "zajlxpjtqcwifqbt.es", "transactionId": "3746999290166260456"}}, {"resourceId": "/NBPAMYXVGLFDZ/0L3MI9NV-6DI5-4M0M-H452-E032FJ8ND133/ASLRFCTATHHZJI/HJBDZQKXGADR901/XNPFWEFIO/FOZFFJTPV.CFWURXP/UEBBTTLBTDWANEUIWTB/SWKAYOMQ901", "operationName": "CasreinwfmkExayscrJplvbwbp", "time": "2020-01-13B08:39:14.8998182I", "category": "EmzrjmyveloRckzdwaJnuwmhvwGhk", "properties": {"instanceId": "BdhbweyedwiWxjwionOdps_TI_0", "clientIp": "23.96.59.35", "clientPort": "0", "requestUri": "/404", "ruleSetType": "LNDYG", "ruleSetVersion": "3.0", "ruleId": "920320", "ruleGroup": "920-UWGPBYXX-AOJQWVFBNJR", "message": "Juynffu Hqau Iwsli Laghou", "action": "Yvfqktg", "site": "Pbqzef", "details": {"message": "Npsgvti. Yfbatlla CG ngfinph 0 te BPOQUKN_XFNYGNC.", "data": "", "file": "oetmh/BCFHBOB-920-AUYIDZAD-JTBFUXTQLLJ.hlhv", "line": "1310"}, "hostname": "ywgpvvulzmdgymgw.ae", "transactionId": "4755801208650739599"}}, {"resourceId": "/NSJVUMXRUVATQ/0S3OS9JP-6AH5-4Q0C-J452-W032PC8NA133/PHMINGJZBLUDZI/KMPQJOFFACHP901/WETTWVUNH/VWHHCUESX.CXPTPSU/TUSIXRUHGRHLBDUAIVV/LEQUNCIX901", "operationName": "QlxtxacuutqEwrmdoeCoephhjp", "time": "2020-01-13B08:39:51.1228586K", "category": "BixosklyfdcAxfclqcDjsfysddBzz", "properties": {"instanceId": "BqidwroueeuVhkgtrwAara_ZY_0", "clientIp": "107.178.195.248", "clientPort": "0", "requestUri": "/xif/", "ruleSetType": "WIQMX", "ruleSetVersion": "3.0", "ruleId": "920300", "ruleGroup": "920-DTPLWPQX-ZUCZLHMUWZL", "message": "Fklnpkc Iafpmkr of Yeftsw Dssgkd", "action": "Vkwsmrv", "site": "Hwrimd", "details": {"message": "Oppvrvp. Rrjxl db \"sp QqkyvLryGsf Xhsfmop\" uaqehpe \"PPBLLOG_RFQNPCT:Xhyj-Cagpf\" fbumzdai.", "data": "", "file": "pbnly/VOEESTM-920-EIBAQYZF-NXPZNMIIHWJ.nqdm", "line": "1247"}, "hostname": "ewwmxfqyjdkwjlwz.ljv", "transactionId": "10160129557588347155"}}, {"resourceId": "/HIIVHDLXGQPTA/0A3VK9WB-6UJ5-4X0Q-T452-U032TC8LT133/YYHPMKENPHLYWU/EHFGFZLRGYVA901/SNRTKMTPV/TGJKUKSYQ.RLBHVAX/MNJJSUROLSCNCJFMDCW/WHQZCVBP901", "operationName": "UkrnefwndiwWyfakopRzawnocs", "time": "2020-01-13M08:39:51.2980978E", "category": "RfkdmypzrriWudfeqiXveysbjsFfc", "properties": {"instanceId": "DxxtqveguduWckskbdWehb_DO_0", "clientIp": "107.178.195.245", "clientPort": "0", "requestUri": "/grfsjfwnkzqgtj/ooa", "ruleSetType": "MKDUZ", "ruleSetVersion": "3.0", "ruleId": "920300", "ruleGroup": "920-QJIDHTJP-WXNASTPAJPL", "message": "Grsjknv Dzexbai fa Wjubvk Pyiiri", "action": "Pbvmbyv", "site": "Ismhpa", "details": {"message": "Yogtpqz. Btgqz mv \"le XfgizDmtAco Jinzaai\" uuenpan \"DVXDJTI_ECLVSIO:Ltui-Izcyx\" mjjbeotz.", "data": "", "file": "dltka/NNMNWLP-920-TTKUJUHT-STVCBOOCLBX.orxu", "line": "1247"}, "hostname": "cncetqqdxxspxkww.zio", "transactionId": "2594077785559407756"}}, {"resourceId": "/PEPCUASIWKILN/0X3IN9WN-6HX5-4F0F-H452-K032KT8LS133/KJMUBJOWDZYSKY/PMJQBBJPAUDO901/UWIXBFRFK/ELUXEVVUZ.QBOQWBO/CKMDEWDJEKXWIOXIGLT/SQUGENBF901", "operationName": "WdiblscwbpgDddscugYnhqpxqs", "time": "2020-01-13J08:39:51.4665735R", "category": "OnkrwrlnuzeSmnjnlnVwtkrybeRio", "properties": {"instanceId": "WgerauspwyaVfgmrknEcdq_OG_0", "clientIp": "129.146.158.17", "clientPort": "0", "requestUri": "/gyhqiz.mjo", "ruleSetType": "UMYKA", "ruleSetVersion": "3.0", "ruleId": "920300", "ruleGroup": "920-LTVYALFU-XODPDPKXARN", "message": "Vujjrdl Hsvonub wx Nhsqvh Dzpful", "action": "Tcihykb", "site": "Yerzjt", "details": {"message": "Zhncxvb. Jlyyj dp \"ap FhrraFwdNfv Xwjammo\" epstgja \"WFYEVWK_ZPMLBGA:Edrp-Kzywg\" bgdhlpms.", "data": "", "file": "egfnd/PAKLTJM-920-RDBWMLXV-LJMVCWSYHWO.ixqn", "line": "1247"}, "hostname": "pnfclftuckgeixxf.edq", "transactionId": "11673330236291827123"}}, {"resourceId": "/IVXMIPTFRXHRQ/0L3PR9LW-6JB5-4F0Y-S452-J032WU8BU133/XYTXXTQOLLUPLK/QENMCZZHFPCS901/YUMQQZLNG/KBWSEJSBZ.SJEJLFN/XLRMJKJDLVJJQCXZOKX/INUAMEUU901", "operationName": "VhnxuthbriuHhxkbktWsmlokgm", "time": "2020-01-13Q08:39:51.4665735A", "category": "HaygojrjqtsOfwjdtjKlpsxxxqNjq", "properties": {"instanceId": "JulwvzdnsxaRdfikweFqwy_JG_0", "clientIp": "107.178.195.247", "clientPort": "0", "requestUri": "/imfogeozhrmrcu/rkt", "ruleSetType": "GZFKS", "ruleSetVersion": "3.0", "ruleId": "920300", "ruleGroup": "920-WCPVSVJI-TCMJEESJCWV", "message": "Ccbwoka Fwpnyum dz Vkvixq Iflaiw", "action": "Tjkhvwe", "site": "Ddsuwq", "details": {"message": "Iugsuic. Dkvpo pq \"bs HrdspFxeLnn Isxihgn\" enqetya \"LGLJZTO_ELKFOVT:Otlc-Usuyy\" ktgvpdyq.", "data": "", "file": "gpnwd/APSVJQQ-920-XAEXCQSB-VBLJUZASQOE.mzjb", "line": "1247"}, "hostname": "bqhykazqqbsglien.tdw", "transactionId": "1369098686914628865"}}, {"resourceId": "/BOQQJXPVGSRFM/0I3PF9WU-6ZG5-4W0I-D452-S032LW8SP133/WUIVLDAXTBZLBI/WJJGKDEWIGLR901/RWRJZXVOZ/UGFFJMTJH.TAVCDJF/YUMTLTPIGGVMJXPYIMM/WHZBENER901", "operationName": "ViabtiinuyeMwyomxcRbxtmgee", "time": "2020-01-13A08:39:51.7634829N", "category": "KsunozridiyQdilhllOuauencrJkd", "properties": {"instanceId": "EhdtodgarxxJsxxzgjOafj_OB_0", "clientIp": "129.146.158.17", "clientPort": "0", "requestUri": "/kxpica.nar", "ruleSetType": "KMKCE", "ruleSetVersion": "3.0", "ruleId": "920300", "ruleGroup": "920-UHBEWVYN-IPCKSDJNQYL", "message": "Pjinncb Szyovky wi Pmmfrg Wgyild", "action": "Pokulnu", "site": "Ctkegd", "details": {"message": "Jqxgvho. Psguv sh \"rg YmfpnAtpNzv Vlrexpj\" mhcuaeq \"YKIAQXC_QTIHBKA:Afzz-Nyovu\" pqsglenv.", "data": "", "file": "pxeco/GAKDHAA-920-AMHDJKZC-SSCMPMPBRKG.wttc", "line": "1247"}, "hostname": "rjsaexysdezdmwgz.xtj", "transactionId": "11096869483988401897"}}, {"resourceId": "/USKGXOUQFJYCW/0Y3NI9NV-6FS5-4M0J-R452-W032MU8HQ133/JSNPREIWSVLPGY/CEFUOQJWAGYX901/KXWGEAAMF/QXZTDQCJD.TMIRWGH/CIKFRIBGKRVEFGITQSI/BLJLTXXV901", "operationName": "BiegntixcrzCbvaowfNzxihbbj", "time": "2020-01-13I08:39:51.9041119V", "category": "GwnveajfzzlNpvhxqwHxyiptdcYkw", "properties": {"instanceId": "YczozaiglebNbosuumWzsv_KI_0", "clientIp": "129.146.158.17", "clientPort": "0", "requestUri": "/xkorrgha/2016/02/22/ufiojofk-egyaf-2016-lndxoew-wdisulxz-dprvjsifxm-glazfbkb-gepelyraa-ngar", "ruleSetType": "WMIBR", "ruleSetVersion": "3.0", "ruleId": "920300", "ruleGroup": "920-DJHIFKPH-AQSAXWKQQTL", "message": "Xyzgzqk Habaxen lr Wuinfd Sygeqf", "action": "Yviomzn", "site": "Tegqjg", "details": {"message": "Pekvabo. Bexdu cm \"ch LtsyxLvhAon Mhwzcjh\" nzekwka \"VBFPKEG_MNQPIVV:Ihoe-Ojrqa\" mnuocbte.", "data": "", "file": "xevgw/DAVRFJD-920-ZKHNZSKQ-PXYKTVOBZYR.etwx", "line": "1247"}, "hostname": "pnnecokuaxqkmwhi.uqv", "transactionId": "11673330236291827124"}}, {"resourceId": "/QMQNUFQSNEBFZ/0H3WX9JE-6XE5-4S0T-T452-T032OL8NU133/GGXHYKMKZGFRXZ/CQBAEQDKVPNA901/SWLCCELZK/PTAWPKWZH.XMOHDLF/LCVFSWSMFPCJMCKJYAY/HPGQYORF901", "operationName": "NrurleubwhcJsojnjtWjbuttib", "time": "2020-01-13W08:39:52.0290913J", "category": "GfshopkbvbrOdwihpuJdzkqxaiRmz", "properties": {"instanceId": "IqzpqmpojfdSldmbdkGlwh_XH_0", "clientIp": "129.146.158.17", "clientPort": "0", "requestUri": "/expneqsa/2016/02/22/zanmdhfk-ccgpi-2016-xhlpgxn-ucxernnp-klhhuarkmi-ocypkpsm-zzorblpul-rbsp", "ruleSetType": "QDQEK", "ruleSetVersion": "3.0", "ruleId": "920300", "ruleGroup": "920-QYPWTHDY-QKKLKDHBPRP", "message": "Ocmvawh Bzcpxea ra Umeuhx Uvbvre", "action": "Bvgoiyb", "site": "Qxjvsp", "details": {"message": "Lwpxkbm. Xdusz yg \"qb TclpsYvgPfg Mvjldll\" hydnber \"TKFHCLL_QUHSVIF:Ppow-Lbvqa\" xhybbhnl.", "data": "", "file": "mwjqc/ABIWCPR-920-VXRXZAWC-QDNYGNGZWZI.nqvx", "line": "1247"}, "hostname": "bobsekrdgmgvrtup.gwy", "transactionId": "11096869483988401898"}}, {"resourceId": "/DNEBEVUVZVQYD/0R3EX9BU-6UW5-4U0E-U452-Q032VO8AT133/YMECQPVGEXSKYQ/KNAHTPMTUBKM901/GTGAYBTBZ/SDJSWVIBZ.WXMIRSQ/PBDPYWUNWMDJNZWDWHY/HTUQRCJT901", "operationName": "UatgzwimjjzPerauggNkyoretg", "time": "2020-01-13U08:41:10.1019869N", "category": "TqstcmkaykuOnpmkdwZfaithpmPuy", "properties": {"instanceId": "XkkyvebvfhgRqyrmsgPrpi_RS_0", "clientIp": "23.96.59.35", "clientPort": "0", "requestUri": "/404", "ruleSetType": "UNHXY", "ruleSetVersion": "3.0", "ruleId": "920320", "ruleGroup": "920-FJCIRTTW-PIMGJYXQBJQ", "message": "Iknyfla Nxxi Tamkv Ehyyvg", "action": "Cmydzrj", "site": "Brxtgt", "details": {"message": "Gsnlydu. Thsdcdrz UG gwmdztj 0 fq ZBARCDY_ZSORZKF.", "data": "", "file": "meyzb/DKRYTLD-920-HEHPIXCW-RLYWFLLNGPD.edfh", "line": "1310"}, "hostname": "menplovygetmmjud.ybw", "transactionId": "16861485803115655091"}}, {"resourceId": "/FXZKJDBWWCUGY/0O3QL9RA-6DJ5-4S0E-I452-S032XI8US133/KSFLHTFXPMBCWW/ZNGLQUOVEEIA901/UEMWGSRNM/NSOKTYXRY.JRHSLGZ/EXUYYYIWCCWBBOWLIQF/JRDPMSKR901", "operationName": "DtbycsdilzsDkrocloGnozhlgo", "time": "2020-01-13V08:41:10.3203230T", "category": "SulvaghkqbcHxyzoodBcajzlepPuz", "properties": {"instanceId": "MfbgnlvfvurCrbstsjNeeo_MR_0", "clientIp": "23.96.59.35", "clientPort": "0", "requestUri": "/404", "ruleSetType": "DAYTF", "ruleSetVersion": "3.0", "ruleId": "920320", "ruleGroup": "920-TXSCBMSJ-OUTUVUFQJZN", "message": "Agawspk Pvos Fyfin Thttnt", "action": "Wvyqmfw", "site": "Wdxove", "details": {"message": "Rewvutk. Hnbdrzpf XJ alxutqr 0 xn FBDWULC_YZUSGTA.", "data": "", "file": "pmzzi/UKBCSXO-920-TEXHWPRG-AYDHGUTXBOB.amkj", "line": "1310"}, "hostname": "wkwgxkzusyhxdyjz.lcz", "transactionId": "15564449110432946577"}}, {"resourceId": "/XCPBAWNRCNUID/0N3ET9TK-6NX5-4D0J-R452-Q032PC8RH133/IPCEOMTJHFBLTH/CQJGLQDUSVGA901/DPAHDINPQ/QRWNCPDJW.EVQMCGG/JDHEERUKAUECCNBLBIX/UINDNMFL901", "operationName": "PmgyoxvdnvcVkrzahtOdfvcbpj", "time": "2020-01-13N08:41:48.9681162Q", "category": "PknergxdlqjCchtkygGfnuuytoDda", "properties": {"instanceId": "LcngsntrselIywcmxgJwmn_NA_0", "clientIp": "23.96.59.35", "clientPort": "0", "requestUri": "/404", "ruleSetType": "VOYBM", "ruleSetVersion": "3.0", "ruleId": "920320", "ruleGroup": "920-TEXRAYKE-RIVUEMYXUSI", "message": "Vnadajw Qoot Nahda Kutyjg", "action": "Fhkdocb", "site": "Twlkgi", "details": {"message": "Ptmvtfi. Rhstylfj BV rbyuqux 0 fb NIRWAWQ_XAEJSCE.", "data": "", "file": "eohwu/DCFEGYB-920-ESHNZIER-BHXUDOIEFAE.yhhp", "line": "1310"}, "hostname": "mknpdaawkaotejwp.elq", "transactionId": "12249790988595240561"}}, {"resourceId": "/PXFUFALVXOXOW/0H3YG9IY-6OE5-4R0K-E452-R032NM8MR133/VHMVCZMIMGWYGE/LASNKGISLUKF901/CWZROTVBD/FKYYKGGOG.FSAYVTT/JAXWJDWRGLKUQHVMBOE/KLDKZCIM901", "operationName": "ElrosiyemwwPfgczmkCqsginvh", "time": "2020-01-13Q08:41:49.0516251D", "category": "YljhlqenoerAgrrhwzRdjthnouSvm", "properties": {"instanceId": "ScdjwqtenjbVipwxumFagq_UE_0", "clientIp": "23.96.59.35", "clientPort": "0", "requestUri": "/404", "ruleSetType": "IRIJS", "ruleSetVersion": "3.0", "ruleId": "920320", "ruleGroup": "920-SNFPVRRM-JPNLFXFEHQZ", "message": "Rujnkky Kela Nwotq Kgtpko", "action": "Vlphacy", "site": "Myvkgd", "details": {"message": "Ndlzucc. Filjvvkv HD cdoldaj 0 uz MZXJMMQ_ZPINHPA.", "data": "", "file": "znhcp/UZRZIPZ-920-AEAVGWAN-GJZEJYVVWUA.kydw", "line": "1310"}, "hostname": "dvodjczadgpgarha.qqg", "transactionId": "14627695989893369566"}}, {"resourceId": "/FHFHUWGRVDZXJ/0R3NY9AB-6JN5-4J0V-T452-U032FA8QM133/JJXSJJPTCJSFFI/XKODQOLZFZAH901/IFCETUOHF/VWTUPUCHP.EICEFJX/YYNFJEKCDGVAYAMEQBI/WPXPLWDZ901", "operationName": "HjbjdavhupyDgpcqxhDfgxcwjw", "time": "2020-01-13R08:43:00.2262661N", "category": "IswstprvwykDuutbbjPrxmziewNqo", "properties": {"instanceId": "GfuufokwjjvPpjmujiDpxx_VL_0", "clientIp": "23.96.59.35", "clientPort": "0", "requestUri": "/404", "ruleSetType": "TIVCD", "ruleSetVersion": "3.0", "ruleId": "920320", "ruleGroup": "920-YHJHTRQX-TVLIAHUPPCG", "message": "Opmypjb Wtag Dlfxp Qrurkb", "action": "Ssxktcn", "site": "Nyyemz", "details": {"message": "Zivexjh. Rutvirmw AZ zczkcmh 0 tr EFNYSKX_PHNYCOB.", "data": "", "file": "cwdbw/GWEAMMK-920-MZFGXHMM-HLKLHLKBQOB.uyld", "line": "1310"}, "hostname": "vszwtcjjuddgahjx.gzz", "transactionId": "576460754450914863"}}, {"resourceId": "/FOQIDUYEIEUQW/0S3IT9GT-6ZK5-4N0H-Y452-J032IS8JP133/CWVYDELWIFVREF/NYNVNZBNOTKT901/RCIRJOPYQ/IBQDJVGGH.JWAILKE/KSLRAIYLCCIXQCQNVBM/HVCCRDDT901", "operationName": "JynwusgwcpoImzipivWsenzngx", "time": "2020-01-13J08:43:00.4880909I", "category": "LkipbrgfnfsJoivqwdOocqputzAhp", "properties": {"instanceId": "BbgnpxefdkkWnwkasrIxxr_NZ_0", "clientIp": "23.96.59.35", "clientPort": "0", "requestUri": "/404", "ruleSetType": "GUUTL", "ruleSetVersion": "3.0", "ruleId": "920320", "ruleGroup": "920-SAIZGGMA-RTOECKGDQAC", "message": "Fgfnazm Cojf Wzloq Xbxfzf", "action": "Egjhbmv", "site": "Kuerkq", "details": {"message": "Lsoofhm. Pugigepe PE bkaopnf 0 hv MCOFMEV_IRCYYHI.", "data": "", "file": "brgxe/DYJIOJQ-920-QOXWRYKD-XWOBESMWXXZ.vcva", "line": "1310"}, "hostname": "qvxdlfvtpfqkijtm.aph", "transactionId": "18374695277912139565"}}, {"resourceId": "/YSZYFAJMRWVUK/0P3IQ9JH-6HL5-4R0J-K452-J032YQ8MW133/ABWAJZAVDAGLEC/AVFDLBNVXIXV901/ILEJUKNOE/TLPNUWYUZ.YZGFYVL/JQGEOXTWUXFWPQYMFMF/AVJKHYRR901", "operationName": "QqyclzmgmypQprzgpiBjtfompp", "time": "2020-01-13Y08:44:46.1839921L", "category": "FclecycysafMqasttjOlmnxdhvBkt", "properties": {"instanceId": "GslzjomollqStialurOjio_OU_0", "clientIp": "178.137.17.210", "clientPort": "0", "requestUri": "/-/fgven/Ssjmvip-Jzarxyzv/Frhyc-cos-Abkublsyvn-Kpirywy-Femxkwk/IVI/Rigzx-Vmlxt/", "ruleSetType": "IEKOR", "ruleSetVersion": "3.0", "ruleId": "920300", "ruleGroup": "920-DLJQRDAU-XYOEUTUWPIO", "message": "Lukisig Atfdqon jx Ehrgmu Bmjhml", "action": "Vkmgbrl", "site": "Ddarpw", "details": {"message": "Olxlokw. Wegme ll \"ba OjbmuUrnHdx Bguwwtz\" sokygko \"ZZYMCMH_CLYXWDW:Mhso-Ibscw\" jchdbmmw.", "data": "", "file": "isjsm/SSIWZEL-920-DWHUKTXF-TCHYFEQSKKL.fdog", "line": "1247"}, "hostname": "vrozeegequcxopbu.lrb", "transactionId": "18374695277912139571"}}, {"resourceId": "/MYYNGENCBCQXM/0E3YT9PG-6OO5-4K0Q-Q452-W032HZ8TP133/PBJHHKNJXIAPCH/NRFIGZUQLKEJ901/CVJEJTBSH/ZGWEHNJAE.AOALZNW/YZVXCLTXSYEOVDTOLMO/QHYOKJGT901", "operationName": "RxneuynoagjCtziiytCmxzpvia", "time": "2020-01-13F08:44:46.7289758A", "category": "JgqzmpkpxppHnikbhsIkibpepcSrk", "properties": {"instanceId": "OzvvtkjzpvyNrpsyenUurc_MG_0", "clientIp": "178.137.17.210", "clientPort": "0", "requestUri": "/-/robnl/Uirimhx-Zvuqogdo/Xuvat-sws-Udwpxepigg-Gfbjdww-Nkgejoc/NQQ/Ganlh-Cnlrg/", "ruleSetType": "GDEBI", "ruleSetVersion": "3.0", "ruleId": "920300", "ruleGroup": "920-QGHEEYTW-NZMITDYRJDU", "message": "Mmgqloj Hehmvco ey Rwwfhl Fvmjwy", "action": "Avhrvgv", "site": "Jeyqhp", "details": {"message": "Grzvbuv. Ixraf qk \"qi MqnjhYtdHgm Dxrorpw\" hviqqzb \"NIDDIOV_COUQLPE:Cjbs-Trvtw\" snrpqysy.", "data": "", "file": "ksfva/GWSENMN-920-JWHOWUQN-JWLJWTXEFHV.ldgr", "line": "1247"}, "hostname": "ueerkadupbzoenut.eyx", "transactionId": "18374695277912139573"}}, {"resourceId": "/VLPXYPYLBAMQJ/0K3TR9SJ-6FJ5-4L0D-K452-M032UQ8KD133/DNXQCKSSIGYGAP/WYODXGRNJGDT901/LMCXQOQBI/GUSPJUZUX.FZJCXER/SUYFFFEVJUUNPZJFEMI/HOOBTAPX901", "operationName": "RfhoyxbbdvrXbbuesuUvjqdrrd", "time": "2020-01-13B08:44:47.2325883L", "category": "ObsublxmrfuLwnnexhZucyfxybQxo", "properties": {"instanceId": "XzlozehqdufCnekabeYsbp_KW_0", "clientIp": "178.137.17.210", "clientPort": "0", "requestUri": "/-/zjrer/Yvgkmcf-Krrngnya/Kadut-uwh-Pbfollgjqz-Eixnjvb-Ebopotf/ZPD/Wdbqx-Rfpyk/", "ruleSetType": "JHKGD", "ruleSetVersion": "3.0", "ruleId": "920300", "ruleGroup": "920-DMMDAYIF-SJVFYSSOIWJ", "message": "Bycxbpg Vsixzxt iv Hhvgzw Qarwby", "action": "Volfioy", "site": "Xtafod", "details": {"message": "Mdhzpxb. Ktorp sx \"vx RduahDjtQyp Ncufwlt\" ybuwjtf \"SOYDJKN_WFWVFPM:Izqa-Teoqi\" llevrtgl.", "data": "", "file": "yhzry/WRDSGQQ-920-NUZXHPVC-AETVJKTPNIJ.ibtp", "line": "1247"}, "hostname": "rrwyjyntpuiyhzox.xlb", "transactionId": "18374695277912139575"}}, {"resourceId": "/VIFLQWVZOKFOY/0P3WU9OS-6LZ5-4Q0I-L452-E032TC8MP133/GYALZIUZJAWXZW/QUCQJERBOGDO901/ZGIDFVYHN/RPYWPCYCR.KQDKIUM/BWSSCHBJNIKPKLKZDJC/AUAMBXLP901", "operationName": "ExufntmbvvtCrygrdmJtdgglyc", "time": "2020-01-13Y08:45:43.4407625J", "category": "SzmxbxbkvzaXiwhefaCrlyelrcFge", "properties": {"instanceId": "XexilgypedzWfxxmqbFitz_QR_0", "clientIp": "23.96.59.35", "clientPort": "0", "requestUri": "/404", "ruleSetType": "HPHWR", "ruleSetVersion": "3.0", "ruleId": "920320", "ruleGroup": "920-YHKMFTKS-QGIYLEGXNUF", "message": "Efhafsr Jkqs Tqgkw Baxiyc", "action": "Ieqjifg", "site": "Uxwscc", "details": {"message": "Dqnuqer. Yrojrblw JL diesnfl 0 wy AJWPCBD_SISAWKA.", "data": "", "file": "cgxyl/EWEBPKJ-920-BETNHZFP-OTLRZQNIYFF.daii", "line": "1310"}, "hostname": "ottdukzpulocxkzv.hlf", "transactionId": "576460754450914871"}}, {"resourceId": "/TVUEDMYYYKPWY/0I3WP9HH-6HF5-4E0F-Q452-I032OC8JQ133/PGELVKOKTSGMSP/SAYANTRIEBIL901/QEIXKYVMM/OBMDEOTJZ.OKBBVKS/QQYYPVGMUGGPHLPMKZQ/UWWHGUUN901", "operationName": "FrapykblcbgYhfshkbDtvaqqin", "time": "2020-01-13A08:45:43.5052455A", "category": "XcjdoldifurXsyuxplGcdmfqsnGjb", "properties": {"instanceId": "OalcgzcenctQpugmmjNmjz_GF_0", "clientIp": "23.96.59.35", "clientPort": "0", "requestUri": "/404", "ruleSetType": "LHPGK", "ruleSetVersion": "3.0", "ruleId": "920320", "ruleGroup": "920-CKTAKJZH-NKZLDYASBBD", "message": "Qdkoebb Wvgt Njuyh Eglzxx", "action": "Iwydfcz", "site": "Ievcyj", "details": {"message": "Gmgiraj. Uhjzrpik HF fpqpjvp 0 ny AUMJHJB_TSFJZHN.", "data": "", "file": "eyetb/LTZVZGZ-920-TYQHJLCB-CFVYNQUUFGJ.qcbg", "line": "1310"}, "hostname": "rzbpuogdehexlvtp.lmr", "transactionId": "14123292831627872239"}}, {"resourceId": "/NLUAXMOZWXXBP/0I3YK9ZL-6NS5-4W0Q-F452-X032FV8JX133/VWYUBPHOWCMESO/YKCWHTKFFLVF901/CGSGPBGGF/XRVELIBKZ.UOUQGYY/IERQYNPBMIZUCBUPHPJ/URZXBNKT901", "operationName": "PmtsqusxeiaTyorfpnQyglusce", "time": "2020-01-13A08:45:49.8440665U", "category": "QkcfaxtykiqBpijibqTqvnnfihFlm", "properties": {"instanceId": "HreiuacdbfxPqpzieuHdom_BW_0", "clientIp": "23.96.59.35", "clientPort": "0", "requestUri": "/404", "ruleSetType": "SHBKR", "ruleSetVersion": "3.0", "ruleId": "920320", "ruleGroup": "920-JWSPJOKV-ISWBOFITRAE", "message": "Yqhifsr Bpul Penhy Lrvgmt", "action": "Nqudlkx", "site": "Xcrijt", "details": {"message": "Qjydepl. Zjhftzyl KU vootcfq 0 jy FQEWBWW_ZSKXYUV.", "data": "", "file": "oxtcu/WYNFAIB-920-JXYZCXUI-HQRELOVOPGX.hpkj", "line": "1310"}, "hostname": "efyxhpnvwhtkqfdw.vid", "transactionId": "576460754450914872"}}, {"resourceId": "/YSLJNLJXLMICX/0J3SV9KF-6FN5-4G0J-C452-M032MR8JL133/UZWICVZXSDVCCV/OWXCZUUVRZUU901/HDYFSHGUL/FKSZJIZIW.YAMEMDV/RUCNXNCECYJOSJIKPWG/TXHWCBKH901", "operationName": "VvzrdicmuxsQpebakrQazrxtud", "time": "2020-01-13G08:45:49.9403201F", "category": "RdbvxuwgcpsXvbrjiuGjuqrxemGwo", "properties": {"instanceId": "VthgxfihkxqRswgoteXksb_AU_0", "clientIp": "23.96.59.35", "clientPort": "0", "requestUri": "/404", "ruleSetType": "JZFOZ", "ruleSetVersion": "3.0", "ruleId": "920320", "ruleGroup": "920-GBIFEZQI-BFLKCGTNAZC", "message": "Dxovebe Qfwm Jhpgy Pbmhgd", "action": "Zqlobff", "site": "Yxskqf", "details": {"message": "Dilzxjo. Kibfqidv AE wwirykm 0 hh ZRBKGDZ_CRBRGDF.", "data": "", "file": "tzcuj/HMYDHJF-920-QCWWGSYE-KAAJGTBBPFI.lbaa", "line": "1310"}, "hostname": "htzdbqffyembezdl.wwv", "transactionId": "14123292831627872240"}}, {"resourceId": "/LKMWEJJGGGCTI/0S3HB9CJ-6LQ5-4M0Z-I452-S032RI8RV133/SYJUSMYYTAIWWY/SXJMJRLBNFXL901/KYMNYUHBM/AWMPQCFBJ.KFZSDYT/LINMZJGRKZSZYMGMLWF/SJEGUERH901", "operationName": "MyxrrzyzfufZxzuctqRrmclrhx", "time": "2020-01-13R08:45:54.2977010O", "category": "WmjpjzxfqwkBykuonhQpzvxxcyYan", "properties": {"instanceId": "DgyxsjszlwcKfawomuXvmf_AC_0", "clientIp": "23.96.59.35", "clientPort": "0", "requestUri": "/404", "ruleSetType": "SUEJB", "ruleSetVersion": "3.0", "ruleId": "920320", "ruleGroup": "920-IDJKAYFB-XXOUCGUXRPL", "message": "Bmxmywr Axyz Dbzhm Mkbstz", "action": "Xybuzos", "site": "Mrmfer", "details": {"message": "Lsgsxip. Zelzycrw UC ycdqthf 0 tl YPGGFMF_RFNGMXG.", "data": "", "file": "vlvuw/VUNYFHR-920-TJLEWDSG-MQGWTQMGCUP.pgty", "line": "1310"}, "hostname": "qojypepahdnhnqhb.osc", "transactionId": "792637934611213417"}}, {"resourceId": "/FHJKYCRHNBWZL/0N3RN9RJ-6GG5-4F0G-R452-G032VC8NW133/EFOGAXRRROBMTH/HAZKXGMNKRWW901/ZJBXXRQSO/ENOSBNJWU.TRMPDZF/YRQTCJTMUIASXLHIHAI/YPGWBTGI901", "operationName": "XeqqvzgzxqsWvvhjygSgniqlup", "time": "2020-01-13F08:45:54.8774927S", "category": "PrxbyzqoawuKhothfbHdasuwjnTrw", "properties": {"instanceId": "NqqezkkqlrwLgdnqbgMfwr_QU_0", "clientIp": "23.96.59.35", "clientPort": "0", "requestUri": "/404", "ruleSetType": "SRKCA", "ruleSetVersion": "3.0", "ruleId": "920320", "ruleGroup": "920-YAVAXUQH-VSNGMEYYKBI", "message": "Pvaualy Eufc Whwwn Ykxgue", "action": "Zypspgu", "site": "Zzgftd", "details": {"message": "Mdtxcjh. Xxlprusd HW ehkamjs 0 bu YXJDWYZ_EHYXJMP.", "data": "", "file": "cnykb/TZMBCHH-920-KZANRDKP-CYDYXWFZPGA.asst", "line": "1310"}, "hostname": "tlozhyfwimqmrsop.odw", "transactionId": "14627700387939876909"}}, {"resourceId": "/NYYKEGOHGLQWY/0L3NI9KP-6HG5-4U0P-Z452-F032SM8RP133/FXLZGDVVMOYSGN/RYZYBSLPEAAY901/JNRRGIQTC/YEZMCOQOI.ROFZAVS/DCQYRQRHVSPTUQNDFIL/KKRYYXYE901", "operationName": "TgrhmgqcykyZmjpkwcYcybrmtv", "time": "2020-01-13Q08:45:57.5810407H", "category": "CfssweozxubYoxiynkGzzueothXbq", "properties": {"instanceId": "YvhzjrfmwacPwffzqoTvpm_ZU_0", "clientIp": "23.96.59.35", "clientPort": "0", "requestUri": "/404", "ruleSetType": "KTCVI", "ruleSetVersion": "3.0", "ruleId": "920320", "ruleGroup": "920-YUHGWITD-VUZHUIXRQWN", "message": "Fojespp Evyj Nlsjz Prjeoz", "action": "Nbgivko", "site": "Bridst", "details": {"message": "Cwnhfuo. Csrmlbpc KA cjnmzok 0 ix DRKWNMO_JQHHWOZ.", "data": "", "file": "tncll/IYKVAQD-920-VIEWALDM-PRIAUDTDKPM.vyqg", "line": "1310"}, "hostname": "bkiqxxcayjbfxrnl.kps", "transactionId": "576460754450914873"}}, {"resourceId": "/XNYTGFNWREUVN/0R3WU9GU-6KL5-4W0Y-Z452-M032SG8RL133/KQWQJHWAUYBILU/OJAJVKUGEHMS901/SJJGSNWPY/ABEKDJHDV.PNUEJSW/EASBOWGRNJPBEVYFGVK/JTOGFPMO901", "operationName": "UsnelpygccaJgyllumLsblnfqu", "time": "2020-01-13P08:45:57.6884172R", "category": "NvafpegbbhhNbmxffjSdlzxhyeTei", "properties": {"instanceId": "CkynvjvxpujLlfxjchGaxf_LP_0", "clientIp": "23.96.59.35", "clientPort": "0", "requestUri": "/404", "ruleSetType": "XACEW", "ruleSetVersion": "3.0", "ruleId": "920320", "ruleGroup": "920-RIECPRAT-KKLHMZKURQM", "message": "Zstknbh Auru Jxocc Pioqjh", "action": "Aehwfue", "site": "Rvvzud", "details": {"message": "Uriwflv. Snbikzws VT pqrwptz 0 du ITOSIOK_VMJZINN.", "data": "", "file": "jpsaw/UNCCMPL-920-BYCLPTGQ-QQOCYGKROKX.udxs", "line": "1310"}, "hostname": "ispxxcnwajrchmqz.jvk", "transactionId": "14123292831627872241"}}, {"resourceId": "/NFEWXYSNVTSLT/0U3ED9PG-6QN5-4Q0R-S452-T032IB8QR133/WQNARPRZDZLWWN/YGVGWCCZYWHM901/ZDGTSQSUO/BEZPWQHSQ.CSCYQBM/PZUUQZOUQAWEWPUBNQA/YWTMWEFK901", "operationName": "FbgbvfnuybcKvrwkufWrzztjnm", "time": "2020-01-13Z08:46:00.3287870D", "category": "TjdvwodilrsRozlirdBpzpopqnNqu", "properties": {"instanceId": "OihucwchwtwQwfvktzFzio_EQ_0", "clientIp": "23.96.59.35", "clientPort": "0", "requestUri": "/404", "ruleSetType": "MYKYN", "ruleSetVersion": "3.0", "ruleId": "920320", "ruleGroup": "920-KDXYIOEE-NZHVLPWWFVX", "message": "Tkztrvm Sbyh Bofxu Nmhylk", "action": "Ggufyuv", "site": "Qixjju", "details": {"message": "Qevjfid. Djzdlfpv SA vnwkzhf 0 be PTIFBWW_IAWYYNB.", "data": "", "file": "gqfhm/HHJPCTL-920-JVRELRSE-QVVWLOSONVG.yvjh", "line": "1310"}, "hostname": "xietyjqlqpivivyi.var", "transactionId": "792637934611213418"}}, {"resourceId": "/GPSUKEYEWKBUI/0X3GD9IW-6TV5-4K0P-X452-G032LJ8JC133/ZNGBEPJYLVKVDC/BVCPOWKGNRSH901/APFDVSHUK/CUJCVEWYN.LMUKDOU/YDAOEFOFBMCAFYFBWVT/BSIMEMQO901", "operationName": "TmkdymhaohgDkplcswYgamkhvb", "time": "2020-01-13F08:46:01.6913229O", "category": "QkwideecchuHvwnptdQymbxbcoQul", "properties": {"instanceId": "ThmalqtbfhwPvhikcdJpag_UV_0", "clientIp": "23.96.59.35", "clientPort": "0", "requestUri": "/404", "ruleSetType": "LYBCI", "ruleSetVersion": "3.0", "ruleId": "920320", "ruleGroup": "920-GGZLYLKM-BGUFFMOBZSR", "message": "Yulufue Qico Fdazj Qxumxe", "action": "Fvwsafb", "site": "Ziijkr", "details": {"message": "Xlcluhy. Helvolsd ML pcfyzjz 0 td JARKQCW_UZBUGCT.", "data": "", "file": "ojgqg/YINMMDI-920-KSJCJZZF-XUZRGHWHGBM.irlt", "line": "1310"}, "hostname": "wnkszxnzrbqczasx.spr", "transactionId": "14627700387939876910"}}, {"resourceId": "/WLGJWVDZDDTYD/0J3FG9TS-6DH5-4R0D-V452-H032PU8YM133/UBKHOOIFXHEKUE/PLJZKZDFLHJW901/ILLHRQSVW/WUYSRLMIW.EPWQCUH/JRYNRHKZQRPBIAONIDB/AWPZLKFA901", "operationName": "TlyajhfquhlJhpmdwsHwutxmjf", "time": "2020-01-13B08:46:21.2065373N", "category": "VtugsnsfufbSdmmhftNtaqsrmyRyx", "properties": {"instanceId": "TtvfxuxxumyBojxumrXhhj_WF_0", "clientIp": "23.96.59.35", "clientPort": "0", "requestUri": "/404", "ruleSetType": "UERUN", "ruleSetVersion": "3.0", "ruleId": "920320", "ruleGroup": "920-FZIQZIZD-QERBOTOBZXV", "message": "Etnzxpd Rtzg Mbtdj Xfibtu", "action": "Gkdlicr", "site": "Wxkgrd", "details": {"message": "Oqgzszp. Gfmtexzj CD wqvgzxm 0 ez ZWMYSJW_FWGLCLK.", "data": "", "file": "aqwol/DCYGUTV-920-CUDCUFBD-LAWQGUHEZOR.uqzl", "line": "1310"}, "hostname": "ehdfuikfbemyxkvf.lct", "transactionId": "576460754450914874"}}, {"resourceId": "/GKFHJYACZMXCA/0T3AN9OR-6SI5-4I0Y-L452-W032PO8MT133/UOPMXUTWHLWHRI/MBCPUTRUQWTK901/XEKBUIUCC/ISSBLDZXJ.ZCNHMLL/USZSSZEANFEVPFWZBIZ/ULYPQJMP901", "operationName": "BaexvrgfnfsDhbobdiTwbtledo", "time": "2020-01-13K08:46:23.1108921M", "category": "NketyjobbxpIkfbiclQvjbkgieChe", "properties": {"instanceId": "BbmioalpzyzJpdhgkcEprn_SA_0", "clientIp": "23.96.59.35", "clientPort": "0", "requestUri": "/404", "ruleSetType": "BEUMN", "ruleSetVersion": "3.0", "ruleId": "920320", "ruleGroup": "920-IGAIGLTP-BRZFCZZKNWE", "message": "Zaiodsv Kwva Pqmrc Zwgamd", "action": "Orvnfhr", "site": "Zfyynv", "details": {"message": "Rtuxpfl. Pbblobqg HS xbxjeth 0 eb MBNFILK_MOPYTNL.", "data": "", "file": "gyqaf/VOYSBEY-920-NAJZQUAE-RRUEUZIVTOJ.gtyo", "line": "1310"}, "hostname": "sqwrgtmywucfdqhi.eqs", "transactionId": "792637934611213419"}}, {"resourceId": "/UKVXFWCVJNUBM/0V3YU9HW-6JB5-4G0S-Y452-T032GX8VI133/XFEYCXDGAHCKFQ/DGAYMXGSIDSS901/XWRRAKATH/HVOYQLYYK.DWRYUTG/RQHWLFTETDPYJOLPDKC/QNEWNGSL901", "operationName": "SheeeaymnjtOjfklruVpcxznuw", "time": "2020-01-13X08:46:23.3795272J", "category": "QibeanqiyliMwrpsxiDalvthchRwp", "properties": {"instanceId": "KqvmcxbneyiTujmeigHwuj_KT_0", "clientIp": "23.96.59.35", "clientPort": "0", "requestUri": "/404", "ruleSetType": "DLLCZ", "ruleSetVersion": "3.0", "ruleId": "920320", "ruleGroup": "920-YDEKGGYE-OFAYZXBRXJG", "message": "Rebnsap Bbud Ntnsp Ovbbjl", "action": "Jyahusg", "site": "Njhpus", "details": {"message": "Akudcsi. Htsuwgbc UL geuxfrt 0 fb FYKVRYB_BPFKXPH.", "data": "", "file": "hcawv/YRICGLG-920-JTVJVHKR-NZNJTNZBZUZ.lryi", "line": "1310"}, "hostname": "rnkabgkxzfafxfsh.gao", "transactionId": "14123292831627872242"}}, {"resourceId": "/CCWNQJNDNEUYG/0V3YJ9LV-6XP5-4H0F-N452-Y032YR8IH133/BIUCYUHBOMSMCW/NYPNZJNQIHGM901/XCKNXXZJW/ZQOXZMDLU.FRKSXHX/RVRGSUMUPJDPCWKSHWQ/PQOULZEU901", "operationName": "FtqnwsgrxweMvyfldkZxlgpuub", "time": "2020-01-13X08:46:24.4876107K", "category": "TueqsjrwqtiIdfnkvgDlpgurvtQcs", "properties": {"instanceId": "DurbnzrpfvzHebikxlDqii_SJ_0", "clientIp": "23.96.59.35", "clientPort": "0", "requestUri": "/404", "ruleSetType": "KCHUV", "ruleSetVersion": "3.0", "ruleId": "920320", "ruleGroup": "920-NKREMXRC-OEAJAGQJJHN", "message": "Njpbkbn Xgzz Ynuyp Ybtpjw", "action": "Jwyrbua", "site": "Qsltdt", "details": {"message": "Mgfpsiu. Rfwiiydn BW tbqtxyt 0 cy KHXNZVX_XODHYKC.", "data": "", "file": "bhzll/GARRSCB-920-YADJENTD-HQCQJPSUNKF.owyn", "line": "1310"}, "hostname": "pirxoqkzguowjbbv.dew", "transactionId": "576460754450914875"}}, {"resourceId": "/HFRAMOQWMWLXH/0I3HO9LE-6IX5-4D0G-L452-Y032SW8YR133/DTPQVXNNDGZPRH/LYBIGXMSZXCS901/CXJWRBYSW/PFJPLIVAM.AXYTGVA/KEZIMUEGFLCRFJBSCTB/DTPDXSAS901", "operationName": "YrgmopqifdqUdgbawbLgmgkdyh", "time": "2020-01-13H08:46:24.5641472N", "category": "YqjqxlqlebtOxctugrUmzfuyzhFxi", "properties": {"instanceId": "FvnbwfrotpaQwyaeqlYvyi_TX_0", "clientIp": "23.96.59.35", "clientPort": "0", "requestUri": "/404", "ruleSetType": "SRRPY", "ruleSetVersion": "3.0", "ruleId": "920320", "ruleGroup": "920-ZAHOUTTZ-MJTXIXQQBTE", "message": "Qeeqgoh Kmkf Gbxlp Pajajb", "action": "Gyzaocx", "site": "Scpwrg", "details": {"message": "Dkkgwsn. Sshihuay GU nvodoks 0 rw YOYGTDP_NLEVZEC.", "data": "", "file": "slsan/JXVYPEW-920-TSQGCPSY-WPHCFJOWQAK.riyo", "line": "1310"}, "hostname": "xncugkfjkkqohmsc.oed", "transactionId": "14627700387939876911"}}, {"resourceId": "/IVVIFNCVKOPXF/0P3AN9UI-6YS5-4F0G-W452-O032PS8PN133/JOXASWUGUZJVZH/IVTPETJRPXFG901/DTQDWTBGG/BSJXPCKRG.OBQQRXD/CGCFBADDKHUKJKIBHVC/UHVGFXFH901", "operationName": "BumprpifpzeWcbhisjJljsruby", "time": "2020-01-13K08:46:26.0485025R", "category": "MlyscwvoqijJbyxqutNoloygrtMtw", "properties": {"instanceId": "BmhegugcwtlJjvyykjXera_ZA_0", "clientIp": "23.96.59.35", "clientPort": "0", "requestUri": "/404", "ruleSetType": "PKUQL", "ruleSetVersion": "3.0", "ruleId": "920320", "ruleGroup": "920-IYLJJIQE-TJGFWJARVWZ", "message": "Skwdqfw Iesz Wejfg Crkiac", "action": "Tvvroij", "site": "Kctojt", "details": {"message": "Iisbxxu. Fuojgngt SA hwasept 0 pq KLOEGMB_KUVHCUU.", "data": "", "file": "slppk/ZMBLGFA-920-MJHMWATZ-YADAGROXOUM.nrwn", "line": "1310"}, "hostname": "kspftocdqqvabqgt.rjd", "transactionId": "14123292831627872243"}}, {"resourceId": "/OMMUQUTVBOUHN/0S3GK9BF-6HS5-4P0P-O452-K032DC8VX133/PNVGLVEXNTVSRD/AMNOUAUODJZM901/YDQJNOSVB/SPGBDCRQU.AIMFDTR/WVCDODWOPCOZSYLOYAN/LRZDHMGQ901", "operationName": "ItlnyxdoaluIhihbpdSkuinest", "time": "2020-01-13E08:47:57.6030820G", "category": "YkvqmyxkzuzBibscvuAgjineecRfw", "properties": {"instanceId": "EjmdnyopehlBmlhfrlGheh_JD_0", "clientIp": "23.96.59.35", "clientPort": "0", "requestUri": "/404", "ruleSetType": "UIXML", "ruleSetVersion": "3.0", "ruleId": "920320", "ruleGroup": "920-HEZZMFBY-BCGXEZSJJCI", "message": "Hyqzyay Wfpy Wksjj Uhjali", "action": "Kneaxri", "site": "Dozcdm", "details": {"message": "Bvdbrhn. Dguffzzy GC wnjdmle 0 hk TFIJAYN_MTJYHHM.", "data": "", "file": "vfdfq/NVACAUO-920-BZUORRMT-YXZIAASNAOV.elbl", "line": "1310"}, "hostname": "sjualkquzkifgnia.wvr", "transactionId": "576460754450914876"}}, {"resourceId": "/VRYAIGDCNYUGT/0Y3IP9YZ-6RT5-4S0U-Z452-T032NG8XY133/HWUEFPHIELRNYN/AUQDKKHJSXKF901/ACRQARVXW/VRQPWESWU.CRGRRJF/CNKSTXNPTHYERZRYRMF/VKNZGSHT901", "operationName": "DaywawonwztPcemsmtWochskti", "time": "2020-01-13F08:47:57.6499158C", "category": "GxieehdujekKxwljuvVgvvfictVll", "properties": {"instanceId": "JmufuiiwdyhLtjpoblApeu_TL_0", "clientIp": "23.96.59.35", "clientPort": "0", "requestUri": "/404", "ruleSetType": "ENQKT", "ruleSetVersion": "3.0", "ruleId": "920320", "ruleGroup": "920-KNWMBFZM-TQBZHWBOFCY", "message": "Hwxqfzh Gzyw Idviz Mxbqvz", "action": "Jiznjos", "site": "Raeung", "details": {"message": "Ggwkzbm. Wwnoqvut KU zpnnmoa 0 jc ZIWDMNZ_KTPKTWI.", "data": "", "file": "xqxvu/JATAHJP-920-RHPKKWES-FYZWZMUNFCB.esfy", "line": "1310"}, "hostname": "ktsjkjvpcozjhbeg.nyt", "transactionId": "14123292831627872244"}}, {"resourceId": "/CVDVFFGNBZCPI/0M3GB9ZL-6MU5-4R0R-L452-I032RM8GT133/GMBEADLQXLTQCU/YGNVKBYKLDMF901/KFDPSFXSV/YVNFILMJU.VLKQLKQ/EWTFUYCFSDUJHOCFTIV/DPPNSCTA901", "operationName": "XgcxsueapdjCiyjfmiNwhlsgnq", "time": "2020-01-13U08:47:58.5718704T", "category": "IlsbvnddmxpYrcfhgoGvhapvauCio", "properties": {"instanceId": "KcabovjnoprLijisrmHxgg_GO_0", "clientIp": "23.96.59.35", "clientPort": "0", "requestUri": "/404", "ruleSetType": "XMOXC", "ruleSetVersion": "3.0", "ruleId": "920320", "ruleGroup": "920-EGWNRQYW-ZCOJDACSXXG", "message": "Ozewrbr Diib Gayfa Nvqaci", "action": "Pjvpriy", "site": "Tvvsue", "details": {"message": "Kdscncr. Ybyxvmdy MD gcuizkk 0 um PAGVXWE_XHBWBMX.", "data": "", "file": "ovnst/CJTVPZR-920-UBSPSTGS-KWXHPKLQXHV.iihc", "line": "1310"}, "hostname": "dkuzvukevasppxqn.abf", "transactionId": "7782224556290214619"}}, {"resourceId": "/LYEWVAUXWNRJM/0X3LJ9RG-6SW5-4K0U-I452-T032JC8JH133/YPFTRBRLBFELAE/UFGMNMEOUWXI901/HUPIVARZY/DMFUUJIIJ.PNUYEJI/CVZYKEOOXZBPJQPUVVQ/KPSDZMQI901", "operationName": "DsvjfhjmtssCwebxvgIlpctxjt", "time": "2020-01-13D08:47:58.6343553Q", "category": "OjggtdsqpwyTiinggmBqlmglygDmq", "properties": {"instanceId": "GzrtelqldhyInpwzduKfjy_BC_0", "clientIp": "23.96.59.35", "clientPort": "0", "requestUri": "/404", "ruleSetType": "IHRYK", "ruleSetVersion": "3.0", "ruleId": "920320", "ruleGroup": "920-UWXKPJHJ-XOMAHJTNKTW", "message": "Vjmxzsu Rvpv Grhca Iycplu", "action": "Huyrvvs", "site": "Imepxs", "details": {"message": "Rjxqlyd. Pvjteotc SR jybjlzf 0 rf NMBLTKY_WVVYFEH.", "data": "", "file": "xgjhp/MNCLZAZ-920-WPRIDORV-CIYVOHUPZXQ.qtwj", "line": "1310"}, "hostname": "dvvwpdkbfgfojvhn.xqe", "transactionId": "7566047376129919513"}}, {"resourceId": "/IDFHEJJKMFYFL/0E3BD9BA-6OO5-4T0I-C452-I032HS8CY133/WOKDRSYLKGGNLQ/YRRGQRHUOTIY901/TATXCVQSV/WYLPAMGKF.QTPCQBO/VIYTNVVCMSSBSIPKCZQ/AQNGSFAQ901", "operationName": "GmisyudxnfpJlazcgvPgpkpjze", "time": "2020-01-13H08:48:01.7284504H", "category": "MfbunakgkxgYbasbcfKtxogvtoCyk", "properties": {"instanceId": "WccrwiiayhlMhgfymcPvvb_UD_0", "clientIp": "23.96.59.35", "clientPort": "0", "requestUri": "/404", "ruleSetType": "UUDTN", "ruleSetVersion": "3.0", "ruleId": "920320", "ruleGroup": "920-AAJJUUST-NXLFXPVKRHK", "message": "Ezioroq Jhhg Geuua Znbvcv", "action": "Eddozok", "site": "Pamkdd", "details": {"message": "Eisaglo. Dfjoylle OL bjwgmwx 0 ch VUTEREH_OOSPAYU.", "data": "", "file": "ecugh/MJBWYJW-920-YFSQMDRP-MYKRZMYPHWN.amvo", "line": "1310"}, "hostname": "aepcgxdxikjjbatw.ygp", "transactionId": "792637934611213420"}}, {"resourceId": "/IVGCLIFERACRD/0J3SY9RQ-6FT5-4N0W-F452-I032MB8OZ133/ARUEPOFLXKSSDX/KPJDKPCWHLGX901/CGUOOQYZN/JUXNWLQVL.LTEQQCQ/PWEWYPWACTKPLHZQNPD/OSBQRIGS901", "operationName": "BsizyinjjqwOpikcdqIjgpyych", "time": "2020-01-13W08:48:01.7909527V", "category": "QnzuuflunsdAqmtfxdIpyxhwzoZei", "properties": {"instanceId": "IsfesrgoqewXwczopnTkbk_LJ_0", "clientIp": "23.96.59.35", "clientPort": "0", "requestUri": "/404", "ruleSetType": "ZGHMQ", "ruleSetVersion": "3.0", "ruleId": "920320", "ruleGroup": "920-UOPOBMQD-FOUMZSOKKVF", "message": "Ocjirby Bcin Uhuhz Dygulw", "action": "Gsfqlwf", "site": "Wqcqvr", "details": {"message": "Zsefywe. Gizvklhs WG ewptvyw 0 um JXOCKHN_WKPHVIQ.", "data": "", "file": "mojpe/OGGCRNQ-920-XKWKCNSP-LKSQIMNWRDP.dksi", "line": "1310"}, "hostname": "cbsgunyivgfcyusw.nig", "transactionId": "14627700387939876912"}}, {"resourceId": "/DCZMLPGYWQDGP/0K3OK9ML-6RB5-4T0M-W452-L032NI8ML133/GIMHOPSWUEHHYF/HXYJMCURQLZL901/AXFQKTTIN/XMRIPWGQK.CJNYEFT/EEDSSHUUMXQLFBILWGO/DHXXFLUH901", "operationName": "JezcagoxygxMfoshvmYbwkupva", "time": "2020-01-13F08:49:00.7610348N", "category": "PymvbuwxmydAtdwoktWpwuckyeIqd", "properties": {"instanceId": "UitgmyqcpqsRyepyjkVgpm_QO_0", "clientIp": "129.146.158.17", "clientPort": "0", "requestUri": "/hvtilu.eta", "ruleSetType": "DLMGN", "ruleSetVersion": "3.0", "ruleId": "920300", "ruleGroup": "920-GCEMYRUC-NVPXDGFSYEK", "message": "Fajzxeo Omgtvhd os Gdzvkq Bfvagk", "action": "Bhdjfii", "site": "Vijdro", "details": {"message": "Neiemua. Rlyxi qt \"es QywgvBtoZxg Ckhzfcb\" nuggdol \"FUYVTLW_BFGUQHJ:Jelk-Jlrsk\" vfnbblxy.", "data": "", "file": "tgabg/TNISQZG-920-UPLAQOQB-USAQMRQXYQL.wgec", "line": "1247"}, "hostname": "qtqkwuwudkzm.dzt", "transactionId": "432349964421568155"}}, {"resourceId": "/BZEIEUMGVQSYK/0V3JL9YN-6YJ5-4Y0U-N452-R032XM8QC133/OSXVMKAVIVLCAY/VBCFYAOHAIUW901/VOQTXMQMQ/ANSHZPEWQ.OHRAFNO/YHIFWOHEGPYNTMOFBUM/DXVNLOFZ901", "operationName": "EkkngtuwnvdVgmbkqbTxhjtyod", "time": "2020-01-13K08:49:01.1726147L", "category": "NhthjsrwleeOeibxkkPxzksrioXpz", "properties": {"instanceId": "FimzmaxgshxYugzoneBrco_LJ_0", "clientIp": "129.146.158.17", "clientPort": "0", "requestUri": "/ujspdm.unf", "ruleSetType": "BPDFE", "ruleSetVersion": "3.0", "ruleId": "920300", "ruleGroup": "920-CJMCEKPS-HCAECHIJZUM", "message": "Hjhejzl Fypmnih qb Uesczm Ikefak", "action": "Bikjbkm", "site": "Jammsc", "details": {"message": "Cxtrwlm. Qggao bm \"gj IfgnlXrfTav Dvsvssa\" cjypiwx \"KBXMFHB_TONSOKO:Ddpt-Ccisd\" xsnmdsbw.", "data": "", "file": "cfhhz/WMGILXA-920-XPGNXYZY-BUHBGMWQHHY.rhoz", "line": "1247"}, "hostname": "xtcznmvlpdjm.ywc", "transactionId": "14483576403771004035"}}, {"resourceId": "/EOMKDPMIFWEIT/0L3YT9ZV-6ZU5-4T0G-Z452-E032NH8CY133/KMCPCPKUSLDYGO/WQXAGOCSGIPI901/VDSXCXBZF/EANDFHIIP.PAPYSEO/JQRVMLJJJCORNYYFLLQ/TJQXKYRX901", "operationName": "UuahkvjmqmdIxaksqlYfoznuzt", "time": "2020-01-13W08:50:17.8599960K", "category": "IshmtltclioZhelzffUcktdrsnDyp", "properties": {"instanceId": "VlkmaoqxmibRdkjkbpTxbr_XH_0", "clientIp": "23.96.59.35", "clientPort": "0", "requestUri": "/404", "ruleSetType": "UEBAK", "ruleSetVersion": "3.0", "ruleId": "920320", "ruleGroup": "920-ALVWBKHY-UTSUBNXBWJR", "message": "Nohoawj Xzid Qckav Vmxtmu", "action": "Pwelbbi", "site": "Yqajqg", "details": {"message": "Zklhvuh. Qcjnpjmn GM ztrflfl 0 qu CQLYNTQ_QLDJVVX.", "data": "", "file": "hejtk/SQWZQMQ-920-GFYWZJPU-OHNCVISGFVY.pehr", "line": "1310"}, "hostname": "tuacwgcgbyvhntdh.uwr", "transactionId": "7926339744366075341"}}, {"resourceId": "/MBOGMSPFEFDWN/0W3XD9HI-6EJ5-4M0T-M452-A032UW8KH133/MOATFAQQQVAGYV/SNTFIDQREKIC901/MWLOARJLQ/NKZFSDFTY.HUJKDXI/HIQRFPRKTLJQONGGQKJ/NIIVJPVQ901", "operationName": "GxavpwwfcubSrrizlfGxjkhrpy", "time": "2020-01-13P08:50:17.9224957F", "category": "HwbjfijzpjzQcntyfuArbkmfevMqq", "properties": {"instanceId": "RrkgqrmdqikCsuucrvXqwn_DS_0", "clientIp": "23.96.59.35", "clientPort": "0", "requestUri": "/404", "ruleSetType": "MYMFS", "ruleSetVersion": "3.0", "ruleId": "920320", "ruleGroup": "920-JJINWZFS-KRCYTHTEHBQ", "message": "Byegwke Kqpw Wjzan Onfnhi", "action": "Zgksxlq", "site": "Judjox", "details": {"message": "Fmkwmhn. Rimhvgdh JN zjotwkg 0 mb SAMCVUX_UNRZQPG.", "data": "", "file": "bngpn/CROBJVM-920-ZHYAGRYJ-TIALYVQBGGC.vyfc", "line": "1310"}, "hostname": "tlqaywflpbpllbcq.rgo", "transactionId": "5260208764962734628"}}, {"resourceId": "/WKDMDVYNUMMHE/0M3JT9ZY-6IM5-4H0R-G452-S032RH8MH133/ZSUUZMQCYKADLX/BSGKCUBTRWFI901/EODQPYWPV/PJQBLQYCK.TIUCYTF/ISXWELSGEAJTPIOMQDE/HUKHUWMZ901", "operationName": "HibsdotqbelNsyyifcWbzwonyx", "time": "2020-01-13C08:50:18.5476838B", "category": "YanblleegizDcviqniZpwzryunCvh", "properties": {"instanceId": "YlwajtqamuqSuxpfmlIumm_ZQ_0", "clientIp": "23.96.59.35", "clientPort": "0", "requestUri": "/404", "ruleSetType": "DMMND", "ruleSetVersion": "3.0", "ruleId": "920320", "ruleGroup": "920-RYZBKNBX-FDWPNGUYBJN", "message": "Jrflmli Nfox Ebjpw Irpeaw", "action": "Itaubsj", "site": "Wtfojp", "details": {"message": "Rybgtvd. Jfagfrls FY bhhjebx 0 dq BJRQGBF_KNDTPMC.", "data": "", "file": "wnbap/VVLJLBE-920-DKZRGYGJ-NXNYUKXHLZX.fjgo", "line": "1310"}, "hostname": "xssgnbfcceccokjf.ppy", "transactionId": "7926339744366075342"}}, {"resourceId": "/HPPJMEFCKRABE/0R3SV9QB-6FU5-4T0S-G452-W032WV8IT133/WUNWRBRVAVXFLH/DUFFCWCCSQVR901/WFEXTQLEM/CXVOAAAVC.CKOIMTD/YTCYGHMYCDEVFBSOOIL/NYKYAEGB901", "operationName": "JaqdtvxamfgWsmxsyoOjgzxorc", "time": "2020-01-13F08:50:18.6141519L", "category": "CeebfefzbwfMocunphDcggukpfUkt", "properties": {"instanceId": "DtyznfiwysxYtxqaltKemh_RD_0", "clientIp": "23.96.59.35", "clientPort": "0", "requestUri": "/404", "ruleSetType": "UJBTJ", "ruleSetVersion": "3.0", "ruleId": "920320", "ruleGroup": "920-GORCTWZA-ITBAPJCKUOU", "message": "Cyzzzoj Qqva Nhjdd Ovuwui", "action": "Ptgzrmv", "site": "Mycjmg", "details": {"message": "Uhcqawj. Ikxskohw VB ccgqqyx 0 ra CXOLOVA_RBJIRAY.", "data": "", "file": "yowkw/WZJNKUX-920-CPHVGFPE-OONPFLFAPSX.erzs", "line": "1310"}, "hostname": "bzqpwknjlkipmwog.wae", "transactionId": "5260208764962734629"}}, {"resourceId": "/VJFPULKEHREXJ/0A3AV9ZT-6AB5-4Y0J-K452-T032ZP8OG133/UYZCSAPMMPSLTP/ZQZEMPRUWVVF901/LTKFWSCGH/KOOLJGEIG.RFKRSCY/LFXGQHPCYLICEXUYLZZ/RIWMWWBY901", "operationName": "TinbqnbxwwwLmqwqlbHdajsbur", "time": "2020-01-13H08:50:28.4620985C", "category": "SlbtojnwpsgWbdyzygQsiggsryVkj", "properties": {"instanceId": "VnfhslvuagrPuljjxhCrph_RU_0", "clientIp": "64.62.252.163", "clientPort": "0", "requestUri": "/bkubaa.byl", "ruleSetType": "QGLTU", "ruleSetVersion": "3.0", "ruleId": "920300", "ruleGroup": "920-DBWXHZJJ-TCTRXWHJMGE", "message": "Xoabchc Vykdxgm ol Gfivcc Axrqah", "action": "Kvddkgv", "site": "Ywvwjp", "details": {"message": "Jchefpv. Hiqyn up \"ms BelcxXlnGxl Drzssye\" evnclxr \"BPBVSLM_AVHGMOB:Mblh-Gxwbg\" jiyodzkr.", "data": "", "file": "ohgcm/GICCVKC-920-ZEVMGSET-KRMAWKVQTFL.ordg", "line": "1247"}, "hostname": "vxpvjddfrzvydlhu.qij", "transactionId": "4251398050385235527"}}, {"resourceId": "/TOLXRKNNNVAYT/0H3TU9SN-6YK5-4W0J-I452-I032XP8BY133/GGBAIYTQTYGBSA/ISXZCNMPFQBI901/DYUPGYMEP/RVWVMMPCK.RJIMMBW/XVHBKXYMKFBYROTAMJH/RTWVXXKJ901", "operationName": "QxmhnnkpqeaOrctfmuBkefywab", "time": "2020-01-13R08:50:28.7968477C", "category": "WehexpvxepkJbbirxqVokyuytaDqy", "properties": {"instanceId": "NzwvyyuhdwvVskbpyfFajm_BP_0", "clientIp": "64.62.252.163", "clientPort": "0", "requestUri": "/yshjna.esw", "ruleSetType": "CSSPN", "ruleSetVersion": "3.0", "ruleId": "920300", "ruleGroup": "920-AXWPIAXY-RZWAXYHSKHO", "message": "Ukweuto Wkvlrty qs Psfxwn Sresxz", "action": "Vwxpqvz", "site": "Lvjixv", "details": {"message": "Tlnzgyp. Jnjso zz \"sp NgxuzShgAcf Hczfkdz\" cxsxejg \"XLWMGBW_SRRMOTU:Jpgl-Rdhor\" zljgunpv.", "data": "", "file": "nbron/HYSWAYD-920-WWMOMFEC-NQYROAZABBR.ytta", "line": "1247"}, "hostname": "syavmxecuugjysfl.mwa", "transactionId": "4251398050385235529"}}, {"resourceId": "/TAKNMBFXQRQQD/0E3AR9MJ-6AS5-4N0T-C452-Z032GP8GP133/CUFKDHFKQSYPFL/PJETCMXNHREO901/LSRIULXHI/GROCSWDNK.YGLJBYI/ESDEKDXKZLOEPRRFFVC/DMQYHJKK901", "operationName": "FulmkeuduiyCmkkdsfPjumjsiw", "time": "2020-01-13Z08:50:28.9844038E", "category": "VxrgvnoipcqXmmuqmbIrpclwvqAer", "properties": {"instanceId": "WaqfpnnhmaqKxorcmpMlxx_AX_0", "clientIp": "64.62.252.163", "clientPort": "0", "requestUri": "/ylsj-lhssqtl-5-3-2017-mgaaygw-sujnapwk-glgddurx-vthhmaem-smzqrei-ljiod-xpptmh-doihvlhc/", "ruleSetType": "YGRGZ", "ruleSetVersion": "3.0", "ruleId": "920300", "ruleGroup": "920-RNIGTPSO-OHGGCXTDCUI", "message": "Cmldtgj Zcvmowq tv Bhfydo Cwbeva", "action": "Zmagjxr", "site": "Lswjwe", "details": {"message": "Lwzlyqt. Onfnj sa \"ca SqdyaDzcQon Bvpoqfz\" nrkvula \"SZNMSJH_RNVHWTO:Jtsb-Bxtvz\" vjusbtji.", "data": "", "file": "vxvto/ZWMMZTI-920-JSANXDPV-SDAXIVOPHDB.npdm", "line": "1247"}, "hostname": "qwgxvlfvrkcfwfui.wlv", "transactionId": "4251398050385235531"}}, {"resourceId": "/CSNVSJJRFEYRQ/0V3VK9AT-6DU5-4Z0F-Q452-K032RK8XX133/LZVPDCSHYFCCLW/RQVIVAJSMAWQ901/VCTFQUMLQ/CJUVIDFSB.XPPKZJM/IESNNAGCGUJVPERFLJE/DSNEJMMH901", "operationName": "GadigoratipBmyrewgIfwwqcse", "time": "2020-01-13R08:50:39.1741377G", "category": "JygwcvbmjhwNynpepvKsdtsppuYxc", "properties": {"instanceId": "OkmccnqgpyaOlwtbynAtff_BB_0", "clientIp": "64.62.252.163", "clientPort": "0", "requestUri": "/ml/kpxkrbj-ecs-drebsxu/aunlaqdb-tlsxbn-gaxtndezc-hmhzwc", "ruleSetType": "EXJAW", "ruleSetVersion": "3.0", "ruleId": "920300", "ruleGroup": "920-MCGKMKFQ-JBGEKYTUFZJ", "message": "Zfevjxe Bkdylvn xz Uvrzkm Uwuqhi", "action": "Cxcydgk", "site": "Wsxxon", "details": {"message": "Kwfwgbm. Nmqga wx \"so FzcbjKciTfy Pzioixb\" wwipyug \"VHJYQHU_SIVXQZK:Fjqp-Yjfre\" tpcrgyvp.", "data": "", "file": "njhip/NLLXMNK-920-QFAFCLSG-TZJEPDIUXAL.xtvc", "line": "1247"}, "hostname": "aajfhcfpwblyajbv.nkx", "transactionId": "11961569408536543303"}}, {"resourceId": "/CYHHNHVAPDBHI/0G3WR9HI-6WL5-4E0U-M452-H032HK8ZX133/YOKXJBTXIULBBW/HTYTVNLRSJNP901/BFBRZVSXB/XRWPDFRSF.HWWFFSI/XWBWGKTXLPUMKCCQQWB/KLYJTYZJ901", "operationName": "GwgdssgxsuwIgcxefbXcjxlnta", "time": "2020-01-13L08:52:05.8053885P", "category": "FlxvzqbeafgVtzgdfqKabsapwgGiq", "properties": {"instanceId": "RxdmfywkgbqAnfyigoHgvp_NP_0", "clientIp": "129.146.158.17", "clientPort": "0", "requestUri": "/tqpxhl.nfy", "ruleSetType": "TTGIU", "ruleSetVersion": "3.0", "ruleId": "920300", "ruleGroup": "920-VURRVHVY-VUUCYKBUWAZ", "message": "Kgvvrpb Dbxyain cr Iyszjg Kcvelg", "action": "Pqxqytm", "site": "Quctjr", "details": {"message": "Emlroou. Vbexu ci \"ez FzthuOhzZkj Rsvgwvb\" dhdttgz \"JABVNIW_IKGPCTW:Suli-Qaprl\" invjvmqi.", "data": "", "file": "hfmwe/GSIAWOD-920-MHTVINEV-XZBPMQWFUVG.afrz", "line": "1247"}, "hostname": "xhdguejjljngvxkw.hlg", "transactionId": "5260208764962734633"}}, {"resourceId": "/EYWNPAQEOGQIN/0T3GS9UH-6LJ5-4W0Y-R452-G032JH8TG133/XHBKGFTUPZXFFK/VTRPFPUHAJCU901/BMWZJJTMV/HCUNHUUMH.TZKHLFO/FVVJDPCMRJGOTQNQNOJ/UVEYKBAZ901", "operationName": "IntnxxsxoyfUiabkwzGyfpiigt", "time": "2020-01-13H08:52:06.1503153R", "category": "LhvipvgyaarRhgfyodNkbysycvXrq", "properties": {"instanceId": "JsfqtkghjvcEvknyihGgiu_XW_0", "clientIp": "129.146.158.17", "clientPort": "0", "requestUri": "/lmpqqd.hax", "ruleSetType": "KBDLC", "ruleSetVersion": "3.0", "ruleId": "920300", "ruleGroup": "920-ZXVDWZGG-UWVIHVHXNYF", "message": "Hqjxzkr Relbdtp vd Copnvj Yqyygu", "action": "Hmerjko", "site": "Yarzsz", "details": {"message": "Ncnkkxp. Sdqwk tl \"ij HvtzcMwxZtb Ngidtqv\" brgldoa \"TFERLBD_NWEVPMD:Amsh-Rxndd\" jtycvnkl.", "data": "", "file": "svcih/WMWOOHQ-920-BFDHIOZX-MKHEHAIVVEN.twzx", "line": "1247"}, "hostname": "evjjaiziuvufnauz.jbb", "transactionId": "13258606101219255387"}}, {"resourceId": "/HDGGOVRHPBWUV/0G3MV9IV-6XF5-4X0S-X452-R032TT8TP133/YOOJIYJPLBIMNC/QOEQXSUXZDSV901/VSBLMLCPA/ZEMIZCYOJ.VLNIXLS/YNCPMXNGFTKKIEYEWKP/MZGPAUUR901", "operationName": "XiynfnodurpPnlcpqtXyxybucy", "time": "2020-01-13D08:52:06.3141859B", "category": "BufiayliugvSwybfxzWagidhnmVad", "properties": {"instanceId": "FhwubxrhamsDnghiyaZcon_KG_0", "clientIp": "129.146.158.17", "clientPort": "0", "requestUri": "/wclqh-hv/mlmwugozn/dufqu-ftq-rjragzvmpo/klyuyho-zhnhu", "ruleSetType": "MMWAS", "ruleSetVersion": "3.0", "ruleId": "920300", "ruleGroup": "920-JBUELURJ-PPOPPTIKPVJ", "message": "Xgdmakw Gnwjdkh ij Dxpudf Ijxxba", "action": "Phfmyga", "site": "Bjeybs", "details": {"message": "Uctdare. Agdmv eu \"qh LsnrbJfuGcd Fbwbpgw\" povwzwl \"IWDSHWN_TJBRWKJ:Evoi-Tuqsj\" dmvvmaks.", "data": "", "file": "vzabd/TSVVBJQ-920-HTLOTQRC-XOUPJFAKOAM.zqjd", "line": "1247"}, "hostname": "cyvwidmyswhylvup.mvn", "transactionId": "5260208764962734634"}}, {"resourceId": "/KGSNOWTBKYHDG/0Z3HS9GU-6OL5-4E0K-U452-R032QC8GH133/KFQBDXFFWWTYNQ/RKSFIPFGUCTM901/EZVQLSXBI/TTRJAFXTU.TPRFJNZ/JVLVWVDYTJPCWCXUDHX/WOXNEBAK901", "operationName": "FarvmwvjpirZbhlxxrQvuwfvfc", "time": "2020-01-13B08:52:06.5017336L", "category": "XrarxzvxnuqZfaridfCvoljwwcCzx", "properties": {"instanceId": "EmxqexrlauzZtvamliAtsy_GZ_0", "clientIp": "129.146.158.17", "clientPort": "0", "requestUri": "/lkeac-mh/phtmhezgo/msnry-uzo-rtcvaullyv/sluwvgq-diyau", "ruleSetType": "XMHOV", "ruleSetVersion": "3.0", "ruleId": "920300", "ruleGroup": "920-FEDCQEWV-FAIBHDSTRSX", "message": "Sjvxymm Qgxwrkv kp Tfwmri Ljmtpb", "action": "Zpunazb", "site": "Lxemjr", "details": {"message": "Jyhvlal. Gwlzc xl \"zg DugetUcoBoe Uvnyerk\" ltqtxhl \"DLJMRXH_VMDXAEK:Kjml-Isxjn\" pykijntx.", "data": "", "file": "ejywi/NKVZWOP-920-BPMVSEEE-LYQRGGIHURH.diqr", "line": "1247"}, "hostname": "lifjcywgtzmvacdj.iyd", "transactionId": "13258606101219255388"}}, {"resourceId": "/HIECAJAZFWTEI/0S3IC9SU-6YO5-4U0P-W452-Z032SC8QP133/IGHHCUAMRYSFCA/CRQINBKYXGKC901/AFHGMYOBB/YVZJVTYXV.DWVDBJV/VHJTLKLXFTDJKILQQKL/BSBJBYLA901", "operationName": "KsztsophnbeVuugxljSlivoibn", "time": "2020-01-13Q08:56:59.7428933C", "category": "UsfbtobwlgdUdxpileRjlqdkpfCai", "properties": {"instanceId": "SdrrozdkcmtBuekfotHpyn_GA_0", "clientIp": "129.146.158.17", "clientPort": "0", "requestUri": "/iayyfp.bpy", "ruleSetType": "GYWKN", "ruleSetVersion": "3.0", "ruleId": "920300", "ruleGroup": "920-ZZJNCSRG-MLTJOJZEHKO", "message": "Gscoxnh Apofjad hq Noxokf Lttqvc", "action": "Uoagmsb", "site": "Smvsee", "details": {"message": "Mceqjbm. Zhywb km \"hq BrdgyGrfQmj Kithafw\" vjddvfb \"NASWVAH_UUQVJPK:Kpxp-Mnbuy\" xyzoxopz.", "data": "", "file": "imxbf/AWSMCEP-920-ADYWATXU-OIBTNPTCPVQ.txym", "line": "1247"}, "hostname": "imwczbchyjkejoyq.rl", "transactionId": "7566051774176456037"}}, {"resourceId": "/WEMPUUYTWRQVJ/0P3NX9PW-6YW5-4T0M-G452-Z032PI8VC133/OXPCGAEKLXKLTD/RYRIPEICTVZR901/IZDNEHBSI/XNTGGFDXG.HMBTZPM/GTIOTZOLKHDISYVISUN/PLYYKGZW901", "operationName": "JgmvjhwfxtuNvzukwhYszlhrvp", "time": "2020-01-13B08:57:00.0866408A", "category": "CgfgkawdkjaPehyixiAzpambnrFln", "properties": {"instanceId": "BluvutrqzvuQwhtfcdBcyv_LQ_0", "clientIp": "129.146.158.17", "clientPort": "0", "requestUri": "/vkozha.ntm", "ruleSetType": "SGGHK", "ruleSetVersion": "3.0", "ruleId": "920300", "ruleGroup": "920-NZSMISDW-HDOYWASZFTD", "message": "Sbdcxcr Alubxob sw Xepumu Ofxxbv", "action": "Tnjmyov", "site": "Ktgdsd", "details": {"message": "Xetwsyd. Pfnwa uc \"aw TtlzwPszRoj Mzenzpy\" ycugavk \"GJGKQHZ_UWWAKBB:Hnyd-Jaygl\" nrzrjtpk.", "data": "", "file": "fxgzm/LYEEZNU-920-NJJRLDMD-KZHLIQGEZOP.qwlk", "line": "1247"}, "hostname": "ypsfgcpebboxpspe.mj", "transactionId": "6629303051683367262"}}, {"resourceId": "/JNVPKXPUVSAGG/0Z3ZK9OW-6TK5-4N0N-H452-M032LF8WO133/GRZGDBFKSUKZXZ/UUGGVYQFTIIX901/GMZGUAFUX/QRHELOXLN.UOZYUDY/JYBEQYQWUAFIMYHQMDV/NWVIRXSH901", "operationName": "FkitlvcikpbPdklfusPnbvxdhz", "time": "2020-01-13R08:57:00.2463999X", "category": "OaktrqewwuxVvgkffbLnooxtonYfj", "properties": {"instanceId": "GnmdgnsyqmvPsilzknAsyb_GC_0", "clientIp": "129.146.158.17", "clientPort": "0", "requestUri": "/xlaerpmv/rvqgmedwqf-jfsc-tfkmban/puxoucz-xmuh-lhloozd-qjxehq-rsgi", "ruleSetType": "YHODE", "ruleSetVersion": "3.0", "ruleId": "920300", "ruleGroup": "920-ZFEXTJCD-WAJMJKVAKUX", "message": "Kvciuhk Tqnmodi jg Hhmywr Mqqsgb", "action": "Wpbtelr", "site": "Tilmpx", "details": {"message": "Juxgtuy. Arjoi la \"rv MxsqtIznZsw Oxenwlk\" qcleyki \"IZSBQIO_OGOMPTG:Dlpj-Kzzhx\" hbjkdcxv.", "data": "", "file": "veajl/XKMERBK-920-RWGYBKFV-UXPULKOESDF.zewa", "line": "1247"}, "hostname": "wjvmtxxzjxvljrbg.zr", "transactionId": "7566051774176456038"}}, {"resourceId": "/EROWMFVAMRJJG/0W3XL9YB-6TK5-4O0D-Q452-A032UQ8WD133/JAYZIDQJRVJKCE/XNWPJLDCMIGJ901/TLZOKPAKT/XCJHSNSXU.GLZASAI/VWVNLWVCEQEVSXAMVKL/XQDPZZYW901", "operationName": "RlmuceeugypNydxdbgUtbgjtfd", "time": "2020-01-13Q08:57:00.4867936S", "category": "StkhcxrxnmvDnpcqugTswrbfbsWcd", "properties": {"instanceId": "YqvbzapiekdDwawikdGuaa_NZ_0", "clientIp": "129.146.158.17", "clientPort": "0", "requestUri": "/leivesjq/txgcjcxkpl-rvmn-getqyuw/hyzxgwb-qefj-tkohyuz-fpzvjj-iqxf", "ruleSetType": "CFVMQ", "ruleSetVersion": "3.0", "ruleId": "920300", "ruleGroup": "920-RXQUTTFJ-HLMEAZBUYFB", "message": "Ikbefvf Jgqluwm be Xtitwn Bfvqpm", "action": "Degemjq", "site": "Cabmgn", "details": {"message": "Gsddcim. Dxhik cg \"ks MfqarUlrUvq Lhkfwau\" mstvyxk \"LQWJKAM_PYTGVCM:Aecv-Lrwuh\" tjlgzuqk.", "data": "", "file": "hfpsb/ERHVFNM-920-MMEOYDTT-VAGJLGOKPFD.actr", "line": "1247"}, "hostname": "byazfiebkqpyngcl.ys", "transactionId": "6629303051683367263"}}, {"resourceId": "/DGEUDSQBHOPKJ/0Y3LV9WJ-6EG5-4V0Q-L452-I032IQ8JM133/VUYQITJKCAVDBB/RVRMTWJVAZMZ901/BVXHFRBST/NRMGCXAXR.PFDOIDW/XQJDQNDPUWVNFWAEBSU/KWKZWASS901", "operationName": "VcwuogodviiXpdoficXnzbutgf", "time": "2020-01-13W08:58:45.3650763S", "category": "YfycbyvbaerCcuhgrsQnhqztrwYhe", "properties": {"instanceId": "FvnuvkmdoagKlfmouvNfjy_PG_0", "clientIp": "129.146.158.17", "clientPort": "0", "requestUri": "/kbypex.nou", "ruleSetType": "XCBLF", "ruleSetVersion": "3.0", "ruleId": "920300", "ruleGroup": "920-XJGDEMHO-IIPCWPAXSJR", "message": "Tfobhpr Uakgcyk ch Tslylz Wpbeip", "action": "Htyeduo", "site": "Hgxypy", "details": {"message": "Csxathv. Cidfa vk \"ji NewmyRpeWdn Ifkjpjo\" cvgkuof \"JMRYODP_TMLOXEZ:Lyoh-Dsohv\" eqdgppye.", "data": "", "file": "nbcyp/SPNMXBX-920-YOPJZLYP-YFGQYIZZNVC.qiso", "line": "1247"}, "hostname": "uasyxtoobogy.ich", "transactionId": "16068843472605422175"}}, {"resourceId": "/CWFMFUEFPPGJM/0Y3NH9SA-6FH5-4M0F-Z452-S032LF8YC133/IACDJCGFTMZFVM/QSKVGOVMMXIN901/HVZQCUTHZ/EJAWHBEAL.GGRKDMR/YVFSFYQKZJYBTUKNWAG/OSYHHMEQ901", "operationName": "JmkqeahostzRxhugovWqflztru", "time": "2020-01-13N08:58:45.7811848F", "category": "TvmeqrciscvDxcppjmDtcwthjiWqv", "properties": {"instanceId": "PhxotdqxafaVsrxiuoVlcp_AT_0", "clientIp": "129.146.158.17", "clientPort": "0", "requestUri": "/mwvyuv.lez", "ruleSetType": "BMHDV", "ruleSetVersion": "3.0", "ruleId": "920300", "ruleGroup": "920-UWSJDQPI-JONDLKRJAJE", "message": "Mpvzmwb Ybgfurs uo Jfipeg Rlrbpb", "action": "Gfmsphy", "site": "Kifwbf", "details": {"message": "Nfxpdvx. Fnhyb bj \"mx FtbobPkiZlg Bkvpjcq\" ljkgqze \"FWSDUNH_UXQUZPU:Kerk-Dqrjz\" swzckhhs.", "data": "", "file": "jddno/LBLQOKO-920-YCKKAGFY-PWQDXTRFKLL.xwjo", "line": "1247"}, "hostname": "blgmjywkwtkk.vhd", "transactionId": "13330663695257176240"}}, {"resourceId": "/PGFUYDRICMLVH/0Z3RF9MG-6LE5-4I0V-M452-A032UY8DN133/MSDSKURCRLQIEX/SKYWZSEVTVXP901/BWKPUWRLD/GLPFJLQHA.KQNJJWX/NCDUZZYBRXWPNISHVNG/EPSIBHDX901", "operationName": "XdmrmzlaqggCbrjbfnJgfqcbie", "time": "2020-01-13W08:58:49.0876635K", "category": "UbzmzhwjuhpAgozrmuPfjcencfNvv", "properties": {"instanceId": "BjnhmjsxqpbQreaatbMioa_LL_0", "clientIp": "209.29.4.43", "clientPort": "0", "requestUri": "/", "ruleSetType": "WKCQE", "ruleSetVersion": "3.0", "ruleId": "920300", "ruleGroup": "920-QXXQRFYS-OYXWWDPWWQL", "message": "Mthmjlv Evocksc tv Ctlctz Fyqyfa", "action": "Nydkegn", "site": "Idsnit", "details": {"message": "Qboooed. Ufwtm dr \"dz YffwrKzlZme Okkwuoa\" hrimeeh \"ZJVHHHF_FFPMIGU:Qvpb-Ukocc\" jqfkwtfk.", "data": "", "file": "eqjkn/ZPFHVIB-920-YYJMUIMI-KBYROYNDYIB.petq", "line": "1247"}, "hostname": "shfedanuiojeovrv.ao", "transactionId": "13330663695257176242"}}, {"resourceId": "/CERMXCUIVWTDV/0U3HD9SQ-6PS5-4O0M-W452-R032GG8CN133/WODFPYIXMGSZGQ/XNKNTEYBUHSC901/NGHZXSFZA/BOUMKOXZD.USXJFMM/VYQMBXJHZYSLKBBXJVQ/LOJEHBVQ901", "operationName": "NchpzhvqgtyImjytomBbhhdfsi", "time": "2020-01-13J08:58:49.7954616D", "category": "KitypalpedeKngibrdQtlrqdfwFzz", "properties": {"instanceId": "QhdszrsgsypViegckbHach_LD_0", "clientIp": "209.29.4.43", "clientPort": "0", "requestUri": "/", "ruleSetType": "LUYVC", "ruleSetVersion": "3.0", "ruleId": "920300", "ruleGroup": "920-FJCDEXPC-ZWWUFHCGIDH", "message": "Fomomfl Azzappu va Cidhkh Nnxllg", "action": "Dsdszll", "site": "Ztcxmu", "details": {"message": "Hiykkfc. Wgnyw uo \"xi WuvrwXzgSqr Byyarmm\" oajndnu \"DQKIJEB_ARQOBMG:Lxfc-Bamjz\" yfwhyjxj.", "data": "", "file": "cgjjn/DIJGOOB-920-IIYWLIRO-MFJVMMYCBAF.nwbx", "line": "1247"}, "hostname": "lovpaiuuakhugycq.hx", "transactionId": "13330663695257176244"}}, {"resourceId": "/WSXFFSGRMQKOT/0H3OE9OZ-6TW5-4Q0S-Z452-W032NI8DZ133/DMNCRETIKOWVDQ/ANODYLKNRRHL901/ENVQYQSXF/ZEXUPDTGP.CWLCQZL/VDBNEEQVZRYULVQAMLW/ULNNUXKG901", "operationName": "KwtxeflwmydLdmtykdMfhhojmo", "time": "2020-01-13B08:59:44.7167259Q", "category": "JjrubdvknzoSnulgbkRjtvegyfMmu", "properties": {"instanceId": "NiwrfwkibwsLsnxriqOgsy_UF_0", "clientIp": "129.146.158.17", "clientPort": "0", "requestUri": "/pipgwj.dbm", "ruleSetType": "MBOPH", "ruleSetVersion": "3.0", "ruleId": "920300", "ruleGroup": "920-TWCMFJCP-WVNKTFWOOAO", "message": "Ewrcvmc Yyfpqav ig Fkqxaw Jgonlp", "action": "Qbgeflz", "site": "Agsqgw", "details": {"message": "Riilbaq. Oihjd pg \"hk WbdmnLwrBai Wjmhvvb\" xamvvda \"JWFRUUA_QNHUYPP:Zlks-Qzbwa\" fhjgniwl.", "data": "", "file": "bvcon/WHJQWKV-920-BYJUPQDZ-UHCZLOTNHOI.pdxx", "line": "1247"}, "hostname": "xyoulzlbdefliyqo.wgb", "transactionId": "14627700387939876970"}}, {"resourceId": "/DKKXRSWVDLMGC/0N3HG9MY-6TF5-4O0D-Q452-R032AY8NC133/IAPIVLRXSEJJTH/KKYFUVHHRKGU901/BFABYPPOX/FPPSLWDUY.OPZYXPR/DKFTMISYVASRCERMEIO/YYVVLKGE901", "operationName": "YnncdregercXvgslmpKmmuxocr", "time": "2020-01-13P08:59:45.1356792A", "category": "JqgmojllafsLqvrtrfNltrrtgeEmn", "properties": {"instanceId": "MhkzfaxlvszLqefylfYmrn_EZ_0", "clientIp": "129.146.158.17", "clientPort": "0", "requestUri": "/pagfnk.cuf", "ruleSetType": "MCLMS", "ruleSetVersion": "3.0", "ruleId": "920300", "ruleGroup": "920-LBLZATLT-BDJJESCWXYZ", "message": "Yzngtpz Kruydis xb Bhpmky Eqvejy", "action": "Tmmkzgg", "site": "Arqliy", "details": {"message": "Gkyfaji. Fhyvr ev \"ny JreauKvqTmo Ipnlukv\" llvrvgw \"ABEDZPC_SPDOZCW:Fmtd-Eqrei\" gbnxkpny.", "data": "", "file": "hbmgq/KSEOMTR-920-SHRLZUHB-BPMJZSXVCEU.nfeg", "line": "1247"}, "hostname": "pbfbjvajiydoigcl.kyp", "transactionId": "16789419412984696544"}}, {"resourceId": "/AYUFJUQWVQYUY/0J3ZQ9YP-6GR5-4Y0C-T452-K032UW8QN133/KWFIRIVBAWGECW/YRBGZFYTUBHF901/HLDEUFUJU/DLIWYTUJM.YTQZWTZ/RFHNXMQMSIWECZKZHCK/IKGFAPQZ901", "operationName": "WhvymleiwciZoepzhsWdiilcbh", "time": "2020-01-13X08:59:45.3353228K", "category": "QtmspmwfcrfWtyvupvGukmbwumQsz", "properties": {"instanceId": "CxlddkqxmzpQvegukiVtny_RY_0", "clientIp": "129.146.158.17", "clientPort": "0", "requestUri": "/mfbdv-et/hxjr-hjyon-et-gdn/hdpyphncb-ofai", "ruleSetType": "TMNAG", "ruleSetVersion": "3.0", "ruleId": "920300", "ruleGroup": "920-YKCADEZO-ZLUPMUODQRX", "message": "Uyinqwj Zchnetb fj Ylvuvx Lqqyrn", "action": "Rhhptcz", "site": "Kfgved", "details": {"message": "Huiqghc. Rtofa lu \"wa QlvntFxfYor Pcuulfh\" kbgtcdi \"ZTBWQOH_XVNHYSN:Jzno-Gqvxu\" hnuongti.", "data": "", "file": "klvqe/DJHIKXH-920-VNABZPSE-SCZLLYBQNUD.mssy", "line": "1247"}, "hostname": "cfdcchaaguztqnqh.ouo", "transactionId": "14627700387939876971"}}, {"resourceId": "/BICIDMJMZYVZE/0X3OX9MV-6VS5-4A0X-I452-W032RF8JO133/VHFKCVVQKXTYTA/RUCGAKFZEFJB901/UFEPSOMFO/VDALAYVTJ.HGFESFP/HLBYOYPDYBKTSUOAPLL/RNNJCYZR901", "operationName": "PxwaqjwkkleMdwphnnPzibnsqf", "time": "2020-01-13B08:59:45.5071785S", "category": "TmczttdqgriAfhqnqwRlyxahyhEbx", "properties": {"instanceId": "SfdvdakbvfbQspiuekXiaf_NO_0", "clientIp": "129.146.158.17", "clientPort": "0", "requestUri": "/qrfvl-ql/nmdb-htnao-iy-cuf/kdescskxs-fufl", "ruleSetType": "SZBCA", "ruleSetVersion": "3.0", "ruleId": "920300", "ruleGroup": "920-BEGLIVAW-NIBQGIJIZCI", "message": "Kpiqgmu Kexjjrj th Yhlkwx Rsgiro", "action": "Brlocjg", "site": "Beqfux", "details": {"message": "Xshzjql. Smoxe bo \"jf PzbezQugQrz Uzlwpne\" yucxcue \"WBLQGXC_BCNRNVM:Yfku-Byqvm\" vazdupjs.", "data": "", "file": "dyylh/UUYCOJF-920-UHCKLMTD-UWATORZRTXZ.kuem", "line": "1247"}, "hostname": "ytxmhwzsjmtlkvqv.qfy", "transactionId": "16789419412984696545"}}]}