{"logs": [{"resourceId": "/OKFZQAZUYOSTP/0G3YL9DT-6LK5-4R0X-L452-Q032FW8SV133/UUEKEINHMJMSVF/PTIIHMXAPGTW901/QKCMEWPCJ/DEULEJIUQ.CPPYVFF/SCNQPOLJYSPPSCPZLTF/OZSLJWMO901", "operationName": "NmbweojgwggLdwfchtHjgyrqes", "time": "2020-01-07N02:00:00.2906653M", "category": "LjnblfwandzRbmvgfgLcxohgaeJso", "properties": {"instanceId": "XnqmeaxnbfbPjobdwrDxfn_MH_0", "clientIp": "34.224.35.80", "clientPort": "0", "requestUri": "/zyrfexo/bunvza/AdbavfeVwbhxehbahasmrPXU.snmc?1578362400814", "ruleSetType": "PCITC", "ruleSetVersion": "3.0", "ruleId": "920300", "ruleGroup": "920-HCBMKGFI-VLMCEGPYWOD", "message": "Eneyczf Pttfuai fc Jfhgua Wfwblh", "action": "Ullgtmk", "site": "Iwmutr", "details": {"message": "Ysuzjqy. Zvcjw ds \"gv TxcdvOnmHur Chyxrdj\" mkovzmv \"WMBRAPZ_JTSNBIV:Axfe-Eimro\" soiludbb.", "data": "", "file": "kvbmc/GYIQGXB-920-IIEODIQW-FPDYAOFTFGV.ryez", "line": "1247"}, "hostname": "rjccyyjshzzylsti.es", "transactionId": "9871894783390126650"}}, {"resourceId": "/APICVNBJAVPGK/0S3UR9AK-6QP5-4I0D-U452-H032ZT8IN133/JRQGEKXBSZTQVF/KNAHIPLBKPEN901/MCAFVEIVJ/RRXLENGGX.FLQKUGG/QNQSEHQKKGVKDMNYJVU/TUJIWTMU901", "operationName": "XjiygufuayfDpqpdetPbptpogj", "time": "2020-01-07V02:00:00.3250845S", "category": "BklsolmyotgDjpvbfhTvuzegbdWyh", "properties": {"instanceId": "YqwwupirnczBouhmlcCrps_PR_0", "clientIp": "34.224.35.80", "clientPort": "0", "requestUri": "/wtgsrjv/ijnhlu/DjhlepxLaovqyjzsqvkpsPKT.ljsn?1578362400814&1578362400814", "ruleSetType": "VOJGH", "ruleSetVersion": "3.0", "ruleId": "920300", "ruleGroup": "920-QURWWYGY-CCYGGMCUQIY", "message": "Wmlvplr Uoxmkvu gi Ldrftc Jtotqz", "action": "Iermzaw", "site": "Lcigge", "details": {"message": "Imzdvtx. Njkvu qg \"gv DczuvUccFpr Sjmtatx\" vqxkcib \"GOXYCEZ_LNWZFJY:Gajk-Ryyou\" tvcjdlcr.", "data": "", "file": "lodhm/JSRRFPI-920-YYQZDFZJ-TWMMMNLOGEK.fcob", "line": "1247"}, "hostname": "wzafqhzsqkjmzfhq.pj", "transactionId": "1297036694830192341"}}, {"resourceId": "/CEOYQLVSQQXTE/0O3OX9TF-6TL5-4E0U-H452-F032FC8DK133/IMAYEGHQAPKRET/CPSIIUNJYSZH901/KVAXANCIO/HWVWYDHZE.ULKIWLG/KXXDAICMLERMDCCROBY/QINFICWW901", "operationName": "XgiyndqldfcNsgaynkSkkkrfbq", "time": "2020-01-07V02:00:08.4629077R", "category": "LnugnivmridBwzzstaPthxqonvXte", "properties": {"instanceId": "GjchoxicehoWqlgrohSgiq_LF_0", "clientIp": "159.203.72.16", "clientPort": "0", "requestUri": "/", "ruleSetType": "UYWQU", "ruleSetVersion": "3.0", "ruleId": "920300", "ruleGroup": "920-ZZPDXAJN-JPKWKMCTOUR", "message": "Dclysgk Rmhkngq sl Srvtwm Ekyvuk", "action": "Jkmmdst", "site": "Szyuyi", "details": {"message": "Mtxxrdw. Tufaf kv \"nt FtximXxdFno Cxlyvae\" qwydkwh \"DYZWREU_DAJBQMZ:Epga-Nqtlx\" hrxxoutf.", "data": "", "file": "nefrj/LOZYZJE-920-TMWEVUSE-UJGYTHWEXXH.ghzu", "line": "1247"}, "hostname": "zwuuuutuzejgplnt.nmu", "transactionId": "12033622604527967312"}}, {"resourceId": "/KQMHHBJDDMGEZ/0J3YT9JU-6OK5-4L0N-E452-P032MG8HI133/GCKCRKKKLGPXMD/QJXZTRGNGHFA901/AIDACAHXD/SPYUTNURQ.SFAGKGP/HRRCSXXIPZWJQPMUUOA/OLXMCKLF901", "operationName": "LycjwgbidhlMlbgjszWgkuukra", "time": "2020-01-07P02:02:29.9562168U", "category": "ExefflnunhiJpqakiaIjmmqioiOvx", "properties": {"instanceId": "SfuhapnarpbAeyphdqHwcl_MY_0", "clientIp": "52.1.109.34", "clientPort": "0", "requestUri": "/pfhwxq/QMP_zglxse/smgoxtq.cyv", "ruleSetType": "EBTFY", "ruleSetVersion": "3.0", "ruleId": "920300", "ruleGroup": "920-VZENXNUF-QAQBEIHWIRN", "message": "Gvjmjiw Exvamzt tj Kwhoml Zfxuoh", "action": "Udoflmx", "site": "Vbkcvg", "details": {"message": "Lxbyshx. Zvfnw pt \"xe WhcepBxrYgf Tgfjubh\" miqnzwi \"MZSOBZY_USRNJJM:Lpsl-Uamgd\" ezkkkwur.", "data": "", "file": "jheav/GGEFKUJ-920-ZCIRBETC-JAMQWZGQSRZ.oxvu", "line": "1247"}, "hostname": "okvcudxuinjjocbn.ow", "transactionId": "16068843472605420752"}}, {"resourceId": "/HJGMLTDKCWSPK/0N3PY9AJ-6EY5-4A0S-J452-H032QK8NJ133/ZIHWKIWHJTIMII/OTHKDLUOSBSK901/MKZZUONXK/VAWWLDHOH.GKBFIDO/GLCTZRLEQPPQSEXTNOC/VSZJJGGF901", "operationName": "BgfmuaghguyKmajzsfQupgpozn", "time": "2020-01-07F02:03:08.4111173B", "category": "BazxtkucqxdZtbmldsSeyvylcsGex", "properties": {"instanceId": "VlrezyqpsjaTihgnjeUhbv_UO_0", "clientIp": "23.96.59.35", "clientPort": "0", "requestUri": "/404", "ruleSetType": "FQXIR", "ruleSetVersion": "3.0", "ruleId": "920320", "ruleGroup": "920-GXKXANSB-TQNTFVMUOLZ", "message": "Pymmytm Regt Udzeb Bxdebi", "action": "Jbpaonh", "site": "Apyttw", "details": {"message": "Mrnplfv. Ubftvece TW pryfbln 0 oc BKWBQEA_QVKSOZL.", "data": "", "file": "nkygc/ELSLATZ-920-LTVBRFQF-JHIGTYOTFAR.yxys", "line": "1310"}, "hostname": "ezpdqofqholirrji.usd", "transactionId": "13042428921058957856"}}, {"resourceId": "/FRVBRUSAHRRLE/0K3RI9UI-6JG5-4F0C-O452-S032NW8BB133/XVLXGBFIZNVRHN/UUZFGCLTGZHR901/GVMANNMED/ATQKRJLYC.ZQDUAIE/PRIZLZIKMZLXEPADQCT/ZWCDXEJL901", "operationName": "PxsnynthmgsZwrtsxiSdkglqrb", "time": "2020-01-07A02:03:08.4892129B", "category": "MxxroroefayZpexxnvWqmwodpaEyb", "properties": {"instanceId": "SffgsmkelqcYflvtgsOdmj_EF_0", "clientIp": "23.96.59.35", "clientPort": "0", "requestUri": "/404", "ruleSetType": "PUQQD", "ruleSetVersion": "3.0", "ruleId": "920320", "ruleGroup": "920-DKGWYDTQ-RSGHXKLCFDE", "message": "Nthgkes Bzqg Virwu Szvust", "action": "Erlszqi", "site": "Ifaxtd", "details": {"message": "Trkaaqx. Lzjsnwzm VK wngfutb 0 vz LWVOXOA_CONRRLZ.", "data": "", "file": "eldxq/SLUMFNF-920-ZCUOQTIE-PRJZWATCNPQ.ublb", "line": "1310"}, "hostname": "budqikezwqeooyiy.dpc", "transactionId": "6196953089409291970"}}, {"resourceId": "/EIOWVAELIEPQB/0O3HE9HZ-6QS5-4P0D-P452-L032ZT8YB133/TLVCPCDVJMJOFX/VSEKQAEAJFXL901/TPMBGAUDO/KWRSAWFAC.GBRBQKW/XDVOYWUEAZGTVLYZEND/MFVDYBDT901", "operationName": "FuhgmyekzgoOkghiwgSgxvetpi", "time": "2020-01-07Q02:04:30.6756505R", "category": "SrqeaebgvtuSgbwsetGousknhsUuu", "properties": {"instanceId": "RtcisqqnmvxOsqfaclFsbc_DQ_0", "clientIp": "23.96.59.35", "clientPort": "0", "requestUri": "/404", "ruleSetType": "DCFAT", "ruleSetVersion": "3.0", "ruleId": "920320", "ruleGroup": "920-XHTYCDEZ-SYGIWIROHPW", "message": "Xfhmyiz Aomf Dszyn Yrejix", "action": "Xilwyqy", "site": "Qeurfj", "details": {"message": "Nbdejha. Hahyqzhd KS juooeph 0 mv DVJXBGP_AIXXKTK.", "data": "", "file": "anejt/XJZCHVU-920-IATWQJXM-ZFSREYPFZHI.xskk", "line": "1310"}, "hostname": "czumzjvepgkphsql.zgd", "transactionId": "13042428921058957857"}}, {"resourceId": "/YKFDVPBNUTZDH/0L3TR9QH-6FA5-4V0F-Y452-K032SZ8PK133/KJEAKNMUSJLJWV/OMPDVYPOXLUN901/RVIEKWJCK/BCPKEMWVU.UIUSJUG/DXNMVTFHYFSWEEJICZX/NZXYSNPP901", "operationName": "BaneodfiytsKtelatuKlbwnnfh", "time": "2020-01-07L02:04:30.7391301S", "category": "MiidsdphaetPvajhxfIltvqfbiQzm", "properties": {"instanceId": "YjgoguccvmrWscbnlaBejh_JO_0", "clientIp": "23.96.59.35", "clientPort": "0", "requestUri": "/404", "ruleSetType": "JBVEV", "ruleSetVersion": "3.0", "ruleId": "920320", "ruleGroup": "920-LOHOJTZR-TQAMWGOCCED", "message": "Galuetn Nuut Xzkha Lqmygt", "action": "Njrsemb", "site": "Qzhnsd", "details": {"message": "Urflevj. Feqmfded KV zvesbgp 0 wl ITSQGEH_YALYQLN.", "data": "", "file": "zchcf/FJOQALA-920-UTPUAQGH-MBAGKLIRBVJ.xudz", "line": "1310"}, "hostname": "ilvutjsaodadhszz.wwt", "transactionId": "6196953089409291971"}}, {"resourceId": "/BILEDLEJEMHXE/0O3ZF9NO-6UQ5-4I0G-Z452-O032DV8WH133/AZHYWTNMUXJVTM/QNQJYMGKQSON901/VUGCCVLNF/WDKXLQRLM.QKAUVEN/OTJXYVNQNEPIELIJLNP/RHWZBYEP901", "operationName": "HmsebrbijtvAbazhmrGtcchjht", "time": "2020-01-07W02:04:32.1270574W", "category": "QjhwwjofqggVdioxykXqcorooyHuy", "properties": {"instanceId": "DmvddwemlvyEhrbgusJgvv_FH_0", "clientIp": "23.96.59.35", "clientPort": "0", "requestUri": "/404", "ruleSetType": "IDLMB", "ruleSetVersion": "3.0", "ruleId": "920320", "ruleGroup": "920-SGFZXUAN-JPRPJHQUPCM", "message": "Pyfyogs Homx Ewszb Yidjis", "action": "Xtclqli", "site": "Mahsug", "details": {"message": "Xfyiprw. Chmippbh JN vpvzdib 0 uu CPSRCNY_IAYWYZV.", "data": "", "file": "fyxwx/MYAYLYL-920-MAFDIDXP-JQRJVXJRUHA.dgum", "line": "1310"}, "hostname": "kqkepfkgujcjrtch.jjp", "transactionId": "13042428921058957858"}}, {"resourceId": "/VGGFFNZMCACQA/0H3SQ9OU-6ZM5-4Y0C-M452-N032JM8OQ133/GTFSFXSSWWFLVX/SVBMAJCCVIXL901/VIGWUZRXZ/HKXZLQPRJ.SLKYSET/LFXXVLNCPHVVMPAHFBI/DKBLMDPW901", "operationName": "BrlsmkefomxEmklkcaQfwjmgep", "time": "2020-01-07O02:04:32.2051419H", "category": "TainjulixwcCdwcoftNttvgdtbEbb", "properties": {"instanceId": "KfepoluksrcLhiunjiVqem_SP_0", "clientIp": "23.96.59.35", "clientPort": "0", "requestUri": "/404", "ruleSetType": "XMUJY", "ruleSetVersion": "3.0", "ruleId": "920320", "ruleGroup": "920-VFMOLKAC-UAHDVTJYVQX", "message": "Eszntjv Kklv Mtsir Jxflpn", "action": "Qsifaxt", "site": "Vdxrrf", "details": {"message": "Tlmsyjp. Ukckmawk NH srzrtvr 0 nf EIVOUXU_QYHQWGH.", "data": "", "file": "ogniv/ZVZXLHR-920-QKGDIWPY-HVBZXMZTQOG.dydx", "line": "1310"}, "hostname": "wjeudxgeyytcotcj.mlp", "transactionId": "6196953089409291972"}}, {"resourceId": "/YDMHXPAIWDQEM/0F3GC9WZ-6UN5-4N0W-O452-A032ER8PM133/HXWLOZTIZGMGHK/KFYACSKWIEPR901/GGXQFJNBP/RZHOUFVRI.RFUPZLC/JCRWKIODYKDEMCCLYKN/DGFZQTCA901", "operationName": "RquifoxrpgaLqycodiDsofcmfo", "time": "2020-01-07A02:04:58.0917066C", "category": "KwuddqhmlfaMphbjkdOttucsjmWmk", "properties": {"instanceId": "BzcutwpvnklOefhsgbDbvm_XI_0", "clientIp": "34.223.0.137", "clientPort": "0", "requestUri": "/zl/ucecntvj/2016/02/10/jjua-2-10-2016-j-a-betb-ggntagvcs-fhjbzvs-nflu-vl-xkt-xcop-ia-ozp", "ruleSetType": "TSPWT", "ruleSetVersion": "3.0", "ruleId": "920300", "ruleGroup": "920-BCVLXDXI-HRVILKNYNCU", "message": "Dnxexjd Odqtzyr hy Mgmwee Zptqlo", "action": "Jrbjlhg", "site": "Ygtpub", "details": {"message": "Mxmgjjd. Oyxgv si \"mo EjnsuQalMzo Ihgvsbp\" koblpcl \"ACBLIVH_EJLSRIB:Npie-Udssv\" olzhdttu.", "data": "", "file": "ycplf/SOAMOFA-920-JPLXMPXP-HHAZXPYTTKF.iahl", "line": "1247"}, "hostname": "hnooktwdxenhabhf.emq", "transactionId": "6845475833797152901"}}, {"resourceId": "/BJSOUSUGJZZYM/0T3ZO9JN-6VM5-4Y0Z-V452-R032HI8UN133/DXGFLNTNINVCNI/AXZDHSXYETFT901/UFTYAMTWK/VFJMTKBHR.EUYCGYO/QTYIGTPBZUURLUWXTQD/YXOYRWRT901", "operationName": "IrgzkrmaxzdNwelcwiDutybtwf", "time": "2020-01-07P02:08:16.5368020K", "category": "JwyxwyqweyaLcbhlkuPfeqlkdtSvs", "properties": {"instanceId": "MysmoknklyqChpwlihPquw_DP_0", "clientIp": "23.96.59.35", "clientPort": "0", "requestUri": "/404", "ruleSetType": "BBHKZ", "ruleSetVersion": "3.0", "ruleId": "920320", "ruleGroup": "920-ECGOEPYV-NTQUSDFJMSN", "message": "Deoglyj Plij Cduqq Rztgrb", "action": "Yvvtlpr", "site": "Ahlxsh", "details": {"message": "Pozcuhd. Bkispiwj FW swdyaty 0 gy MBWVVIK_VNDSUEK.", "data": "", "file": "xeply/ZBSAJEF-920-ETTMGWCF-UIZWYEMRILP.hzlz", "line": "1310"}, "hostname": "qphvdpaehfzzoido.uhb", "transactionId": "13763004861438234346"}}, {"resourceId": "/EDVJUWOLHRZJE/0G3OB9UY-6YZ5-4O0M-Y452-K032DT8UU133/XGZENJNOUEPKDO/INZTMFFYGGXJ901/WEUNRUFEY/VRAUJKVHN.XJJNAXN/HXVBOXPIYHVBXFLOBAQ/QSKMCMQN901", "operationName": "CsuzpacguyhWsqoqozUlehnlbr", "time": "2020-01-07M02:08:16.6016401P", "category": "JjjueofgcebKsanymcStckrxqrWwz", "properties": {"instanceId": "HbepjeyacixSuwcnxjWwob_EA_0", "clientIp": "23.96.59.35", "clientPort": "0", "requestUri": "/404", "ruleSetType": "LMDUG", "ruleSetVersion": "3.0", "ruleId": "920320", "ruleGroup": "920-JUHJUJXF-PEXUAEPHWQR", "message": "Vbttxii Dece Mckjw Njjkxi", "action": "Rnmitsz", "site": "Aodcmz", "details": {"message": "Hmywlsq. Rkocwjfp CV yvzafaw 0 qe FYGAKBN_IGXHVPG.", "data": "", "file": "oqrrq/VUNLQNN-920-TZJZVERM-LYJAJEWSBHO.fypw", "line": "1310"}, "hostname": "axfwjcdjzhlnjwga.jyv", "transactionId": "16068843472605420826"}}, {"resourceId": "/FHXDTJUJVDEBK/0Q3VC9LU-6EW5-4X0L-G452-B032RG8MM133/TCHEPOENKEBKCY/YYAHHWIQUULY901/RPCHAQMBX/OMLEUVQQK.HJCEAIO/FKBINYXOJZCPFEYKJDM/ESEIFJTN901", "operationName": "KuqhzmpzdqoBsykbekYyuyiuyw", "time": "2020-01-07G02:09:05.1084613F", "category": "QmrdpesusikXiywrukVrphdpwdBdh", "properties": {"instanceId": "DluzaqfvxtyMeuyrkjEbpj_OS_0", "clientIp": "108.174.5.112", "clientPort": "0", "requestUri": "/-/vaite/ZKUQ-Yfglnf/Mtonsjze/UIFUNM-2019.jusv?a=250&n=300&ct=vh-PK&dv=ysaodq&rgev=YZ7S6YZ42920UNAQ0YS91383M724NSLI40V801IW", "ruleSetType": "WUXLE", "ruleSetVersion": "3.0", "ruleId": "920300", "ruleGroup": "920-DDZZMMCP-UVLAXKBZUWW", "message": "Jmbyowx Zrpujza nb Ngurvq Bupwfb", "action": "Elhdxqg", "site": "Eijkvo", "details": {"message": "Tcnvqws. Tyzef ab \"yn SmcitQwyFrq Mcfwefb\" nbfybqf \"YKGDJCC_SOBAMOJ:Rzry-Gqzqg\" pqeopjut.", "data": "", "file": "xpimz/EUKQCNV-920-EJUWLVWC-RVPZTITOUQQ.plej", "line": "1247"}, "hostname": "qeboawsljzlkuxna.hy", "transactionId": "3026423349786971311"}}, {"resourceId": "/LCZNEVSVBNGEK/0U3OQ9HU-6LA5-4R0F-L452-A032AI8WX133/IGIZKEDTTBFZCJ/QNSBCGWXUQII901/ESFYTZCBV/VBVMJCXZY.QZKUXLR/QLRUVHWFCZLWUQSIIPL/CUTNMWMM901", "operationName": "IsfuvryedldTjgcptpKlzxttta", "time": "2020-01-07W02:09:05.2647014S", "category": "RyjpneeikdaJiznnulYowrtbncPha", "properties": {"instanceId": "TxmwbmeesytHygkeecTkqv_GS_0", "clientIp": "108.174.5.112", "clientPort": "0", "requestUri": "/xwcfugxt/2019/05/28/vw-dph-ryvhbcas-hcwj-em-zfrrmefn-wz300-dsdhziobulyu-vqadagog-macmwhzesg-hn-nxtdvj-2019", "ruleSetType": "CSLPH", "ruleSetVersion": "3.0", "ruleId": "920300", "ruleGroup": "920-NEJRMRQO-RRJSINXZPKF", "message": "Dhbfpph Jbzhdsz ig Yjmkij Akllzo", "action": "Ykeansn", "site": "Qikvut", "details": {"message": "Ekzdxjk. Rnjew ij \"ar HwcqqTqjZpk Tvbwjvh\" grtoxnw \"LYIBOJZ_AQHAZKH:Purf-Ljujh\" drngqzyu.", "data": "", "file": "ydxhy/XWDJRVC-920-HZHUENJA-YFTRFWHEMAV.fsjs", "line": "1247"}, "hostname": "rfzjtevbbyamyjgl.pu", "transactionId": "6845475833797152913"}}, {"resourceId": "/ZNOJVVCYPSBQL/0N3ID9NV-6YL5-4P0X-I452-T032OM8AS133/VXMKQEGWCADLHQ/XMAQJUMOVIAG901/VBBPUFJAL/WJDKPNMOL.PWZUZTU/ICZWNFJIVLAXLCXZUJV/NWHKEBZS901", "operationName": "GfinxtbgkxtCcdnoluLliisrjm", "time": "2020-01-07A02:17:13.7675282T", "category": "DhwgovrabysZkmjhvrKtewowhbIkv", "properties": {"instanceId": "GekqahdpqddOdfggrkWuao_DP_0", "clientIp": "209.29.4.43", "clientPort": "0", "requestUri": "/", "ruleSetType": "PNBMC", "ruleSetVersion": "3.0", "ruleId": "920300", "ruleGroup": "920-YCJFIMHC-NUYHSWNVFOV", "message": "Ithobna Tcmuoat yx Hpdkul Nzvnvf", "action": "Rjovtvv", "site": "Ntdipz", "details": {"message": "Ixukwwo. Smkin qz \"yy SexguDvuLfw Vewhcmx\" hnkcbou \"BHZCZCU_ULDPXBZ:Ouzc-Ckvcz\" xstbeffg.", "data": "", "file": "dbtcw/CZKFVEK-920-JYSQQFGU-AYGICUJQODD.wlrs", "line": "1247"}, "hostname": "ljxmtpupgphvhayj.ks", "transactionId": "14483580801817513610"}}, {"resourceId": "/GEEAZLYBZWXGN/0A3FD9HY-6DG5-4Y0W-N452-K032YO8PR133/BPQHFHIRHDHGUF/VJEMNNAPFFPN901/DJMXTRHAH/KXJTIUXLQ.WPHCLJW/RSGCPMGJSIGVKVLMKLB/XVZDMGXQ901", "operationName": "JwzmllgefriBsqaesvTgykxjwa", "time": "2020-01-07A02:23:15.4302956R", "category": "SjjclkkxltdQijnrskHfbxpbirRtw", "properties": {"instanceId": "NrwufuoojapQweuyesClol_JB_0", "clientIp": "23.21.193.170", "clientPort": "0", "requestUri": "/-/alage/Tozhyia-Yhlfjvgc/P4YEW-Cyisvcvqvwtw/Fqqkrx/Posrlz/ifx-200-m2-fpxn-qc-pndsf-kjvjtgmfhqj-vdxxkulb-1.fwiv?o=2848&i=3129&fs=yt&qybf=F70X4YO93M2P9586VDF8040L0N0KU21146W61594", "ruleSetType": "HUEOJ", "ruleSetVersion": "3.0", "ruleId": "920300", "ruleGroup": "920-SDLMWTYW-GYRKTMFRUYF", "message": "Mrzdjcq Cjidrry vh Clwagm Ttrqmz", "action": "Iufaiyh", "site": "Idseio", "details": {"message": "Opfavjy. Oriem sy \"ap EbnjxDqeBqf Ohrubjs\" cwqrtdx \"SNCRBGP_EAHGSIA:Kqfb-Dwxvk\" utuwqbis.", "data": "", "file": "bxahw/NVCFBQK-920-YVDOEGBC-QVBWCDHGBID.qtql", "line": "1247"}, "hostname": "hbdcunaifawmhvkb.quc", "transactionId": "3746994892119744110"}}, {"resourceId": "/ZYWYFIUGUADAM/0R3ZM9WR-6OG5-4D0W-D452-O032JW8UZ133/EXOMBBHJVHZQRV/WHADGELORCDF901/AIGGRWFHM/RKGIUHVZJ.FPCUUYG/LCMXGVYNESDSEMKXMAV/YLBBCWPN901", "operationName": "RwfsldmhcpjKpbgyfhDemxjesn", "time": "2020-01-07F02:23:18.6704371K", "category": "UizvqeyectxXqwjodoLloahouoUyw", "properties": {"instanceId": "VtxwlehoveiZefzriaAuzc_KS_0", "clientIp": "23.21.193.170", "clientPort": "0", "requestUri": "/-/uvvry/Byavsra-Hqjngtxl/A4ZAH-Eblrpxdhjpkz/Uketkc/Pipokp/nwg-200-j2-30-90.wgkn?x=300&b=300&xe=gk&bqyk=72O69PYY462925YK5LV3X31GRV05O3MCLVRR3C04", "ruleSetType": "GKSJL", "ruleSetVersion": "3.0", "ruleId": "920300", "ruleGroup": "920-TOBIXAAR-TBMZUNVDSBR", "message": "Wnssmce Itkorqw ju Qgzuzd Wyexwm", "action": "Ygrzvfb", "site": "Cejuha", "details": {"message": "Uoywjga. Ahdoz ca \"st IqhcgCtpGcd Esvpaxm\" rafyspr \"GCYMSCE_BGHQSPC:Mjzu-Xiajj\" vnkgsfua.", "data": "", "file": "jvuvm/ZJZAAEL-920-RIPZEHLC-RTJHMSYJKSZ.vypn", "line": "1247"}, "hostname": "panujqysyytjbjrn.qua", "transactionId": "3746994892119744111"}}, {"resourceId": "/NOSCXZVSXWSFZ/0Y3KG9IQ-6SP5-4P0X-S452-V032OZ8CL133/CJMLFMLJAJYOKH/AFXGQOIIKCYQ901/TGEZFRYKK/WCQCRNZOZ.ICIRLGY/BWZNEZMEFZZISHIXFQX/BWQAVFKU901", "operationName": "MqtsswfrgcwWinixpgHqokxsyg", "time": "2020-01-07W02:23:48.2141504B", "category": "XyljvhrgvxbJodufjmPckhnbnoCjy", "properties": {"instanceId": "DxjcqrydslaQwuionvOqju_EU_0", "clientIp": "151.138.13.148", "clientPort": "0", "requestUri": "/", "ruleSetType": "XCDTY", "ruleSetVersion": "3.0", "ruleId": "920300", "ruleGroup": "920-ASKCLEQY-NDCWHMITUTU", "message": "Oboivtd Fqgucbi jl Gveglh Bqonul", "action": "Cuivzma", "site": "Tfzjch", "details": {"message": "Icvbcgu. Idmpn vp \"hz MjhcbIkvNzv Kbeolyh\" kesqvvv \"AQTBUKH_RGSYZHW:Hbmp-Slgef\" dkalslts.", "data": "", "file": "llofv/JJJIRUA-920-RSFVHWWP-GYAIHHJGTUL.ugcl", "line": "1247"}, "hostname": "cvfswzzeomshmfnj.dfn", "transactionId": "12249795386641748229"}}, {"resourceId": "/YFWLGNSKUZKKU/0Q3MG9YA-6UF5-4M0X-Z452-Z032HV8SK133/FGJIXIOYCFSEGL/LKEEONEVWRXO901/IPPJKBMEZ/YDMEYVGTJ.CKWRCKN/RKBSLUFKCHEEYXHQSGJ/WLZXTOQO901", "operationName": "XvgfavsxpdcDnzwpeeMqinqjwm", "time": "2020-01-07V02:27:14.1477260H", "category": "UxchtoxdoxqVpzodbkTlewylxuWts", "properties": {"instanceId": "UlytsoohzafDhqxlgoXjct_DZ_0", "clientIp": "34.216.35.114", "clientPort": "0", "requestUri": "/dzvel-vf/kerfj-bwynxwhgx/twbugviodr", "ruleSetType": "KBXIK", "ruleSetVersion": "3.0", "ruleId": "920300", "ruleGroup": "920-YDQQMJQZ-AGODMIOGTOG", "message": "Damvtpv Ajboxlt yl Crifsf Ygyojl", "action": "Urqpeon", "site": "Nuqdhr", "details": {"message": "Lqwobrs. Aqnxp ri \"jw UnldgRlcEqf Rhshtvo\" exwbqfz \"DVYXRNY_NOLULVH:Ompi-Hdyyj\" urndfevm.", "data": "", "file": "zggko/BBDSAMA-920-JEYGWDUS-OENAKHCKOPM.huls", "line": "1247"}, "hostname": "zbjnpxxtzbkiepdc.lgc", "transactionId": "18374695277912137342"}}, {"resourceId": "/WEHZTGZHNWCUP/0N3KE9YN-6RW5-4A0N-L452-W032SH8KX133/AAJRILYZDCPDZF/BKUVEZHSSCGK901/EBEKAKZKD/WXJOXBDAG.QXWGIAQ/UJCAJGNIUXCQCRQGGWZ/LKTVUTTT901", "operationName": "YdchvvogbzkLgzflylCokrsuws", "time": "2020-01-07R02:32:43.9006524O", "category": "FuycrokqaajZiewufqCldmkoatEkr", "properties": {"instanceId": "ObvcdapdnilJnlgqbpZrwf_LG_0", "clientIp": "108.174.8.22", "clientPort": "0", "requestUri": "/-/saorw/Uvfodnv-Jqexqyob/Qhmjaq-Aoxihoh/Gaxiku/LIHF-Lfvxjkq/RMJ-Bhplio-XHCZFsTDJKW-LFKW-Nuynbs.soqe?w=270&t=480&mv=rp&jqtj=10878TX54301711GTII171ZK676S07Q516J9W430", "ruleSetType": "WAGGX", "ruleSetVersion": "3.0", "ruleId": "920300", "ruleGroup": "920-ZWTVPFKH-WDTJEHFPWEZ", "message": "Bbojrwb Qnqngis tq Yxoztm Zndtcn", "action": "Hrajjtp", "site": "Phpfmb", "details": {"message": "Gjbkgjb. Skrhc tz \"cf XkgxiIutCxm Sfzvycr\" dyjkiyo \"HAOYRGL_AWSWBXE:Exwp-Qxskc\" wcmelews.", "data": "", "file": "yltwg/JHTYKEM-920-JXCPRZQM-ZCMEDKBRPTP.jahm", "line": "1247"}, "hostname": "trwoodkxkbuyzish.ofc", "transactionId": "5476377149030010450"}}, {"resourceId": "/BOKMIZFSKYVBY/0Y3XV9BO-6UL5-4X0X-H452-K032PH8NI133/HJUKSVYRLLIIKC/NHJYUCITRZFK901/YAUGWGAXZ/ALGMBABSK.UMKFQBP/ORERVRSDYWDKUBRSXHU/MGWGSSDP901", "operationName": "VrlesiycxzeWmxjpnlXugzbvug", "time": "2020-01-07F02:32:43.9162357O", "category": "MnchcvcirprEvviqveXdgrhcahNvi", "properties": {"instanceId": "VjcwuoqljlbDequmsgAjfk_KO_0", "clientIp": "108.174.8.22", "clientPort": "0", "requestUri": "/-/wurgc/Uipwube-Gkyhzpeq/Bnadbp-Hfadirf/Wfupjp/EVXF-Dpwxrsn/Mjssekz-Fqpvsqpa-EYBQ-Cayphccaek-1-Hktdfu-GVXW-Prdxsqn.pcuq?z=744&e=1314&ik=pz&vctm=H8279Q6FGZT32TL9563O840P5U13U35681800NI8", "ruleSetType": "EKUHY", "ruleSetVersion": "3.0", "ruleId": "920300", "ruleGroup": "920-FBUKHVDG-KDRMLDAGPOF", "message": "Mqvmbuf Emmajkt cs Lognwm Elunqs", "action": "Clbvfpv", "site": "Zwbzbo", "details": {"message": "Oufbszi. Qflns jp \"kr RiwzpJcjXwi Cchhyso\" jpmkkmz \"GNCVRBK_LPGMZHC:Fomb-Xycjy\" drynrgiz.", "data": "", "file": "fiirc/LCRDNEJ-920-FXXUTDQS-WLRHARKUZOR.yaqn", "line": "1247"}, "hostname": "jhwknlngimcuoiuy.dck", "transactionId": "6196957487455803068"}}, {"resourceId": "/GEJNDIFBPQTTB/0H3MB9NW-6OO5-4I0O-Y452-Y032WY8MD133/ASKPRKJAVMYRZB/JNKMVRDHUYEI901/MIJBAEWPJ/WNWTRFEUF.TSBPAKB/JADSSYWMZESWODJGWNN/TEQAQLCO901", "operationName": "VlmsnongvzwWejrpeuQoouywmr", "time": "2020-01-07A02:34:03.7209528U", "category": "LezdugwnkmzXnqlmhoCqnotbnvWho", "properties": {"instanceId": "OzsejytaccbQmpcrwsGwhp_EO_0", "clientIp": "23.96.59.35", "clientPort": "0", "requestUri": "/404", "ruleSetType": "ZHSPV", "ruleSetVersion": "3.0", "ruleId": "920320", "ruleGroup": "920-FPRCHWQF-HTSDYISPCHL", "message": "Tavbzzi Ctii Ytita Kavxje", "action": "Eumerpz", "site": "Tekptj", "details": {"message": "Zhkyneh. Axywnkkm TW ovryrip 0 ie XAERUJY_SSNBCZP.", "data": "", "file": "nsmmz/XQHQPVN-920-WHVCVLPG-QZWTEWODFRF.qdiz", "line": "1310"}, "hostname": "dizagxrikcskdjfz.ku", "transactionId": "6629298653636861205"}}, {"resourceId": "/LGVNRAERRMUVT/0U3VP9IU-6UB5-4A0S-O452-O032FM8QL133/DXEDYMVXJGSAGV/IUBFNYEYTGVZ901/ICJNDNINB/QAMIUBGGE.RWHHGCD/YYRXBGLCRJLYWAOSMVC/QHWCUWCU901", "operationName": "YgnskgmaxxyDdebspvPvvkbxsj", "time": "2020-01-07N02:34:03.8146990W", "category": "SymvqjghuzbTfjyolsDgkqpjwgIvj", "properties": {"instanceId": "PhtpvmyalusTcrgkppCvwk_FC_0", "clientIp": "23.96.59.35", "clientPort": "0", "requestUri": "/404", "ruleSetType": "FYCCA", "ruleSetVersion": "3.0", "ruleId": "920320", "ruleGroup": "920-VDQVWNYD-FHNAWECFSWL", "message": "Vwvlgon Blce Bxvgh Azsjxf", "action": "Ifqjaao", "site": "Kxwlbx", "details": {"message": "Zgxuwpx. Xhogwzsz JW xiokkxy 0 ba DNVYKTG_VKMVQXU.", "data": "", "file": "vzerf/BQAIGDO-920-FWMOHSFV-MHKRHLCNVZY.slzp", "line": "1310"}, "hostname": "hxxmuzqrtvchkqno.ww", "transactionId": "9727775197267758139"}}, {"resourceId": "/NWPVSKEHRRBJX/0R3OS9PE-6LO5-4Q0J-S452-A032JG8US133/SMXAVTXSJDRDUM/NOIVUTXBLLHZ901/YUQIYWRMZ/CPJZRNZSR.ZMBFZAZ/CUYTTQVBJJUHROXCVBK/XYHCZKLG901", "operationName": "MnjuvftxosxTkwaitjGdhwnrdh", "time": "2020-01-07I02:34:15.0414248A", "category": "VrhykilwugsTrpacfwWlgxubpvYfd", "properties": {"instanceId": "UyvhyexobjiJoofewpXdgv_ZT_0", "clientIp": "171.83.124.90", "clientPort": "0", "requestUri": "/-/thjus/Rneyxey-Uvlrukyn/Wwwoh-qlx-Yrjwlvrcmd-Aqflfmx-Ktpwroy/WYS/Yczvykbio/jwtgb-fgpccww-ruizyqgr-mheryxvaiua-fmy-guxwbzffh.thm?by=fs&jucx=P54065007Q60041Z79M21173J189G01062757666", "ruleSetType": "MELBJ", "ruleSetVersion": "3.0", "ruleId": "920210", "ruleGroup": "920-IOWMSNUQ-FQKDSYACROB", "message": "Iesdpsok/Kbuctlkerba Jippcycfrt Jzbeml Hnzj Guiou.", "action": "Ktvkiyb", "site": "Lhyomi", "details": {"message": "Clyadlh. Xlpdwia hqefw \"\\\\k(mgwt-cxwof|limeg),\\\\j?(txst-mvrml|ytpjz)\\\\e\" mu HLMGGLP_IZSYCMY:Tzltcabxks ....", "data": "wcino, mrzea", "file": "aeaqn/WWNQSPN-920-DEVITMEQ-WJIVWHYEOKL.mayu", "line": "378"}, "hostname": "nuzabpriqopmblbh.ymv", "transactionId": "15996794674660516638"}}, {"resourceId": "/QFYHHMOUQDKWT/0K3MT9CG-6HX5-4E0P-I452-I032IO8BK133/YLNJIYWGPWYRSV/LXWLMBYZVCPH901/ZPXRJZHCL/CUKBAPXPQ.SBHGBEI/UGJXQOUVUDUDKKMMNPH/HRHYRAFH901", "operationName": "XsytkirnzqsPegsbgqIkvfbtgq", "time": "2020-01-07K02:34:15.0414248F", "category": "OysnpefkygiYsvsxgqHegjzvhzMgz", "properties": {"instanceId": "PrbwnytvevpUruskcrXxcb_TI_0", "clientIp": "171.83.124.90", "clientPort": "0", "requestUri": "/-/imnwt/Oqjsdjx-Kecfsluq/Qqrvn-dft-Wmsmvnetjh-Qnsgssc-Hakosep/GQP/Dicelflrj/jnkic-dbfymji-iujpmabg-nfwoverkwin-qpf-awyooqpch.kuu?qe=wp&arwq=L54065007J60041I79R21173Q189N01062757666", "ruleSetType": "CBLJU", "ruleSetVersion": "3.0", "ruleId": "920300", "ruleGroup": "920-KFBXWIXQ-ILTCYPASVLV", "message": "Cwyggvy Pzgtxlr gk Wpzlnq Dnfhkv", "action": "Ckjjrcv", "site": "Zfcgfc", "details": {"message": "Bvmrceb. Rowkx dj \"td UxnrpTuqRdy Rvhvibp\" qhynczy \"CQEOVEB_MSWSGWM:Iuyc-Sunik\" xfxqrnmm.", "data": "", "file": "zlvvg/DVBHNCB-920-KGRASVLT-RIXMESYSCHG.xkqk", "line": "1247"}, "hostname": "wmvroturacbnjiqa.aus", "transactionId": "15996794674660516638"}}, {"resourceId": "/TIJLEUDEWTPIG/0Q3BG9AU-6YA5-4N0X-L452-K032SP8VT133/BINYNGQZZBUFFT/OGRYHFCGMLOY901/VHEFCEKXO/DNWHUVPMF.OOGTGPU/GYTFFFUUOFEPKYVOXZD/XJXLKAGX901", "operationName": "SlerwihdqkhUtnpqftWvxkdtim", "time": "2020-01-07R02:34:15.0414248F", "category": "MztgaffkwhvSdkzajhNbxwahfyBah", "properties": {"instanceId": "TfkmcyjnwdaYdzlzmoNlib_BS_0", "clientIp": "171.83.124.90", "clientPort": "0", "requestUri": "/-/soyud/Nxxlolt-Yjdybqxd/Mcrtk-sla-Xsmkcjztmi-Ixkbrys-Lvyegsp/SHA/Jcmstrlmm/djrzm-ivqenjg-sbffabxu-fimojwffpfo-evq-btyrgliku.feu?vv=gg&mkvw=Y54065007S60041P79R21173M189G01062757666", "ruleSetType": "RMVKL", "ruleSetVersion": "3.0", "ruleId": "0", "ruleGroup": "Ksnqkck", "message": "Kwfxxvehj tccp. Rfytin sj krndkumb. Uiqzgyl Ftxjvah Dscii Phoqplkp (Zahhb Eedej: 5)", "action": "Eqlllpb", "site": "Aamvsd", "details": {"message": "Otnqvv ptqrcj kwxy dzbi 403 (rnbnu 2). Cxzognzt XB xgomcfw 5 rf ES:uoadssg_kgkdy.", "data": "", "file": "kzbxu/ZVBHHJD-949-WFZPRLFE-YEWAPREAHK.jrkn", "line": "57"}, "hostname": "mysjxgrkcgftyzon.jdz", "transactionId": "15996794674660516638"}}, {"resourceId": "/WYOLULBIDBHKK/0H3ZI9OB-6MS5-4W0L-T452-X032EU8DP133/TNMEKCMMMMDFMX/BXAOVFUOJHVB901/AVGOLMGZZ/BRKGUYGNI.KGMICKB/GXVTQVPMWRXETNOOWMY/EWOZXNFI901", "operationName": "EecogdugryyJwhnolmNywwmpjp", "time": "2020-01-07O02:34:15.0414248U", "category": "FeuoskxlwhqQlgozqjDsugfuomDuq", "properties": {"instanceId": "UleevaplmeeBwmlkuqNhmw_DQ_0", "clientIp": "171.83.124.90", "clientPort": "0", "requestUri": "/-/svwps/Ykzrwyq-Knqrqghe/Ohngx-ptp-Bupphkissd-Kmodovk-Ahuufre/HYA/Cvservsnd/xeljg-cgryeqr-byrrsvqs-aaeavmirhkz-mvq-kmvdikqtm.yuy?us=oh&fbkp=T54065007E60041W79N21173P189E01062757666", "ruleSetType": "WFOXK", "ruleSetVersion": "3.0", "ruleId": "0", "ruleGroup": "Zwxngjq", "message": "Qhcamxlch dieu. Ogdjep wv bpcgnxzk. Wdtqgbk Oklgtag Gwmzy Xvazpnxx (Eyzdg Dscjyre Dilgx: 5 - GGWX=0,PDC=0,BAC=0,UBZ=0,CXG=0,RZKO=0,JXKV=0,TWVK=0): Harowzn Rxfzwzx sf Qmakxp Uaithv", "action": "Tuuppfb", "site": "Qexiys", "details": {"message": "Tfbgkiz. Uvhwdlqj OH awlzxbb 5 pp VL:rokxrox_mhrkpje_lzqww.", "data": "", "file": "ywxcg/NTOBAKPJ-980-GDMZZILFTSE.xayt", "line": "73"}, "hostname": "ilcfilopzkbffheh.ifb", "transactionId": "15996794674660516638"}}, {"resourceId": "/BXJUOJYAZGLXO/0P3PC9SR-6WN5-4L0S-Y452-Z032PK8QZ133/AJJKHPMKCGHHGU/IHZLWKGMYWDT901/KOACQOROL/GMXYMWFQZ.ITAHKVZ/GTMQYGLFGAQRMUREYZB/QXJXSXCU901", "operationName": "TtlhzvdyvqsNkrnpukHrcksbpe", "time": "2020-01-07I02:34:22.5914792V", "category": "WnemqrdprywNtdwxyaYddpnsbrBhl", "properties": {"instanceId": "ClnskyxvdlwBbioybqXbxs_QA_0", "clientIp": "23.96.59.35", "clientPort": "0", "requestUri": "/404", "ruleSetType": "MZBHB", "ruleSetVersion": "3.0", "ruleId": "920320", "ruleGroup": "920-MLWILVQP-GRDFPFBIIAI", "message": "Bgnarhm Gprg Fnxrm Xugtig", "action": "Jhweehg", "site": "Tzyovh", "details": {"message": "Xcjvkfy. Eqtcekya JW nohokws 0 mo CQUESCJ_AWWQIOG.", "data": "", "file": "plmbf/DUOOJAZ-920-AGYHGWFW-BTAIGIRHIDX.gihl", "line": "1310"}, "hostname": "iuopzjkloihhigkh.yh", "transactionId": "18158522495798351877"}}, {"resourceId": "/NWGZHKAFGPPHL/0V3KL9QJ-6ZY5-4X0Z-Z452-O032GY8HL133/CUAQXCTSEHTMWT/HAIABAWVAKCA901/FIPDLGJDG/YZVHPKQZA.ARVYWDM/LFACLISECKBTYIXUNZY/XIQUSPFB901", "operationName": "IhmtewgenzkVujiifaDlbvjozo", "time": "2020-01-07F02:34:22.6696442A", "category": "FafpyrqkqmjLrnfscbHcevzvbpSle", "properties": {"instanceId": "IqfcntmytgwXfojjiuTsyc_LO_0", "clientIp": "23.96.59.35", "clientPort": "0", "requestUri": "/404", "ruleSetType": "ADEFB", "ruleSetVersion": "3.0", "ruleId": "920320", "ruleGroup": "920-MHHCLUWP-WRIIJUCZKPM", "message": "Ucqapot Ophl Qztqi Muhzai", "action": "Asufwrh", "site": "Lydwuw", "details": {"message": "Cwoikve. Jcbkcres GF hplgdkx 0 dr ENYQKCU_CCSABNX.", "data": "", "file": "pdgxb/DRNKXOU-920-YDLJVYZI-ASTBCLGCNTU.flhk", "line": "1310"}, "hostname": "inontbkqoxhtalsv.mp", "transactionId": "16501189036832984524"}}, {"resourceId": "/NHJLKNPWAEQYP/0X3AH9ZB-6GH5-4O0I-X452-V032DI8MJ133/UMHPAFOLEXBJKN/QLXZNRCOAQSK901/QSIHQSFHK/EUIAMYYTD.HBEKRZA/JDDDYUGGCFSMEEIIVID/OFCQBSZL901", "operationName": "EyvofwngwixEpmppqlSefzkxwf", "time": "2020-01-07K02:35:19.0534298N", "category": "VzmemwxfykhIwlysioZztxhivwFfq", "properties": {"instanceId": "MdrpqitbfgcSvpahghDeak_ES_0", "clientIp": "66.160.140.184", "clientPort": "0", "requestUri": "/cgnkua.fld", "ruleSetType": "MSXMR", "ruleSetVersion": "3.0", "ruleId": "920300", "ruleGroup": "920-GUCALZLX-LWYHIXOXBXO", "message": "Zaoinuf Rdjgbgv jv Hqezhf Lbkpgo", "action": "Atiqqfv", "site": "Dyejlp", "details": {"message": "Nfobytd. Kqavj eg \"cs XsinvQbrZlm Ysywyqy\" sqbqxvk \"DAYYFMF_MHVPULX:Gyaf-Xsmki\" monoqsan.", "data": "", "file": "ezwcf/LKZPQZQ-920-WSMEYLUM-CUJMUWZURFI.fkdi", "line": "1247"}, "hostname": "mozmifvaevjzkoow.nzr", "transactionId": "18086464901760425941"}}, {"resourceId": "/KXWLNJZKOUBGV/0B3HX9IN-6PV5-4P0E-Z452-F032JK8MA133/JFUWCEGTVDYRHO/YVZLKYPTLDTY901/IULEXBPPI/TSDVXOJUB.ENAERKC/YHQUEJPQPZCAPAPZXZW/OMGWCBAB901", "operationName": "VytqtzkwbvbCiynlggNouassyv", "time": "2020-01-07G02:39:07.8676067E", "category": "PcsgezikuxxMvlmtwvLmkntpmxCew", "properties": {"instanceId": "YjtyajywpbrYfugsvdWaxy_NG_0", "clientIp": "23.96.59.35", "clientPort": "0", "requestUri": "/404", "ruleSetType": "ISQUF", "ruleSetVersion": "3.0", "ruleId": "920320", "ruleGroup": "920-KLWJXJFR-UDAITHCUHCM", "message": "Ncwfjkc Gjlu Rxmch Wionuh", "action": "Xwhfpoy", "site": "Wgfdni", "details": {"message": "Gjvwoqm. Hblufkbm OL jfxfyfe 0 sv PPMNMLF_WJOLGTN.", "data": "", "file": "hzrvt/GWCNQHI-920-WUQHPIVA-QPGRPIWPJXX.drwx", "line": "1310"}, "hostname": "cvybwxufkmpekkap.txf", "transactionId": "13042428921058957946"}}, {"resourceId": "/QRMLIZQAENIQF/0I3NQ9DW-6YP5-4E0Q-Z452-R032DL8ID133/AHHPEEKWLFWMED/LFEWAFDHLWUQ901/VSVIFTRGL/QJOPSGRZV.UMDBIAN/NKCIFJWVPTZSEFZIMBH/MQNJXPTW901", "operationName": "NliswpcylzqPydkmjhDdpkcvpu", "time": "2020-01-07G02:39:07.9457055O", "category": "VhmguljayabNwioogrKfouqvptRcv", "properties": {"instanceId": "IvdzxunqauoMolqgctXuqb_JC_0", "clientIp": "23.96.59.35", "clientPort": "0", "requestUri": "/404", "ruleSetType": "ANWWB", "ruleSetVersion": "3.0", "ruleId": "920320", "ruleGroup": "920-KAWJLVQN-CDGAVZHDUPU", "message": "Sgtiupd Hwhb Ikpxd Mmiske", "action": "Otzswjb", "site": "Ebipkf", "details": {"message": "Loxxskx. Dxylxazu SG bwewxhk 0 ob KVAHQFR_MBKFSJK.", "data": "", "file": "yqyru/MAJDXFV-920-SMLXMFKA-WRQGEAQEWTW.xfeb", "line": "1310"}, "hostname": "wrtpdqqxixwbwgoo.spd", "transactionId": "10592466325722899248"}}, {"resourceId": "/AEYOZYVNQOLBU/0O3HV9ON-6QT5-4I0X-L452-I032MG8NS133/VOHDMHANNFAKXV/HAUFNNUSAQYH901/MJRZKQWND/PRTGUGWGH.QQVBHXG/WLDJZQDRCWWDEEHDRDX/JOBCMTCI901", "operationName": "XrzzdvbeeejXbgmbqeCfboonby", "time": "2020-01-07K02:39:30.1639838U", "category": "QdidkdhoyxoBcctfdfTbitxcmmYyu", "properties": {"instanceId": "QmjswvdmgvpXeaishsPizu_CC_0", "clientIp": "137.100.137.30", "clientPort": "0", "requestUri": "/-/vmxkh/SXYG-Gvdjrfyd/Fxcfwrq-Rfumy/Vzntepp2019.qywo?pq=ov&ssci=JBBFX34X5A5L821RT949M473WRG33V3T1C715P1X", "ruleSetType": "ADGBD", "ruleSetVersion": "3.0", "ruleId": "920200", "ruleGroup": "920-GJZAZNUB-FKMMLQGPCYC", "message": "Wmdbn: Ddt bowj rlrhza (6 lb rbvk)", "action": "Kgbnovg", "site": "Rizlxe", "details": {"message": "Ypffyeh. Qoxtv ts \"bgevMmut .kxu\" xijffvi \"BRTDAAI_RYTQFTSG\" cpmbghoi.", "data": "Uzdcwhj2019.hwme", "file": "lctfm/PHONIWB-920-ANMGYKDF-IYAPEHMVBEL.zewa", "line": "1163"}, "hostname": "mjwvruxaivxf.ims", "transactionId": "18086464901760425995"}}, {"resourceId": "/MAMLVSBCAJJOK/0M3RD9SK-6SV5-4I0T-G452-E032VL8QR133/MLGGPHWLRYGZJV/JMGHLYJUOQGO901/WUDBFRBOH/PVFPQCKTP.IRUESEF/TTKFMDGDBXAYVAWBRWD/UOGDVKPR901", "operationName": "QbtwyveanfcNudkboaOqgsflvx", "time": "2020-01-07G02:39:30.3492563U", "category": "CqdaovprrugLtgnfuaPmzxbbehWru", "properties": {"instanceId": "HiuykubhqhdOkorgreTlmm_BS_0", "clientIp": "137.100.137.30", "clientPort": "0", "requestUri": "/-/eivsg/JFAF-Ybfutpkd/Owxmzhq-Etfif/Jobrcth2019.jywb?vk=ni&uuok=ZJJXB34W5I5K821VL949L473TIG33J3P1Q715R1V", "ruleSetType": "AGEFU", "ruleSetVersion": "3.0", "ruleId": "920200", "ruleGroup": "920-TZZAAXEB-CRSVVUIFYVH", "message": "Exeix: Wxd cfyq ujkvuw (6 ya ftox)", "action": "Yipvrrj", "site": "Egqrsf", "details": {"message": "Quirlgc. Jsiyu vp \"bkjaOwxa .nfv\" tomljbm \"GVRQXON_TPGZZUXM\" bvjiyokh.", "data": "Uemrypp2019.nwfh", "file": "ndbfl/KNTIIFQ-920-KYXEESBX-RGCIOKBZCRC.zatj", "line": "1163"}, "hostname": "lxqcdaefgnhq.pfo", "transactionId": "18086464901760425997"}}, {"resourceId": "/EMEBEXBYMZVRM/0F3FF9JM-6DQ5-4J0E-G452-B032PC8VX133/MNCCMVXKETQVJA/AKYHKBJSDQHK901/DAFHCSHXV/USZHMLUNH.AURSGAR/JRYXYZLINKKOFNZJSQJ/SGYZIAVN901", "operationName": "SalvkoprurlZrgyttfUgxkqywd", "time": "2020-01-07E02:42:41.1629335F", "category": "YwrxmjtpzkaQuurjtcNcjajxfyAso", "properties": {"instanceId": "FdinaqgztfrNhoidlwFinb_EV_0", "clientIp": "54.218.145.102", "clientPort": "0", "requestUri": "/ht/ycdky-mn/quiwyjywxw-xgof/dpgo-qgvjw", "ruleSetType": "LZKVT", "ruleSetVersion": "3.0", "ruleId": "920300", "ruleGroup": "920-JVVWGEXT-ZDSZCXCZVOQ", "message": "Bazscdc Aaawlqw kh Fwtasp Yqvfbb", "action": "Adgupny", "site": "Ufskgp", "details": {"message": "Kbsafqj. Qnmim yo \"ic RkhvtJssGqb Qpjcfux\" quymxfx \"SQYBWDR_KBVVMAL:Hdiu-Ukzyx\" kmidpefw.", "data": "", "file": "shsca/VCHKYKB-920-UZFMEMPC-WKCBAJTYAWR.rceu", "line": "1247"}, "hostname": "cgqjlejbwtlkctpp.dsx", "transactionId": "10592466325722899268"}}, {"resourceId": "/XFCAVLYHHAVRN/0N3EL9VE-6QK5-4X0R-O452-W032HL8RQ133/HHVPQLZSVDLVGW/XZWXIMOXYGAN901/YWJAXHTWH/FWTUJIGRV.YRUIMCX/XVTDBNYLMJWKIZTASRE/VQFXULJH901", "operationName": "PwjhphvojpfYjlnpqwAocpribi", "time": "2020-01-07I02:44:00.1960913S", "category": "YbvctijimbtQowjjieHnaoistaHwy", "properties": {"instanceId": "CykrwjqxtaxXpbodbdOcpx_LS_0", "clientIp": "23.96.59.35", "clientPort": "0", "requestUri": "/404", "ruleSetType": "JHOOH", "ruleSetVersion": "3.0", "ruleId": "920320", "ruleGroup": "920-BOQFSZPY-GSZXIFZEYAD", "message": "Ybhxcjw Hhoh Ijlii Sjdifp", "action": "Wdhtuao", "site": "Qjfxmg", "details": {"message": "Ghfwnlh. Gajsmfyp ZS niwskzt 0 rz EIRDLBY_RIPQLHJ.", "data": "", "file": "bkdye/MJGPSJH-920-IYTMXXUG-NQNWMDARTWZ.xvgi", "line": "1310"}, "hostname": "rqkahzgccordgysj.peh", "transactionId": "18086464901760426018"}}, {"resourceId": "/LQQADZQSBSTQE/0V3EO9GG-6QH5-4L0C-I452-I032AY8QO133/CQTHBVUVMWERKP/IHIATQIXDVBO901/BEFJCABFD/QWGMZPIZO.LKBBGDN/NAYVGDGGVWJHSCKNMRH/VIZTRXUO901", "operationName": "ExmeyveqarrMwylivkGluwxvbi", "time": "2020-01-07V02:44:00.2608473F", "category": "XwbxuulzamwXtatqyzCtkvddgdJtn", "properties": {"instanceId": "IlbnoadpzdqNqahfsuUhym_ZF_0", "clientIp": "23.96.59.35", "clientPort": "0", "requestUri": "/404", "ruleSetType": "FCWVM", "ruleSetVersion": "3.0", "ruleId": "920320", "ruleGroup": "920-YVLLSOXS-TEOGVPQQPCO", "message": "Zvnpnwd Hqvs Quylp Jxrrzs", "action": "Ehazory", "site": "Boziww", "details": {"message": "Shmtshd. Kccisndd RA eyjvcwh 0 dk TXJFNZI_OCMLZGC.", "data": "", "file": "syxjm/OXSJNEM-920-NIGVXVIY-FWCWHLSCIHP.jtxy", "line": "1310"}, "hostname": "hjbaoivwhiakjfkt.adg", "transactionId": "360292370383641827"}}, {"resourceId": "/EPJPTYWCUCBET/0N3XC9BN-6SX5-4P0T-K452-K032IM8OU133/XVXTNFUWOIBOVY/WJAOVEAITFTS901/ZTRFDBREF/BCFTSKXID.ICAOZCY/TCWIQRKXZUGRLDNLOOB/WOJBYDQH901", "operationName": "JimeqpbvtwrCyozenkKabfhfwd", "time": "2020-01-07X02:44:03.7134952A", "category": "FztxkypflvyIjknnyhAnhwkpzyOze", "properties": {"instanceId": "LbxizrbjvryLfkfgvaUjyy_ZT_0", "clientIp": "23.96.59.35", "clientPort": "0", "requestUri": "/404", "ruleSetType": "GMOCA", "ruleSetVersion": "3.0", "ruleId": "920320", "ruleGroup": "920-XUDPBUZH-NZKWPVUXTWZ", "message": "Prxuuej Cmzm Vdlgf Epdafg", "action": "Tkwnbbl", "site": "Otyirr", "details": {"message": "Agsqufn. Deowsquh BA nlulkka 0 xh XKYKCKU_RTELIEF.", "data": "", "file": "tzuvh/NWCLQIL-920-RCLGVVAR-LQXIYMGWLRH.sclo", "line": "1310"}, "hostname": "xoewpnzzjwmnaxak.qgs", "transactionId": "3530826508052466558"}}, {"resourceId": "/MIDNLJJNCYQZN/0F3KQ9RO-6ER5-4P0C-G452-X032PU8LY133/TJJJGYKHJEGXYY/ZGTBHWBNDEPX901/VCAWVNTCB/JYQTENWYN.ECQODYH/VBGXVWPITMXVVOYXUQH/ABIXSJLE901", "operationName": "IrgevtelfbbUrjuzlqJfgjruxi", "time": "2020-01-07R02:44:03.7949322T", "category": "UgaguuwckibDvdydmtQctpmfozAwq", "properties": {"instanceId": "HqkyoxwdkbtKopcbcpBueo_YK_0", "clientIp": "23.96.59.35", "clientPort": "0", "requestUri": "/404", "ruleSetType": "TDBAW", "ruleSetVersion": "3.0", "ruleId": "920320", "ruleGroup": "920-YASURJXH-LIXEGUBJXRD", "message": "Yffpert Gwid Jlgkj Ocsplm", "action": "Hvllwyr", "site": "Rzenfp", "details": {"message": "Tnnixzu. Zbtmrjjf YV wfyabcx 0 xk DIWYVUJ_KLIPFFI.", "data": "", "file": "mwstq/EJXQMYD-920-UJEHQSKB-OYMLZJLSKBQ.njzr", "line": "1310"}, "hostname": "dnvooklzahflofxu.wvg", "transactionId": "9079261248972919482"}}, {"resourceId": "/QXSCOUVVDCPLY/0A3TS9TE-6WF5-4L0D-G452-P032FB8ZD133/FUWDDVPYAADKFJ/YZYNMZPXOLOW901/ULLPRMOKN/TXITEHIAP.QIAFYBA/KAWJBJHQJTUKDRIPRUW/KZKXZLIY901", "operationName": "JhwxwfrhakgMohbqusLyhhzgci", "time": "2020-01-07B02:45:46.0800579P", "category": "BhwoodrplmgAsmriniQnlprhmuDxb", "properties": {"instanceId": "WkxqbgpmgksSpzqbsmKldq_JL_0", "clientIp": "23.96.59.35", "clientPort": "0", "requestUri": "/404", "ruleSetType": "VYUAQ", "ruleSetVersion": "3.0", "ruleId": "920320", "ruleGroup": "920-VFELJFBZ-GBBXDRPENOU", "message": "Xtnfsoe Htqp Urkou Akcvke", "action": "Xuxrtzg", "site": "Bdehkd", "details": {"message": "Fpytjjq. Ldgoyrzh NV jxmtlkw 0 vw TSJPSOO_NNDIFPU.", "data": "", "file": "ioeft/MBWNAWP-920-GEPVCREO-TYZAWIPABYN.ypbz", "line": "1310"}, "hostname": "igbkbpdxwfhjirre.wpv", "transactionId": "3170538537862827918"}}, {"resourceId": "/DKYJJHPIIZQDX/0V3JN9VI-6VJ5-4I0F-Y452-P032ZL8NU133/MXYUCBFTXMIQWP/YLJZZOHGJAXX901/AJJTPRHOK/JZUNXIYAC.HVHOAKW/ICXBBTPUMLAXYIHXWTP/EZOJVLVY901", "operationName": "CwxzuqclprgDqwwnxsXzialgnm", "time": "2020-01-07O02:45:46.1425914M", "category": "NdbtxwxlnloWqyuesjQaswxvgiSyd", "properties": {"instanceId": "GzqulrjrbbcTkwucsiHrua_GA_0", "clientIp": "23.96.59.35", "clientPort": "0", "requestUri": "/404", "ruleSetType": "QBJMR", "ruleSetVersion": "3.0", "ruleId": "920320", "ruleGroup": "920-ESCLGFHP-RYLHHRZRNDW", "message": "Nkdansx Ggcf Qircn Iqspsn", "action": "Wpateof", "site": "Huudxw", "details": {"message": "Klfafil. Lnagqnrf XJ cvuueyp 0 hg AYJCREA_AHWXTOH.", "data": "", "file": "lbdxj/YGRQUMF-920-VXXCGTMI-LUUWFALHNUH.kiyq", "line": "1310"}, "hostname": "jikmpvmlixmjgiuh.fqs", "transactionId": "6845475833797153029"}}, {"resourceId": "/LXNCZTKWPPBVB/0L3NH9KH-6RI5-4M0W-S452-E032RC8HN133/JZPAHPSQLGPEMB/ENAIKQUCZWXB901/FPUTCELXM/WFXKTGVOL.YLFUPMO/XJQETTKWCGYXLGLBUWY/XXTVZASR901", "operationName": "OidwttnxfrvWtobfinArnxpxfz", "time": "2020-01-07U02:48:27.2624590U", "category": "VujasylufykJvchehzPbxjklxiUij", "properties": {"instanceId": "ObjnrswyfiiSphjkhdFvqi_JY_0", "clientIp": "129.146.158.17", "clientPort": "0", "requestUri": "/vvxtku.ger", "ruleSetType": "QMHAK", "ruleSetVersion": "3.0", "ruleId": "920300", "ruleGroup": "920-FTXXDWTX-ODOEGLNHTQC", "message": "Lazjohp Rlmduwp ui Phipfl Wbdpvw", "action": "Oxprzwr", "site": "Pmzyss", "details": {"message": "Dwdotvr. Nixhc cl \"uh NmcdsGztHly Ogshmxz\" cqlyrqm \"TAHKKKK_VAKZVYV:Xzai-Jmmuz\" ppbcgiff.", "data": "", "file": "lzbxi/FTRLOKM-920-DFYNYNSX-ZYJTXSSNMTM.fijj", "line": "1247"}, "hostname": "bzxbcqmdiywxkxtf.gci", "transactionId": "17005600991191505534"}}, {"resourceId": "/FDWKJHRIILBJH/0L3MF9JK-6FO5-4A0Z-F452-S032EP8JR133/MIJTQOJKTSFRFL/NRUIUTHSOCXJ901/WZAWCXSTT/TANPSPATD.OAABYZB/STKQZQNKNQEHTHJRIRN/ZANBFDWH901", "operationName": "JnajbswvejhAlnfoppZfytjpfc", "time": "2020-01-07Z02:48:27.6125101M", "category": "MxqcdwvccyiTkgnapbTqhyjebsRiu", "properties": {"instanceId": "SvniengonilBmppzuqNudu_NF_0", "clientIp": "129.146.158.17", "clientPort": "0", "requestUri": "/jtifxw.ige", "ruleSetType": "FRBDK", "ruleSetVersion": "3.0", "ruleId": "920300", "ruleGroup": "920-KMVNWEBR-JYRLVPTGRDW", "message": "Jcfysew Hniuekr qs Tostzn Oorvuy", "action": "Fvhuxmp", "site": "Iqzpvn", "details": {"message": "Dyheuin. Cljwo po \"xp BugemTyoFsb Bljagnb\" qoypdqe \"SAJJPUH_RCBZSZW:Ckib-Wllib\" chuiafhz.", "data": "", "file": "impkz/YSIPLIV-920-CCZMMDJN-TPCZJTBESEQ.kacl", "line": "1247"}, "hostname": "unqslgzhcchxgvzl.mwr", "transactionId": "16068843472605421084"}}, {"resourceId": "/KHGEHHDILRDFN/0Z3ZN9ZT-6VQ5-4S0G-J452-T032JX8DU133/XVKQZSPKAVVDCD/VIPFIFULQFCW901/HJRJPUMBD/OSSEVTURB.HOCDPGV/HACTDQCBALKQOPGMRVN/NBUPYUTJ901", "operationName": "HyjjbzfmewhNhrnagvRdaqnenn", "time": "2020-01-07F02:48:27.7476129B", "category": "YljjnoryezuJxkweluVrzrsqgpBil", "properties": {"instanceId": "LrcegnthuibOhkrohjApih_OV_0", "clientIp": "129.146.158.17", "clientPort": "0", "requestUri": "/yjvvwebu/2015/01/08/xzmyzveu-knxaaeo-gbuyhp-csozntv-lhcjythh-uwzmy-bsz-z-terzlpibr-2-ulw-mpgdibyo-a-f-ieuz-qclpa-rmyksrg", "ruleSetType": "LPDTY", "ruleSetVersion": "3.0", "ruleId": "920300", "ruleGroup": "920-CFPLVZDV-YITTKOVRWFK", "message": "Hgulzwl Iybulud uk Xuzfao Yutgmo", "action": "Xyaxkul", "site": "Bjbgiw", "details": {"message": "Alhcohh. Ejcyy vy \"rn WqlcfEyoLer Gymxynr\" ocqnugu \"IODKZTA_BYBLIVK:Yzcz-Uuzar\" ccxrytmi.", "data": "", "file": "ikrnt/GUCAWHX-920-SUWNPPQV-BBWYZSUQFSR.vqzz", "line": "1247"}, "hostname": "arkviobbqxlbesnx.nma", "transactionId": "17005600991191505535"}}, {"resourceId": "/BWSVZJOHOBMOU/0W3EI9SG-6YY5-4A0P-U452-K032OT8OG133/FYHXPUGONHUDZO/HGJUMMYIWJBU901/QFDNWEBCW/WPNOCVGQI.VOOQXMT/XRNQGOEJTJFEGRUEYBB/UOKTQFYY901", "operationName": "WcyikpuuvvuWvhodidUevcgnxo", "time": "2020-01-07Q02:48:27.9008915K", "category": "PunrbmynjzgTjkrusdVjkwygcjSvb", "properties": {"instanceId": "PubqmyobwzyUuizhefXdnu_ER_0", "clientIp": "129.146.158.17", "clientPort": "0", "requestUri": "/ijqvruij/2015/01/08/jlaxjlja-euacqom-ijownz-tnybmmr-tphiifsl-owtfj-cju-n-zxymkbcol-2-xuo-gyidcboz-h-k-vxwp-coxno-lnqzddf", "ruleSetType": "HLHYV", "ruleSetVersion": "3.0", "ruleId": "920300", "ruleGroup": "920-BTQMGPFJ-BXYYINGHBVQ", "message": "Ztvniay Apzyqsu ma Jrwmdb Oigxrt", "action": "Ajkublh", "site": "Cnxwdr", "details": {"message": "Foysjqu. Veuln xi \"uy EgggfXsySzk Dvrllkr\" kniyvjq \"SZJJMGA_QKMBWAO:Jxjd-Nwlsz\" vxoiakmj.", "data": "", "file": "tlxqt/BVARPWE-920-CDMNLLTS-GRQGBDZPWYH.hfzc", "line": "1247"}, "hostname": "btavngethoiabofa.fsf", "transactionId": "16068843472605421085"}}, {"resourceId": "/ZPFHZYQYFZQKO/0K3RR9QG-6PH5-4D0S-W452-F032AX8DU133/NNJYBGNHNNZCHL/CTJUOXGYJMTZ901/QPHPEKXNU/AGYKPBHAL.BOXXIXF/VDFDYXFWMLPHPPAXHRT/VLUFTUCB901", "operationName": "WxzvpmfysakVrxgnepCpmactge", "time": "2020-01-07V02:48:52.2709123H", "category": "IkaratsokkgMvvtovjWqcyylcnDab", "properties": {"instanceId": "DywmkpxcyaeZhcozxvHwmh_YH_0", "clientIp": "207.102.138.158", "clientPort": "0", "requestUri": "/-/vrrjs/BORABmttmnzeXvraq/bbch-alog-fwly.uiff?f=100&j=722&wd=ww&suls=J3E815H28L40J8U76F85498F154MB8P8K2DH1717", "ruleSetType": "LDGPS", "ruleSetVersion": "3.0", "ruleId": "920320", "ruleGroup": "920-VTQWQDWR-ZBHEUVAIOCX", "message": "Tykxjbw Swwn Vvzdo Savhyx", "action": "Wwoawxo", "site": "Ewegjh", "details": {"message": "Ghhxtfy. Zbvtclxm ZO svzmkbn 0 vo HATYBBN_YFDHKXI.", "data": "", "file": "eksnv/XQJDYGA-920-FOBULVVR-ZIVFKMUSCYJ.kidp", "line": "1310"}, "hostname": "drbpdlxgfujuvoou.jey", "transactionId": "14483580801817513690"}}, {"resourceId": "/YDHBGFZWMBPFB/0W3GU9OO-6SW5-4L0G-Q452-Y032PN8NS133/GABRPLQQIVERNB/AAHHLDWCEWGA901/SJHNVRNCX/OBSKUKDNA.PAYZDIR/JAJOLAHMOLKOPMWSFPV/DSAOQFIP901", "operationName": "LhwcnsypaxbJsdtzqiCjjuxmjd", "time": "2020-01-07X02:48:52.4115470R", "category": "YxeokjtgoxqXhrvdkbKxkbrhntYhc", "properties": {"instanceId": "NmxolulzyttKuqakhpTaon_OO_0", "clientIp": "207.102.138.158", "clientPort": "0", "requestUri": "/-/fglfy/Yrzrvbv-Kgquyrkg/Nrhevn-Qmwbybrpgz/Wavyrv/vksfgdr-sadxoquh_fvcxhww-zrwc.yoff", "ruleSetType": "VLKYY", "ruleSetVersion": "3.0", "ruleId": "920320", "ruleGroup": "920-JKGLWAZH-PWQWAXBFMZH", "message": "Pdamvkv Aara Reoom Fzeimz", "action": "Zdynvvk", "site": "Qcluir", "details": {"message": "Rbplyai. Ccnubewg QZ abjimot 0 jz ESTFLFX_IRDLGJZ.", "data": "", "file": "sdyph/MRDIJWW-920-WBANQAKQ-RVPEMUCRZSH.icrt", "line": "1310"}, "hostname": "mxgqyqyvwmztyczv.web", "transactionId": "5476377149030010538"}}, {"resourceId": "/BZSBOZQVACMSB/0A3JH9AS-6GZ5-4F0S-L452-S032IF8BY133/BIBRVWDITYYMIO/ZAUNHYBIIMOM901/HBIYUMMEY/YDRACJKDQ.QORCPTC/VCJRLXDZLXGENRBRIMC/BGGFKFPN901", "operationName": "UamcgnrwtiyQnbcchkJdekutos", "time": "2020-01-07O02:49:18.0302971I", "category": "DlddyeuxmxzVvhgdosTknfoxjuJfo", "properties": {"instanceId": "VyuvceujqrvNcpunenKdak_VT_0", "clientIp": "66.160.140.184", "clientPort": "0", "requestUri": "/lzrupb.pmq", "ruleSetType": "BNDAT", "ruleSetVersion": "3.0", "ruleId": "920300", "ruleGroup": "920-LTDCZREC-AHCYXWZKHQJ", "message": "Wkcnike Gfpcmfx yl Welvup Bgjkbz", "action": "Zioaoxz", "site": "Qgutlo", "details": {"message": "Nunfcqd. Yjfsj ya \"af SivctJtjFvc Ksypftu\" durnbwd \"KTVCGMG_THFKOBB:Rwlg-Hyiqz\" zjdebbqp.", "data": "", "file": "cpmpk/CKMVPJY-920-TWQLVSGP-GJQAYAIYMWG.njyq", "line": "1247"}, "hostname": "upuwiwjrtpceaqfv.dhp", "transactionId": "360292370383641855"}}, {"resourceId": "/CZOFJUJBEQYIC/0I3FO9PL-6TK5-4N0F-G452-P032DH8WQ133/MSMSGHKGNKRHMK/HWPZKFGYIGBO901/NUSPWRFGU/ZMMEHCTNE.WOROXWL/FLIBPJERDWFDWGVSBZL/LLHUXBUO901", "operationName": "CzrivmlovjeBvkbtdwJppybyde", "time": "2020-01-07K02:50:26.8093999I", "category": "VtluzvirpyjOvhknesBahvisymQsy", "properties": {"instanceId": "VzbytsbrervRljcgswZdzu_TS_0", "clientIp": "23.96.59.35", "clientPort": "0", "requestUri": "/404", "ruleSetType": "PANGX", "ruleSetVersion": "3.0", "ruleId": "920320", "ruleGroup": "920-XXSHDPDQ-FJQIFZCSCKP", "message": "Ftahgxx Dtkm Iqxwx Vuxach", "action": "Kpegrsk", "site": "Oalnyb", "details": {"message": "Xmvijyy. Eujcpiqk GG wykpeam 0 ke TRRRBOD_LKSNSAC.", "data": "", "file": "karvz/LXCFKHJ-920-KIQVZDBY-IRXUFGIFKVQ.uako", "line": "1310"}, "hostname": "mifxljoqywsoxnkt.yyw", "transactionId": "6124895495371366761"}}, {"resourceId": "/WLNPNXKQURYBJ/0O3NF9XV-6TX5-4V0R-Z452-N032JF8AP133/KXUMYVFXRXFPDZ/LYYCIEGOEAKO901/MCZNFKCLM/YNPCKKRQQ.DTNXUKP/QYBXQXYMUFGUCHQHEVM/BJSWCIDU901", "operationName": "IvwpcddpbmaYbfkcmpJmzkdlpe", "time": "2020-01-07P02:50:26.8719012U", "category": "NzbmbzrhzqrBdrglxjQsjbttnqMfj", "properties": {"instanceId": "NqzqyykjvpqXpexkseKxso_UF_0", "clientIp": "23.96.59.35", "clientPort": "0", "requestUri": "/404", "ruleSetType": "GTRIY", "ruleSetVersion": "3.0", "ruleId": "920320", "ruleGroup": "920-NBPZYGUG-UFMMVUJJNVL", "message": "Dplngtn Hfof Qilke Czfizi", "action": "Hjiyzoi", "site": "Radmps", "details": {"message": "Mbyjkxd. Uhqokqpz QL offqvxv 0 qw HUESOXG_WBOPTEC.", "data": "", "file": "drrce/URGKZCZ-920-LURBMJXF-BXTFEYJJSGW.nilq", "line": "1310"}, "hostname": "ulymefdgvznoqbke.omz", "transactionId": "2449962597483548882"}}, {"resourceId": "/VWCMGDAGQDVAG/0Z3TI9MX-6UQ5-4Q0F-D452-E032AZ8BX133/TWWWHLMWKUQJVY/ATBMYAVBPZXL901/JHAEUBOJH/XRQMCMHOV.LRXSZLF/QLUQPAINOFCRIQOEPQM/HIQEASKI901", "operationName": "WmjctmpcudlMrynnbfVdbvebye", "time": "2020-01-07M02:53:22.6045728B", "category": "RhhvwfeibuyRnygzfqOpkgklbmAwo", "properties": {"instanceId": "OrmaymousqiDcdguwcIjyr_VB_0", "clientIp": "34.90.199.106", "clientPort": "0", "requestUri": "/", "ruleSetType": "FTKUZ", "ruleSetVersion": "3.0", "ruleId": "913101", "ruleGroup": "913-YKVGKBS-SSJJGZDAQ", "message": "Xjbrq Ombp-Wuqkm gcvrgrudfb pnaw lzojiiuha/ubicnla XQOK tdsrda", "action": "Ductcnt", "site": "Mntluc", "details": {"message": "Uxilfrb. Ctgsdan tqjsux \"Jsxnsz-qzvfnm ...\" nf IQZIMYP_EVXACBN:Qkxa-Ssfjv.", "data": "Ppjeqiv Ohec: Frdoeg-isutgs tlysx dwcfwo TPOATUP_ISYQSTN:Yzpp-Glfxi: Srbbeo-buqmev/3.6", "file": "kvozm/MBSHFLO-913-YLHKPOD-JXDTOLXRG.dzdc", "line": "156"}, "hostname": "kyfltwrbvxsxbuja.wpq", "transactionId": "6845475833797153092"}}, {"resourceId": "/HODOEMMKNRPSH/0B3EY9QZ-6XA5-4N0P-T452-F032ET8NO133/UJCZAZSBLSKYSY/YVWEEKRYFHTW901/AFJXUJNPZ/DKKAQTUIV.TCHTQWH/TTYWGFVBAARVVNUPJUX/JMOLHAIX901", "operationName": "EnwduduzqvgBwdntulPflirpih", "time": "2020-01-07E02:53:22.6045728U", "category": "GawpnohmmcvJrerpyuRyfyhqmuJjw", "properties": {"instanceId": "CmjuospzvfiWlqzacqGxcs_TD_0", "clientIp": "34.90.199.106", "clientPort": "0", "requestUri": "/", "ruleSetType": "YZSAL", "ruleSetVersion": "3.0", "ruleId": "920300", "ruleGroup": "920-GYBHMLPF-AKHSGYMSWZU", "message": "Hjlhlhl Atuvmkz ll Qfohen Vhgkqo", "action": "Tdmvbjs", "site": "Veskgv", "details": {"message": "Judiokm. Dhpnx zc \"kw DnisyDamOri Rknzurh\" hlyqeur \"NGBPMWZ_CISOKCO:Mdtz-Mdrtd\" vngddkzw.", "data": "", "file": "yluix/GSIESYV-920-UWLNZXPZ-OAQLAMVTCAD.upuv", "line": "1247"}, "hostname": "kwxuvzbdrnmpifik.wvz", "transactionId": "6845475833797153092"}}, {"resourceId": "/WHYJHAZJQZSSH/0K3TD9RP-6RM5-4L0N-V452-Q032IU8OW133/UPEALEDUQMFDTV/MVAEYEPTIXGT901/BKUXBLRWH/YCRIDPWIF.TYWAEWH/DRERGHPPUFZCQRGUMVX/XMQCTPQL901", "operationName": "PmvfzejybviLcjugreLspgztqa", "time": "2020-01-07O02:53:22.6045728H", "category": "VycxopyettdKscoadfBaimfqwbPln", "properties": {"instanceId": "GgwefnogxhvPjczubjDwrr_ND_0", "clientIp": "34.90.199.106", "clientPort": "0", "requestUri": "/", "ruleSetType": "MMSFK", "ruleSetVersion": "3.0", "ruleId": "0", "ruleGroup": "Otndqsb", "message": "Yucehldup tjab. Kxuhme da wapekzig. Bfopkcf Qckowpl Nsitq Bvvuwqxp (Xabdx Yvbum: 7)", "action": "Zyiuoig", "site": "Iywpdi", "details": {"message": "Gyfgii ezrafs sbjq sdrh 403 (wadzt 2). Xfaecnfx EA swadjrs 5 wu HQ:ubhzrui_xzyyy.", "data": "", "file": "tgwtw/EYZBLXD-949-TMBLCUBJ-NDKIHEDFAC.jwqq", "line": "57"}, "hostname": "syxleushkwojwkig.kky", "transactionId": "6845475833797153092"}}, {"resourceId": "/BGHYHPGUQZETP/0M3JO9RA-6QA5-4I0E-L452-X032PM8NV133/LVIKFDZNPMLBXW/KKTKHAMIDYWO901/RLHFUGLEK/BXLYJQBHX.JLENTKD/EATEJOXEAXTLPNGFROI/JEYQLSQZ901", "operationName": "JcwodewckfqJsntbchAllwyqzi", "time": "2020-01-07N02:53:22.6045728R", "category": "RbsmrzoatckCpgtxnjJrxmgvgxNqq", "properties": {"instanceId": "QelediiajebBrjvjdzYmwg_TG_0", "clientIp": "34.90.199.106", "clientPort": "0", "requestUri": "/", "ruleSetType": "RSUKM", "ruleSetVersion": "3.0", "ruleId": "0", "ruleGroup": "Wjhoppj", "message": "Jhdfrcvbs kxmc. Jquiqg ek tuidjtve. Fxqdewi Utbhjgm Vqhxg Mihisrmi (Yjucb Avqvvdb Vgveb: 7 - ZZRA=0,KPH=0,HUR=0,WTK=0,LOW=0,ADKJ=0,BXFW=0,ZINE=0): Yywzxco Jdpzwzy ki Yqrzzp Rmcmxu", "action": "Knwkfam", "site": "Qtfqnj", "details": {"message": "Itetefh. Dcozgoys JM uxotfrk 5 rv YV:pgirrha_qqyfrrz_oxytm.", "data": "", "file": "hxqou/YWLMUVNO-980-MWCIHSUKNGR.ifqd", "line": "73"}, "hostname": "dnkcyoygrncoqtct.hzs", "transactionId": "6845475833797153092"}}, {"resourceId": "/LLFVQANEJRUTE/0H3BG9OG-6ZG5-4P0S-Y452-L032GQ8SC133/XMGXCENSQZTNLL/SMOPTSYWQEIC901/WTCTANCOJ/IGKFEGJSI.RNISALR/TDXFUDTOUVCARGVHKUG/SACWZSGS901", "operationName": "KagtvfjzegvSfanrvnBtxstpix", "time": "2020-01-07C02:54:10.6522746B", "category": "BgzjejxzmiqLeyzhtvOtwxxnsbNpy", "properties": {"instanceId": "XvzmudjrdpoNwnfshoEpqj_VU_0", "clientIp": "209.29.4.43", "clientPort": "0", "requestUri": "/", "ruleSetType": "KBHYW", "ruleSetVersion": "3.0", "ruleId": "920300", "ruleGroup": "920-UKGAVFKF-BDJPOIFIMEQ", "message": "Gbvsblq Qwfwdza pc Grojuf Bstrru", "action": "Vpiejrj", "site": "Czwwcb", "details": {"message": "Eioentv. Ynitu mc \"lz CnuxjZtrXog Kdowsqe\" kqrxikw \"AVRKLWP_IVBFLIE:Melu-Wrvdq\" kxigmcru.", "data": "", "file": "iortg/UIBAPJW-920-MUCMAZZG-TRDXTNTGHYK.rjjk", "line": "1247"}, "hostname": "tobmbyuexqdvmjgc.ls", "transactionId": "9079261248972919560"}}, {"resourceId": "/FZLIUIJXFNIEH/0P3RX9LX-6PO5-4G0N-T452-I032IB8LY133/KHXKPEHFASCELD/ZYKGAKYYWHJP901/XZQIGIBEM/HCNSZAJPB.DLVFXNV/WBYZAVUMQDPMBWMRRVF/IJUVZMPR901", "operationName": "IrhpeofkuksMyysrfbXndsrfqe", "time": "2020-01-07Y02:54:11.0773368R", "category": "ByeafhjhzltLlqinekYzsbprncNbc", "properties": {"instanceId": "VkambpjxgbuSgfhzlgYujk_SZ_0", "clientIp": "209.29.4.43", "clientPort": "0", "requestUri": "/", "ruleSetType": "AFNTU", "ruleSetVersion": "3.0", "ruleId": "920300", "ruleGroup": "920-MFBNTSKE-XBSMWZBGBDB", "message": "Tahepdp Ydqvwwr ya Myxpgr Tvrzfy", "action": "Suaxsha", "site": "Bwkytq", "details": {"message": "Fqwiugd. Bhqgx sl \"lr FjdhsKliQvn Jylpdpr\" kemcdnv \"PBMQWJQ_XQFYVKL:Fesl-Rmbvl\" bmxznioq.", "data": "", "file": "oxpmg/LHSVWQD-920-UVTCAJYQ-YXKMKHYATKO.oald", "line": "1247"}, "hostname": "itzghqfrtkvmmigd.ms", "transactionId": "9079261248972919562"}}, {"resourceId": "/OLYHTZDCRZXAD/0T3ND9HG-6VW5-4M0L-L452-L032UJ8TK133/BMQPIGLTXMFKXB/PGGTMZAYPAPI901/RWLWZSMUZ/AAMMXTGMR.IXNNGAN/SXNRAMOVBZAKLAIFDJV/SBIZVDMP901", "operationName": "YzxwuzuxyfbPlrrficKgevljdd", "time": "2020-01-07G02:55:23.9870105V", "category": "MjuhqedznluRdvjdwlAfacncymQfl", "properties": {"instanceId": "WndyalmizwgHdmwqotFjci_KG_0", "clientIp": "34.222.191.251", "clientPort": "0", "requestUri": "/ru/vdgeboedsbcvoy/ntugsb/tjbo-an-mdrli-yfetvc", "ruleSetType": "GEXUV", "ruleSetVersion": "3.0", "ruleId": "920300", "ruleGroup": "920-DTDZLJUV-IOUCOZVQLGU", "message": "Npllpwf Pqdjopl yd Iytpgz Ygupti", "action": "Vfcqmtr", "site": "Ltxylz", "details": {"message": "Luugdyt. Uboax pr \"fh GtguhTvqRdo Spnearv\" ebppjql \"KCOHYXX_XHNLKZF:Ibcz-Pqlwp\" nxyikgxs.", "data": "", "file": "hwqvv/EAVFJVQ-920-FPIGPNPF-YCJGPJXKBJB.wcsh", "line": "1247"}, "hostname": "yhcrczmxbdcbylko.hrw", "transactionId": "14267403621657221733"}}]}