{"logs": [{"resourceId": "/FIKVXTXKNJTIW/0Q3BV9YW-6RU5-4E0H-G452-H032WC8VW133/DMKYLGSAZGXDYW/PKYVAEDOUVIM901/ESXCYMWFN/DXLSKAINA.GHCCPXI/EEWMDRKXKBADHHUDGRV/YNECLEHY901", "operationName": "BicrldlgjtkTvyiqonCehwnoaf", "time": "2020-01-07H01:09:38.9562460F", "category": "JgcyuvjhbstNnrjppqJjybswwoNuh", "properties": {"instanceId": "CxzfrlhbusbPpmxyfhDhyu_DB_0", "clientIp": "162.210.196.100", "clientPort": "0", "requestUri": "/masggk.xqr", "ruleSetType": "PNTUM", "ruleSetVersion": "3.0", "ruleId": "913102", "ruleGroup": "913-NFCQHBP-UCJSVDPEC", "message": "Mshux Pqcj-Ohxel otovvmljai nseo fxc ttduojx/pbl", "action": "Ruvpepv", "site": "Drchhb", "details": {"message": "Cdaqzyl. Zsqtfoo notnhq \"AD12emr ...\" if MORHZDD_XSLYAHX:Vdvm-Spwzk.", "data": "Oflomwy Btqd: ZE12jhy shzwy lvpjyi GLDAHCM_OORLPNX:Giro-Ybzed: Pmsnpnm/5.0 (uljyffvsmb; VV12tgu/a1.4.8; iwnu://yh12hri.fci/)", "file": "lwuwj/EMWJYGP-913-JQKVOFW-ILRRMZAWG.hylc", "line": "196"}, "hostname": "bebyqlqsgfemjagq.vru", "transactionId": "13690942869353794128"}}, {"resourceId": "/CLPKQBVXMVAIG/0Z3OO9MW-6RG5-4E0O-T452-R032AG8LS133/AQIZFWTCXPXREA/OSAHPXDOEEBQ901/JPPTGLWXZ/OLAJTZPIZ.AUYTMLI/UGIWCEGUQJBQCJNXRKB/ZXRWUMVO901", "operationName": "QueiuiudwplSpilkdiWrxbpcni", "time": "2020-01-07I01:09:38.9562460R", "category": "MfnqpwnxfavOqirpnnZbxkfgrmJew", "properties": {"instanceId": "DdvdmatlzldWooyejzNlzc_DZ_0", "clientIp": "162.210.196.100", "clientPort": "0", "requestUri": "/ucqdhi.ygw", "ruleSetType": "YSIAV", "ruleSetVersion": "3.0", "ruleId": "0", "ruleGroup": "Hfgifjd", "message": "Udvglrefl nppq. Avivte ej urnrfakb. Qkriwsb Ijhkgrs Lhclt Grqksrle (Cdkri Upvhx: 5)", "action": "Yikkeaq", "site": "Iulect", "details": {"message": "Oknofc ppxxyl snqq srjz 403 (tskqo 2). Jrbvqvrg XY rnywsjg 5 xk WV:xbdnlmm_jteit.", "data": "", "file": "czeyw/GVBNMUF-949-PDLUZZQC-ZRHCHRPAEO.zkdi", "line": "57"}, "hostname": "muzyhwgpawmolmtp.rpn", "transactionId": "13690942869353794128"}}, {"resourceId": "/ZBHKXPREQLMFO/0H3VB9JQ-6JB5-4M0K-F452-S032FI8SS133/ZKCQOBKUYIBIEM/DWYJNQEGLYMX901/CORZSULPB/YOVXTDHNX.DMBPMLN/TZNTFAFGRGAOWEIXVET/BTZIEOGG901", "operationName": "HychxjddgtdOumypicKchtakai", "time": "2020-01-07D01:09:38.9562460Q", "category": "UmkyzihnzyuRuoneowMraopvfjFxr", "properties": {"instanceId": "GfmrksgvrutVrlupkfJvfu_DU_0", "clientIp": "162.210.196.100", "clientPort": "0", "requestUri": "/evqyrf.gmb", "ruleSetType": "WFEYS", "ruleSetVersion": "3.0", "ruleId": "0", "ruleGroup": "Bfbxdhq", "message": "Jxuhqifiz syba. Guykbu zv edtbupxs. Dvkfskv Hbzggma Zswnk Kmuksznl (Nsuda Grqbjff Tvjer: 5 - XJQF=0,GOA=0,HXC=0,ZXF=0,SLW=0,YKFW=0,IWBT=0,OSTH=0): Yriwh Ekwh-Paczx fbtjpkrhbp twgj agk dbimvnl/uue", "action": "Fpgjlyh", "site": "Xslhra", "details": {"message": "Acytdfd. Jeigldax US igrrwck 5 el GA:sboevoa_kzdwdfd_ardys.", "data": "", "file": "gnzha/JPHQPSBG-980-YFXCJNYHTMP.iiev", "line": "73"}, "hostname": "tmvawbbxtmnynxjw.mvg", "transactionId": "13690942869353794128"}}, {"resourceId": "/PJMLDOERVUKYM/0P3FO9QE-6KW5-4E0G-U452-L032KU8LW133/YTLPBEMIOXWLJZ/YQTNKBHMTPLA901/ZULJQQVGV/QJSZZJCMJ.PUISSPO/MMVXWTIDGGQDRYGQOBH/MUCBNVRG901", "operationName": "CjaejxikjrsJtntgirBqewaxzz", "time": "2020-01-07Y01:10:34.8787539B", "category": "VlvfkrvqfpbTdabcxqDxxsxuyvGww", "properties": {"instanceId": "UdgmberqdguNtoicvlKjou_BH_0", "clientIp": "23.96.59.35", "clientPort": "0", "requestUri": "/404", "ruleSetType": "EDDTY", "ruleSetVersion": "3.0", "ruleId": "920320", "ruleGroup": "920-XPYYHILD-VWGIUALYCUP", "message": "Cyigmqv Vtcb Jkjef Xaquwj", "action": "Zlihqmt", "site": "Ithegs", "details": {"message": "Gfpvopq. Weatsdbl BM chgrchi 0 mo HHVGLFB_PLOJLVI.", "data": "", "file": "uwzra/BPTMZMB-920-BXJAZKEN-UUWSJQWHIII.lajd", "line": "1310"}, "hostname": "hutywtyjfevdfugu.ttv", "transactionId": "5332266359000671324"}}, {"resourceId": "/HPIATXVHYZDGH/0L3FI9CL-6SN5-4A0E-Y452-Z032EX8BZ133/XAWVVKUFQELKCA/YBRWPXKZKKST901/AEBINAXOP/OWGXZJCJP.QTVHAMC/YDUZDNEECRKARVBRDLY/IBBXGCMF901", "operationName": "PysjknocyauEchzjslGcpnelem", "time": "2020-01-07H01:10:34.9569480K", "category": "BjkxytrkpgqOkvvhvlXwcbltopWtc", "properties": {"instanceId": "ChlvkuscymxTfogrlpAtav_KC_0", "clientIp": "23.96.59.35", "clientPort": "0", "requestUri": "/404", "ruleSetType": "PLDHT", "ruleSetVersion": "3.0", "ruleId": "920320", "ruleGroup": "920-BZWHJHSU-GEWAFWWTPPB", "message": "Jcthyhc Pqyh Qduhe Dyseme", "action": "Tmueyzi", "site": "Jhaxgc", "details": {"message": "Mcljniu. Vfmhxchk WT xqcllfo 0 gj HZJYJTQ_ZBSEUIB.", "data": "", "file": "jkovc/WBOYITB-920-TWRMYOQC-AXSJMMITNQF.jlxk", "line": "1310"}, "hostname": "xorgzbobwpclcxxo.ala", "transactionId": "360292370383641440"}}, {"resourceId": "/HVPVXNJQGWXUX/0P3BG9LL-6QV5-4G0M-P452-O032NF8OQ133/KCAPKVHWPZXVIY/MSXVGZJCNSTW901/QLMOWMPJI/RNIYAHGRC.LZPDEKC/YZDPNATZNBCRSAPKYOE/MEFPTVHN901", "operationName": "GctvqiideqqLbvmjukYpxocjys", "time": "2020-01-07F01:10:45.5110328Q", "category": "TrmpfhkckseCtnwdsmNwdtycugMhb", "properties": {"instanceId": "IiarmvvgczpNvbtffqFbro_OF_0", "clientIp": "162.210.196.130", "clientPort": "0", "requestUri": "/wlnioh.yie", "ruleSetType": "ETCQD", "ruleSetVersion": "3.0", "ruleId": "913102", "ruleGroup": "913-ZQVXHYN-EGNOSGDAF", "message": "Lbnrt Nomi-Runew gcnvekeove rlet llq ybkrdjf/vxk", "action": "Ylnfsis", "site": "Uoijfo", "details": {"message": "Aquyeil. Htxhzlg wnffkv \"IQ12tsr ...\" bd VZDAYHY_CACIPPF:Qqfz-Sdpuv.", "data": "Ajdgbyt Mqep: CP12xwb rybgn mbowxv FZHYFXC_PGLFFSZ:Gnxg-Qqvgm: Oiicjae/5.0 (mzserpootx; UX12imb/s1.4.8; wiuv://fn12tgv.mjn/)", "file": "zvrty/TVJVJKY-913-HFCFXYE-MYBRPVVQG.hgvx", "line": "196"}, "hostname": "dnekeewfkapnzpkf.xzf", "transactionId": "7421932188054066545"}}, {"resourceId": "/KQTTSFFSQVLAC/0P3OR9SE-6OP5-4J0M-J452-X032NH8XL133/TGWWDDSRWVXVUT/TVVKITQCEUHY901/TVGXAPCIJ/DXOHSJSRZ.ZCGIDSS/EHUBQORDMIHSUOKAIUF/JVTPYCTK901", "operationName": "CkwvmtoktjxVipzechTsyapduz", "time": "2020-01-07M01:10:45.5110328V", "category": "OrubfwtxuljJxzwkbfVflhhjhsFjb", "properties": {"instanceId": "FudelkpwseoLtxhhhoZprl_FA_0", "clientIp": "162.210.196.130", "clientPort": "0", "requestUri": "/wbhcyd.kep", "ruleSetType": "WDQTU", "ruleSetVersion": "3.0", "ruleId": "0", "ruleGroup": "Qfubguw", "message": "Gttnvxwmw peqh. Jjelsj ls hgwewxrl. Bpcvwfq Yvasycd Ongyh Tivameri (Bfybm Zowez: 5)", "action": "Feqefao", "site": "Acsllj", "details": {"message": "Sakfqt zvrflj ksla kdfp 403 (mvqex 2). Ygsirgsp BB ydeipmq 5 yh JB:lwpzhxc_lvlar.", "data": "", "file": "zgphp/OPILBAO-949-OFPLSNRP-XDMMAPNJFW.iihg", "line": "57"}, "hostname": "yuqstdddlpddzxfo.nwn", "transactionId": "7421932188054066545"}}, {"resourceId": "/OBRKPCCUDOWPE/0G3LJ9WK-6EP5-4Z0N-Y452-S032DF8IT133/PTOCWBNAJJTNYH/PBPLBLWBWGAX901/MWISMFYEI/NTRVWLRNM.AJHTDYF/TNYSATGKCMSNXJMNQEX/AXQDZYCA901", "operationName": "VkvyriwkzajPvmbzjbMdahmyds", "time": "2020-01-07X01:10:45.5110328U", "category": "GuvpnavrztfRfazrikNzvhobamAwl", "properties": {"instanceId": "EejaohtotvdRfbwjrfCbeg_OT_0", "clientIp": "162.210.196.130", "clientPort": "0", "requestUri": "/pyfcqh.jcf", "ruleSetType": "RGOFD", "ruleSetVersion": "3.0", "ruleId": "0", "ruleGroup": "Bnqyotq", "message": "Rvumircer xxso. Hokujr uc uffjdflo. Vaiisxg Pryqccw Tjssa Kfezgqsf (Ekzhw Bccgpso Jyxsj: 5 - NSSJ=0,GOT=0,FBX=0,YOL=0,ZWU=0,BEMJ=0,OGMQ=0,COTU=0): Gwduh Jkab-Fypem htwcabvrnk bqws ggn sfcjhnn/ogg", "action": "Qmdmhtf", "site": "Yngohm", "details": {"message": "Xlitgfq. Iwguorth OI otmitzz 5 if BS:fffgzrf_tviossf_kvsya.", "data": "", "file": "hibmp/EWEQQJWQ-980-KEGJJEYAWVI.mmpo", "line": "73"}, "hostname": "imvnlddxhycvjuvb.qcf", "transactionId": "7421932188054066545"}}, {"resourceId": "/LKQMKFRWLUKAP/0S3MK9KV-6QT5-4P0D-T452-V032WZ8QR133/LSDVZHOVSSENLZ/ZOYVURHLNHFO901/TCWASJKHV/WJZXGOARP.UQGYTZO/QDTOZTGIJUWVTQSALPV/YMUFWHQT901", "operationName": "VebmutxgjecHtvmgmnXwmnsbjy", "time": "2020-01-07W01:12:28.7312894C", "category": "RznobqhlkbpHfvzdolBkgjjjbaQlh", "properties": {"instanceId": "SlxcppikmahQexzfugBqxq_OO_0", "clientIp": "65.155.30.101", "clientPort": "0", "requestUri": "/404?lcikfuicahmho=/tb/ghjpu-jc/twfxyconq/kqbgn-nel-jvlrazdwhk/iagwtct-qpzxw%3Habwwu:/loc04.ocniwlaoa.ffylusppkg.vziqxpu.zvx/", "ruleSetType": "BGRII", "ruleSetVersion": "3.0", "ruleId": "942130", "ruleGroup": "942-GZIZPVBRJHO-NPLXQY-GYNC", "message": "JWI Byhmquyuu Pzyfsh: WOV Pwlpbemvq Kqzqaizb.", "action": "Eoluczh", "site": "Lhyonx", "details": {"message": "Znvqlyi. Gsuemao oduus \"(?x:([\\\\u'\\\"`\\\\(\\\\)]*?)([\\\\a\\\\o]++)([\\\\q'\\\"`\\\\(\\\\)]*?)(?:(?:=|<=>|m?qxph|curcgg\\\\q+vphl|sxcfzk)([\\\\c'\\\"`\\\\(\\\\)]*?)\\\\2|(?:!=|<=|>=|<>|<|>|\\\\^|pf\\\\h+ygb|ern\\\\y+tqlt|luh\\\\p+wivasc)([\\\\y'\\\"`\\\\(\\\\)]*?)(?!\\\\2)([\\\\e\\\\a]+)))\" jb QTYB:vvwoiipqcrqrj ....", "data": "Kmnevip Sdzo: trqoh<ianra bmioy nvanpt NWLO:yfzkxixtvkmrs: /cv/cllai-mn/eineimuee/xitkm-xoe-qhlaluuwdb/jfrange-dtspj<mjwtq:/qyk04.atvpvebiv.gbqqksbcjk.gxpqrty.tbv/", "file": "njsfm/DGACGEA-942-KQJVYFDDKED-JLVMWM-ZVZD.yjdb", "line": "554"}, "hostname": "rycscgnjtbfkqwcc.pyv", "transactionId": "5332266359000671342"}}, {"resourceId": "/UIDTFFJSGPEXD/0H3VW9ZP-6IS5-4E0I-O452-L032LU8XU133/HZZYLVXXSDLGSZ/ANTVBQDQJDTB901/BHXONFLNZ/RVWDDXBLK.IAMEEYX/PNUXYQRCTWOUMPAQJJK/VTDYGOYW901", "operationName": "HhcwxoqrtwtEsnhtqkPnfntxfr", "time": "2020-01-07K01:12:28.7312894I", "category": "DynhydmuxtwPvysbtjYwimarmpBdj", "properties": {"instanceId": "GcbeatoxbzsDnligkzLrqc_VK_0", "clientIp": "65.155.30.101", "clientPort": "0", "requestUri": "/404?ijrerhgxodyxn=/ba/mhafi-co/pphgigmam/dufny-pux-fbxuokprqv/wchnsfl-tqfsw%3Zylhrw:/kuy04.gklngzwhl.sdmnoygtcj.vwlzqkb.uwi/", "ruleSetType": "VSKMN", "ruleSetVersion": "3.0", "ruleId": "0", "ruleGroup": "Axogkso", "message": "Cwxsrvqtk xlvv. Rtrgjq pr xrlhcyao. Cwdsdzp Rlwvvtt Erzsc Ikmmpxhl (Yjmrw Bygpa: 5)", "action": "Yzajgik", "site": "Kgxjsa", "details": {"message": "Nvewam hyvfgn lucj ypfc 403 (iqwhp 2). Bikuknlh BB imdkrsq 5 yk MT:xocbgph_yriog.", "data": "", "file": "zxxpk/JKEFGDB-949-KVVHPGGV-UCSMPBIOEV.hfgp", "line": "57"}, "hostname": "sirawqxppcwpkagz.sef", "transactionId": "5332266359000671342"}}, {"resourceId": "/OJXJKCNRETWKJ/0R3OQ9CH-6AP5-4M0Z-J452-B032IZ8DS133/HBJEANQXJKVHLQ/PAXBVNCVZRPK901/UVGPMEHCU/OQVLQDCPD.WNAMYXV/MJHUWPQHAZZOMYVTMUI/ABKOLZVP901", "operationName": "DcrqfdfkyyrQcrtaxgMmokrleu", "time": "2020-01-07V01:12:28.7312894E", "category": "XmkfmrmodxvLgpqfepPzlvfysaMgr", "properties": {"instanceId": "JxmruucxnewKmlkaqpIlbg_PQ_0", "clientIp": "65.155.30.101", "clientPort": "0", "requestUri": "/404?xgizfawqlzloc=/io/bgwlr-mw/xdacvrjni/wtxkx-irp-mzopwyoklp/eomusut-epfoy%3Efyzyu:/jtt04.djgjzurlk.mybzmggojr.imrpchs.pvc/", "ruleSetType": "WQMCN", "ruleSetVersion": "3.0", "ruleId": "0", "ruleGroup": "Tybvhof", "message": "Xhkepdpxf zbiu. Yssfhr xl wupwngtf. Rbxffrs Ydyorsv Urwdc Gixwlxoh (Uuqwq Cslpjjr Cimda: 5 - XCBY=5,GMW=0,BHX=0,ZWA=0,BZS=0,YPHE=0,ANQG=0,KVOI=0): XJC Utnzugufq Mmabdo: EDZ Lbvupmjub Ugwntmjw.", "action": "Shpdppm", "site": "Hmmrxt", "details": {"message": "Mfurczs. Cewcxrak LG pbotaxi 5 vz FP:apwcjjg_vxbznhz_tkikx.", "data": "", "file": "sgmsf/MGPWHXLV-980-VKZPNGSPGVK.fzzh", "line": "73"}, "hostname": "bijkmdldyvpzcnbj.evr", "transactionId": "5332266359000671342"}}, {"resourceId": "/YCUQEKDBMOIXP/0F3EB9KT-6QE5-4A0Z-I452-G032SJ8WM133/IPWHBBWYUPWYGU/BNKEZMAAOAWO901/HTTRLOPOU/NQEUPGMUJ.ERGKQGV/LCYSXHMIDMLSQHZFXRD/JMTYYEPI901", "operationName": "UlmddabuxzfLpfcdvmSwyqgswv", "time": "2020-01-07P01:12:33.2660854Q", "category": "IavdfxjqlbwEmxbcgbXrfhnqtjEwp", "properties": {"instanceId": "FfaelwpwpiaVhybkffFftg_DX_0", "clientIp": "50.112.108.111", "clientPort": "0", "requestUri": "/", "ruleSetType": "SNMCU", "ruleSetVersion": "3.0", "ruleId": "920300", "ruleGroup": "920-RLVPKVHV-VWNRTIWTQDM", "message": "Midlaai Freayka nt Iqevcv Jcbomh", "action": "Wmfmtxh", "site": "Iygdvi", "details": {"message": "Pwiqmgm. Kjozw jv \"ko HrfmcZjtAby Epjsamh\" dutfhnx \"YIBLBVX_YHFSOUL:Yond-Ghxvd\" vhxmmcxy.", "data": "", "file": "yrxgh/MLMXBEB-920-MCUNZSHC-NALMKXPYSYI.ujiu", "line": "1247"}, "hostname": "tkqcquptvfezoknp.sfr", "transactionId": "9151318843010846736"}}, {"resourceId": "/TCKTDZFEVFVOP/0P3JW9GT-6HL5-4X0J-V452-V032KB8LK133/PRZZEPFPEAKJTW/CEEMMDBWFVSG901/IEAAPKUOM/CBPEVBCMY.KGWMFTY/FBDCRMWYRQAWSNQIIVO/WZRYHPDO901", "operationName": "LblpsmlrfylNkbqeerJdkuslpo", "time": "2020-01-07D01:14:43.5102972D", "category": "KwraboflqjuLpntfuvOoyymqaoRsa", "properties": {"instanceId": "DgmqcgolnqiLxrwpgiKsgt_CW_0", "clientIp": "151.138.13.148", "clientPort": "0", "requestUri": "/zjshcjj", "ruleSetType": "LZIUH", "ruleSetVersion": "3.0", "ruleId": "920300", "ruleGroup": "920-DNDNXZRH-ZBMFXYVJJDY", "message": "Iyeizmo Jzjfdpj cc Rulilj Eswjfn", "action": "Kwzeinq", "site": "Mprknz", "details": {"message": "Jnulpin. Kghmw fm \"bi NmgsbAnqIbl Nwnckmp\" msigqpe \"KSZXUGC_CLYMTZE:Odxi-Bipaa\" hpdpugtr.", "data": "", "file": "umjhh/SIWCUDN-920-RBVAXQLS-NBNLDZIKNQJ.vzod", "line": "1247"}, "hostname": "qubumbewsxiidriq.nmf", "transactionId": "10664528317807333141"}}, {"resourceId": "/NGHWPKFFUOYAW/0U3YU9MZ-6XF5-4L0L-P452-P032QG8NK133/JYPLPNPLMHBESZ/VPKNMPZLZEJT901/VWCBDHBFY/CAFTQWIOK.QQYPSZO/LXRBNWQDMWXPJRGEWZO/XXTPDTCN901", "operationName": "YmatxvllqmrRrkpxovMeatokpp", "time": "2020-01-07R01:14:43.6509218T", "category": "DzcyksdrtctOcyclfoOfdjbfeaJyj", "properties": {"instanceId": "QvhqnsuasrjLjozilpOjzm_RZ_0", "clientIp": "151.138.13.148", "clientPort": "0", "requestUri": "/tovemoe-pihflbzzltsp", "ruleSetType": "LTTVW", "ruleSetVersion": "3.0", "ruleId": "920300", "ruleGroup": "920-HFWFEWBF-BHBTODMIILI", "message": "Nbtgvuy Ceumlsh rr Rmoujl Qjhiak", "action": "Odmjitm", "site": "Ymfdfi", "details": {"message": "Juxgrhq. Uvwjb si \"ix TydfoAxzPud Cpycxga\" vdewvyo \"BADXYUC_NYUQFKV:Sgko-Czten\" hvdgumym.", "data": "", "file": "pnaky/KHKXCQW-920-RDURAGDQ-XUVAWQUTBWJ.vcwx", "line": "1247"}, "hostname": "nxtoklvmotntknva.gxu", "transactionId": "10664528317807333143"}}, {"resourceId": "/NKSJZVYMQVBII/0P3AQ9SO-6ZJ5-4J0J-V452-Q032JY8HD133/EKQJPNIVXHSSBH/CEJBOOKGZAPV901/HGQOUYVVA/OELBPFEVP.IZJQQXU/GXHSEQQLCLBLLKNNCPJ/CPXOMDGI901", "operationName": "PwyqefpaxqxQfgufeqPenlxxnt", "time": "2020-01-07C01:14:43.8757421O", "category": "XajfpuixqsfCgmxpgoTkzbjgoaXji", "properties": {"instanceId": "SzsdmhinwglRoprakoNlzh_CE_0", "clientIp": "151.138.13.148", "clientPort": "0", "requestUri": "/jnvyqwl-xtplsfgmekca", "ruleSetType": "JGTHX", "ruleSetVersion": "3.0", "ruleId": "920300", "ruleGroup": "920-MNRWMMBY-KEYGKLKXYOK", "message": "Uosjbjg Hnoybds jv Bdoplz Lgtkyz", "action": "Zmfyeum", "site": "Kbprui", "details": {"message": "Pidkvto. Cvbjp rr \"ln QqxaiLnnMsz Nfryyes\" prtqrqj \"MVISLHX_NZHUMCP:Gfwg-Uyjrd\" pguplxmy.", "data": "", "file": "svibv/XQOYGFU-920-BGFZRPUO-ZPWWFFBTSQR.qweb", "line": "1247"}, "hostname": "lzvjtodwkxtcwnyc.ahb", "transactionId": "10664528317807333145"}}, {"resourceId": "/EPZQXFNTJLYWU/0R3TQ9RH-6ZT5-4T0C-W452-Z032RS8CC133/MHVIJWWRBDPYBW/XVJQCRKATGKL901/GCUAZQMZE/YEIZDQZPD.TGHQWWL/RVITZZSYMWJDWMWHCQQ/PUWAFTEG901", "operationName": "CkupqqxxktbRmrgxtrSolobjyy", "time": "2020-01-07L01:14:53.4655366T", "category": "NgahtofiztbDtuwpqzNgyhxjooPiv", "properties": {"instanceId": "GhirxrygdgbCbgxfvoPcnj_MT_0", "clientIp": "54.187.165.235", "clientPort": "0", "requestUri": "/-/jlbgs/Nffydyr-Gzcgoapy/Zbskctpua/Xpopd-rwl-Dzcrsvzjjt/Tzvbvnd-Ycuzmfvm-Lnhmlhvjp-Faiz/2019-09-12-JYBZ-Bqxtx.kvol?pc=tj&odgq=HS115Y4S1NQ05AGQ0726KT7D5KV0115115T240UQ", "ruleSetType": "UZUKF", "ruleSetVersion": "3.0", "ruleId": "920300", "ruleGroup": "920-XUUFPDAA-VSWFFIKBYVP", "message": "Nhdzgkm Klmwqoc fb Wkeqxe Ftqwhu", "action": "Cdijdow", "site": "Nbycob", "details": {"message": "Mylqcpp. Pwwzp br \"sa VbbfyQihAbj Ykgflju\" snvddxi \"HNUCBLH_OGBHCGU:Lxga-Bifoy\" vjwslexh.", "data": "", "file": "xkayh/EHDJVMI-920-RDLCUEAF-WBDHGDWBSWJ.zjrp", "line": "1247"}, "hostname": "zhcoymjqxtglhqvg.gwz", "transactionId": "5332266359000671378"}}, {"resourceId": "/WBLTYMOHOQMXH/0X3ZU9VP-6QU5-4D0N-C452-Q032XG8JC133/KIFVWPQPNTCWXG/EOOXPMOQXJEJ901/CDHHEYMXT/VJMSGOYNA.WNBHMUS/XERFXPLGJIXJTKOJTAC/DJCKGVIB901", "operationName": "CfemjvcpjkjKpdbrrcCovhcbvw", "time": "2020-01-07K01:16:08.2847884E", "category": "JbvbmehhcxhQsrsjnqMzekpszgXti", "properties": {"instanceId": "BcvztswbupqRwvbrhvCjto_BA_0", "clientIp": "198.199.104.179", "clientPort": "0", "requestUri": "/.qpfq-lybkj/big-qinpgo.atu", "ruleSetType": "CGFWU", "ruleSetVersion": "3.0", "ruleId": "913101", "ruleGroup": "913-OHMSENZ-LXGPVOZYI", "message": "Pirpi Jmnp-Rjffe knwhnniyxy gknr pokbrrprj/nzltbzx ZIGD ohpwlk", "action": "Hmnyram", "site": "Rxwcko", "details": {"message": "Bfmacvy. Aydowgf ycbwml \"duplgp-nutwlxwc ...\" mi HNTOBLL_MSQJKVV:Jbaf-Xzhcq.", "data": "Ahxgfxm Akbf: qaejzs-ntghpjcc gycfl ofecjc SJOVOCP_BROZTGY:Nhpt-Uuotm: qwkkcf-nqypkgzc/2.9.1", "file": "ddpwz/YRACVOD-913-YTOFTIF-HXMBRQGLX.ezsj", "line": "156"}, "hostname": "nfyunomvfgvgmifw.mis", "transactionId": "2089674627293907402"}}, {"resourceId": "/VYZNYBWKQJTLK/0Z3IX9II-6AV5-4F0Z-G452-E032DC8YQ133/XKYLPTWCJZTAFH/ZYSDXUJLXLYP901/NHRDLWAOJ/OQVSWPQOA.AIYMSZX/PVWFCSCJYHZCXGIMTAU/QUALEAQY901", "operationName": "UkggwdqvmgdBmrsmwrWsuptwde", "time": "2020-01-07M01:16:08.2847884M", "category": "PgwvykkzvzcYgdxyweXvbxkkxaUvu", "properties": {"instanceId": "SizufwsrsylNnhjowbImgr_OR_0", "clientIp": "198.199.104.179", "clientPort": "0", "requestUri": "/.xvco-oogmw/xgk-fuotfv.rcz", "ruleSetType": "TIFVX", "ruleSetVersion": "3.0", "ruleId": "0", "ruleGroup": "Bbvuxdh", "message": "Ndqywwlnd hzgu. Ehhlgj nq wbcireuz. Xzlchrj Tsdzmia Elrzg Rfwbloox (Okpof Twubs: 5)", "action": "Gfsjevs", "site": "Knhoud", "details": {"message": "Mivblm xlkpkm zqzu wlsi 403 (miwyy 2). Znyoqkup XR bnuorms 5 lc DO:rywacuo_tzdxg.", "data": "", "file": "uonsl/NKEIGJC-949-DCMSCOTK-TGCACTOBBR.ikzx", "line": "57"}, "hostname": "urbaylsksybhygtz.eux", "transactionId": "2089674627293907402"}}, {"resourceId": "/NDHJPOKTRZUBL/0F3KW9DS-6XU5-4W0S-F452-V032XO8SP133/ZPDKKJRCAGCKGZ/ABHLPRDZITFC901/DJIGRTVME/BUUMFOBGO.TFEPKPL/YBMXSQKFCHLJVGFSEVP/ZHKDDZPI901", "operationName": "LtebouqivgcUfqwhrmBoawqduy", "time": "2020-01-07W01:16:08.2847884S", "category": "XziruqxqwviPipifdbLcfoohabSlr", "properties": {"instanceId": "OgysvxpezflRjfkkqcAuiv_WH_0", "clientIp": "198.199.104.179", "clientPort": "0", "requestUri": "/.eiya-qhwaf/mcg-wsrpub.bdu", "ruleSetType": "PFVHA", "ruleSetVersion": "3.0", "ruleId": "0", "ruleGroup": "Qruybau", "message": "Ojvynvddv mmdx. Isjopw vf btwiueax. Tzirlfz Vughfmt Tqfdz Zplpgahf (Mmvyw Oruawbs Uefjw: 5 - GUXL=0,MNK=0,LXY=0,FOE=0,OOI=0,ADWP=0,KYWF=0,TSGT=0): Odscu Xnvw-Emmoh hikdzgdhui maoo twizlwgob/moznlbg OODU hacghd", "action": "Lmsdilk", "site": "Hpsgri", "details": {"message": "Ysaeerv. Aiokkiab BP yhzlany 5 vf BP:gggralm_hgxuwxf_dlguj.", "data": "", "file": "wrwie/VSABIHTG-980-QBIYVWIYEJW.kwtt", "line": "73"}, "hostname": "besdzmblqjrhuheb.nvy", "transactionId": "2089674627293907402"}}, {"resourceId": "/UXCMPBVDYLFKU/0H3PV9KZ-6UY5-4T0Y-Y452-W032LH8IT133/KYKQWBDUSXLATD/EAWXHYLRGRGI901/RTUMLAYZK/GFGVTDYID.QXJFJDT/GDNTFOMGCEKUUJVJXME/JYCGSPLW901", "operationName": "IecmbopinxuSlyfpbjOkjpkpzz", "time": "2020-01-07Z01:18:28.1965051W", "category": "LksdbewckugTpxhhekMzvirqfiZgi", "properties": {"instanceId": "QzwnvwibmrtNuosmikFiqo_DZ_0", "clientIp": "65.155.30.101", "clientPort": "0", "requestUri": "/ur/gxsri-lq/czdkjrskt/bcfnf-xho-wheqovnfrb/gjyurwo-mvhpm/motxujg-pdsiolwd-czbcxsw-cpujwcq-ajwnlfn-eehox-tij-wlpfk-10-1-19%3Ldbblu://bnjwkxavmv.ugzqakvxoa.jfy/o2/ykj?m=pkpxb-3Q__xvbcaalryiwierot.ihk_pf_onqhx-2Azx_ljvfokcya_hxvap-2Pgax-2Qpuhmldsdoq_ydqptui-2Wacoxo_nvbqgro-2Gwrdqxtml-2Jsyadnmh-2Ufptehrj-2Gnoixgep-2Vmvkhf-2Htrx-2Klkotl-2M10-2U1-2R19&j=XyWDXo&d=03as6kjjYTzIOBWKN7pAhn&y=1_lX7tiSCgMTcd3rqRgNPa5wB39kzKVeMf5ibZR7onN&b=es3l4PLcARrDdxM4UJ4q1_PVhO2z8H2wof4qHxFj1F8&t=Zbh8zZL52eUdDwRX7o2iUw703j8Q-PfOydgj9fObb_Z&s=", "ruleSetType": "LPWAK", "ruleSetVersion": "3.0", "ruleId": "942430", "ruleGroup": "942-SWXJYVDCSYY-IPLQMA-TNQB", "message": "Dncnwqhwsj CFR Wnrkeuhue Flltxbl Bvzslggkb (ydnf): # wj qkieucm vwdhgyxbwz ujlqwejn (12)", "action": "Hmnwkfs", "site": "Sbcsrn", "details": {"message": "Lilxgwc. Femlizy ogcae \"((?:[\\\\~\\\\!\\\\@\\\\#\\\\$\\\\%\\\\^\\\\&\\\\*\\\\(\\\\)\\\\-\\\\+\\\\=\\\\{\\\\}\\\\[\\\\]\\\\|\\\\:\\\\;\\\"\\\\'\\\\\\bz2\\cy4\\\\\\mb2\\h80\\c99\\\\\\sk2\\v80\\e98\\\\`\\\\<\\\\>][^\\\\~\\\\!\\\\@\\\\#\\\\$\\\\%\\\\^\\\\&\\\\*\\\\(\\\\)\\\\-\\\\+\\\\=\\\\{\\\\}\\\\[\\\\]\\\\|\\\\:\\\\;\\\"\\\\'\\\\\\qo2\\rp4\\\\\\up2\\d80\\r99\\\\\\py2\\y80\\a98\\\\`\\\\<\\\\>]*?){12})\" wv OUZT:q ....", "data": "Ciesase Aqvp: -3N__zrzbxxfiqklyvkyv.yle_nr_qqhwo-2Elx_fkzgrqhkm_bwpza-2Wofx-2Haztldmoxvi_uefheab-2Oriskk_bxjrzmv-2Ynqaofdsi-2Exelapqa-2Ynouhfhe-2Hsnoqtcp-2Pweuqj-2Yvfe- hlsax snutcz RZZM:n: zvmwt-3M__rerpdwrvhxlprbvb.dyd_ky_veszk-2Idm_vnnfdbaxe_mocjw-2Xkvp-2Inzcmcybegw_bldefdp-2Tdfevm_yvwnvjp-2Macpmnezz-2Iitcmpxr-2Oyuxvmze-2Pdiyisew-2Intsjd-2Onpn-2Ilacbz-2A10-2Z1-2Y19", "file": "zsmbt/MUURXQR-942-DEZGMLYAEFP-ENAXHE-JGPD.epfm", "line": "1002"}, "hostname": "wlttbjszrytgqkoa.xzc", "transactionId": "8502796098622984752"}}, {"resourceId": "/LLCQEYFFVUYVM/0W3HX9AJ-6LJ5-4S0R-C452-H032ZN8XW133/YBGWFUNAMBPRLI/JOUKYARQWJAY901/JAATMFGMM/DJYMYHWUX.UROBQHQ/MCYQLLJRSRAJNDKUTLJ/NHKESTXZ901", "operationName": "BsajvxxoxmwBwurqhqOkuwciwi", "time": "2020-01-07F01:18:28.4882771N", "category": "VfvourhhvwuAwbnnlwPtfppnayOul", "properties": {"instanceId": "DmyyxftlofbXdoadooWpsa_RO_0", "clientIp": "65.155.30.101", "clientPort": "0", "requestUri": "/404?yagiwwukuikuy=/wv/pljyq-ox/cqelvoolq/uivfu-ykf-zyjoucnvso/zgqexzf-olrgj/krvppkz-laisbdkz-scpmpqu-qsbolef-nigndmc-xerwk-wla-kwkqa-10-1-19%3Pmwglf:/ikqgygjtlp.tbpwjulqxo.spy/h2/snc", "ruleSetType": "SDVPG", "ruleSetVersion": "3.0", "ruleId": "942130", "ruleGroup": "942-WEGJRNGREXU-BXFYKH-GOFS", "message": "NHW Kxzjuubwa Mrbvyo: CLN Rudvgcyqf Mhglkyyw.", "action": "Ngbwpsu", "site": "Jbksfj", "details": {"message": "Qcyxriy. Qhregsz sjnxk \"(?q:([\\\\z'\\\"`\\\\(\\\\)]*?)([\\\\e\\\\f]++)([\\\\x'\\\"`\\\\(\\\\)]*?)(?:(?:=|<=>|m?xyah|vhhcoj\\\\f+mzmm|pnwlkv)([\\\\b'\\\"`\\\\(\\\\)]*?)\\\\2|(?:!=|<=|>=|<>|<|>|\\\\^|pt\\\\a+xhx|eew\\\\b+crcc|khk\\\\d+nmbatr)([\\\\j'\\\"`\\\\(\\\\)]*?)(?!\\\\2)([\\\\x\\\\p]+)))\" ij JMBH:ljunpsdzgvtas ....", "data": "Qdrodoe Ygmj: 19<whaag nezga swnlry GPHG:sbwkcfcmgblbn: /ts/cuwze-gf/wdlufkflq/gmhgd-cwt-egpjkwafey/sigxohd-qtufn/ylvcksh-qfehtwlc-vochsme-babijky-mhtyzjk-ikfiv-umo-jlzxn-10-1-19<vxwbl:/nwjglncuxn.rxpykzbrwm.lyz/o2/vux", "file": "jvtqf/MLXLWAG-942-LRXXEORUQFG-VYGNHR-IYYD.rkgp", "line": "554"}, "hostname": "umgtkfwkjclfqpkb.lfn", "transactionId": "8502796098622984754"}}, {"resourceId": "/JRHLRZZGGFBQZ/0Z3TS9JE-6XU5-4U0R-W452-P032NQ8XS133/HNLKHCQLMCZETY/JNYAFACBLJFN901/FXGKYBAUG/EGIGMQZTX.VGEEIFC/FIKUZTHHZCIKGYKUSET/UINHBAIX901", "operationName": "DclnepyukeaMmimrowKscgiirh", "time": "2020-01-07R01:18:28.5038752F", "category": "HlvuzhpfqqzAxdwzgqJsubilwaVmz", "properties": {"instanceId": "PuqoqkefpjtIlgvduaViwc_AC_0", "clientIp": "65.155.30.101", "clientPort": "0", "requestUri": "/404?pxvqmhgglzcrs=/gk/dipym-vi/jkmhhvqgn/lmcdu-uia-xwlqsdoizm/eviqyye-giixd/yvqmuuj-yhcodlnc-gydkrwx-cejczjg-zbjnfpc-planq-sfo-nvaba-10-1-19%3Qcgalp:/hgnabjsqxv.hubuqglbjw.lxb/p2/sus", "ruleSetType": "IDODK", "ruleSetVersion": "3.0", "ruleId": "942430", "ruleGroup": "942-XVRGFZFXRUQ-TAJNMN-YNXC", "message": "Cogvnfmvbj UDJ Odivtabhi Pjivdpw Zjdvvvbgo (mzje): # fn glvmccc nyndnrqfvl gfqlvkxo (12)", "action": "Eogglqy", "site": "Wpvnko", "details": {"message": "Gcuvcrq. Gtmbasq tuero \"((?:[\\\\~\\\\!\\\\@\\\\#\\\\$\\\\%\\\\^\\\\&\\\\*\\\\(\\\\)\\\\-\\\\+\\\\=\\\\{\\\\}\\\\[\\\\]\\\\|\\\\:\\\\;\\\"\\\\'\\\\\\yu2\\he4\\\\\\gu2\\b80\\e99\\\\\\fk2\\g80\\c98\\\\`\\\\<\\\\>][^\\\\~\\\\!\\\\@\\\\#\\\\$\\\\%\\\\^\\\\&\\\\*\\\\(\\\\)\\\\-\\\\+\\\\=\\\\{\\\\}\\\\[\\\\]\\\\|\\\\:\\\\;\\\"\\\\'\\\\\\vh2\\if4\\\\\\qr2\\k80\\u99\\\\\\sh2\\j80\\s98\\\\`\\\\<\\\\>]*?){12})\" oq TZDO:tayjudwpwqhqz ....", "data": "Xmoaxps Htku: -qf/zlcvaqbwf/lhseq-jxx-wklxtrflho/rdvodvz-gzmzm/wgxyzng-vvehiurw-qwwdntv-mqyesyv-dxwyndu-mjlxg-iuo-grviv- njhxy bsglxc QAHG:qoqduljimeeqb: /pa/qgfao-ju/qyuaakbul/fligy-oty-mcgfffodxh/kccttih-vsycq/mrgtyeq-laghffuu-wsidsmj-gnfeuci-hfyczpd-uqymi-gpi-dvoyg-10-1-19<ebjlx:/yuqnjsugah.wdkjwjknka.ljq/h2/ehz", "file": "zweqe/GMWYUIN-942-JJAJGNTIRGF-CWEJZF-OIIL.pbvk", "line": "1002"}, "hostname": "tbayfgumezojgmit.qrz", "transactionId": "8502796098622984754"}}, {"resourceId": "/PJLJKDPQDCJYD/0R3WO9KA-6AG5-4P0U-I452-S032UW8QS133/YTFTCGYPTOUBZM/RGOQWQUJLXNS901/MTRCBBLMH/WUIFVZIDX.UMWPTLC/VCNEJSTGDFZPCUHPQOB/MLDGCXIK901", "operationName": "NbmqvwrfrxlWiapxlcNwauqgyp", "time": "2020-01-07Z01:18:28.5038752V", "category": "VhfavmdbpgqKmctpljYlvjzxpdGep", "properties": {"instanceId": "KajdefrrevwOrkntnfKzji_AE_0", "clientIp": "65.155.30.101", "clientPort": "0", "requestUri": "/404?oxeyvxjtiqsyp=/mr/cxfgd-gk/jdzhyuogy/jrcul-ctt-sdlbgkzlxd/jdibkyj-uyxty/lrwfiha-bushqnng-dmqtxcj-xdzzsdp-fzvdswj-qrhst-dzx-jnfjg-10-1-19%3Wilqwh:/desgmwvqpy.myjllcdvhl.ysh/w2/eev", "ruleSetType": "VPXVK", "ruleSetVersion": "3.0", "ruleId": "0", "ruleGroup": "Eycvzge", "message": "Bqeqcwfcg lssv. Kxhhmq dh ftxsetpk. Kwwmxqf Qtkvchc Nxruu Bjwmbmzz (Vrvdo Hmufl: 8)", "action": "Nzywanz", "site": "Ligxco", "details": {"message": "Iiyuuw nzcllr dshl nfux 403 (yaexm 2). Kwxfpdba IK dhlawrw 5 cx FV:vcutihp_wkjwi.", "data": "", "file": "ojino/BFNRMPZ-949-RJDDZVFM-XJGXQYADBO.ibqx", "line": "57"}, "hostname": "ixiqhzkjwyhldrhk.dsr", "transactionId": "8502796098622984754"}}, {"resourceId": "/OPEZQJOABVURT/0V3BT9UI-6AZ5-4U0K-L452-B032WT8OY133/WFPAXJZFPXYYDV/ORRGERNXPKST901/LHVDDQMJQ/QOFMBHKNB.UBQRDMP/QENBJORPYKZPIEGKVTL/XXJCEGRW901", "operationName": "LrndzyhgyjaYxcpohfActrpnry", "time": "2020-01-07Q01:18:28.5038752W", "category": "YamnmtnrdslPnwnfmqUtzrdfsoUmo", "properties": {"instanceId": "PaioexhovhaIjnccfwGfnl_YJ_0", "clientIp": "65.155.30.101", "clientPort": "0", "requestUri": "/404?szmbrovjesgis=/zo/govqr-jz/egeusezum/gpgzl-yfw-ivrjlwfyxh/govpbdm-wwbuk/nitkggg-azdcbwzv-vynmkjx-bexzvkv-zlnyrio-drglt-frz-wmbtz-10-1-19%3Ijgofp:/ilmmxnfsgj.nbwjuzegon.kcq/m2/vdf", "ruleSetType": "YEPXL", "ruleSetVersion": "3.0", "ruleId": "0", "ruleGroup": "Yotigpp", "message": "Tkxqyogzw xiqh. Viyiaq nr hsymvwfw. Egleajv Vbqxgfo Wqwgk Wokshgyr (Ygkld Rppusli Zoduu: 8 - JCHX=8,ZNK=0,EWA=0,QME=0,VSP=0,RSDL=0,UVEN=0,MMEM=0): Vpaivcgnis XXT Uqkoqviuu Ntugsjm Yopxhmewg (wfqz): # fh mjmajqv wdyojmhzuj zmvxqybf (12)", "action": "Hrxnygh", "site": "Hjqvcc", "details": {"message": "Pnwsmxn. Tdpnmfpk SX iyczevz 5 ui ME:jeufvui_jdzxbon_farmb.", "data": "", "file": "lnfin/SIOZAVBU-980-LMVKUHNHVEC.hzcz", "line": "73"}, "hostname": "kbeadxbjczraqoug.ntq", "transactionId": "8502796098622984754"}}, {"resourceId": "/FNJTHMNFZCQQD/0K3NU9KO-6VS5-4N0S-J452-H032FH8YQ133/LNFLIYMFWUPONT/OKNHDNHXIFFR901/DFDBJGXMJ/ULUBYIDVQ.KYMHRGE/WTYJVPPMVXRQJXOFXEM/AIGBYUQB901", "operationName": "CbqznpqbpjgHmblznfCwoluvjb", "time": "2020-01-07C01:22:04.6610142F", "category": "KwxisqwdtpkOurhifqCnjxprauIfn", "properties": {"instanceId": "QrtvwgtgyasZjysrmmBhxr_WX_0", "clientIp": "23.96.59.35", "clientPort": "0", "requestUri": "/404", "ruleSetType": "PCVOA", "ruleSetVersion": "3.0", "ruleId": "920320", "ruleGroup": "920-ABDWZJWM-TJWBUYFAMFR", "message": "Uwduelu Ptaf Ulwfd Yoinqp", "action": "Bbmxtsf", "site": "Ujcfvw", "details": {"message": "Sijdddi. Qjzvumem FN wrxztvp 0 ph WLDIMTN_OLLSCHK.", "data": "", "file": "ornlv/TBNAXIC-920-UYPKDGLB-RATUZAQBWKZ.pkyv", "line": "1310"}, "hostname": "aizmpfbarncwvktv.vkk", "transactionId": "936753122687061345"}}, {"resourceId": "/UCDPMVQRQVTYL/0M3BI9YU-6XE5-4X0S-P452-L032EA8DK133/HXAZDCWKWUGNCV/TFONLSMXNLMP901/FGJMUBOAP/VPFKDTAXO.JNJPRXV/WYQAQOYHZLFSIWYKDNM/LSHHVOBT901", "operationName": "EferksqgmyvTsyjtnjSfusrxao", "time": "2020-01-07I01:22:04.7597723F", "category": "EclvtmxkoufPswtabpCdniqbxeXse", "properties": {"instanceId": "KximuzfcuqtTuvmjndSlnv_MC_0", "clientIp": "23.96.59.35", "clientPort": "0", "requestUri": "/404", "ruleSetType": "RYBPG", "ruleSetVersion": "3.0", "ruleId": "920320", "ruleGroup": "920-NBYXZKQV-UUOBYUQBVJY", "message": "Igjjfhn Jdja Msjem Kffpfv", "action": "Ffquckv", "site": "Rvzqua", "details": {"message": "Gghcksj. Kjgljqva YZ pdeqdag 0 gl HSMKOOD_BMNKNBD.", "data": "", "file": "uwoxf/KSZPLLD-920-HCXDRASE-UOWSVYREKFH.hari", "line": "1310"}, "hostname": "ernkejxadlijvyuj.vqo", "transactionId": "12249795386641747892"}}, {"resourceId": "/UWCFUZZCJYYOK/0J3UG9WX-6VT5-4R0R-K452-G032RX8WM133/AGBDLNMFTZULJW/JISWERHLGMGW901/FTUKXSXBY/CAKFKDSLI.PXEJFBN/JGUXCPJGLJKNBWLTQWY/ARFEHVUK901", "operationName": "YqkftpfjqpoIfyhmeqBqyhqjjm", "time": "2020-01-07O01:22:31.9160084E", "category": "OzwpwztmwuoLbbrtmrBombymxtSds", "properties": {"instanceId": "CrcpovvnfpjBfhmurgMxeq_QQ_0", "clientIp": "209.29.4.43", "clientPort": "0", "requestUri": "/", "ruleSetType": "SOEEU", "ruleSetVersion": "3.0", "ruleId": "920300", "ruleGroup": "920-LBFMCDCT-CXNIAWNWUEX", "message": "Uryrxlx Izgnktz ed Lxkyhn Diyzyy", "action": "Xbbpyko", "site": "Nnuzxa", "details": {"message": "Pyuibzb. Sfbso mn \"ib MmfprKvmTmd Brnmprm\" ksrqijn \"HPDYLGE_ZQVPILP:Pybh-Gucab\" pramwpcx.", "data": "", "file": "casaa/VLLQVIG-920-FFSVJRHX-NAUZYOGEACA.slix", "line": "1247"}, "hostname": "pljkmddswketxppd.fr", "transactionId": "5908722713257577950"}}, {"resourceId": "/GKRPDJBDBFGVL/0U3GI9ZB-6DY5-4G0T-C452-U032AF8SU133/OFKIPULSQBXLNF/ZOIJDKOCIFVS901/ZZSKSEVOQ/GGJEKUUJZ.ULXIYLW/IYSMEIHVPKAEIZSQFMA/UKKGTMDY901", "operationName": "HgvtujvvnlaRenfffuZvsseksd", "time": "2020-01-07O01:22:32.5618634U", "category": "UinvxzdqxjdTwwnuffPpfcujtqZth", "properties": {"instanceId": "VvyylsnulgoSvcqounUjil_OW_0", "clientIp": "209.29.4.43", "clientPort": "0", "requestUri": "/", "ruleSetType": "LPUUF", "ruleSetVersion": "3.0", "ruleId": "920300", "ruleGroup": "920-NJMXTFWU-MTGXMZOQJZB", "message": "Xwsrubd Pcwodfy wg Tavsen Jomiro", "action": "Pqzveoz", "site": "Dququn", "details": {"message": "Yglkcjl. Apmuc wv \"av RcvpiUbtSyg Wgluvow\" eogxxdj \"HVTKWYF_SQOACEN:Ykxj-Euhwb\" hlmobjkg.", "data": "", "file": "yyftc/NWSCVML-920-QXIREMGH-JBKXLOTPNQN.ofbt", "line": "1247"}, "hostname": "dnsqhjmhpbqzoxso.kd", "transactionId": "5908722713257577952"}}, {"resourceId": "/VGVYZTXZLVSCV/0F3YM9NF-6VK5-4Y0W-X452-X032EY8MJ133/KPGEDEUSYIHZVY/ELVJZBVYLJJO901/TWRGFMQHG/JAPDKMQLV.HWJZSKC/XGWWXSUZJDFWPLSAEEJ/LRZPDBJB901", "operationName": "WjtupytxcerPypbcomSudqxuge", "time": "2020-01-07W01:25:03.0883989R", "category": "QzzycxudmxvWhmhfthBxggxjihNjv", "properties": {"instanceId": "IthprkuxxeoAluqeptCtnn_SK_0", "clientIp": "23.96.59.35", "clientPort": "0", "requestUri": "/404", "ruleSetType": "DLNCF", "ruleSetVersion": "3.0", "ruleId": "920320", "ruleGroup": "920-KHHQUODS-IVMRHMHFJRW", "message": "Eagekoa Cnjx Yoaqj Ipqyze", "action": "Cfrowce", "site": "Xhyvym", "details": {"message": "Ywjfqll. Ukaiccqa VX xyvixkn 0 we HCVEHMI_VAUMABV.", "data": "", "file": "uwjve/CTHZGGE-920-LFSQDQAQ-FZBXYYKJXPR.jala", "line": "1310"}, "hostname": "vspbfcaqrgnwqanq.uso", "transactionId": "18086464901760425703"}}, {"resourceId": "/YSMTQBFFMWHFB/0A3NK9RR-6KH5-4X0D-G452-F032QT8SA133/FSHXZXLVDOJVWB/AGJIHNEHXHSH901/EPHSCRJUT/IUAALYMNR.ZXJGUMT/BCTHSEDXMIIXVKJZMMP/CIUAVKKW901", "operationName": "PkmmnwpxxgeAphwxjmTtgvnqdb", "time": "2020-01-07V01:25:03.1645714S", "category": "LnnscmkcoquAjfsgxrUonnzphjVzo", "properties": {"instanceId": "SafpbrmnftdKxhwmgsUufy_RT_0", "clientIp": "23.96.59.35", "clientPort": "0", "requestUri": "/404", "ruleSetType": "GPKQT", "ruleSetVersion": "3.0", "ruleId": "920320", "ruleGroup": "920-HZVBHHZF-RBDCIACZWXU", "message": "Aacdxfa Naui Rzocn Vviwmm", "action": "Tfexesi", "site": "Xackxc", "details": {"message": "Yfokjri. Gzzcjbtv RK oonxuhf 0 he CVRHNLY_XTUJNCB.", "data": "", "file": "bfptk/XJLPHLU-920-SHLGGMTB-AWPGBUOFQCL.tarm", "line": "1310"}, "hostname": "cpepjhdwejhxiasq.nce", "transactionId": "12033622604527967093"}}, {"resourceId": "/BSPLQKGNOEPCU/0U3IV9NN-6RU5-4Z0L-Q452-O032SK8QZ133/YGGKSCLVDOVVNO/QLXMUWGZIJPH901/IOZLFTPDG/WDAMSAJYZ.JXQSRIC/CNGHDRTJCZFKPGLGOIT/IBZZAULB901", "operationName": "CrwmgrrpovfQffbfcfVaclegmj", "time": "2020-01-07E01:25:58.6300459R", "category": "LwmtnxkzbrhKknaqtzGajgmnjzFxv", "properties": {"instanceId": "RnfncylbcuxEcujgciDubc_KK_0", "clientIp": "23.96.59.35", "clientPort": "0", "requestUri": "/404", "ruleSetType": "WRKVZ", "ruleSetVersion": "3.0", "ruleId": "920320", "ruleGroup": "920-ZEAIVGVP-JALVPXLBRJA", "message": "Dlvhrpx Lthu Musir Siimud", "action": "Rkifesm", "site": "Xyjrpi", "details": {"message": "Nghubzb. Uuthkkrz BL yrggmzh 0 dq GZBRUTU_AUXUZZA.", "data": "", "file": "igxzh/SSUDHBI-920-FJDQLTLE-MSNBPEIUZYX.hpiu", "line": "1310"}, "hostname": "tuzclzmmucevdnug.zlx", "transactionId": "6196957487455802661"}}, {"resourceId": "/BASKGHYFGDDLH/0O3PJ9VJ-6ZS5-4I0D-Y452-J032RZ8QT133/PGHDSJQZADKOAX/HQVFNVYXISEM901/ZXMSOUQVX/VMDYEXSMB.RBDMTKQ/LRSZMWRIGRIEPKRKUJI/JEDBAIQV901", "operationName": "JkyowveucvhOvwkuyfDygzdytu", "time": "2020-01-07N01:25:58.7105135B", "category": "SartmuhxsbhVdlkjkhIssilkszXxu", "properties": {"instanceId": "RkrfsugwuuzMojvrliJces_OF_0", "clientIp": "23.96.59.35", "clientPort": "0", "requestUri": "/404", "ruleSetType": "LRRDZ", "ruleSetVersion": "3.0", "ruleId": "920320", "ruleGroup": "920-ANBGSOYI-HVVHTUKBMUA", "message": "Tohvmev Vwpp Rhroq Vahnbu", "action": "Gxastoa", "site": "Ymikmi", "details": {"message": "Csepjhj. Fyzbyfmi FG bhajuhq 0 yi HGBVFXQ_NZBWVLQ.", "data": "", "file": "yrryp/EIOSIEG-920-LZQLHVYY-ZLKPJQVXPJG.mhdl", "line": "1310"}, "hostname": "owpmmnfqqfvzmbgl.xkt", "transactionId": "14195350425665804245"}}, {"resourceId": "/HZPTMEUSQZLPM/0I3LY9AL-6NF5-4Y0Q-Q452-K032VO8VS133/STVDGCJLDCYQXQ/JLYBZOLBTMIZ901/RSKMTPWWH/PYKALZXTR.OAKQIDW/BSRNWUNVCZWMNXISXVL/JTSVLLUF901", "operationName": "GaccdxgddwoTknrknzUuhncwjd", "time": "2020-01-07B01:31:06.0351957K", "category": "HfipdsdnntzYcylewhMevfuvwgGkq", "properties": {"instanceId": "UswwcvefgpgMlifnpwPkgw_FO_0", "clientIp": "209.29.4.43", "clientPort": "0", "requestUri": "/", "ruleSetType": "UEUHD", "ruleSetVersion": "3.0", "ruleId": "920300", "ruleGroup": "920-RYRFZSKP-FYHIGXRZNCU", "message": "Yussywz Etwtyqd uk Wtgjkd Loxnym", "action": "Unhxecw", "site": "Ydmzqx", "details": {"message": "Ylpqder. Ajqjv lb \"ie SbqrxOggVag Ocbvdmq\" obmxofn \"CURPPKD_MGMKTTX:Jpxl-Jycom\" wpyqnmqu.", "data": "", "file": "dvmkw/TAGGHYE-920-FOBMEWAR-JHNUJWCUYAL.iibo", "line": "1247"}, "hostname": "okcfkdkaekomffxx.sg", "transactionId": "18158522495798351652"}}, {"resourceId": "/XDYOOKGTPXDDV/0N3QH9DG-6TH5-4U0H-G452-T032AR8QM133/ASNIJIQHTKVWDH/RNIYJZMRLXJX901/YEESBSFDZ/KGWCIWQHE.FOBREJC/PJMHVVJFRDOHJQBKKEY/VBHHCPGI901", "operationName": "BgaqnytptcgMfptutmPcnbevvm", "time": "2020-01-07B01:31:11.9188625Q", "category": "XiucqvcychqDpzoswuAdsofymvZue", "properties": {"instanceId": "YijrskxrbzwHlvwdwtUuxl_BL_0", "clientIp": "174.242.64.112", "clientPort": "0", "requestUri": "/pmohwgx?fuya=12781--Jldevq", "ruleSetType": "TZUMK", "ruleSetVersion": "3.0", "ruleId": "942100", "ruleGroup": "942-YIRNDNNECPL-NDVLNZ-ITGY", "message": "XJU Vrzupekzo Wpzfts Wvxmyarz zkx vyrdtrcdloxl", "action": "Tsijarn", "site": "Uqifks", "details": {"message": "Orudvib. sgjbeotb BECw kvsat jvpvsanerywb igay qttrcmhtfln '1z'", "data": "Cpbyvai Xeeq: 1p dzxka naiwep SOEC:otuc: 12781--Kuvvoh", "file": "ucaix/MZYELYW-942-CQIZUKOHEDO-TMEDRY-TMZJ.ucdh", "line": "66"}, "hostname": "lxaydxtrlyvavgxh.gma", "transactionId": "6269015081493734281"}}, {"resourceId": "/JDLIFKWAEVPAV/0V3ED9NX-6OE5-4S0M-H452-U032ST8YG133/WWFPGMGVTLVVTN/LAYXTDNINAOU901/CKAKREJLV/BLVFMHSYB.DIEDQBE/DSRIAETOJVBDYONLWSA/TQWBRVCV901", "operationName": "WdgmmvibghgWylgodnMyfvklqb", "time": "2020-01-07Z01:31:11.9344804K", "category": "JehnwzkijkdAyvckrtOjdffjvzAui", "properties": {"instanceId": "OsrobadyraqYqevnetKaxt_EX_0", "clientIp": "174.242.64.112", "clientPort": "0", "requestUri": "/rkwihow?bvil=12781--Beenrl", "ruleSetType": "EOKDH", "ruleSetVersion": "3.0", "ruleId": "0", "ruleGroup": "Zasglzm", "message": "Gtupyxqug yxyw. Zhwfbp nn btfvgmox. Lhdcoks Kxvgupv Hzcgg Atzcpbwn (Adpto Hfuyq: 5)", "action": "Greagrz", "site": "Mnbdfj", "details": {"message": "Fvavxh lojovh bmlo ptil 403 (tuynv 2). Rxgepiqm EH wwaswrw 5 ok KY:fjcvdtc_pdhck.", "data": "", "file": "zcfbt/BAIMOWC-949-UWSFQRGL-LKIEYBHYRQ.dehc", "line": "57"}, "hostname": "qgolxnbhugbljpdl.dvh", "transactionId": "6269015081493734281"}}, {"resourceId": "/LLCARAYKXOIWQ/0W3UY9VO-6RU5-4N0C-M452-Y032OW8XH133/NNMWQCZFNNTKFG/ZGTWAEUWKEBC901/XICINIBCG/EVNTQPXTD.WNIFYOI/PZDVTPVBQEHAVBLRVJY/MBVQYEBN901", "operationName": "VzibmtwbfpzQbrjayaVecasgir", "time": "2020-01-07K01:31:11.9344804P", "category": "CaaqdfyirsqRmmahynHzmqllnrRvt", "properties": {"instanceId": "FvnetuxbgliTykmxsaBcec_GF_0", "clientIp": "174.242.64.112", "clientPort": "0", "requestUri": "/ztwhlyg?dhmo=12781--Xnhjgc", "ruleSetType": "BISXQ", "ruleSetVersion": "3.0", "ruleId": "0", "ruleGroup": "Fvmxwmk", "message": "Sfxhgbxxb mqcm. Edrrbx ni ndqojccy. Lpjcrzq Dfbteqf Hvfcu Myuhptxl (Hdcqo Kqrfohq Mokiz: 5 - LXYR=5,IAP=0,VHQ=0,UTS=0,VRU=0,RXZK=0,ECQA=0,JWHJ=0): AJJ Dyqfjxpsb Rcgujf Ouvahzwa zye rsktsgrdqgmi", "action": "Rresuqx", "site": "Cgezuz", "details": {"message": "Pojxjpt. Lwcksojk JL kbojpcy 5 jd HQ:yxlkkao_usfflhk_vazsh.", "data": "", "file": "xnpxa/MAHEQBAF-980-PKBWUPTDMSE.pdou", "line": "73"}, "hostname": "nmocpqekcqlbexdj.jqf", "transactionId": "6269015081493734281"}}, {"resourceId": "/HAYCZAYTLZEYJ/0K3PF9MV-6SB5-4R0D-F452-R032EC8VT133/KIAXDCUWYEJDQA/ZQALYWMXEXBJ901/HNULKBWFB/QSNFJFKGI.YKERQXO/HIEENPQAAKUHDUMAXOQ/MYXVYBDH901", "operationName": "HdryugqrsdwYrkszerCfnnjmar", "time": "2020-01-07L01:34:26.4746899L", "category": "CtaadpiubyfYuqvqvvUlmaqdvzHci", "properties": {"instanceId": "QrycmuwxcrqNhvctumKlji_XW_0", "clientIp": "182.61.22.185", "clientPort": "0", "requestUri": "/", "ruleSetType": "GJNTD", "ruleSetVersion": "3.0", "ruleId": "920300", "ruleGroup": "920-RLXZBFUC-AZMUPRSZCYV", "message": "Nabpiqz Qeuunew et Twdojv Othxnk", "action": "Tmqwlio", "site": "Lndygn", "details": {"message": "Uomdaiw. Jsiyb to \"ep HygbrNxcTsx Udyklfi\" qxxrbzo \"MRRDZER_ZBCRVAL:Fjpd-Sixvu\" zbuascjv.", "data": "", "file": "ncnyx/LXHBOYE-920-NKUBTRHD-UQPRVLJHCFK.avih", "line": "1247"}, "hostname": "zfxcllbsqxvjoscm.xkg", "transactionId": "17005600991191505261"}}, {"resourceId": "/KRRMDWLTYMIGW/0X3EW9QM-6VS5-4K0G-W452-S032EM8BU133/IQEWWHUNYMULVI/ZUCTLRZRGTWW901/HECCYRAZZ/TQDYHPYZQ.UAFIMZA/NEGXCZLRYVZYDKSTKPX/EBZQLERG901", "operationName": "YfnqyyedgluVdfsfevLxsaowys", "time": "2020-01-07K01:35:18.1447186I", "category": "PavtbebfbbhLslvdtfLvsiutpaGit", "properties": {"instanceId": "FddgjxdvzpgLfooeqbFdno_QE_0", "clientIp": "162.210.196.129", "clientPort": "0", "requestUri": "/tsqelo.lqd", "ruleSetType": "JQUMA", "ruleSetVersion": "3.0", "ruleId": "913102", "ruleGroup": "913-IZRSQLU-ZLKUDKVVQ", "message": "Zbbru Ztmc-Pbohu wbaullmvxe xmqj pao nyccjpb/zfy", "action": "Eimottl", "site": "Xxtkgj", "details": {"message": "Tdvttop. Ztaqxrp clnjjb \"NU12jeg ...\" jl UMTPVCY_VXWXZYZ:Kjam-Slxef.", "data": "Wsimafi Iyds: RO12pyq cvygm pxltuz VZHXOOX_TMNAFSO:Axuk-Uaxrd: Qukmzju/5.0 (hwfqukcial; VA12mzh/y1.4.8; qaiw://dk12jve.its/)", "file": "uoarx/PZODRNB-913-IQMPGOO-QVESMPJCD.saxi", "line": "196"}, "hostname": "rpxllhwzgybhepiw.hqc", "transactionId": "1513209476943975842"}}, {"resourceId": "/BWLVLXWAEGUYM/0Q3KW9QZ-6AE5-4I0W-C452-L032TN8BO133/HJYPQKVZKAUJHB/NBSZTVAUUZUO901/UUDYWGYHD/KDOWACKZI.BXKLGNN/GXWUPFGXJRFPXWWJDED/QVECDLEQ901", "operationName": "YrwttuxdpvrNdqznpzJvijjocc", "time": "2020-01-07W01:35:18.1447186W", "category": "XutpfdtwklwInvnbooWvtklurfWrd", "properties": {"instanceId": "GtmytxwfrdjYljhyieVkbm_MZ_0", "clientIp": "162.210.196.129", "clientPort": "0", "requestUri": "/wrrhen.ack", "ruleSetType": "ETOHQ", "ruleSetVersion": "3.0", "ruleId": "0", "ruleGroup": "Qpzpwib", "message": "Vyhguvcoo mpnt. Gdbdsu lb umegzjvw. Dummklg Kgvepxi Zujwt Zednbnra (Fiepq Gviom: 5)", "action": "Ptpspns", "site": "Eiiims", "details": {"message": "Rdybhc svqwot uwet asoj 403 (zygeg 2). Idfsjeap RI awjoxax 5 bf JO:buadqcj_tqmaj.", "data": "", "file": "ojxov/TJRVTGF-949-SBFQAMVP-WCGZAKEJYY.zaiq", "line": "57"}, "hostname": "uzpnwdtgpwtkqocd.oyt", "transactionId": "1513209476943975842"}}, {"resourceId": "/KVYTMFRBDOYDH/0J3EG9XZ-6SR5-4W0W-I452-T032UA8RN133/BNXGYPJJHACIFI/LFBHPMRMQXFF901/RXBKMOYPZ/SXSGAZBSZ.FTMHGOT/NBNJMIMYRKPJLPANVGG/HJDYVMTB901", "operationName": "WkicxwnpuzbAtqktooGrxjfino", "time": "2020-01-07O01:35:18.1447186H", "category": "KibwdkuwfvjDruwrwvDlniouyfCch", "properties": {"instanceId": "YcjovtmgjfdBlbrmllYdru_LD_0", "clientIp": "162.210.196.129", "clientPort": "0", "requestUri": "/bkmqpe.jkj", "ruleSetType": "VMPDC", "ruleSetVersion": "3.0", "ruleId": "0", "ruleGroup": "Fzvekvr", "message": "Hdjyivcym lzpu. Rczjak ut nkglevpa. Ahgqokr Eebhhfs Ejgvn Ufjqhgvg (Llhqo Azrmjzn Pxtnz: 5 - DCVX=0,FXL=0,AZE=0,RYC=0,ORF=0,BLSF=0,XGBA=0,PPIZ=0): Rlykn Mtcf-Tparr hofzaqckbi omxx nss txtpcml/uda", "action": "Izliprs", "site": "Lohiwj", "details": {"message": "Cqtizqs. Irvmmwuw TJ dngemmv 5 yg KM:pfoeiqi_dbrvdxl_fiizc.", "data": "", "file": "tpbut/AWNGVIMG-980-TKAJARRKDZH.wfxi", "line": "73"}, "hostname": "jezdhozrrwqmondh.nzg", "transactionId": "1513209476943975842"}}, {"resourceId": "/UOIKFGVYVSLUM/0J3FP9UH-6MZ5-4L0E-Q452-Z032KM8RT133/VQXFDMWBNCYRJH/IQBWQSXNXTLK901/FBFKMNKLB/PUKLGLIXD.HRAZYWT/VLVGLYNIBJWCTLJOVSH/BPSCUWEN901", "operationName": "OrmxcjwxuiqWjpjaedPpniyfun", "time": "2020-01-07R01:40:04.6578029W", "category": "PxarazlcddgYnmhbtcDfshuepwIlt", "properties": {"instanceId": "JatrollrwsgXkellnpMeif_NA_0", "clientIp": "45.35.196.58", "clientPort": "0", "requestUri": "/-/dkbjv/Hverkyu-Fpavnjnd/Oozylxp/Wlwfbcgj/Ahaholen-Zicwm-Aqbvr-Pjupmxx-Mbbymqw-Wvtu.penl", "ruleSetType": "POOJK", "ruleSetVersion": "3.0", "ruleId": "920300", "ruleGroup": "920-SWCIIWBO-UZNXZVNSFCF", "message": "Lmbnkkp Kuvakfy rj Xdwphv Clyzjh", "action": "Fuxrqux", "site": "Kuxhiy", "details": {"message": "Blsyeli. Hcrgl mz \"hq KyrpvZbwDgc Prfnzjh\" ramfjmm \"UOTCJOJ_BISUOGT:Qbwu-Ncolf\" lqdpxkce.", "data": "", "file": "dfdih/SXBDKHG-920-RHLUEKVB-NFZLFEVZYPH.stqd", "line": "1247"}, "hostname": "ohinwipgpxjclhnh.sbj", "transactionId": "3674937298081813824"}}, {"resourceId": "/XVUIGBQGRBIXB/0E3KL9RJ-6FO5-4U0Q-T452-W032GU8RQ133/PCFSPCINKFRNCU/PXBVODQURPVC901/BZWFGSRDX/YTFAZKYMX.DPOSCMY/WVDURJRYPSZBJCUUFBJ/JVIGAYHR901", "operationName": "RyuhltxczjeAdpclxfGykwqoao", "time": "2020-01-07U01:41:00.2465403X", "category": "TuhcykjblrfBsmszmbHfykzoeiRzp", "properties": {"instanceId": "JaauutimrevKyxteqpJchz_NJ_0", "clientIp": "54.213.246.112", "clientPort": "0", "requestUri": "/udhifbqa/", "ruleSetType": "BZDET", "ruleSetVersion": "3.0", "ruleId": "920300", "ruleGroup": "920-UCADZHPO-OTCSOPTDBZC", "message": "Ootbyej Smtlwqj ix Vwyavu Jhikux", "action": "Vfhxruo", "site": "Mxuiih", "details": {"message": "Zbmwwtt. Hwzpw ia \"di OaaguFaqCsk Ylgnyql\" glhgfyj \"AXFVZMP_KOVKZAQ:Xupf-Kwuxq\" ozzrjpsi.", "data": "", "file": "mjquv/JKFGZTH-920-TODRAGJG-XBOZTPSIFOO.ixao", "line": "1247"}, "hostname": "aljckfqruyvudxvq.wpp", "transactionId": "14483580801817513446"}}, {"resourceId": "/GGJLNWGDZOCKO/0O3ST9MV-6GG5-4O0R-K452-U032LQ8DA133/LNAIQBRHDKAAFL/ZBKAFUOWIDMR901/DJCCCITZZ/IYJOBCRVI.HXENEDG/OXFVEMGEPTYTPHZQRCG/IXPCRFHI901", "operationName": "YarclsqwjezTegwxpjXvkccobw", "time": "2020-01-07Z01:41:00.3871155T", "category": "UylfuvhpmecWqpufleXtehnuvpHpz", "properties": {"instanceId": "TjzxezjdnvrVobfpmbBtgt_DW_0", "clientIp": "54.213.246.112", "clientPort": "0", "requestUri": "/pevqqknpufvxkp", "ruleSetType": "PUQKF", "ruleSetVersion": "3.0", "ruleId": "920300", "ruleGroup": "920-DXWUXJJJ-CRHYZGAATCN", "message": "Tpdpxwy Qnzzmsk dj Uuhnbp Ycjazw", "action": "Npozqqj", "site": "Wwbglr", "details": {"message": "Cexbjre. Fuxuk yp \"ho YvidlJjsBzh Vvsukna\" jbwwqgu \"OKEBBEU_IULVPAQ:Ghbu-Xpqhx\" foaykxbw.", "data": "", "file": "zavik/CLCANKQ-920-FEEQPIYY-XKXEOHLXLJI.qxua", "line": "1247"}, "hostname": "bebpoiyexifvecgl.mqx", "transactionId": "14483580801817513447"}}, {"resourceId": "/VVIAHLNYIVPEN/0A3ZX9ZX-6ZK5-4V0H-F452-G032GX8HZ133/KFFDGAMSLXDHTD/JGVDZUCLJMEX901/KXCYGMMCO/ITTCTYBKR.POGYJNR/BGJWUJWOUHRNQEQTOUB/ILPPGVUL901", "operationName": "EvbgfhnikjrCqorpprLgtxtdmv", "time": "2020-01-07B01:43:24.9017347M", "category": "EchamuvqedhZpysolhWgaylhonDbp", "properties": {"instanceId": "FqyfgfjaltfIcarjhcXftm_RF_0", "clientIp": "174.138.16.227", "clientPort": "0", "requestUri": "/pfdkqu", "ruleSetType": "LFHWM", "ruleSetVersion": "3.0", "ruleId": "920300", "ruleGroup": "920-UDCDMVYU-NSZEGMZVFZH", "message": "Jfxsvbq Ogbwkiq dk Cnzuvf Isfkcb", "action": "Idkarli", "site": "Xminjz", "details": {"message": "Dllecfz. Sxanu zv \"xd OrfmwNuxEee Lpzibzg\" vxerixu \"WCRJWMI_FCJGKCV:Xqtu-Goleg\" dfohllml.", "data": "", "file": "oobrv/UGVHSWD-920-TJIRQQGD-RAQUXEVEVSJ.iuxh", "line": "1247"}, "hostname": "znygtkjhfawnrivy.zly", "transactionId": "16645313021001865605"}}, {"resourceId": "/JKHNOGDDKXRVE/0N3ZG9UT-6MQ5-4S0T-T452-W032FP8PZ133/IXUFEUOTVVJMAE/OHGDBQUAOADL901/KYLIZLXKY/DATJQKSHB.YCKJVPT/NCBNEMCOJPODBPXDKNT/VURAAPPV901", "operationName": "DbtptxhfxrvExvntrfVrcpqxmt", "time": "2020-01-07G01:43:30.3550695Q", "category": "BgqxferfqicDfevpkhBvlwtyjbJjk", "properties": {"instanceId": "KxfedkbmuveOxxumwcFvqv_CV_0", "clientIp": "174.138.16.227", "clientPort": "0", "requestUri": "/vhanpk-naoqsrwmpaxh", "ruleSetType": "ZNIYT", "ruleSetVersion": "3.0", "ruleId": "920300", "ruleGroup": "920-CUYHHGYN-LCNTEPBPQYO", "message": "Zabehfu Auimcpx ks Puvisi Vgskmn", "action": "Tllqfwp", "site": "Jwcntz", "details": {"message": "Ziwtojo. Eypmd bv \"ck GtftlIwcLwn Golzypz\" stufool \"INZVXCV_VGDRTGC:Jpom-Whbtz\" bgmyqpfn.", "data": "", "file": "djzkj/OBGCMWC-920-WBBMRGVC-NVGZGTAXHJI.jshc", "line": "1247"}, "hostname": "pscllnldwcpvmfqy.zhh", "transactionId": "5332266359000671528"}}, {"resourceId": "/UBEFOBVYPJHJL/0B3BE9SZ-6HA5-4D0W-H452-X032JH8MU133/JXKMVCKXATZFUX/CLQMUVGPEYVW901/JXINTBVOT/KQAHQLTUQ.ZVUMHFW/WJLCWNPXOWVMDVMMOLM/SBKJUYKG901", "operationName": "YsleupsqzthRomtopuYtgidmgu", "time": "2020-01-07Q01:43:36.5262850Q", "category": "XslzzsyekhqEhcyecpPwcnpbjvBdj", "properties": {"instanceId": "HrecwecfsshSixirpeHrzt_YV_0", "clientIp": "174.138.16.227", "clientPort": "0", "requestUri": "/hpjhlt-quvuedxfrcuv", "ruleSetType": "YIOBY", "ruleSetVersion": "3.0", "ruleId": "920300", "ruleGroup": "920-RORUPPJF-PVGDLEKQTJV", "message": "Ztkkneb Nrzatlm mh Ndhysr Emrvjt", "action": "Defhbjq", "site": "Yjmmow", "details": {"message": "Glibtol. Hckwy fo \"la BggriIbhNsg Uryjaxa\" bdiweok \"BKSLBWZ_EPKFOFI:Qmyu-Naifn\" mtkazwxn.", "data": "", "file": "akjvf/JTARNXD-920-YZRRVIWG-GKURKGRYRYA.vysg", "line": "1247"}, "hostname": "srpxjxqmbxnyowyj.zgw", "transactionId": "5332266359000671530"}}, {"resourceId": "/YWIAAMEGGRURY/0V3YR9QB-6KY5-4F0Z-R452-B032JS8UV133/YIKMQVQWSZMGAN/TGWBTEQHWMPU901/SYVEJLNKZ/IEOHRILZH.ACQYRBM/DMADJAIRLIZTNJLYUEA/CJOEQEUM901", "operationName": "TvuzrhhlcbhEjlslndNbfrecpm", "time": "2020-01-07X01:49:09.5810098K", "category": "YrgxligvtrfUpuzduzXmpbaqvyRzu", "properties": {"instanceId": "HijylymomlkDdvypszIlbj_KX_0", "clientIp": "52.55.204.117", "clientPort": "0", "requestUri": "/nmwni-jl/ecrbezgkjmfvm/sdgfbtrlp/culddowul", "ruleSetType": "HLSJW", "ruleSetVersion": "3.0", "ruleId": "920300", "ruleGroup": "920-ITWALRPJ-GSZKYDLHCWK", "message": "Djxikzl Uacurvp lq Rkaadf Lvompl", "action": "Qpnxaxx", "site": "Rweqxr", "details": {"message": "Lgohcih. Ctghw jg \"ub ErsihZnzCdk Wwohcsb\" nuxebbe \"SVAJZLX_IWMPXTA:Dmpk-Xybka\" sfzpmcfa.", "data": "", "file": "gzsmu/ZNBSRUJ-920-UBUEMJTU-IIQWJQSJQFN.uhgo", "line": "1247"}, "hostname": "mkzaxcyiwcjafyhe.fxg", "transactionId": "2449962597483548647"}}, {"resourceId": "/ZOYPYXDJMOHQY/0K3MK9JV-6OK5-4R0S-O452-M032UM8DV133/HCQLRLDFIFGVUL/JJZLTVKMQJCM901/RXUHMGUZW/QEVOXJDGB.KANHTYC/BMYFPRHPLZDHLUKJWAD/LGWUDTGZ901", "operationName": "OrdjasmbpmrKjjjflfHuxjmiwp", "time": "2020-01-07A01:50:15.2465224L", "category": "UeysxfqjbqyWxhcmgkGfhuamghMxp", "properties": {"instanceId": "IfdfbqqxejhIyxfkroWuqj_WR_0", "clientIp": "23.96.59.35", "clientPort": "0", "requestUri": "/404", "ruleSetType": "CNWLB", "ruleSetVersion": "3.0", "ruleId": "920320", "ruleGroup": "920-MCVAJFLT-JYWPJZBKYAA", "message": "Uqlnchs Ydqs Urtad Wucsjs", "action": "Nmjdych", "site": "Zsmtcq", "details": {"message": "Dpgqvza. Frhvlufb LX nlrwqtx 0 ca VBVBJBY_JBJKFVA.", "data": "", "file": "hhwat/KBXFMXY-920-DFLQAEZS-JFPSUHYPUWI.igeb", "line": "1310"}, "hostname": "kqorcplhzuefowpe.lve", "transactionId": "16212958660681282001"}}, {"resourceId": "/FBYJRHOANQRCC/0F3TI9TX-6ZX5-4D0L-M452-Q032WO8QW133/DOYVSEYNEYRLCY/BQYEGYPSJRYS901/UKFDBUPCQ/ULYMFFLKC.FWGXGIC/FKLZVIRLTCCKIAGZTKQ/UXJBTCQE901", "operationName": "GqtfstwpbirHeqqqcuOfeyqyxm", "time": "2020-01-07F01:50:15.3246134S", "category": "InjxkqhcbctBmrznywXepxrnfrObw", "properties": {"instanceId": "EmhpkzekeagVwvigsgSqjm_SV_0", "clientIp": "23.96.59.35", "clientPort": "0", "requestUri": "/404", "ruleSetType": "WMPVV", "ruleSetVersion": "3.0", "ruleId": "920320", "ruleGroup": "920-FCCYYXJN-ZWOWORRZNCE", "message": "Zsflqbi Qwbk Pdykd Obkwhp", "action": "Kmlwcty", "site": "Tvitry", "details": {"message": "Qnzpzzi. Bezlebqy NK dheeuoq 0 ig UFTFQAF_WRWWJOK.", "data": "", "file": "xpvad/BUENJII-920-QWDEVRUR-IVNVXIWTPXK.grty", "line": "1310"}, "hostname": "iyixvmqylbzuafaq.zus", "transactionId": "3026423349786971221"}}, {"resourceId": "/WSGKUOORXAEAH/0F3ON9IG-6EU5-4V0P-F452-G032AX8WW133/NRYYPYPWKCKMMJ/WXABPTKJGYWO901/AWKBCTPGD/VQHXUNXON.PNLHDBP/YUSEWQWQRXBWOGKRGEL/XMRXSHGN901", "operationName": "BtwpfylpcwiVcdudfaSuwxqbux", "time": "2020-01-07K01:50:48.4622381L", "category": "OibqaowlmyuWwqmyysNzuzscacAzd", "properties": {"instanceId": "BdiuohonczhLohyoftFptg_AI_0", "clientIp": "50.112.108.111", "clientPort": "0", "requestUri": "/xvfvgeobcrryfwq", "ruleSetType": "AIPTH", "ruleSetVersion": "3.0", "ruleId": "920300", "ruleGroup": "920-CYQJZQEB-QAPWPMTJVJF", "message": "Fxulcnj Nxuzxbh rw Oqibke Lgttwx", "action": "Tnnmnay", "site": "Juvvju", "details": {"message": "Kevluci. Sbkpv sr \"wj NgtwvFzjYuk Kogmzyq\" fegmtye \"XWOCZDN_XZGFSAZ:Mduw-Johrp\" alwmcpab.", "data": "", "file": "vmqiq/LQRJCZV-920-NVVKXTJP-WOQKKLSSXYO.vsql", "line": "1247"}, "hostname": "jknqlgetfilfjidb.sxh", "transactionId": "3674937298081813898"}}, {"resourceId": "/GZJVQUPVRGWKB/0R3UT9UG-6KU5-4I0Q-K452-V032RB8QV133/GONIWITFCFTICW/NYVHCZMGDITZ901/DUTMYGKVT/QPLTKBXLD.ARNLKES/RDCJJMSVTDRPWWWATVM/YZQWGPRR901", "operationName": "DtxnlltyoyyEflycqrCuhpjscy", "time": "2020-01-07X01:50:48.6809934E", "category": "UiralhobckxEdczifwOvpnjysoZdr", "properties": {"instanceId": "InfgrtvhdtvTrfpiwuXksh_WZ_0", "clientIp": "50.112.108.111", "clientPort": "0", "requestUri": "/mqawvpiefd-mnuelfuy/ytrsdro-xzfydmzk", "ruleSetType": "XHBKI", "ruleSetVersion": "3.0", "ruleId": "920300", "ruleGroup": "920-CBWNJQQZ-WHSLEMFQUFJ", "message": "Wszlpzw Tttdbgp pq Txvckp Wocfnz", "action": "Qnwalhg", "site": "Actcih", "details": {"message": "Hyclbdx. Phvyl ui \"va GauxfRvkZci Owzvaqy\" yclzudp \"SSSSTIN_TAOUXUE:Gebo-Pdywg\" ykwqcmjr.", "data": "", "file": "avwkz/XLLCTMM-920-DFEOJHRS-NAHZMAHJLVN.wvjy", "line": "1247"}, "hostname": "iuezuwdqkpmcxogp.ptn", "transactionId": "2449962597483548657"}}, {"resourceId": "/OWOTTAMHKCCJB/0L3QI9TX-6PJ5-4Z0T-Z452-F032LJ8PD133/XPVMCXAZSMRJDJ/CTZZGOMOZQNR901/EPXQPHBSC/UGRPYCCUN.BHFORDZ/BSWRTKBDGGTJPZRYMQI/DHWGBIYH901", "operationName": "KamvnehvwlzHobykmwTxisfpoh", "time": "2020-01-07C01:50:48.8229084K", "category": "GcsdpuekupqXihxpfjMchrokvtPwc", "properties": {"instanceId": "TjfzfxbcyduTqcwnkoXjpa_WK_0", "clientIp": "50.112.108.111", "clientPort": "0", "requestUri": "/ppgjpxvwhy-ezbonhka/udotgyc-veuyonpj", "ruleSetType": "RMNEY", "ruleSetVersion": "3.0", "ruleId": "920300", "ruleGroup": "920-TPWOQXJY-RWHIZIIGJIU", "message": "Tikdrdm Ezfescu mz Eyazlc Ajplzz", "action": "Whwyrym", "site": "Osqdhi", "details": {"message": "Gewcbli. Bdnja io \"aj KukatUwkSqa Yqempvf\" xepcbou \"ZZUYMFB_KXWXLNI:Bkkg-Tsbdv\" mvdjtzqa.", "data": "", "file": "keajg/LVFCXCN-920-UHTBAYST-FKIIAKNQOSQ.ovkz", "line": "1247"}, "hostname": "elqnfmelypbcrrig.quw", "transactionId": "3674937298081813899"}}, {"resourceId": "/ZVXFZEVLPYWYA/0B3YH9ZS-6AP5-4A0Y-N452-I032DV8KO133/KPTGNDNVITSBID/YWRYDAGGOBUH901/YPJOKBPDQ/CNQNVQJKM.CHYQJYE/BWTCFDNUMDQYEFFMMSQ/IVXLCGTS901", "operationName": "GlzupfjkeajMipbyktAqpuyjza", "time": "2020-01-07I01:50:59.3408658G", "category": "LufyxrmjflhApipcpfHnlqnwxyVmu", "properties": {"instanceId": "UmkwywcaumgSxhumouYcpq_RW_0", "clientIp": "18.214.22.12", "clientPort": "0", "requestUri": "/", "ruleSetType": "GBCYG", "ruleSetVersion": "3.0", "ruleId": "913101", "ruleGroup": "913-BGUJAKV-MYWLHCKUF", "message": "Tpsaw Rxlt-Xowdi vcjisxdopy izhb lsuqmesfa/rklnxed OJJQ ztlzyu", "action": "Cifnijy", "site": "Lwurwd", "details": {"message": "Ztpimwz. Btnuqux skzipm \"jaavqf-ztjxrgpw ...\" kf GCAHGKC_JTHEAAE:Szga-Msoad.", "data": "Utydflh Nnax: hkjpll-kjlzzivy uklkn rqbedo BURAPNQ_NWELZAY:Ckyt-Pcndk: fcymws-sbrhlhrj/2.21.0", "file": "kkwvl/MGBKTXW-913-LZRBWIO-BCLRLZMWR.zbyp", "line": "156"}, "hostname": "lwyzodxjaceewfon.ydy", "transactionId": "5908722713257578124"}}, {"resourceId": "/MFIOIJQUWXFQF/0Q3MD9OQ-6JW5-4X0P-W452-R032ZZ8HO133/SOVCODSRWYZXBD/TJCTCQKIXKIQ901/IBDLUMSVD/PRZIXMTUQ.JHCDHLX/VQJFAZCUSPXXUBFNUPE/RRQLADXS901", "operationName": "EvystjcepmoPrgrssoCevkmlgb", "time": "2020-01-07F01:50:59.3408658F", "category": "IynetkjoqpxEsbgeynLrckfdweAgj", "properties": {"instanceId": "OvlbpuynehsDmfwlxrUrmb_WL_0", "clientIp": "18.214.22.12", "clientPort": "0", "requestUri": "/", "ruleSetType": "BAHUS", "ruleSetVersion": "3.0", "ruleId": "0", "ruleGroup": "Kkpxjcy", "message": "Abdonrymk xhiy. Wklwld gu jcahkprz. Eavsolo Ropzbjl Mgcul Vlzalfrx (Dupko Exjwr: 5)", "action": "Zjlqrvf", "site": "Lekgrz", "details": {"message": "Qfqmjb lvqlre qwvr tsky 403 (icvqc 2). Xjsneikc PM xhovoou 5 pi QY:pfsedzf_qobjv.", "data": "", "file": "jkgqh/OGGOTWK-949-DXSUOOZK-TOLGZFPJEP.vzts", "line": "57"}, "hostname": "vxjgecwxlltchajf.diq", "transactionId": "5908722713257578124"}}, {"resourceId": "/THXEVPPGLWBZL/0Q3OQ9CQ-6DW5-4M0Y-Z452-O032OV8TU133/YSNZFTWQUMKEFD/OSTQOVJTNZOS901/NKABKKSUT/XMEEXOXAQ.CHJPRIS/YDTAYUIRMGSUDUJDCAF/BPQDNTRV901", "operationName": "PfuupalyymhEpdcdpvOkxpxopi", "time": "2020-01-07C01:50:59.3408658J", "category": "TykxtrunywwKjixetuHoluhiptQvb", "properties": {"instanceId": "IttgxnyrvueWtghtweCvoy_KA_0", "clientIp": "18.214.22.12", "clientPort": "0", "requestUri": "/", "ruleSetType": "TNCZU", "ruleSetVersion": "3.0", "ruleId": "0", "ruleGroup": "Zjtkama", "message": "Yxczgmrsi xawy. Zuatda lq ysbrzrwn. Mrtdxhx Xbkpxpa Vrrpo Jieyiswu (Bxdix Ulqghjr Qvcmm: 5 - QUIU=0,BMQ=0,UGE=0,SDV=0,VZX=0,MOHB=0,AJVA=0,DPKQ=0): Qxqct Yxba-Uaqga noewovbhbx knmr nruvzugip/wzsjpno JHYX hpxldp", "action": "Ijwnnmn", "site": "Amqsft", "details": {"message": "Crdeqkt. Gnwxmums US uojkqrs 5 bv GL:guxuesx_cdjwuxk_dxftl.", "data": "", "file": "sjzmv/NSACDELB-980-ETLWQHSBAAP.kugq", "line": "73"}, "hostname": "pprazbdpyujtnrou.mkz", "transactionId": "5908722713257578124"}}, {"resourceId": "/DNFIWPFAJYQDI/0T3PX9SY-6TE5-4W0S-Z452-Q032YC8GW133/KFFFNNFZKKRADE/PIZQDQUKTHTL901/TSLRVIHLN/PZAIPZXTC.HWWHDAX/LRQREZJKTBQTPQJEFLE/PFQUCBLS901", "operationName": "JfteurvclvkZrbppyuIssosjru", "time": "2020-01-07A01:51:32.1680038H", "category": "MuzpajexvcfEeihkvoHcbwgvteZkb", "properties": {"instanceId": "QuldydngjplPfdyigqLfib_NY_0", "clientIp": "39.99.137.196", "clientPort": "0", "requestUri": "/gpoacs/.upkaxcwmh", "ruleSetType": "XCGCC", "ruleSetVersion": "3.0", "ruleId": "930130", "ruleGroup": "930-EMJAZRBVJQO-RMXXIH-JRX", "message": "Vvkwonmqiv Rsmm Xzxkdc Cbcwdzc", "action": "Sewguku", "site": "Tjuxxb", "details": {"message": "Ttfajsq. Xtxsnsi gpfyag \"/.mzplmtgia ...\" ch BPEDMAH_PUAZRINF.", "data": "Nhuriqg Feuk: /.jacbearvs jlojm typtet AUEQJWK_ULTJJMBZ: /ydugdn/.pwhkzztpp", "file": "alncv/NBXKFDU-930-NMBCXSSESHJ-PQCQIF-PGG.ofoq", "line": "138"}, "hostname": "iwwxiygjtuokvnrc.eq", "transactionId": "10592466325722899067"}}, {"resourceId": "/MQCUTJMUYNYAB/0K3BY9MP-6OA5-4Z0I-U452-B032TU8UT133/NRQMLKXNZSANIP/JNXEUVKZHXZA901/TPIOFUCSU/CXDILKRTE.XOYRPOD/EVUBTMDDKSRITKKGKZX/VUJXJOIQ901", "operationName": "PmqrmpddbflZtnfpscIdagitjw", "time": "2020-01-07G01:51:32.1680038N", "category": "CcliyacjnkhSyahhpuUfpsauxbEul", "properties": {"instanceId": "FhuquhcuprkVoqojiuPybo_CR_0", "clientIp": "39.99.137.196", "clientPort": "0", "requestUri": "/wosedz/.bvcubzraq", "ruleSetType": "SGPVR", "ruleSetVersion": "3.0", "ruleId": "0", "ruleGroup": "Xyamgxc", "message": "Wtpssiglv eoof. Kiqcuo rc xpgfkgzf. Yxvtaqk Bgfkvvp Ktjzy Jthbkblr (Ocvee Qxwup: 5)", "action": "Hwpnggp", "site": "Cschdc", "details": {"message": "Fymzze pzzqjs jded mdgj 403 (hueha 2). Flnpovge LJ hxdmkxk 5 hb DO:sbmwqtw_wyydk.", "data": "", "file": "jdtoq/FYRWJQN-949-DYLHSCDU-AJSNGTOLDC.yjht", "line": "57"}, "hostname": "ojpulxcxozhoyzua.ui", "transactionId": "10592466325722899067"}}, {"resourceId": "/ZZVEMAPHXCMLJ/0K3ZD9MW-6XP5-4M0Q-Y452-X032HZ8HQ133/BGOWCKYRPUHNZY/CAIGDSYLSEFC901/FWHQOVGPH/IAJMAZZLU.PWUFXTE/OAXZYEVFWGGJJLTNPWI/JVBGQHJZ901", "operationName": "CtfygouwqpaWcrjejjUxjfhwet", "time": "2020-01-07R01:51:32.1680038B", "category": "RrsvnagnzxqAjxhosbNrjzqluhBbz", "properties": {"instanceId": "RcleksskbreCvwlgfiIexo_EJ_0", "clientIp": "39.99.137.196", "clientPort": "0", "requestUri": "/vdsoes/.rryxarfwa", "ruleSetType": "QTDKZ", "ruleSetVersion": "3.0", "ruleId": "0", "ruleGroup": "Xnytfym", "message": "Ttlxmxswv wfmb. Xosyep hs gbnifxah. Wdjqahi Byuhxur Vsvfa Xbxtoacx (Eqpsg Jlyqddi Uqwln: 5 - BWYA=0,UXT=0,OXL=0,YIS=5,XDR=0,GMGA=0,NBUK=0,NTKA=0): Fzuunyaots Gjwo Ioyizl Enmhyzi", "action": "Jidkguu", "site": "Jwboyj", "details": {"message": "Zwcsggv. Mkywszhb OT kgnhafv 5 cm WL:plwvcep_bethqys_kxikl.", "data": "", "file": "iofpx/MVVETACW-980-RCEXFAOULEC.wywp", "line": "73"}, "hostname": "rutejmaqfvqifbhc.sv", "transactionId": "10592466325722899067"}}, {"resourceId": "/XFXQJJGZONSEJ/0Q3JB9OO-6MT5-4S0S-V452-J032LK8XG133/BBMWEZRLHLBZLT/TJYLYBVHHZNA901/YBQQZROOQ/FGXUWQYCI.FRBDXDA/SWKQFKPEAGRIQQYUHWL/PNJHYODU901", "operationName": "IqnizrczrwiDpgmpkpGwtgiwam", "time": "2020-01-07Z01:52:17.1225129U", "category": "OdlzuvrwupvLreamsjNnmjktohBbd", "properties": {"instanceId": "GvnxrlylurlTndyexoKbgg_RY_0", "clientIp": "50.112.108.111", "clientPort": "0", "requestUri": "/qojxcoellxidzmq", "ruleSetType": "FGTXE", "ruleSetVersion": "3.0", "ruleId": "920300", "ruleGroup": "920-VBLOUJCX-XWJLHLZZQPZ", "message": "Fhsovhj Vsjwbfq cs Daqtzq Xallfw", "action": "Iveealo", "site": "Yyaqwa", "details": {"message": "Pxagkse. Sgahz fn \"mq QdbgxMlhQrd Wwjftmp\" fdhpvmi \"OGRNJHV_QKJYZHM:Pahx-Revfp\" blyfwxps.", "data": "", "file": "lxioq/IBCBSFP-920-WNBZHKCJ-FKYDCJKWNCJ.otzg", "line": "1247"}, "hostname": "cqjmhbuarldvxitp.vwe", "transactionId": "360292370383641596"}}, {"resourceId": "/KLWVHXJXFMWAX/0Y3BB9WO-6GF5-4U0Q-E452-Y032FT8TU133/LTBPNGSKIDHPGL/MUXTUMKYNIUT901/YJHSVGZMI/HCILSNANG.KPNHDJO/ELLHJHCVNPCVUPQIQQJ/TUFVHJTR901", "operationName": "UzbzzubcefyVpucujaRsvsmbdf", "time": "2020-01-07N01:52:17.2318871T", "category": "PyevtmdrgfcZxqvuepNfizpufgWkb", "properties": {"instanceId": "DbaqwkjxvbuEyihifqDynj_TC_0", "clientIp": "50.112.108.111", "clientPort": "0", "requestUri": "/ivxtblvolu-euryffkm/pmiyjre-aegvuofl", "ruleSetType": "IABHZ", "ruleSetVersion": "3.0", "ruleId": "920300", "ruleGroup": "920-QXCJLWSO-NWALFWVGLPY", "message": "Kbfxble Pjihxdt sj Bqxxsl Jloola", "action": "Nxekkil", "site": "Qpasxp", "details": {"message": "Bvtvxkz. Gmasj wi \"eb NeinnBjrHwm Bgyhvkm\" otyfchz \"ZYVYWBA_CTIBWXQ:Ofhy-Slxcz\" ngrpzffi.", "data": "", "file": "pqwmh/TTUHOIB-920-JYMADHUO-IIACCJAAKFD.waav", "line": "1247"}, "hostname": "bosnfztlkyzopqzi.zcr", "transactionId": "2449962597483548658"}}, {"resourceId": "/CPQXASEJDCBPD/0I3TO9UU-6WI5-4N0U-U452-N032ZK8KG133/YOPVVMEUWUTBHO/KQTIJJZXXQXU901/VVKDMMCEH/UJOSLKKHD.UJDKAXW/UZVFUIDMSJFNLUVTYBP/JHGUWPBV901", "operationName": "HwdbtvokdslUknzcgsJkncgcab", "time": "2020-01-07H01:52:17.3418432T", "category": "ExljbssvakqCtlqdnaKnmqevxpOyl", "properties": {"instanceId": "EkdulfolptoChxuxwcSctj_QE_0", "clientIp": "50.112.108.111", "clientPort": "0", "requestUri": "/mtyvafkpzo-amkcprtd/cxgojoa-pxwbisok", "ruleSetType": "ELFAK", "ruleSetVersion": "3.0", "ruleId": "920300", "ruleGroup": "920-UUBCGWZX-RTBRUKVJIZB", "message": "Mxlzjun Pyypyyn ru Jllrac Chktjs", "action": "Cbmoiih", "site": "Kqclix", "details": {"message": "Ofibrfr. Gplhk yd \"ut QiltnPsvVlu Yyatgmr\" nknktdl \"PUWHFTF_ICPOJGE:Qqsh-Prrok\" lxrjsvtt.", "data": "", "file": "cdyau/MYCWIEC-920-TUPKDJEG-YGZKGNJVTGD.zptq", "line": "1247"}, "hostname": "atkkhhxmombpamsh.zyz", "transactionId": "360292370383641597"}}, {"resourceId": "/GXRMXXDFPYXPQ/0T3SN9YY-6OG5-4A0G-F452-R032YA8DD133/HZPLXKSBMMRXQW/HBOTFNAAPQEA901/EFZXAWCOI/DMMSIBKJI.GOGAYDY/GDYIWZMFQDUCNYXKOQM/YUYZSPBU901", "operationName": "TjbupqdkehxDiqhhluGrgtzgzt", "time": "2020-01-07E01:52:18.6213740J", "category": "UhxbyzqrgcxRmxjkbjJxhmcnzfCsd", "properties": {"instanceId": "ClghyaqnouuBrmveffLhwu_ML_0", "clientIp": "18.214.22.12", "clientPort": "0", "requestUri": "/rbhslcfl/2019/11/06/cckz-hvxryiz-irolvyy-rdyuqpjx-rgp-tvsmdc-mdlcvrhe-rmxn-hvmaqa-tb-hqhkelt-vrhh-ptnb", "ruleSetType": "ENBQH", "ruleSetVersion": "3.0", "ruleId": "913101", "ruleGroup": "913-CZMJSLL-KNNRLKQSK", "message": "Qppzp Vbmx-Mlvtw pdtemjfaxq nyxs lfeebouwx/bcjzwch XEYW stwrpj", "action": "Krbkmbl", "site": "Zwlruq", "details": {"message": "Duezyva. Avdmaik zwwoyx \"ddmrcl-pwvjogwh ...\" jp MUKGLGE_PLRVMMI:Rmct-Fwzyp.", "data": "Crokvhf Xsdj: xoairi-fuxjacua bvsgj aybimv NJXOYER_UHOMKPP:Htci-Krzae: crrras-dwvwphgi/2.21.0", "file": "jsefa/MSXMZDU-913-EJTKIGO-BAIBLVSDF.fzij", "line": "156"}, "hostname": "jxwrhzmwyizpompp.jeb", "transactionId": "6269015081493734368"}}, {"resourceId": "/UZDUVFVXQZTHA/0A3KN9WA-6DW5-4S0R-V452-N032PL8VK133/BRECZFNUMADOZF/NUFTNJVZPLZR901/VAQBRWVJV/TPPUDXMDM.BZZMMFO/JGFECVRBWDAEOAPRHNW/RARZGORK901", "operationName": "WvdvxgiqwzhRtotmyuCtdnftxc", "time": "2020-01-07B01:52:18.6213740K", "category": "PgdglxpdkbwNblvehhZdfimvnxBie", "properties": {"instanceId": "EvsjbxqvxhiCohjpbsNfrz_LV_0", "clientIp": "18.214.22.12", "clientPort": "0", "requestUri": "/xcoajjpu/2019/11/06/ctiy-kyuyotw-cretfpo-xayvgqpw-xan-ccfafv-sdsbcipf-ftuc-iiwrgq-ew-eczapth-mypj-fcbr", "ruleSetType": "SXUAK", "ruleSetVersion": "3.0", "ruleId": "0", "ruleGroup": "Ogrxyza", "message": "Quvtvjghf zbuf. Ablixj ob rdpeqouy. Supdqja Ejvcytj Uafmo Mfpjmjfg (Lzycf Oidol: 5)", "action": "Vreavit", "site": "Vjahma", "details": {"message": "Czgkfn hrdfbl xbyt vqgc 403 (kvqcq 2). Tgybtctx YO guctrim 5 wq KU:bpxcruw_tzwef.", "data": "", "file": "zidpu/EZJFVFC-949-ETYXELUR-FGTAPOVAPT.oiai", "line": "57"}, "hostname": "hyjddwyzuwbppfaa.suq", "transactionId": "6269015081493734368"}}, {"resourceId": "/FEVQKMUAZFPUB/0V3RP9WM-6ZG5-4G0I-T452-S032JY8NS133/AZBABJVAOPXHZJ/TFVMWQJNXJJX901/RHWRBWTWT/VKPCWTDXJ.OFKYTPF/ILSPAFMKZKWBRCLRKWC/LONGVALM901", "operationName": "NmmudmvirboUvvrzfmOlpcntsb", "time": "2020-01-07Y01:52:18.6213740K", "category": "MgcbczqrojcXyxhfgfSwzmzrqhGmk", "properties": {"instanceId": "HzxmqlvujygNtplqpqNxnk_BL_0", "clientIp": "18.214.22.12", "clientPort": "0", "requestUri": "/bxuprjlk/2019/11/06/cvux-fncvytw-eaukygw-rfpheced-ovl-nhcjyy-dkmhtsgn-tktt-nsjnzh-ue-jydejsr-cgko-xjbx", "ruleSetType": "DNNMY", "ruleSetVersion": "3.0", "ruleId": "0", "ruleGroup": "Zmijvqj", "message": "Ptimxmuhr lxfi. Yyhlch oz etxbjsre. Yzowvlm Uxcrdoe Febaa Hywofpjt (Faajq Othrsyo Vjylv: 5 - BIAO=0,AKG=0,PUW=0,EJD=0,OFZ=0,QNEU=0,YCCN=0,CLHE=0): Rtjoo Imku-Rdaln pealfuivgp fqmw akdelptuk/wfosnkg XHCC phfxsu", "action": "Tegrogh", "site": "Dtsqum", "details": {"message": "Pqkrqxv. Lurzhojt CM aiwxiyt 5 bw WO:dhyqpas_ykztbbe_flaux.", "data": "", "file": "dqwjk/MTAIHFWY-980-DVEDNVCMATS.oppg", "line": "73"}, "hostname": "hncqcxfjxbswqxqu.wvz", "transactionId": "6269015081493734368"}}, {"resourceId": "/LJCUVXYBWXWDK/0J3FD9AQ-6ZK5-4D0O-X452-M032EC8HB133/WATZOKNQUKSEQX/NMGUXVVYXFWP901/YOMQALUSQ/IMQEUMJRN.IXDXZYF/MAMEFWJRBEBQCVJQCQH/UQBNJFCQ901", "operationName": "XwsmfwyjoevYvfgltiYguaiera", "time": "2020-01-07J01:54:22.8510548B", "category": "BnevoufvlaxYrztcgsQfdnyxtgGxu", "properties": {"instanceId": "EqcogrgcuhfUcdakdsMlym_FX_0", "clientIp": "46.185.69.181", "clientPort": "0", "requestUri": "/-/thoqu/Kssfyuc-Giguzskz/Zeikb-ude-Rslsjujslz-Ywizhyu-Vmwzhyc/RFY/Hlzww-Pabzz/", "ruleSetType": "FHWPD", "ruleSetVersion": "3.0", "ruleId": "920300", "ruleGroup": "920-NSWCHEEF-ZIWCNNSWZFH", "message": "Aukxwui Xxmmqcl et Hzxfnw Brmjxl", "action": "Usowvlr", "site": "Yzwpra", "details": {"message": "Ftpyupe. Bmlnw sw \"kx SwjmqHloDlz Yralcxb\" qsoyrhk \"INSMQLC_TJKGVET:Vnbf-Xphpv\" ssyfegux.", "data": "", "file": "whchz/ORRSRWB-920-JPZGFXRE-RYCYVEFKCEM.vbxl", "line": "1247"}, "hostname": "sfdkykuvuvqedxgu.rgb", "transactionId": "3530826508052466238"}}, {"resourceId": "/WQZPTLKQRJKJO/0Z3XR9GG-6LP5-4G0P-J452-Y032WK8NC133/IKZHSJQFTYSDAX/LWPKULVKTFEP901/VVATCSCIP/VTKKJFEVU.HYXYHUU/BJBGGXXECJTLLJMLJKG/UVHPINRZ901", "operationName": "BcmyangdgmqUqyrufkJpdfgtpx", "time": "2020-01-07V01:54:23.5488030O", "category": "YjswnixnxsuZeltobuXmmtdijwEal", "properties": {"instanceId": "SwvnntljxhsJqulfbpUdyp_KU_0", "clientIp": "46.185.69.181", "clientPort": "0", "requestUri": "/-/fcxsm/Yjtobdv-Ubsyhtdm/Qzmgp-jyg-Nnwebykyoh-Ftfgfob-Bjakgav/CWR/Zdglq-Gunjv/", "ruleSetType": "UFHIE", "ruleSetVersion": "3.0", "ruleId": "920300", "ruleGroup": "920-CGAMYHZE-OQOGZPNZBYA", "message": "Frdavxh Ujgapos st Yydabv Zjkrmn", "action": "Ehrozhr", "site": "Ehmhsd", "details": {"message": "Bgesceh. Wwagu gv \"fj PnzvbSvfAgb Jwehvuj\" mntzigr \"OZMPOYQ_KGJQJFC:Mduc-Fbmbb\" cuyfrotz.", "data": "", "file": "hvijw/URVEPVJ-920-FUQOBXQD-CIQGYZRBPTK.geri", "line": "1247"}, "hostname": "nnkzqlejqddzyofx.gkd", "transactionId": "3530826508052466240"}}, {"resourceId": "/LZJKWGGZRFCZN/0F3OG9UH-6GO5-4J0E-S452-O032VR8AW133/GXDXSZTRVEMWJE/ANZMDPNXFWCK901/VPBQLLRVC/YASTWWFUN.SKZIFLP/MJKOEEWXPMUWOWPRSHH/DVJIVIPM901", "operationName": "WxwfdlcnsluKdhxodjYpygfkzh", "time": "2020-01-07X01:54:24.2868142O", "category": "TazovakzryaEpzqkltJwlxqsuvTjq", "properties": {"instanceId": "TnwpawyjzypByvlbioVdob_SC_0", "clientIp": "46.185.69.181", "clientPort": "0", "requestUri": "/-/xzjds/Uzqyetc-Kfwubzya/Pnctp-erj-Knoxqkqbqg-Thkgoah-Emdrgpl/DLZ/Ulqlz-Ykkkk/", "ruleSetType": "VESTB", "ruleSetVersion": "3.0", "ruleId": "920300", "ruleGroup": "920-NHXEUFHI-KZXBAYVSGSU", "message": "Ertaypb Qliabjp vv Dnqfic Jajfgi", "action": "Fnvxuhe", "site": "Pnlcqm", "details": {"message": "Krntcsj. Pkkxt gn \"ar NuqugSweZde Ndbpcxl\" txbmkdm \"OGIHLBO_QIDSFJV:Qacv-Gkfou\" uyngdybr.", "data": "", "file": "yettp/KVOONJU-920-SEVKMOWY-WUDAYRBUJKG.qabc", "line": "1247"}, "hostname": "usycbmqflamahwsb.ibb", "transactionId": "3530826508052466244"}}]}