{"logs": [{"resourceId": "/ZRHZFUUCGUMZX/0Z3BI9BO-6WZ5-4F0X-R452-O032KV8RK133/INGZABEHKTTYKF/UIEWHPXZRUIK901/DGHNUKSAY/ZOQHPLDDA.VHXFGTE/VKDFLYSMEFCSNFHJYMT/PYSKVVSW901", "operationName": "BsianiyplteRmdiftwLnuxdpcp", "time": "2020-01-01Q04:00:06.4127861I", "category": "KkxgtekqrzgSefkkoeVoncmthvSyy", "properties": {"instanceId": "SynijyoqjxgYiplrguBdwo_DI_0", "clientIp": "35.230.52.168", "clientPort": "0", "requestUri": "/pmvravg/jzixkq-nrfq-zm-ebkkhtze", "ruleSetType": "UYBHW", "ruleSetVersion": "3.0", "ruleId": "920320", "ruleGroup": "920-ZTJWLZVN-SDLPLPTVIRH", "message": "Utycuvl Ovyd Ddfqe Rymtgi", "action": "Fgesatl", "site": "Wnkvjv", "details": {"message": "Crzzofr. Wnctluvi KF hmyzcss 0 bp OJIXTMM_ELSQKHT.", "data": "", "file": "yqjkp/XOAKWKA-920-MPZVRHYN-JCOSPIUCTTO.ggfw", "line": "1310"}, "hostname": "eyagdvqpfqblfnpd.elt", "transactionId": "9223372039002274026"}}, {"resourceId": "/XRRZKTULMCWWH/0I3VQ9HX-6TG5-4X0G-C452-B032QV8JP133/MGARCDILWGBGDU/VSJAWUERZETS901/JBUZXXFTZ/GNHXSNCTE.FRENGCE/VXNWBUJXGGJJRKZRLDE/JXWXBWUF901", "operationName": "YtqbogtflmjBihzonjCyirdjbe", "time": "2020-01-01N04:00:06.8372878K", "category": "WqtiovhuyckQunogjoObjzpuciWxp", "properties": {"instanceId": "LmtwawjpxvsBhhfzycSuya_GI_0", "clientIp": "35.230.52.168", "clientPort": "0", "requestUri": "/wsgcqgi/zwuedn-aqna-vp-pzgqesug", "ruleSetType": "MDBFQ", "ruleSetVersion": "3.0", "ruleId": "920320", "ruleGroup": "920-TUDLDRJB-MFTDBDYGFRY", "message": "Ctedlgu Wwgz Gnlxk Avmiyw", "action": "Slbxjkz", "site": "Keherz", "details": {"message": "Qhdjdaa. Hergqqps YR kxchlql 0 kz LCANHOO_UAITKFJ.", "data": "", "file": "tnnlb/URHNZQE-920-KGSKPUCU-HLMFHDFXBAU.qqjc", "line": "1310"}, "hostname": "ezityjkbfhipdntu.lfr", "transactionId": "13690942869353809737"}}, {"resourceId": "/OMLGTMXQHLQHN/0K3TH9PF-6RO5-4P0P-Z452-N032WJ8NR133/GCHGNITYCNVWNA/WGBBFWOTSVGZ901/YYZQEONYY/QYMKCPLMP.FKDGSXF/GBQXLHIXMHQXVFVSFDQ/POJIEXSP901", "operationName": "NhxsflyqqcgNpgpuitDplvjohh", "time": "2020-01-01A04:06:13.3572404N", "category": "XdyparrprijXyxpxogRyxmebwpCed", "properties": {"instanceId": "CjlujytqqkvEjxzqdtBytc_RS_0", "clientIp": "23.96.59.35", "clientPort": "0", "requestUri": "/404", "ruleSetType": "HNGUA", "ruleSetVersion": "3.0", "ruleId": "920320", "ruleGroup": "920-LUYBPKKS-SQBUDAUFKTL", "message": "Sbvdddp Dccd Cpllk Etqais", "action": "Briuuhx", "site": "Ttavoz", "details": {"message": "Rbkjrtq. Pmbdvlef TV vvqdsup 0 gh XBXGNUG_KXMIVLC.", "data": "", "file": "byvmk/XOCLLYQ-920-GUCRBLJG-HBUWBIAOPAV.ppya", "line": "1310"}, "hostname": "zvfpwdvroqdlelbm.igc", "transactionId": "12033622604527989620"}}, {"resourceId": "/ZPHTZWMJNUVHK/0G3ZI9PA-6PB5-4O0G-X452-X032JO8SK133/IFCBDYDBSEBJFQ/RWEWZEPROZHG901/YBKJYYFUI/BKTTAIPJG.CMWREPZ/NBYTVWFJWBEYSBTGSOO/EANMYCEK901", "operationName": "MqggjnohlviAxzhyihUlbtfoot", "time": "2020-01-01L04:06:13.4353753J", "category": "VexaxhwwuaxWydmdydRmkpymstQfo", "properties": {"instanceId": "TabwozngdhfKrnfpevFfva_AR_0", "clientIp": "23.96.59.35", "clientPort": "0", "requestUri": "/404", "ruleSetType": "JKPCS", "ruleSetVersion": "3.0", "ruleId": "920320", "ruleGroup": "920-CTTNSYWI-YZHGHQWIMOK", "message": "Vkubywj Kvoh Uvgug Uzklwf", "action": "Abahkhm", "site": "Kzpili", "details": {"message": "Zvyeexq. Skfpnolz XG pexwxch 0 sm ZZXQUNN_WMJQTWX.", "data": "", "file": "aoxuz/XXUOLAP-920-CSKFSUUN-RZBJJJLPZBK.tpiv", "line": "1310"}, "hostname": "zafjhatmuoawjhny.gut", "transactionId": "4539632824583478334"}}, {"resourceId": "/PHRINHYBUUGJA/0N3QQ9CV-6VY5-4K0T-D452-B032WS8AB133/EJJTWGRPEYIVCM/BKQAAWLLMGYB901/BMKIMZXLD/YUEOVGGKV.ZCEHFKT/XFGUVASQSEYYWDQIJEW/NJJWIPHM901", "operationName": "GdsgbjjxjvbUhyvylkWydmmvzf", "time": "2020-01-01Q04:06:58.4770406T", "category": "EffethdlcgjNdcocqiXymkihvrBtw", "properties": {"instanceId": "IvmsqfgfcezKynrahvVtdy_LI_0", "clientIp": "34.223.244.114", "clientPort": "0", "requestUri": "/", "ruleSetType": "KQIKM", "ruleSetVersion": "3.0", "ruleId": "920300", "ruleGroup": "920-CCGUFXTP-ZQCWSJPNCSA", "message": "Bxffqma Smzylkx py Jfqqqf Lgofge", "action": "Bhewynn", "site": "Chtnfw", "details": {"message": "Mfbvulx. Pqboz yz \"ts SinaqLamYre Nzgnweu\" ykfxbxw \"VTVLNUV_XYOOHGH:Ivzv-Tinzv\" ihchzamq.", "data": "", "file": "kqrna/CLCLQLD-920-IPAERZLG-BSAVBSCJQPH.vjki", "line": "1247"}, "hostname": "yeaviwoyolovnhiw.zfw", "transactionId": "10736581513798770203"}}, {"resourceId": "/MJTDUKQQENHEQ/0V3PD9MU-6KE5-4N0T-Z452-A032FV8MR133/GVZFKHYHHBDZSU/SOELWYKXFJAP901/UXTMBWUCX/JQQEECWMP.PXLGHYI/WKBXDWKARJIYQCOIFQB/MHRPQNVY901", "operationName": "UtvxgmnikiaPdiipnzHuzqbivj", "time": "2020-01-01L04:08:02.0377440T", "category": "RejbpfoowvbZljrkrcQsyycncdGem", "properties": {"instanceId": "WqxqtrqcvwfOklpqpqAlwc_OR_0", "clientIp": "5.188.84.61", "clientPort": "0", "requestUri": "/dobrcyjdyhvbloa", "ruleSetType": "UHJDL", "ruleSetVersion": "3.0", "ruleId": "920300", "ruleGroup": "920-ZVCKDELF-WPGSOINCMQD", "message": "Mwzpmho Rckblyw xb Vwkvkj Qkgakb", "action": "Komgmth", "site": "Zrjmpo", "details": {"message": "Ctlokbl. Zcjqx sa \"af KacapRxxDqk Cjjlzsp\" waqslef \"NZXPPFA_LXDNITV:Mgzs-Hsrwg\" gmzcetrh.", "data": "", "file": "ybsvh/ZSHLQKV-920-VNLYVGWE-ZVXWWGUXCKG.fyqj", "line": "1247"}, "hostname": "ybeshplfoyozghgw.jdb", "transactionId": "12033622604527989634"}}, {"resourceId": "/YCGYQLDLNCURN/0U3WR9JK-6UI5-4W0N-D452-E032JB8KP133/BJJMHSOYWNLHHU/TZWCNFNXSTZP901/JNQNUWMBM/ZKMEHGPXF.DKYXZNU/TXQSTHIUNHKUDQBOQGQ/RGIEHEKX901", "operationName": "WuaebjneuvpXnzakyeXvdalqaw", "time": "2020-01-01K04:08:02.3476915V", "category": "CardyjlgdpyKmemzteVtyrndwmEhm", "properties": {"instanceId": "YmkytfipbhpXsomeqgGabw_AH_0", "clientIp": "5.188.84.61", "clientPort": "0", "requestUri": "/pxwmozjzgy-yaqbdrfh/tpbojlz-azyzxcpw", "ruleSetType": "YRKPF", "ruleSetVersion": "3.0", "ruleId": "920300", "ruleGroup": "920-EJEUJTLZ-KGJWJYGPHIV", "message": "Jvgownh Gofclfx fg Jvjmro Wyvjtt", "action": "Jghxwnl", "site": "Qoprfr", "details": {"message": "Khwplaj. Ufall vs \"de HsvzgXmxFll Wxakzli\" gqrflii \"CRLABDJ_PRSERFY:Splx-Ecxku\" emfmfuws.", "data": "", "file": "zatwd/ZXRJBPV-920-ZXXUIEHV-QQRXIABWJKM.rwpz", "line": "1247"}, "hostname": "nafrnpbyfwpcjity.lmf", "transactionId": "12033622604527989636"}}, {"resourceId": "/XROVFIGERSBZE/0P3ON9DX-6WL5-4P0C-P452-P032VY8PJ133/LVNYGLNPYYXPQY/PYTIQUBHAWOR901/ACFMUOOTI/BSWPFZLRU.XHWTDVE/VERZVSFXJHXACYXFMVP/ZUZPANIK901", "operationName": "CgjuwogxqzhTtrcpdqTvmqrkic", "time": "2020-01-01A04:09:07.8088426P", "category": "WxbsqzhwnwhXmvwtvuZnfunqctBpy", "properties": {"instanceId": "HdhomsmzopkKcnhjbqSrqt_CK_0", "clientIp": "199.58.86.209", "clientPort": "0", "requestUri": "/fvxhgg.ytc", "ruleSetType": "GRGKR", "ruleSetVersion": "3.0", "ruleId": "913102", "ruleGroup": "913-XFISTCA-WOPJXOKRJ", "message": "Hyisn Ydmj-Jzhir btghhcnkzk ffax osk qmorose/vxz", "action": "Ivvipzj", "site": "Kdfimc", "details": {"message": "Njszbyw. Nhzpipj sxxfig \"KR12ujp ...\" cl NLARWBI_QQFOQWN:Hbgy-Qbsun.", "data": "Whbljgj Xxbk: WG12ztg hjgoy rojakb DOUKCKU_JOUMYTH:Iezx-Plljv: Chelrmf/5.0 (ppxqflyhhg; WR12nve/t1.4.8; wrib://zc12sqr.exk/)", "file": "oamzf/XUUVLLD-913-FHGVVJI-QHVTMLSMW.liup", "line": "196"}, "hostname": "ymfbpnmqqhvlbyky.ycf", "transactionId": "8718973278783317382"}}, {"resourceId": "/XJRVVYRTUEJWU/0N3KT9HQ-6KH5-4L0Q-S452-K032TN8CG133/PNWVIXSTWASBTT/PGDPAWKUVGOJ901/LNCIVGHLN/DKYGULSHF.LHYFLYI/HXJSALIMDFEKVQSCRVV/YMKJYAUY901", "operationName": "NwvitktptriDdfrkcsYynlygph", "time": "2020-01-01R04:09:07.8088426I", "category": "DehgugvpmivTycqsgzUmzisjzwZko", "properties": {"instanceId": "GistgwsqlqlQshzlycTaqz_SS_0", "clientIp": "199.58.86.209", "clientPort": "0", "requestUri": "/cbmwpj.xsb", "ruleSetType": "THIWV", "ruleSetVersion": "3.0", "ruleId": "0", "ruleGroup": "Ukmrhch", "message": "Hndujyztp ykxk. Hcddxu xp xpftinyn. Ttqdbtf Ufhzmnu Axchi Jrhprrkw (Espwg Bjypr: 5)", "action": "Kfvwgte", "site": "Lzumfo", "details": {"message": "Shwqgp iraecu acco kchz 403 (crkdc 2). Mhujhlib DM pbfenmh 5 ny ZG:tbkwbjm_jswii.", "data": "", "file": "zfnvg/OTHBPXQ-949-NUBAHYIU-MRFTYOCRJY.ngwu", "line": "57"}, "hostname": "iqnvylauewrtoufp.ygx", "transactionId": "8718973278783317382"}}, {"resourceId": "/LGNIXMTIHWSVM/0P3PB9TB-6QS5-4P0W-J452-O032ZF8OG133/XCBBXZKFZTVAUE/TJWEYLRTMZIK901/ZPXOGRLLW/GEMXGKIKR.FZQJRHM/XKVVLYIHLLQZLNQBPZV/JHCWEZVG901", "operationName": "TkryskrvvkeMhzznwuRydfcymg", "time": "2020-01-01O04:09:07.8088426T", "category": "OqjcfjxrcjcUqahkekAxobxpfvGvz", "properties": {"instanceId": "DztbbfofrrkMhyiejiYriq_KE_0", "clientIp": "199.58.86.209", "clientPort": "0", "requestUri": "/lbgvrl.mfc", "ruleSetType": "MXDQC", "ruleSetVersion": "3.0", "ruleId": "0", "ruleGroup": "Hcdocnb", "message": "Yhdurgdzq pqzc. Pjodio nj yluevjvu. Mrnampq Fqzwhhr Nyqzf Jcsavapt (Zaucz Yxewrzg Dvqam: 5 - PMVJ=0,AYL=0,FLA=0,QSF=0,IRQ=0,LIYM=0,BEFJ=0,QZNO=0): Oxlbw Ywpk-Herkc jdkqwasdvm qkie crr epykaoj/ikz", "action": "Jahqotz", "site": "Pcgicy", "details": {"message": "Uyygbqr. Plfmhiuz SB hvrgiqf 5 gy XQ:ghifcwh_lrqdxdn_wjwor.", "data": "", "file": "idxzm/GGIUYOHK-980-RQCBMQYBJMC.oxtl", "line": "73"}, "hostname": "iipyylvgcpqocqnx.zzi", "transactionId": "8718973278783317382"}}, {"resourceId": "/VPFJWNJHVVROO/0F3YD9OG-6KY5-4T0O-T452-J032MV8HW133/JQUIPUMLMERSGI/ZTOCHMYTGRNM901/VVSBXFUXD/SWNZLQEMR.GWOYSYI/IXHCVXOOYGWEKRUDJHW/KZTHJYDX901", "operationName": "FfwnukrkcjhPbwtfpsDbewhnjv", "time": "2020-01-01H04:16:18.9442735G", "category": "KjbfspwjklaCkevammWbcfakddUts", "properties": {"instanceId": "YnvmqmhnyzhPglnokrUajg_MG_0", "clientIp": "141.226.36.70", "clientPort": "0", "requestUri": "/", "ruleSetType": "CIRBS", "ruleSetVersion": "3.0", "ruleId": "920300", "ruleGroup": "920-BZTCJZBB-ZCLFODXKUBK", "message": "Xfxogim Bwtabgv vj Wkrwjl Cytkpa", "action": "Tnesnas", "site": "Jtbzfq", "details": {"message": "Mserwhb. Dbehd av \"jg DqtzrNphMwv Bdeaelp\" cktlexv \"FQFYNTN_ZHVHWZD:Jeap-Dhpky\" zpeklayv.", "data": "", "file": "gfxml/ZVNVUOJ-920-DLPDANLA-BQJMPPCBTSM.iqzg", "line": "1247"}, "hostname": "kvkmyemuqkfzeled.wto", "transactionId": "16861485803115662725"}}, {"resourceId": "/WSIPPBFUFUJKN/0M3ZQ9YM-6HL5-4P0Z-F452-W032NH8HJ133/NZOCAXQZKSLWNI/VRIWVZOGQMHG901/NZCJAAOXN/JGDCULHKI.WZDSDXD/LYNCODCDASWYMKXUXQE/CTBFUJJJ901", "operationName": "NweclpkleqdPignqbfOdlppnuq", "time": "2020-01-01N04:16:28.1419015L", "category": "WubylztfvbdKclhyquSmgtxfrhFpu", "properties": {"instanceId": "KtgrtteaglcLljmnxwVvet_EY_0", "clientIp": "23.96.59.35", "clientPort": "0", "requestUri": "/404", "ruleSetType": "INDFV", "ruleSetVersion": "3.0", "ruleId": "920320", "ruleGroup": "920-KCCEHRQN-WPKSOUZPHIH", "message": "Zjlqxjd Xbkg Dcgok Pgsgta", "action": "Ulavfir", "site": "Lyfimo", "details": {"message": "Qkeolci. Tqkewohz UW hyiwxrf 0 kl HNANYCI_RWDLGVL.", "data": "", "file": "owtkb/EQXSHBV-920-KLCMUXRB-XRWUWMJDJQX.qehs", "line": "1310"}, "hostname": "cobpunazfjomeyex.wpp", "transactionId": "4539632824583478370"}}, {"resourceId": "/QGRMJXWFFLKHJ/0Q3GU9UE-6WU5-4R0V-V452-F032WC8UT133/DTCSBIWZVCIKHE/XABDKLYKMIDR901/BAWWMUVDM/RYIPGAKHK.DOLSPDB/NWEPDHXRFQXEEDLLFWH/KJIPYGTY901", "operationName": "GyrmqlljydhJpprpfpKawwlnad", "time": "2020-01-01B04:16:28.2225987W", "category": "MdtztjcwcpqJgkaixmMrsiyxgnMzs", "properties": {"instanceId": "OlqaojbrozbLbrzlxwOwwa_TF_0", "clientIp": "23.96.59.35", "clientPort": "0", "requestUri": "/404", "ruleSetType": "SFLVZ", "ruleSetVersion": "3.0", "ruleId": "920320", "ruleGroup": "920-YPSWPELQ-YWLAPJTZHZG", "message": "Psffcfb Szgs Rcjji Lzohof", "action": "Irxsyzs", "site": "Ejgktv", "details": {"message": "Dnyyfuw. Wektqwtb JE ccgyawq 0 cc LLUGICM_UJRPWXP.", "data": "", "file": "owdzm/XCZETMW-920-SFIFSGHI-AUSMVYUAOAL.dpyz", "line": "1310"}, "hostname": "qzynchujopskoozx.stq", "transactionId": "13258606101219261566"}}, {"resourceId": "/MXLEFLDVKKFOX/0O3RF9XF-6DV5-4R0E-Q452-L032HU8QO133/ONLLOHUYJBHGWF/PNKALFJYRHKG901/CBCZKERLG/VFHYVYPQK.BBLDPTC/CNTTODXNEPATVNKDQSA/BXZZHIKA901", "operationName": "RelucvxyqhfYkvkzgkIepkqqud", "time": "2020-01-01W04:16:40.6834280W", "category": "DaiudkgxzlkYtilknhUmlhpsiwVwl", "properties": {"instanceId": "ShyxpvszfpiOffclucMiet_GQ_0", "clientIp": "185.66.108.226", "clientPort": "0", "requestUri": "/", "ruleSetType": "WPHCF", "ruleSetVersion": "3.0", "ruleId": "920300", "ruleGroup": "920-SMVOUZPG-VTRLYXIQYGA", "message": "Kkcalii Zeobdez vs Lusmva Ximztb", "action": "Jkkkulv", "site": "Rhglwy", "details": {"message": "Bysrkuo. Fsaon ko \"lw YlhalNioVrv Nwjvwqe\" iutswai \"GKVPGAX_DZXJPDP:Jost-Fxkag\" zcgetchw.", "data": "", "file": "wvhqg/UOYSRWG-920-IUSCZRIJ-RYUBLSNEYYH.puxm", "line": "1247"}, "hostname": "theobglbjmnepsfg.qhn", "transactionId": "5116093576886917842"}}, {"resourceId": "/WJLYMUJFCXWHQ/0M3NW9NW-6HZ5-4K0Y-G452-V032LK8WY133/UYNJZUMCZPVWUC/PLHKVJPUTUDG901/MFXQTJIHX/TZJPIOBVQ.KJXBXHN/JRKOGFFDYCYUGOVYDDC/QWPYYGXU901", "operationName": "SnrnainupdgKyfnampJdovaubs", "time": "2020-01-01V04:16:42.8069204S", "category": "VefrckhmykxPsfokvpPjpwgbhvUfy", "properties": {"instanceId": "OwqaxlnvdciRkbfnvjOajz_KF_0", "clientIp": "185.66.108.226", "clientPort": "0", "requestUri": "/", "ruleSetType": "AFXGH", "ruleSetVersion": "3.0", "ruleId": "920300", "ruleGroup": "920-NPPNDWUB-SDBGUJNJXGH", "message": "Mlyehaj Fgxitsm qq Cdhxvg Oqgoqb", "action": "Sglquum", "site": "Nfcpbi", "details": {"message": "Dkyvmrq. Wcyam lj \"vu UcsacBjzTge Kkhzsys\" vamqjzm \"MMASCEC_WAJIJET:Vdbw-Vazvf\" eljjrelg.", "data": "", "file": "kgzhn/SJMYTPD-920-DTLWDMYI-OXUDUUUNTYV.zjxg", "line": "1247"}, "hostname": "zzjdjybbiyhyxowe.flr", "transactionId": "5980784705342061629"}}, {"resourceId": "/QBIPQLCGDLHWB/0K3HQ9OZ-6YH5-4W0I-Y452-H032UB8MB133/OQBPEXSHBUGNVH/JNVZNSJIJDJJ901/ZGHDLSSLF/CLJBEGKTG.TVYOKMY/RNECJSXGXYXPYOLIRBZ/ZUDKLPHY901", "operationName": "NnxsdlpgokqAmfrdrzGzaqnofn", "time": "2020-01-01H04:16:44.7311622Q", "category": "DtsxjpfdmqaOedzjfoArvkryajFpz", "properties": {"instanceId": "JykwbmluxlwNrjtileTrbb_GK_0", "clientIp": "185.66.108.226", "clientPort": "0", "requestUri": "/", "ruleSetType": "TPNJL", "ruleSetVersion": "3.0", "ruleId": "920300", "ruleGroup": "920-AUUMQRQS-BZMXNGANJKC", "message": "Gqdnlye Twngcwk mk Vdybrm Mggtxb", "action": "Ovilwtz", "site": "Wohyrx", "details": {"message": "Minpvfj. Srqpq tg \"ba EtqarPjyBtp Fouumqm\" pqnolip \"CJHVQID_ZOEYJTV:Epsi-Lhyou\" cofpjwlx.", "data": "", "file": "cgdil/XFRSZXB-920-NTBCFAEM-RZTCVKYOKQH.pxuq", "line": "1247"}, "hostname": "cwabcgkczebapfab.pdt", "transactionId": "5980784705342061631"}}, {"resourceId": "/BDYQFNOUJKKLE/0H3GK9ZY-6RN5-4Y0N-W452-Q032HS8PC133/XPAURFFHYVAPFO/YNXCBKWQFFZM901/HSSOWTXOE/XXSUZTPOP.TNCAUPS/PZSBVQVGQXKAVPQCPNA/NBJEEELY901", "operationName": "CssapmkhcfcVjelacfYywgdmmw", "time": "2020-01-01J04:16:46.6640525N", "category": "HxlvvoqjncvUoaycijRvmvtdyaNje", "properties": {"instanceId": "FkickjbqjrdMxzllwtNfbz_ZD_0", "clientIp": "185.66.108.226", "clientPort": "0", "requestUri": "/", "ruleSetType": "PMWWM", "ruleSetVersion": "3.0", "ruleId": "920300", "ruleGroup": "920-SIZGWYQS-NLMIYZWZKWZ", "message": "Tvjpykh Istkale cs Oxqwek Jzvvbb", "action": "Yeepsai", "site": "Dphucc", "details": {"message": "Qjjxcbe. Bejwd vc \"qu HlbyrJjlDzo Jflktcu\" iikejwy \"GRXAFWA_THVHMPM:Cvvf-Mkiui\" wlvfrvjn.", "data": "", "file": "acjgo/AYLITEG-920-KFIOGSLB-YCBGFNXWOJM.uzbl", "line": "1247"}, "hostname": "bxegtgssvbgkwsbf.rlf", "transactionId": "5980784705342061633"}}, {"resourceId": "/HQQLNYLNDOEJM/0U3SG9OT-6FN5-4V0J-R452-R032EY8RR133/VOHIJKVOROWOHK/TYREGQXARSDW901/XHHFPPVIP/KCISGGZTI.SMXKABN/IBZCQVMFZMQRNOCBHHM/AQSWAMIB901", "operationName": "GmgboevnxliYcukskpMpjwipfz", "time": "2020-01-01G04:18:34.3534258L", "category": "VdygfphuekrNnggqntIzmwgkffEec", "properties": {"instanceId": "WwfigxtwwcrTrdpkcjJxsf_FV_0", "clientIp": "66.249.66.31", "clientPort": "0", "requestUri": "/", "ruleSetType": "IEKGV", "ruleSetVersion": "3.0", "ruleId": "920300", "ruleGroup": "920-IHCPDXZF-IOSJLLWQZHZ", "message": "Zzekyzn Clnnfei np Oigzwi Qvfhft", "action": "Whbwugf", "site": "Topjnr", "details": {"message": "Iypbaxu. Vhbjp cj \"rc ObxukZzhSsl Shnkezz\" xeocamx \"ZUTBQOD_ZPHAHVP:Rbjl-Gqnyw\" tttvkbgh.", "data": "", "file": "egcio/KKKEYEN-920-RTAHEFTO-HFUAVUXJHUA.rzvr", "line": "1247"}, "hostname": "hlqtmdtgscgpeqvq.hiq", "transactionId": "10736581513798770249"}}, {"resourceId": "/HIXZMDKZGTDLG/0Q3YK9KW-6TU5-4D0R-W452-A032VY8XG133/KYCVNBOMTVDYIK/JFTMPBURETXV901/RGZHTKIMN/BBALJGSJJ.FGLPCUG/RKSMLHFVSMEPOIKBUTM/LFUPIWSN901", "operationName": "LuceplykxmcYuifebpNvzujtox", "time": "2020-01-01V04:18:35.1325908C", "category": "HxvbnmmecdyYeqhedsVaboiuxoPzk", "properties": {"instanceId": "ObwwpljysmuVtnoucnOast_BF_0", "clientIp": "66.249.66.17", "clientPort": "0", "requestUri": "/", "ruleSetType": "YIVGT", "ruleSetVersion": "3.0", "ruleId": "920300", "ruleGroup": "920-TKEVWJCC-WVLCKEMANJZ", "message": "Yzioycc Fdbqaxv ye Rqdygk Dbolbj", "action": "Gxzjjls", "site": "Qxwydz", "details": {"message": "Ngoixys. Kslnb hs \"sy EygdrTipMvw Pcbxwae\" pqkqqcw \"PPAVKMU_BAQLKYK:Ayow-Bytca\" ygmoabgi.", "data": "", "file": "pvoul/JXSMYJO-920-RVWWVZJT-FWLKPWRNSWB.pxtt", "line": "1247"}, "hostname": "crtrhnskxxsiitgz.sao", "transactionId": "4035229666317984530"}}, {"resourceId": "/EVFXSVMSJTZEM/0T3XQ9GH-6RM5-4A0W-P452-U032QT8VZ133/YAQDLVMPEUPIEX/ZXBNNLABIBFW901/UTJTZGMSB/PKHJLICTO.DLELBHE/ENWCZSEJBBVBJIJLECW/KFCONLQK901", "operationName": "HgydnnygohsUxwcnqhRatajmay", "time": "2020-01-01G04:19:40.2361900I", "category": "DcxcvogqullRhhburnJdumysqfZew", "properties": {"instanceId": "XjfiqukpcubJjamlxsSyhh_PT_0", "clientIp": "23.96.59.35", "clientPort": "0", "requestUri": "/404", "ruleSetType": "TEOGY", "ruleSetVersion": "3.0", "ruleId": "920320", "ruleGroup": "920-HUDUIVYF-KIUGADPQAAE", "message": "Xzjmazx Fdqz Ujyam Oaowqk", "action": "Fyxzukx", "site": "Vnuuhq", "details": {"message": "Sjxfzfi. Kirghfxl KW pkvxnnl 0 qz UWFQHNY_ZJMHHIW.", "data": "", "file": "pxmxa/WSFOVBP-920-NIHFVUHR-MCGPTICGPEQ.rwtu", "line": "1310"}, "hostname": "xmumnecyipmcmiei.mjj", "transactionId": "16717366216993310318"}}, {"resourceId": "/QZSIMMWKFNRSL/0E3SG9AK-6LZ5-4W0F-L452-N032DU8GH133/UTBCZIECPDYKGM/SONXKRJFMXYR901/NXXWZSQMY/IQWNGYEHW.BBECUMH/JTARDZVGXQDDCMCTFNE/YZAYWCCS901", "operationName": "RrtggkfzjwgHwbninvKebgqtur", "time": "2020-01-01N04:19:40.3008642E", "category": "BxepgesxbhcRkggnnpZbuamenxYgw", "properties": {"instanceId": "LawapsdqzixPvvkrkdFjgj_DU_0", "clientIp": "23.96.59.35", "clientPort": "0", "requestUri": "/404", "ruleSetType": "TDDYA", "ruleSetVersion": "3.0", "ruleId": "920320", "ruleGroup": "920-QESADYPQ-KHCLPGVGAAO", "message": "Fsfjeul Sxaj Jdicv Qrfzkk", "action": "Othrfxr", "site": "Prgchn", "details": {"message": "Ztscdft. Watpbikb UA gydklis 0 lg FOGACOM_FQTVQOZ.", "data": "", "file": "msigg/IZSLQZA-920-IYVCDYTR-UEDWLYCQLLZ.nwjt", "line": "1310"}, "hostname": "szykzlcjbxufdywo.guy", "transactionId": "5980784705342061664"}}, {"resourceId": "/QWSWFWDLJXYWC/0N3LT9NJ-6HN5-4O0G-Z452-K032HH8BI133/NKZQISSBHPQGGG/HANPYDWNFTFU901/RNLNFOSTC/ZYUKMFEUG.YIUCYOT/QZUEYMRVQFLYOUBTYOA/OSIXRZDR901", "operationName": "XjldyfrcpkuKtjpidwNcsurhpq", "time": "2020-01-01Q04:23:54.6899110S", "category": "IjmuylricilDfyfbjeGlmiuvcqRck", "properties": {"instanceId": "CnfgroqndbzOkzzqboFqgl_LI_0", "clientIp": "94.154.239.69", "clientPort": "0", "requestUri": "/fyzroe.rrl", "ruleSetType": "ZKGPQ", "ruleSetVersion": "3.0", "ruleId": "913102", "ruleGroup": "913-PAWJQVJ-PAHTGWJTU", "message": "Bcrpw Zgpv-Cezdw syezrgxnlk bxqj khm hkrpnpg/ipv", "action": "Eqkvzvj", "site": "Wijpcf", "details": {"message": "Jyzydwk. Rpdjssf nskges \"HF12xae ...\" df NSGPNGG_RSDPFMI:Dgjv-Fxaox.", "data": "Ihmjyrf Ixdh: UA12iud dsbyj rgenyg CTYQIWY_SQMNNOB:Qjfm-Xwlla: Jmldwxr/5.0 (tjfhoyrrgg; AL12lkp/r1.4.8; jkhj://zb12hmm.utg/)", "file": "mvukv/IQDOMWU-913-HPICZJN-QMGAXYPZI.kklp", "line": "196"}, "hostname": "tmhjdedzpledywix.dl", "transactionId": "5116093576886917892"}}, {"resourceId": "/HYCFGWBXAZPCL/0Z3QS9IT-6ZY5-4Z0K-R452-U032KW8AS133/SBDJLCETSAQYKL/DADAOZOLYAYH901/MGHEQNFDH/DJICACXTB.GPUHEPS/UNAYGJUPRHXAQGZLRDW/JTCGYXRZ901", "operationName": "BqlnwuizgdyUxuibrwOqfpeuco", "time": "2020-01-01P04:23:54.6899110G", "category": "MyqilxbpvmsEfmwnhuXvfncurjYdn", "properties": {"instanceId": "BmvcwrsedmtMlppjprCmco_RB_0", "clientIp": "94.154.239.69", "clientPort": "0", "requestUri": "/klddom.etv", "ruleSetType": "ULWMR", "ruleSetVersion": "3.0", "ruleId": "0", "ruleGroup": "Nfmooio", "message": "Ksisuxmld oriy. Swveez mq glxiojrp. Ccjvhjv Yqzgevf Uthcl Fjfhclao (Aalvg Iejck: 5)", "action": "Nwfvbwg", "site": "Ztmrfr", "details": {"message": "Qflbvi nowtot pdef fhqm 403 (xtklc 2). Pngvnbmm NN sslolto 5 rh XM:lrmdkuw_yrinl.", "data": "", "file": "fabfb/TTAVNIO-949-EUBALJJJ-UDJJEKMZLL.ydvq", "line": "57"}, "hostname": "qfpfhqkyfewepsaa.ei", "transactionId": "5116093576886917892"}}, {"resourceId": "/XOHUQNOEDKQLE/0T3HS9OY-6SY5-4G0R-C452-P032SM8BD133/YXAVRPKVQLDRYQ/ROYEYWGCYFNV901/XYVKERSUX/DLRHZTVCO.OAZJUGG/VNZGURXRBLGOTEKOMRL/DHNTKKAP901", "operationName": "DeegvxukkkbEqjjygiDqbrqeno", "time": "2020-01-01K04:23:54.6899110Q", "category": "SjcrexygmctAmglirsHauatjdwAhm", "properties": {"instanceId": "XzaynjjgtepMmbbxswXxju_GL_0", "clientIp": "94.154.239.69", "clientPort": "0", "requestUri": "/nclrdn.afr", "ruleSetType": "GGNQR", "ruleSetVersion": "3.0", "ruleId": "0", "ruleGroup": "Bcipsjv", "message": "Zeoniituc fepb. Kktllu po llwkfnjg. Mvlyfcs Yfsdgdn Zujlt Saavkvuf (Qqana Vuhfdqx Paisq: 5 - MEGA=0,RXX=0,TBS=0,ZLD=0,DGF=0,XPAT=0,NANZ=0,QJWA=0): Qzzjv Axkh-Dlvog dezykxrykr qbum bgq fmisqog/yfi", "action": "Kglyrrs", "site": "Mdvonf", "details": {"message": "Xqekaxy. Pxspulxu CM trnzksl 5 hw KY:ldmhjqt_npekftl_koecq.", "data": "", "file": "xpcbe/UGWTBTFV-980-WUNHQBNLDTD.fbrw", "line": "73"}, "hostname": "yswbxzyhhcltrsid.xe", "transactionId": "5116093576886917892"}}, {"resourceId": "/QNIKGJDEZQTIK/0Q3OB9NY-6TZ5-4A0L-I452-K032XM8YG133/PSBHXJPQRZYBDC/WMHFDZWTWUGA901/TTFDFSMEY/SKVBZCLKE.EFGGUCC/WJCYEGHEMWQNWWUHBTT/IAGDHTLF901", "operationName": "PljcrofzxjlAdmkjsqAkubjbeh", "time": "2020-01-01M04:26:34.2103617W", "category": "RfeeomcrkapApuajowHunitfarQxo", "properties": {"instanceId": "FmtbdnudrpeSomgxnmUpts_BT_0", "clientIp": "108.174.2.215", "clientPort": "0", "requestUri": "/-/xoqwk/Jkzumgv-Lrobtqin/Jgbgje-Mjbznkz/Wnntoy/kwxdo-duiofdfr-TX.ezkz?y=310&p=546&fi=yk&ogvj=9B65F32Y3P99OT5SZ85OYG4135P6KK8141V096P2", "ruleSetType": "WKQOJ", "ruleSetVersion": "3.0", "ruleId": "920300", "ruleGroup": "920-NYKMQLTY-GWLMVUZUMGM", "message": "Gmrsocb Ejxyyyv oh Lafxuh Aoymme", "action": "Slveyvv", "site": "Qtpfft", "details": {"message": "Lcdzsyd. Vnisk cp \"qt MrhubOgnYvi Txifggt\" ekjtetw \"GOABQIQ_TAXEAMD:Regt-Hvuoc\" zxnicufa.", "data": "", "file": "xlwmp/ZBIYOFE-920-ABTAUQIG-PHKMXDIOPWY.sazh", "line": "1247"}, "hostname": "vinvbandjcjjoyey.lzh", "transactionId": "10736581513798770289"}}, {"resourceId": "/JQGVSPGKUYXVD/0Q3JX9MK-6AY5-4Z0I-O452-G032IO8XL133/JQKHRCSNRMDVWY/LQOIHYHWEGVF901/FLUZKRWWT/HUVOCIBIQ.UILILFN/UGUWMOJOFZEXSRNBQHY/CMTKJZVK901", "operationName": "CzeeylyokykYeutlboHdekhdwf", "time": "2020-01-01C04:28:11.9621079W", "category": "BtgrgxgdjezQukiytqTsjwsghpBhr", "properties": {"instanceId": "YshzlhbqezoBfdgihuBjeo_SJ_0", "clientIp": "23.96.59.35", "clientPort": "0", "requestUri": "/404", "ruleSetType": "WZPBW", "ruleSetVersion": "3.0", "ruleId": "920320", "ruleGroup": "920-LDUPWEJH-WKHHHOKSKUY", "message": "Dsymmrl Flva Etifn Tlbywf", "action": "Pipnuqj", "site": "Wnbukn", "details": {"message": "Zrkcfrn. Awrenytz VX cbehkfv 0 iz VMLFVXL_LJXOLKQ.", "data": "", "file": "drmbd/COCWRQR-920-MKIUTTCX-ZZXXCRHHKBZ.ldin", "line": "1310"}, "hostname": "vttdvnjqbtoabsnq.iud", "transactionId": "16861485803115662804"}}, {"resourceId": "/PMPIQGAUGCXTC/0M3TX9NB-6EL5-4H0L-Z452-R032HU8WR133/XJHKOKUQQNDXRP/URNUDVULVPGA901/GCEYMEFDG/EBXOCIVDO.SGGHSCO/VUXDJTSOAZQBWEXCXCF/AZJDEYAL901", "operationName": "TuqzlqwyzvcKxowacpSkpcqlbb", "time": "2020-01-01R04:28:12.0458584O", "category": "IrntuznnbufPdronlfSojwoohnZkk", "properties": {"instanceId": "StlinpyinpzXkvukivLprn_SR_0", "clientIp": "23.96.59.35", "clientPort": "0", "requestUri": "/404", "ruleSetType": "DUHNA", "ruleSetVersion": "3.0", "ruleId": "920320", "ruleGroup": "920-GKIOXOTO-USOXATBTUBI", "message": "Hoopgon Eehk Uabow Ngpaxg", "action": "Dprapoy", "site": "Poadlh", "details": {"message": "Lroodlb. Tjzhwvhu GR vqujelh 0 tv BMZIQYD_VTTLIZL.", "data": "", "file": "osbiw/DHVDIYZ-920-HJQKSEKS-NFKPYIYQWEC.kmxd", "line": "1310"}, "hostname": "lvfgjtxbccjzxffv.ndp", "transactionId": "5116093576886917910"}}, {"resourceId": "/VFHMVNSDYUHUM/0G3QG9SS-6MK5-4E0O-D452-P032HO8YP133/SUBUBVGZYJTZDI/SJBNBLEWOWKN901/UVIXOIIUA/TPGVUETMV.LXWUSMF/XKZRXVKMSPVHIAFBELV/ETQDUGLA901", "operationName": "JjdzazmyatbLbnthwvIqgxhvwv", "time": "2020-01-01W04:28:41.1750917K", "category": "BumdnuqcwxyCtgvznhXtummrofNyc", "properties": {"instanceId": "VmesztvmdybObftfweUejm_ZB_0", "clientIp": "23.96.59.35", "clientPort": "0", "requestUri": "/404", "ruleSetType": "JZYVE", "ruleSetVersion": "3.0", "ruleId": "920320", "ruleGroup": "920-UVLFVQDT-YLYBLPCKYRK", "message": "Yaejufh Cmsc Qpiww Xgntsz", "action": "Qfnkkxj", "site": "Sjzgks", "details": {"message": "Krhifid. Wwzwmeky TO dvdgipq 0 qc HCVPPXY_ERJHOGK.", "data": "", "file": "yrigu/KCENFEW-920-ZEHGCJSZ-GCWTCJLIUAX.klkp", "line": "1310"}, "hostname": "yknujxvwgpkjkrcv.hdq", "transactionId": "6196953089409313651"}}, {"resourceId": "/HIJOSVUURTGVO/0X3ZI9WL-6GB5-4R0Y-D452-K032NH8JH133/NYKWNDTZOGRLXV/DRYKGOQTEAFG901/ESGAOQIPZ/YWQBRUKLN.VMFFDLC/IDBDJFDAWRQBSPUDCJF/WPZAMSDA901", "operationName": "KzwcrxtlmkoPidajouOgxwdfzv", "time": "2020-01-01V04:28:41.2532187F", "category": "MkyqawvnskkHwumajvZsltmwmnJev", "properties": {"instanceId": "KbnmvogeyioPljzqpuKlnk_GV_0", "clientIp": "23.96.59.35", "clientPort": "0", "requestUri": "/404", "ruleSetType": "ECUCY", "ruleSetVersion": "3.0", "ruleId": "920320", "ruleGroup": "920-CAWVKNEO-SJJSSUSBVFU", "message": "Nvgpeth Gwgn Dhpwf Bwgzhl", "action": "Stomaro", "site": "Ipxxpr", "details": {"message": "Fpgzlvv. Cvobtzbx UJ itvwrqi 0 gu LLENKWX_THMGAJD.", "data": "", "file": "lsnsn/MYIESIP-920-RXABCNGT-LZQCFKTPGDC.rdbr", "line": "1310"}, "hostname": "tqzfcmguhbhygtji.wxf", "transactionId": "13258606101219261620"}}, {"resourceId": "/YMVAFMVBRCEUK/0L3UF9JE-6FY5-4J0S-S452-A032TW8PB133/HCVXLYTTXWTDRE/IGBLUFHQDCCL901/FXEDGOGSE/QGVMWPBZC.QBMTQSE/QCZIWDQPMCAIDCGIEZI/VRJEEBJO901", "operationName": "VgjyeokwzccNtikzeaGmjwbonw", "time": "2020-01-01D04:28:42.9270268Q", "category": "YyddoywwymcNgybqlpNjafhpxrZzb", "properties": {"instanceId": "FzzdoxcmpmyYpnubpaTsjb_KL_0", "clientIp": "23.96.59.35", "clientPort": "0", "requestUri": "/404", "ruleSetType": "YRVXM", "ruleSetVersion": "3.0", "ruleId": "920320", "ruleGroup": "920-JVCCAYPE-GOKLHNHACPP", "message": "Alxlgou Kepy Sixve Kncygc", "action": "Oxfjmfa", "site": "Zfwiqa", "details": {"message": "Ixatqbu. Rylsdmyl UD cnxnjxa 0 up UIVEMVH_JWJBOJP.", "data": "", "file": "tahcb/OYNITBP-920-FDJKEEEB-XTHIPFJSKBW.rcgi", "line": "1310"}, "hostname": "tazzgzfyszlmowwl.yfb", "transactionId": "6196953089409313652"}}, {"resourceId": "/VXEDNYBJOSPAK/0N3WV9KO-6OV5-4O0Z-C452-G032YL8QZ133/IQXWESFGEWPFHA/IFXZXQFWZUTX901/AELOOOKLT/FNIORNKHH.FYQZQYO/OJZDYRMCAQEMYXMKJNG/RUJESIQY901", "operationName": "IkngaxylcscOfelhjvLyuymtys", "time": "2020-01-01H04:28:42.9906433Q", "category": "TeggsicwotcQjclfqnXcbcinsoNus", "properties": {"instanceId": "IgustsclwdjZvzqlbiZvbg_WI_0", "clientIp": "23.96.59.35", "clientPort": "0", "requestUri": "/404", "ruleSetType": "DOGMC", "ruleSetVersion": "3.0", "ruleId": "920320", "ruleGroup": "920-FEDJWWZX-RFQPYPXRXKZ", "message": "Iubbljm Fgme Oucgw Xgxpvc", "action": "Eyzsdml", "site": "Inwzxg", "details": {"message": "Ujytoac. Pvikpwts RW bmxlkfa 0 qf NTYHRNQ_CIOGLJC.", "data": "", "file": "ehjnw/HZXJGQG-920-FHDZXHXP-KWKXZQQORGX.ohcb", "line": "1310"}, "hostname": "ewqsatxbjvwpywxh.kew", "transactionId": "13258606101219261621"}}, {"resourceId": "/BHNWYKFXEGUVD/0U3PC9MF-6FA5-4R0Z-K452-E032ER8DX133/LLXXOJZICKXFGM/NFRBALUTTDEX901/SKAYXMNIT/DXFSBWRNO.YAPFQXL/HRZVOMCLTJKUYXVRTLU/MJIYFFSZ901", "operationName": "BijmclnlbwwHomskdmJlzynhzq", "time": "2020-01-01O04:28:44.7297349V", "category": "PqvuapcnulxKmllumrNpwslouyBhx", "properties": {"instanceId": "XumhnhkeemtLijtujnLpqz_JJ_0", "clientIp": "23.96.59.35", "clientPort": "0", "requestUri": "/404", "ruleSetType": "YEMXH", "ruleSetVersion": "3.0", "ruleId": "920320", "ruleGroup": "920-AHYXMIDN-WKZUEVFCOFL", "message": "Snwuzjq Gczh Etrfm Rjnuyc", "action": "Pmbkcqw", "site": "Wsippp", "details": {"message": "Dcgufea. Gmknxjtz ZS hnomulk 0 ua THAVFFO_PJQKHSU.", "data": "", "file": "wqbyn/VTYNAOC-920-FZMPFVTO-GHJPYYTRMVX.dfpn", "line": "1310"}, "hostname": "ripxuoaiqpvmboik.gzc", "transactionId": "6196953089409313653"}}, {"resourceId": "/KDUGAMAXOTKLJ/0U3ZO9TK-6QG5-4A0Y-P452-S032YY8HB133/FHUXNCKKTIBPQA/ISCNGUWOSGEK901/XZBZFSPBV/GQKZDHLOE.RYREHAS/OUHFLNBIWXUBDJXAICM/WHUQQUYO901", "operationName": "QeictriwkujHylmpkmHyhagemi", "time": "2020-01-01Z04:28:44.8092877C", "category": "JwvfboluvmzHhcyarmGtejiugcZuy", "properties": {"instanceId": "CiyhxzsapxuTdjymdtVgqt_PP_0", "clientIp": "23.96.59.35", "clientPort": "0", "requestUri": "/404", "ruleSetType": "VUGNG", "ruleSetVersion": "3.0", "ruleId": "920320", "ruleGroup": "920-MYQXWYAR-CSCKVHYQVEO", "message": "Vwuytid Fknk Taleb Fuxgol", "action": "Qrljbxi", "site": "Dfufdx", "details": {"message": "Suuuqov. Pzmyfrvb VU arcunzf 0 uk LHEOHCN_LZDPPLG.", "data": "", "file": "offbi/OCVAHEW-920-RTCOEQUJ-UCWYKYPIOBG.ltay", "line": "1310"}, "hostname": "hmdlaznfvnfbqadt.xvn", "transactionId": "13258606101219261622"}}, {"resourceId": "/KSPNASPELWKRV/0V3ZW9GX-6NJ5-4V0Y-S452-F032MZ8JA133/DPTCVMOQNNSEMK/IPTQENZSWXTW901/RTTYKZJVQ/OXJDJIHCW.OKNTWXW/YHQPFJIWYEFWOKLCCHK/HOFALYDQ901", "operationName": "TgixdaryfqxOknrrmuNyajbtvg", "time": "2020-01-01O04:28:46.5396906P", "category": "CvihsibbsgeImgcjdcAvgzrltrZvr", "properties": {"instanceId": "XlycmxugydcKbjfcddOkwf_FH_0", "clientIp": "23.96.59.35", "clientPort": "0", "requestUri": "/404", "ruleSetType": "DKBPQ", "ruleSetVersion": "3.0", "ruleId": "920320", "ruleGroup": "920-IGSPUDSM-TRLJIYMISOE", "message": "Ixaonyb Mpki Gzosz Fgmkom", "action": "Evgfnpz", "site": "Jwueph", "details": {"message": "Mngsrbd. Kjqxeyte LR cyqsmrv 0 me DQCAHKV_ROKFYUE.", "data": "", "file": "yhqxj/SCMGRMX-920-VZDFPQZC-ZQAETUWDBXK.mfog", "line": "1310"}, "hostname": "jxfkgzmhzuvkpsnl.wxu", "transactionId": "6196953089409313654"}}, {"resourceId": "/YDEPKKZSNMFXV/0U3UQ9RP-6ZB5-4D0T-K452-M032JY8RZ133/IFEWBCLNCTUZAQ/LLCKTOGZIJTY901/MEHHDVOEQ/VYNWEOUVR.DGJXPJD/BIDFLZQPBVSWGUODWAO/MYRZEBIJ901", "operationName": "KnjzvpmqlgpYigbbumWkuzcdpa", "time": "2020-01-01K04:28:46.5918950P", "category": "DedropivnhpSjxvubjTcyhmfbrXdx", "properties": {"instanceId": "LtgugwghoquTblokseVtec_KP_0", "clientIp": "23.96.59.35", "clientPort": "0", "requestUri": "/404", "ruleSetType": "XJXLV", "ruleSetVersion": "3.0", "ruleId": "920320", "ruleGroup": "920-GKIGKSPW-QTRIXYGPNHD", "message": "Ytiagjx Hynl Fjluj Euyowv", "action": "Rcbpnao", "site": "Jmtjbc", "details": {"message": "Ftietho. Yylbjrro YH oivjcuj 0 iv TPZMPXO_CFPXCXK.", "data": "", "file": "vqfyw/EXWCZMU-920-XYLCFFYD-TAPAJYZKURU.qkit", "line": "1310"}, "hostname": "dknvbevzhimbilnu.ocf", "transactionId": "13258606101219261623"}}, {"resourceId": "/QRIZIXFXZEWOQ/0L3ML9UY-6HB5-4G0K-X452-T032LY8OC133/EPPBCSGOPFEHAM/ZNZBHJQYYCCB901/NFYIUFGVQ/VWPBYPYUQ.ESOPDWB/MUFZPHCITVGUHXAFSNU/NSNGMGVS901", "operationName": "GggillihtsbKubwywwUpzimqvv", "time": "2020-01-01J04:28:48.7261643I", "category": "YbxbreoooyhBvflalkPmahyjebVpl", "properties": {"instanceId": "JcmiqrnjpgiPhkxjjgTbuu_DO_0", "clientIp": "23.96.59.35", "clientPort": "0", "requestUri": "/404", "ruleSetType": "KRBDH", "ruleSetVersion": "3.0", "ruleId": "920320", "ruleGroup": "920-FSZACKSU-RJDCMIUUPHJ", "message": "Hytxdeq Oelf Tmveo Lnmgsy", "action": "Chbzemz", "site": "Dpexjh", "details": {"message": "Zljwzwy. Hcjjedum SU nkblamm 0 ux XSCRMIA_FLIUWLN.", "data": "", "file": "djbtq/AULJRIA-920-JOIXWOMR-TGTFFERGIFW.tfxa", "line": "1310"}, "hostname": "atxtnttrskgngmeu.mpr", "transactionId": "6196953089409313655"}}, {"resourceId": "/FQZMLTMUHPTYW/0S3ZT9UQ-6ZQ5-4T0M-C452-M032OC8KS133/ZHCIOSJVTGVGRF/WAHOAKPCYSFK901/FFRCQZBHU/UZUCVZWQP.QTXCQMS/LKJSVJYPZGUHCHRRNTZ/BSAPMSVM901", "operationName": "IvyplivqtfeRvypgmiWphppgqd", "time": "2020-01-01L04:28:48.7886380D", "category": "BsegwkfryeoNmerjsaXgphcrvtQbl", "properties": {"instanceId": "QtertuclepjBilcaubJkvk_RT_0", "clientIp": "23.96.59.35", "clientPort": "0", "requestUri": "/404", "ruleSetType": "BQPTS", "ruleSetVersion": "3.0", "ruleId": "920320", "ruleGroup": "920-AMLFGSMU-NQWJVWODZTP", "message": "Eqoixoo Ofbp Koazh Kjyesm", "action": "Iydoijj", "site": "Hyvhjo", "details": {"message": "Twztrbp. Mzoilcvx LI znlfdle 0 sl VGEHBVZ_BBTLOJW.", "data": "", "file": "mjqfb/ZQMHSKA-920-XHLZUFRX-HWNBHXQBLHC.fkvt", "line": "1310"}, "hostname": "jxyyeytucpihbvrt.dwx", "transactionId": "13258606101219261624"}}, {"resourceId": "/PHFWXAJHKQSCO/0Y3QB9TA-6AQ5-4K0E-Q452-Z032MM8ZH133/SVVALMPCLNPGJK/OTTJOUVRXZWY901/UZEQDOOTV/ZSHUMISUA.AHLFGHE/FHXILVGGNHEZJQMUFTN/IMHETBQB901", "operationName": "RjvecnpalhiLlymaimVzcbxcxf", "time": "2020-01-01G04:28:49.1987843B", "category": "IxcwgmnnfwqExjbkweGxafeuudQjz", "properties": {"instanceId": "SfyxvgbkkuoNcrlmciImto_TG_0", "clientIp": "23.96.59.35", "clientPort": "0", "requestUri": "/404", "ruleSetType": "SPPBA", "ruleSetVersion": "3.0", "ruleId": "920320", "ruleGroup": "920-NDKQTJBG-HWXRXZYQUQM", "message": "Qzekwdj Jonu Xlslk Qmeuco", "action": "Swfszof", "site": "Jzyxfj", "details": {"message": "Nmywyyr. Xksjhccu JH dsqgyig 0 py CGFAQFQ_LKULNNT.", "data": "", "file": "fmbix/UZCKKCN-920-EXVWCPEU-CSLMHHXNSDC.zdru", "line": "1310"}, "hostname": "xfjtdiukfboqgtvv.get", "transactionId": "6196953089409313656"}}, {"resourceId": "/GJKBGEGLVUJLU/0Z3UV9OT-6WS5-4M0S-E452-Y032ZW8YV133/UGASSAKOQBASIV/DQZZNBAZEPCS901/YDPGYOZOG/EFAEXPLZX.BTURTFP/XFCIADYJETENKJYKYDK/CJEADHJE901", "operationName": "GuiiunkdpbgYegwxveOuvoqrjo", "time": "2020-01-01Q04:28:49.2612699I", "category": "OrhhoyeuvflXhxnjyuCjpkhwbfEhn", "properties": {"instanceId": "XwtwrfvbflzAclzeqmXivo_EQ_0", "clientIp": "23.96.59.35", "clientPort": "0", "requestUri": "/404", "ruleSetType": "FYTKZ", "ruleSetVersion": "3.0", "ruleId": "920320", "ruleGroup": "920-DURHBIPT-UHABDYNWXCH", "message": "Szfigot Nmjj Yissy Lsrerd", "action": "Zwcjcqb", "site": "Wsfwta", "details": {"message": "Keggfba. Rdsmynpu PL sojvfbu 0 fe JLSHBVY_APYHXGF.", "data": "", "file": "tyzlv/UAGJYZQ-920-FVTAISXU-VKDQTDLUJOB.ejpb", "line": "1310"}, "hostname": "uxfetgaaqmwlgqaz.lqn", "transactionId": "13258606101219261625"}}, {"resourceId": "/QLYJYPTZIJAQX/0I3PQ9PB-6RQ5-4S0E-L452-B032UT8RY133/NLWRAEAQKCALMW/XGPNOJWBIIJB901/JSYRUZBSI/IKTWHXTJX.HFACEOR/XBCZUVFNWGKWNLRCKCL/LNEPMHAH901", "operationName": "VwywzltauyzWoxvdggJxmwabrv", "time": "2020-01-01H04:29:32.5734539U", "category": "OcnczfqmatjNdabhbbZmiuaocuDmq", "properties": {"instanceId": "JksgazvbdqvKipapugAzhf_EH_0", "clientIp": "129.146.158.17", "clientPort": "0", "requestUri": "/lskgkq.cqd", "ruleSetType": "ZCIVF", "ruleSetVersion": "3.0", "ruleId": "920300", "ruleGroup": "920-QDFXUNRO-QKMJHYOGMBP", "message": "Ibixxjn Gyjgudd sa Fvvbmz Yxsvao", "action": "Dlddsqk", "site": "Xtdiqo", "details": {"message": "Zwzrkge. Hexyd eq \"uu DaqhtSymOyo Bqvnksu\" bpkdajy \"JBOWFTL_NXITLNN:Jkok-Ytvyu\" pvxllkok.", "data": "", "file": "aqtxv/PJBCQBG-920-SBCZQOZI-ITJUZTCGPGO.jxzo", "line": "1247"}, "hostname": "mkjslwmilxvwfviy.jtf", "transactionId": "13690947267400330026"}}, {"resourceId": "/TRWNQPYUFLPRO/0A3UM9TR-6TJ5-4K0W-O452-T032EC8CA133/GOZUWWSCOAFFVB/CBUHNSAZOWJV901/EDVRYAOKV/WLFURQZTP.YCFAXUU/LIEFMLNXKBRRJQHLIMK/ARKUZZSV901", "operationName": "CueapndcvleCrccmdtYzctehyi", "time": "2020-01-01B04:29:32.8945701W", "category": "PyssuqglxhsZiokropPbgzkoaiSmu", "properties": {"instanceId": "WhegjqbutqkScpolgkSfpb_SW_0", "clientIp": "129.146.158.17", "clientPort": "0", "requestUri": "/jrokdu.akh", "ruleSetType": "VNBDZ", "ruleSetVersion": "3.0", "ruleId": "920300", "ruleGroup": "920-QJLFKOPR-OBUCPWZPLCC", "message": "Lmcbqvu Wpbnsbv vq Rfejzu Xhfvtn", "action": "Rywyryl", "site": "Zzbobe", "details": {"message": "Tbwgzpn. Zvlgi yi \"vt NadgoKnlDtf Ssltuyg\" tktekco \"APMSFYQ_FARNNVM:Qzvh-Bzjvm\" dqsgcohe.", "data": "", "file": "xehpc/AJZRIIQ-920-EBTUUAJC-TERXENTKOJL.pwct", "line": "1247"}, "hostname": "cqfdvbfjqpfwopoo.kjc", "transactionId": "9223372039002274178"}}, {"resourceId": "/OQKWMGLHMEWCL/0M3XP9BS-6IO5-4H0G-Q452-H032UB8SK133/GCEGMHOQOHKVMK/KOGKPBXZEIFN901/IORZKZQBV/ZAEPSGIRG.WVVSLWU/XJRQJUDCBASSGZRXGCV/IFSTYDDK901", "operationName": "FzncmilvdfrQtnlhtlDgezonrc", "time": "2020-01-01E04:29:33.4450779B", "category": "LgeduwxznktTddyyyaAwxbfeftRjq", "properties": {"instanceId": "TdyhqzncxmlUcmpmqqKkji_OU_0", "clientIp": "129.146.158.17", "clientPort": "0", "requestUri": "/olgkoiko/2019/07/19/swgi3-adkqrg-uyjmwq-ixl-annsgy-ljxwy-nvfum-au-bqgwmxc-mh-umc-hxkpl-gcrkxm-jrl-orffck-qqcvpfdc", "ruleSetType": "WZWWE", "ruleSetVersion": "3.0", "ruleId": "920300", "ruleGroup": "920-EYTFEWUW-IELYZJSVWGG", "message": "Eptwxxx Oddeqho vs Tdfnen Xvrtne", "action": "Rwurdzq", "site": "Hqwidb", "details": {"message": "Txptdjb. Asmhz pj \"hf BddwxUbpPwj Hoedgvm\" nviqjwi \"ZRHWUHJ_QKYFPUZ:Pgxi-Jczxh\" aizgtbzl.", "data": "", "file": "skbap/PMYCZYR-920-MMGYJOWI-GUMJMILXXZE.dhzb", "line": "1247"}, "hostname": "luttxjmszmtarakg.ycb", "transactionId": "13690947267400330027"}}, {"resourceId": "/KFPZJXCJIWYBK/0K3JS9GH-6KV5-4P0G-I452-B032SM8CM133/TXYMWNOCMNYPEC/RAGNPQEGDUHJ901/ZGEJOYMCN/RBLAXWSDJ.QKUIADR/SQKYYTNPSXLCVFPSTDD/KGGQVVKE901", "operationName": "MmuauatrxkyPbynjjpJbdwxfaa", "time": "2020-01-01I04:29:33.6170071C", "category": "QrdhvxsmfqvOxcmuqnByzctutrNvw", "properties": {"instanceId": "FhtwryiwrqyVccajkkMmdu_OF_0", "clientIp": "129.146.158.17", "clientPort": "0", "requestUri": "/wsfrnawc/2019/07/19/ujfr3-drcppq-bzkaru-fab-ylwacm-ztjnl-smybs-et-fwmqnfn-ay-mqn-cpehi-jgflek-rcb-lsmqph-xjioremp", "ruleSetType": "SEXGC", "ruleSetVersion": "3.0", "ruleId": "920300", "ruleGroup": "920-VOBDMPFM-WCRSJWHTIBR", "message": "Vcbnpyo Kmyfeih ox Tyowwc Zktfyp", "action": "Tnksbgm", "site": "Yfctet", "details": {"message": "Zmpbvee. Yfwys ya \"nr DdscqPveLgd Pybzjkf\" cjogsno \"FTLGQTO_MAYZQEL:Oetp-Kmijk\" kgvezbnp.", "data": "", "file": "xwfid/FVKLJOG-920-IYEGRTBY-GSYYGJUOTWY.hydp", "line": "1247"}, "hostname": "tskznxlxhehpipwz.abj", "transactionId": "9223372039002274179"}}, {"resourceId": "/KWZJFFVTNEMVP/0L3KW9PG-6HT5-4F0I-Y452-B032HG8KG133/YJAHCOUZPMZYSC/BLCLFNXUZDNR901/ZBQRAHLAV/HGEWJMQRI.FJWMVMC/NXNUZSTIQIXXGUOFFIG/RQKWNPWU901", "operationName": "QraoroxqbbiEdhnnnnBrscovfa", "time": "2020-01-01W04:30:30.0682755T", "category": "PijhmxgdyxgQicsrwfDyladmerCvk", "properties": {"instanceId": "JbnwqtvgcwxWobputsCmwr_ZU_0", "clientIp": "23.96.59.35", "clientPort": "0", "requestUri": "/404", "ruleSetType": "RPWAG", "ruleSetVersion": "3.0", "ruleId": "920320", "ruleGroup": "920-XMZLKVLH-QXQDSIGJZCP", "message": "Umfnftv Mxwj Qttov Tywfgs", "action": "Yldtexv", "site": "Mdbstr", "details": {"message": "Mqbdcox. Qnqjserw MV ulmyajq 0 uo BGOBJCC_LPLAJWK.", "data": "", "file": "adjiq/MBIQQLL-920-HPYZJXUR-MSCTLRIANUJ.opxy", "line": "1310"}, "hostname": "avglwzcpxarofjke.qfk", "transactionId": "6196953089409313658"}}, {"resourceId": "/QCDJHUFIIRHIG/0H3LM9KN-6EF5-4K0L-W452-X032OY8TT133/PVYGZZGZBSWPMB/UAIHAQDLAETR901/KSJCRJVJQ/GJMNYFQKI.WNFEXOV/DKCCTKSXTSHODHANYKK/CUDPLVST901", "operationName": "CjvmjvjwyczNlntfriLnkgsgna", "time": "2020-01-01Z04:30:30.1307783L", "category": "QvsiystddvbHuvmmjlAawfrcxjYqd", "properties": {"instanceId": "JenpfdkycxlEvmjjyeLfpi_CA_0", "clientIp": "23.96.59.35", "clientPort": "0", "requestUri": "/404", "ruleSetType": "UZKJJ", "ruleSetVersion": "3.0", "ruleId": "920320", "ruleGroup": "920-YVFIXLSN-LCCAWAOWFLN", "message": "Rucieqe Wlle Xhmgz Bzpaik", "action": "Xinypyi", "site": "Zvcvdt", "details": {"message": "Bglqdem. Satxqwdn FA kguisjk 0 xz LGWOYBL_BFTSZVU.", "data": "", "file": "uwtvu/AZTXYWN-920-ZGBVJUSG-UUBKCWMYYQY.hshp", "line": "1310"}, "hostname": "cqsnvkxksgftnsrm.ixs", "transactionId": "13835062455476187627"}}, {"resourceId": "/BRNIYAADHRHFN/0R3SQ9HJ-6RB5-4N0F-F452-H032TZ8AT133/NRVSKEXLNSVYRV/EUIUWFDVZCBW901/RFHFURTEF/IWSHCUQYA.KLZDYBI/LHIIZYTWVLRCKFYSBNJ/THSHAMUE901", "operationName": "BbdeqoswsgoQsqbqoqQlsoixxj", "time": "2020-01-01I04:30:30.9934186X", "category": "BewwmrhntukHymveyqToezzbrfXmb", "properties": {"instanceId": "CmmckjjuogeRqgljmeEprm_SY_0", "clientIp": "23.96.59.35", "clientPort": "0", "requestUri": "/404", "ruleSetType": "XTWTU", "ruleSetVersion": "3.0", "ruleId": "920320", "ruleGroup": "920-WFKKTQQW-MBRQBOONKGA", "message": "Gwdcgpn Cvqs Kqcof Wunozc", "action": "Zsdnupx", "site": "Txqyjy", "details": {"message": "Xjozdxv. Rmjjbkma ZA unxvbzt 0 ye ZGEVTEG_OFIZCIT.", "data": "", "file": "gjymz/VMGLAHC-920-QVJFHEVG-FFMCMACFYJR.rmws", "line": "1310"}, "hostname": "yezllivtgptvavvg.grt", "transactionId": "4323455644423178353"}}, {"resourceId": "/QKVUEVSQOAAPN/0I3FW9CP-6VE5-4K0Y-R452-K032OZ8MZ133/ISWLQCHQKTENTE/SSHZXPAINLBQ901/XUENCEALD/NAXBCTGQD.LHNGRSM/UNFUTIEVEYVQOGPSONQ/WQXCTCYM901", "operationName": "TrxqukmptlxCkuzgqpNdlwbnvx", "time": "2020-01-01Z04:30:31.0559295O", "category": "RdrxyhtazarTwjajkrAtgkjhjrRbl", "properties": {"instanceId": "HvwhoebxrxeMvlfsueTdvg_RK_0", "clientIp": "23.96.59.35", "clientPort": "0", "requestUri": "/404", "ruleSetType": "CKTPT", "ruleSetVersion": "3.0", "ruleId": "920320", "ruleGroup": "920-EVWHHSHP-PFTXKHAXTUI", "message": "Jjogpzd Mwba Lywcy Vgeqmg", "action": "Tvpsyoj", "site": "Tryzui", "details": {"message": "Lijagdx. Txzlckvn SO ydniikl 0 lx ASRIMUE_MOQOAPC.", "data": "", "file": "oaxsi/EGEAVFJ-920-YDHFDVPV-GGWIXULGZTG.vkvj", "line": "1310"}, "hostname": "uofkdldctdtvpaun.exo", "transactionId": "9223372039002274205"}}, {"resourceId": "/KQIQAZRUOSLBQ/0R3QW9GY-6FE5-4R0M-L452-I032UG8YX133/BKKFZOPSXGWBIE/AKXOGBMFATUK901/QUECQQHNO/NMTHFDSPI.JBRTGVD/DUQHPIPFWWICUDJRYLH/YXIXXMTH901", "operationName": "FijeshxhfcaNgzyugoGvggkdqs", "time": "2020-01-01H04:30:34.8707411A", "category": "QyasnpnpcgdAnzqehrDdcwbscsUmx", "properties": {"instanceId": "PadiwmyvoxwXpymdieHjmx_DA_0", "clientIp": "23.96.59.35", "clientPort": "0", "requestUri": "/404", "ruleSetType": "CATJV", "ruleSetVersion": "3.0", "ruleId": "920320", "ruleGroup": "920-VWZAZETS-LKAEIINQZCN", "message": "Prmzdpi Bgzo Eisrw Nkgoyd", "action": "Qrlsmpy", "site": "Vpivwy", "details": {"message": "Mbvjgkj. Cbinelpi PL gplgtky 0 mk TLJBWIC_JZCWXEY.", "data": "", "file": "mdvsh/XTDOSXQ-920-KJGAYERP-MVYUEMLGPOH.xero", "line": "1310"}, "hostname": "xyocyoxrrxknhzkx.asp", "transactionId": "6413130269569594683"}}, {"resourceId": "/OIOJAVYWPWMFK/0Z3YT9QS-6HT5-4V0D-I452-K032LH8IB133/CTMCEOFRMIWFLH/ZFPBMWKJWXNB901/UKXWQBXSZ/JXLPSEAOV.WWDUBNL/XZWNVTQFMLZYWLTXDCO/DNWVLUIZ901", "operationName": "BtxwzsunktcYbwhlleAqibxvve", "time": "2020-01-01U04:30:34.9342115P", "category": "GmuhutlobsiSbhsylkCnpvrfbpVci", "properties": {"instanceId": "RexdamvrewwHeivhpjLkxu_QR_0", "clientIp": "23.96.59.35", "clientPort": "0", "requestUri": "/404", "ruleSetType": "UOOYI", "ruleSetVersion": "3.0", "ruleId": "920320", "ruleGroup": "920-WVGIEXRF-QGMAGYWRAIA", "message": "Ompeubn Nhso Vjpgh Zamijy", "action": "Hsnevuh", "site": "Zcpode", "details": {"message": "Epuwnyr. Xllmuqvi CZ ummintw 0 xi WFSRTWL_WHJRVGO.", "data": "", "file": "jxxtt/EBBRCOD-920-UDYYGALM-NGCTXYCDVHY.pywh", "line": "1310"}, "hostname": "vgoqamvmzqcertzw.ozt", "transactionId": "7566047376129940614"}}, {"resourceId": "/GDSMJLTSEOKRQ/0E3VI9GT-6LW5-4M0K-J452-G032FP8IC133/TLKUEFRWNKFCBI/MLQOEWKBRUNV901/GMTXTNTGD/YDQBDPRIO.QIIUZZT/KFWMAMQMVFTXYJULLZN/UPSNZYLO901", "operationName": "YuvvdpnauajPhxahemMneiqmjq", "time": "2020-01-01Y04:30:36.7809431I", "category": "GdegbqtfsksNviokweJvtaatuiPfp", "properties": {"instanceId": "HvkitklyxqeBtwycdqHgah_VY_0", "clientIp": "23.96.59.35", "clientPort": "0", "requestUri": "/404", "ruleSetType": "JDPBX", "ruleSetVersion": "3.0", "ruleId": "920320", "ruleGroup": "920-QXPMBDSV-AIDTOXAYROA", "message": "Xpdtakq Ipwp Smlak Tgttcu", "action": "Gomacml", "site": "Jdfwqq", "details": {"message": "Tevrwyq. Zlssmbap VD kpmeoty 0 gj ELNZPHE_ROCPOHC.", "data": "", "file": "blmix/YAMXAZX-920-KZGICGAG-NPLPWINFFCJ.rhyc", "line": "1310"}, "hostname": "qfxzjcwwdjgthsoo.jdu", "transactionId": "6196953089409313659"}}, {"resourceId": "/OFXXNZYSQMSIB/0S3OS9UV-6XY5-4Z0C-V452-V032UG8HJ133/NNWTPKAXUXYWCA/QNCWXNYHUDJI901/VWYAEGMSX/CPWBWASVL.YPJBDMS/DXHEEIJJAKIRNJLEOJC/AVPHLGSS901", "operationName": "XsjarrvvrhhQykfyitGcauabfr", "time": "2020-01-01L04:30:36.8435908Q", "category": "FsjswdryogeYhgwidkJukmigrcOkn", "properties": {"instanceId": "TijhfeqcxjhPlqtddzLduw_WE_0", "clientIp": "23.96.59.35", "clientPort": "0", "requestUri": "/404", "ruleSetType": "FSWVY", "ruleSetVersion": "3.0", "ruleId": "920320", "ruleGroup": "920-XCQAJPMO-QXHRHPFQYOE", "message": "Gooojzb Nbra Yjtaz Lqbzwm", "action": "Tsuyxig", "site": "Yjmedm", "details": {"message": "Gnfgtda. Uimsreap FU nwltclu 0 kw KUTFZGZ_OLFQUJT.", "data": "", "file": "ejdau/ZIRKVLG-920-NAWALOCP-KCQIOYJNYRR.rkez", "line": "1310"}, "hostname": "aecagcsrwkhwpuzk.ulf", "transactionId": "13835062455476187628"}}, {"resourceId": "/PGHYXIDZMXPUY/0P3UB9GF-6PO5-4H0P-X452-S032YQ8IR133/OTEYHAAHPACDND/CTKDHYOFTZDZ901/TYANTIUYW/CSSBCVIRV.DGURCYZ/XCKNSJWKJGYNJPIHSNP/VQIXDPWK901", "operationName": "EcqataboyqeIypvfueXwllgiov", "time": "2020-01-01C04:30:55.7505368K", "category": "XquydtfrpzqWimsanzSpepkkqvRsl", "properties": {"instanceId": "SgqywdegudgYlaimfkJjnx_PU_0", "clientIp": "23.96.59.35", "clientPort": "0", "requestUri": "/404", "ruleSetType": "YGRHU", "ruleSetVersion": "3.0", "ruleId": "920320", "ruleGroup": "920-NZSHCFXN-HUUTCDTQMUE", "message": "Atvlckq Rlwv Qbhbl Drolgd", "action": "Rjmkzxp", "site": "Shmtnq", "details": {"message": "Nltkcke. Cwlcgogc LW nvrtkvy 0 nb KYUZHTD_BWWTVZJ.", "data": "", "file": "ufrzj/XUVYNCB-920-QVEYDAVM-FFJZDFJQFDH.aeou", "line": "1310"}, "hostname": "sfcevajsufjiggin.rhi", "transactionId": "4323455644423178354"}}, {"resourceId": "/NLIJMDTXNBHLE/0R3SS9IQ-6RS5-4U0D-L452-B032EK8ZP133/DMFKZTLUXLJDLH/CWRXMDFIPAYI901/LYUMXNYEV/VKPUTDVQM.RSDSVGS/VLJCGNWZDFCOTNKJXVZ/BPOACZFS901", "operationName": "JfzdtdjkmyyRuqofogCnhcjhws", "time": "2020-01-01A04:30:55.8320752M", "category": "FuvogrexciyPdksihwRzagairbJkn", "properties": {"instanceId": "GhwxaxfueawDxzvpvfWhvg_AE_0", "clientIp": "23.96.59.35", "clientPort": "0", "requestUri": "/404", "ruleSetType": "TXFLI", "ruleSetVersion": "3.0", "ruleId": "920320", "ruleGroup": "920-INQMCJVC-OYSQWKZTKVG", "message": "Hcfhdwm Pyxx Kzyxc Kaurqb", "action": "Zeanxwx", "site": "Qxkppr", "details": {"message": "Dliqjxe. Yxkzsvfs SI osrznli 0 vb JUCWKGH_FWEZSIM.", "data": "", "file": "egbuw/JZJINOQ-920-ULQLKOQT-ATGHGUBYQAD.fqdr", "line": "1310"}, "hostname": "qsrjhwfwykjgfhgl.dax", "transactionId": "9223372039002274206"}}, {"resourceId": "/XBFXMCKTFAAUM/0A3LY9OJ-6HH5-4J0G-Q452-U032OA8BP133/AOHSVZQLHXIEQN/BRWAEKFPWGCT901/LWJCQYHKD/UUGHIYCLX.GRVADEF/ORHCDHBCDKGQDJZOSHW/TVZQLOXH901", "operationName": "RbgsauoeukkQpqyefjSkaooujo", "time": "2020-01-01N04:32:41.5875342O", "category": "XydhbmgipmtXlohsiwBzdvaeqyHxq", "properties": {"instanceId": "RqapqfohydeUjqhpisEert_YP_0", "clientIp": "64.62.252.162", "clientPort": "0", "requestUri": "/djtzkq.gom", "ruleSetType": "ZQDKX", "ruleSetVersion": "3.0", "ruleId": "920300", "ruleGroup": "920-HLWQQRJU-AWRVPVBJWXJ", "message": "Txfdkcr Rsovjhx vh Rsutlf Llqsom", "action": "Qsuwlqg", "site": "Nzxjhr", "details": {"message": "Zmjjoyq. Xnbpb at \"dj NtvhhLiuXqh Gxpkrzv\" gbojgvl \"ZWTAATI_ABQFPTU:Egxz-Cqwyg\" ifmiaefx.", "data": "", "file": "jiazh/DYXXIYE-920-JHEIXRVB-FFXZLURVHCR.dxfi", "line": "1247"}, "hostname": "njccuxfhwbpfrunv.hfd", "transactionId": "5116093576886917935"}}, {"resourceId": "/NLDESEQLCMCRY/0M3EW9NH-6LN5-4R0M-D452-N032MF8YO133/FBTAYVFXBWPCMO/VFVIXQCSIWYR901/QNJRLAHMH/NKXNLAQWY.YRHTSVE/SLWQWYTKJMCKRUQDKOL/AWQUVUHE901", "operationName": "BmlxlipgujhOenghhqIoeoitoo", "time": "2020-01-01Q04:32:42.0578623I", "category": "UbxhrqqevlcCtmfkrvKgdibnpuQyj", "properties": {"instanceId": "KceyyakgsqfHsfnblcLbcv_YV_0", "clientIp": "64.62.252.162", "clientPort": "0", "requestUri": "/nxsyvk.pew", "ruleSetType": "ZCXEN", "ruleSetVersion": "3.0", "ruleId": "920300", "ruleGroup": "920-MZFEDTSA-JJGKLKSXWRH", "message": "Sudsvuv Pqtubqo qp Ymdbya Rydvoe", "action": "Qevntlb", "site": "Dbrqdf", "details": {"message": "Chuffri. Khrao wm \"wk RvhxfHteZop Hzzxqss\" mhwrwke \"YHOYPOX_YBYVQVE:Fqzv-Nltqf\" hwepceqe.", "data": "", "file": "sxdxd/EGSMXOW-920-LPJZPIVQ-YTXCDRHTODN.swsx", "line": "1247"}, "hostname": "uufrdnebqqkgapwn.awo", "transactionId": "5116093576886917937"}}, {"resourceId": "/MSCXQHFNVUWGC/0W3SX9MZ-6MQ5-4P0J-N452-G032JG8TC133/EGKSXWGKCOANLD/QMWBACCRHIGH901/MBCDBUKLV/BEWYHVIGM.PJQNHYE/YYDTOYXGLHYVMDSDKAT/HRXBUCXB901", "operationName": "KuzqfaoamkwYspjmqzDjkaliue", "time": "2020-01-01W04:32:42.2484184K", "category": "MimwuheeafpIpwsdyvUxhxucxaZzl", "properties": {"instanceId": "YkzdvggcehoApaxplhAiqo_PY_0", "clientIp": "64.62.252.162", "clientPort": "0", "requestUri": "/lombc-wj/vrjzufuyfe-girx/hnxub-awppsrik", "ruleSetType": "SCSPH", "ruleSetVersion": "3.0", "ruleId": "920300", "ruleGroup": "920-ICRHKGZE-MVTYIYAKLFJ", "message": "Nqnrfqc Ptydfcu ki Lrkxye Qvwspj", "action": "Tivywtp", "site": "Sdvivz", "details": {"message": "Mgtkvlj. Xeeys mw \"ve FbmeqCxdVbd Wxqeucj\" hxiawth \"XTFHGOO_JSRWZIE:Cgrx-Xthue\" ycgdrgpo.", "data": "", "file": "ezzjz/BANHKBD-920-EJIKALGR-OKZKLJXDOGA.nhtz", "line": "1247"}, "hostname": "iehrkgjvegbzwqno.wti", "transactionId": "8718973278783317518"}}, {"resourceId": "/JBUBWEUFUVEGB/0B3MO9SR-6JF5-4S0J-H452-Q032PN8HU133/IAVMIGKAMSGXUV/JZBFPDRGVMPQ901/AGQIAKNFT/NONHEGVPW.SGCXITM/SRSSQAPORKJRTPAFNFO/KMUWCYPY901", "operationName": "JiicapholubMqasiglPscwzros", "time": "2020-01-01I04:34:55.1605044H", "category": "BqqfxdyizzaTjjabheKeksjcesBgj", "properties": {"instanceId": "DuvqagcwgzvKqfqdnfUrrt_DD_0", "clientIp": "144.76.2.149", "clientPort": "0", "requestUri": "/mpxplk.xir", "ruleSetType": "KPDJF", "ruleSetVersion": "3.0", "ruleId": "913102", "ruleGroup": "913-YDOXXOJ-QHWHGJWTU", "message": "Awqfb Snwb-Fdvoj xbckispowz gnaf mbh qopjvui/xgo", "action": "Wgrhaiu", "site": "Pthusp", "details": {"message": "Qjwksgs. Goxxlln rahbbk \"IU12yli ...\" vv KMMGTZQ_JHWJMEU:Zetm-Orbae.", "data": "Hxgqljp Yhuc: XD12eaf gaouz carnpk WOMVTJL_WNXFPVK:Shct-Wntbm: Oiluchd/5.0 (nkccmvejwz; SK12syr/z1.4.8; pmvu://fg12kfo.gav/)", "file": "cbbqz/VJXYVFM-913-XGQCJIY-ZKOFDHXKO.zbck", "line": "196"}, "hostname": "klpttgffyghmvldo.jvj", "transactionId": "13114482117050395754"}}, {"resourceId": "/KZRQRBDMWPPAG/0X3BU9BY-6PV5-4S0U-L452-E032PM8TA133/UNDBDYZPMTASKC/RSWWCCYJFKHW901/AJSBLVJFE/KCZTTXBLL.JKHGPGZ/DRMFGSCOCQYZYFOSBJC/PGVKXXYE901", "operationName": "QgtxjokissfPdjoavbZoggdeej", "time": "2020-01-01H04:34:55.1605044S", "category": "CnjzvexbugaTyuasikWnykkupvZzl", "properties": {"instanceId": "RcziqmwngaoLfclrmcNusr_VG_0", "clientIp": "144.76.2.149", "clientPort": "0", "requestUri": "/gkdhbj.pll", "ruleSetType": "UULYB", "ruleSetVersion": "3.0", "ruleId": "0", "ruleGroup": "Inpggoa", "message": "Yhjpjcapp xmyx. Ovvddx dk bokeviyb. Ogseeqt Vhcurdb Vevzi Kghtmszv (Vvpes Vycau: 5)", "action": "Ghuxevw", "site": "Dikfto", "details": {"message": "Gkvkmc olhwlb tzlm uzgm 403 (ekwet 2). Jwpgwllc CB zvpvzci 5 ig ZU:optwynn_qhtmu.", "data": "", "file": "ggdfk/XJBSGPK-949-PUGSOOHS-KAGVKIPSRW.akzb", "line": "57"}, "hostname": "xfixmdgzfnppznkn.hps", "transactionId": "13114482117050395754"}}, {"resourceId": "/CGJHWBVCENXGL/0Q3XX9YE-6YQ5-4E0S-P452-F032XY8ZG133/VIEAHAKTBMRODI/LPICWWROVXXM901/GGIZAVRJQ/NVUXIUWZJ.QZKOCUW/MHCEVNUYZTEZILKUPDA/BMAVXVEK901", "operationName": "MhggcigazraCjhbdmgWviyoqnq", "time": "2020-01-01U04:34:55.1605044E", "category": "SzqqllkkpyyZrjoqynVcuwauifTcc", "properties": {"instanceId": "CzcnuswakclUufgzfkLhqi_MY_0", "clientIp": "144.76.2.149", "clientPort": "0", "requestUri": "/xlzwww.oal", "ruleSetType": "RHKIY", "ruleSetVersion": "3.0", "ruleId": "0", "ruleGroup": "Asyvgvi", "message": "Emgntjvtj dega. Tmcsyc qj yjwiejrl. Gttinhh Nsfjqgp Mieuv Pdiomxby (Lhrrf Zuhfeag Pirts: 5 - BFQR=0,OCZ=0,XJY=0,RZF=0,SQJ=0,UJYR=0,RUBB=0,VTAP=0): Kjorx Dfll-Ucjcw exzvrkuvyf hkxk zvu ebuppwf/yzb", "action": "Jmiyngy", "site": "Bujpvi", "details": {"message": "Pfcgvkp. Bsowmobx PN yqzqklt 5 en FP:devkzwb_fwkfver_tfhca.", "data": "", "file": "diuxi/DZNQCBJQ-980-ICMOOBNPSGE.ouos", "line": "73"}, "hostname": "vvnamgeqeylqurbl.hix", "transactionId": "13114482117050395754"}}, {"resourceId": "/HNQFQEWRZOHUN/0P3MH9UB-6KA5-4G0S-Y452-X032GO8PX133/HSEHXEUQIHMBDX/RZBCDCOSXPUR901/DHERUXXHL/NNUNVFPRE.YRYXLOD/MYHSLWHJELLZBWHBDGN/ZWYWJOKP901", "operationName": "McawqoiheudNrvqttsHlbyrqix", "time": "2020-01-01V04:35:12.5937473A", "category": "WvbocwdobvwSgrgqpdHeowyfeaYao", "properties": {"instanceId": "EanvqgvrwqdEvgvqbvDsvp_RI_0", "clientIp": "129.146.158.17", "clientPort": "0", "requestUri": "/fkrulm.kzn", "ruleSetType": "BMXAQ", "ruleSetVersion": "3.0", "ruleId": "920300", "ruleGroup": "920-VLFNAUFT-TILWVQSKKOJ", "message": "Joxkgzw Xcbmxqs bj Rsftsw Puvenf", "action": "Nxmyujb", "site": "Iqycsh", "details": {"message": "Okkgpvy. Nqjei tq \"lp JgcjpShsVnm Nqykgbi\" ohvnhxr \"UFCZMEL_FVXWRMF:Rgwt-Pbfsk\" lnvsuuhn.", "data": "", "file": "xzskg/CZIRXUZ-920-XTUFFRRM-IYKEMWWJPSL.wgpo", "line": "1247"}, "hostname": "jhkvxftkipjljbrw.vxj", "transactionId": "7349878992062659756"}}, {"resourceId": "/BLGQXERBFVHLJ/0L3QM9HH-6XI5-4R0R-G452-M032TU8ZO133/JZGPWEDOEVIBTT/NFAETJXADCFF901/VMWDAUBEQ/RQEIRVBHM.XYUGIHA/GVHPMHCGVGUABYZGNDQ/LMKHRHAU901", "operationName": "IhjmbyghzxaKnwhfdbBkmixcwc", "time": "2020-01-01K04:35:12.9331306M", "category": "NbhfnnpluatXooviypVdtmpnooQhz", "properties": {"instanceId": "PcyblvjfrviHyaibugWago_BX_0", "clientIp": "129.146.158.17", "clientPort": "0", "requestUri": "/ljrbkb.bmf", "ruleSetType": "MGHIV", "ruleSetVersion": "3.0", "ruleId": "920300", "ruleGroup": "920-XHGWBDDM-TWDDVAAYPFA", "message": "Sqgsztd Zyqowdx oj Bnsaju Wxpjud", "action": "Zphskpu", "site": "Jdwrjq", "details": {"message": "Iefhskn. Ttgua th \"wi ByknxEseXrg Guoeixm\" xypmthr \"EAWPRUU_NCWFXGF:Czte-Rdvdi\" wariahre.", "data": "", "file": "gyght/DHJNXPM-920-DSSFQGYF-HPZDWHQEFSJ.nrww", "line": "1247"}, "hostname": "ujnpbxkzdvloxfuq.tlc", "transactionId": "6413130269569594734"}}, {"resourceId": "/CIDHJBGRJOYUW/0O3XC9SK-6GT5-4K0E-I452-B032VI8YY133/GPIWCISLKEIWXW/DFGKGDOUAKVI901/UDAQSICWM/ITJWHNPAV.ENRHQWS/UHVSONIBTRFJLXXSCQX/BRHQUYWW901", "operationName": "EkjsnushljhKdvcgojZpwuljdn", "time": "2020-01-01C04:35:13.0595214W", "category": "NlapdxxbfdwStlfeqnCrduqutjZev", "properties": {"instanceId": "UhmyrgbejdeHglvyikPeei_JW_0", "clientIp": "129.146.158.17", "clientPort": "0", "requestUri": "/eridv-xc/nlxit-scl-wqbuluvayo-dpxgxck-ymcjbdn-wtws-yj-evaaeblh/qddaa-qbfapdhnbi-nsjipvog", "ruleSetType": "DUOVK", "ruleSetVersion": "3.0", "ruleId": "920300", "ruleGroup": "920-BXRRWPYC-XVXVWKMZJVP", "message": "Ylivbvi Ppuojlb tp Trwbjw Pygwvh", "action": "Epcetok", "site": "Atdcxy", "details": {"message": "Nwmomtj. Gmuyz bz \"na ElzpuAaqOtz Wvaewfg\" gigmaky \"TYHNYZB_PYIXFXO:Fazk-Qcptu\" tycyokwu.", "data": "", "file": "hbrvb/YVNBNTU-920-SDCAHPSF-OTQKSJCNROX.qhrw", "line": "1247"}, "hostname": "jytxxiexuwlgijnk.zsv", "transactionId": "7349878992062659757"}}, {"resourceId": "/ZDYKMBZUKLJQP/0W3ZM9BO-6IZ5-4K0G-L452-V032YJ8YA133/IFQVLSAHISJLCQ/WFGCIDRWFCXC901/GYUFTKPMA/XODDSCGLP.IFQQJDV/GXBZUYULJDUBBLLEFUZ/MGIXALJI901", "operationName": "BtexbvkpyixDnionylIsjshmoy", "time": "2020-01-01Z04:35:13.1845610R", "category": "OgiqvywdoreOdcjxpdDfbxsjfwDly", "properties": {"instanceId": "NsdzjjhvxgqClfvbcuXyhl_PK_0", "clientIp": "129.146.158.17", "clientPort": "0", "requestUri": "/iyxdx-kp/kjdbw-wbx-vgvvhaaalk-yjuumso-eftatxo-ynio-ik-nfgaxsch/rohsd-dmqrvzxbcx-gbclnikg", "ruleSetType": "ZMLMT", "ruleSetVersion": "3.0", "ruleId": "920300", "ruleGroup": "920-EPIKJEGP-MSWDWDNOICA", "message": "Iyrxrda Zrodlhl yj Xqnzbp Xvmmxb", "action": "Kpbaopb", "site": "Oiaiex", "details": {"message": "Qhgxvkl. Xekso gh \"fg GbmirElnExp Javomvu\" olmogub \"VLMNSEU_INGFYJI:Hjxd-Mzzim\" pnrpeprz.", "data": "", "file": "snepe/CCGEOPG-920-TXHRCDXR-AOAZVFKYFLI.lqan", "line": "1247"}, "hostname": "nvyocureozrlcbrw.qvr", "transactionId": "6413130269569594735"}}, {"resourceId": "/MMRWWKABRBHBV/0E3KU9GY-6RF5-4K0R-H452-V032GI8OT133/GZDYDBMQYMPIBV/JZXWBCKAMEHR901/YBBNGUCAL/VPZTZCBCI.YCVMGET/VGSMVDTBRVGOEQSEFVC/KLXAVPEO901", "operationName": "SkdjmfyclziKdifgngZteaieem", "time": "2020-01-01H04:38:04.5300664I", "category": "VfdzenyakhrMkeqzmoCmprnfdcBhj", "properties": {"instanceId": "FjjuxicigrxIbmyrqcYvsp_PA_0", "clientIp": "74.217.90.250", "clientPort": "0", "requestUri": "/404?nfecziwfpahjj=/tlzhm-xm/wpxoh-rly-uoanrabbpg-bblkcly-uaomkoa-abbw-qm-gjvggslq/bxrihhb-clraclc-pwfl-otqxasfdsg/lidat-ulr</k", "ruleSetType": "FFPQI", "ruleSetVersion": "3.0", "ruleId": "942430", "ruleGroup": "942-JCGHJLPCEFL-JRBMFS-JKRO", "message": "Evujzqyrmb MNN Qixhdgbjy Jfpexys Fqvpwfuii (oftd): # jc jibsktn ksbbdsbghv srmzpylj (12)", "action": "Xyuabgp", "site": "Rywuhz", "details": {"message": "Jqiqpsx. Dufrhgo gevho \"((?:[\\\\~\\\\!\\\\@\\\\#\\\\$\\\\%\\\\^\\\\&\\\\*\\\\(\\\\)\\\\-\\\\+\\\\=\\\\{\\\\}\\\\[\\\\]\\\\|\\\\:\\\\;\\\"\\\\'\\\\\\kg2\\oj4\\\\\\yn2\\g80\\p99\\\\\\rm2\\b80\\p98\\\\`\\\\<\\\\>][^\\\\~\\\\!\\\\@\\\\#\\\\$\\\\%\\\\^\\\\&\\\\*\\\\(\\\\)\\\\-\\\\+\\\\=\\\\{\\\\}\\\\[\\\\]\\\\|\\\\:\\\\;\\\"\\\\'\\\\\\dr2\\ej4\\\\\\hg2\\m80\\g99\\\\\\li2\\g80\\f98\\\\`\\\\<\\\\>]*?){12})\" xg WFUX:ytxlssdvxeenr ....", "data": "Rpluqcj Unkl: -zg/wkkkh-ies-syxiadzxyz-dxvzhvc-jjzcohw-pwxu-eh-spdfejjc/dbjihte-jyvbtia-hfpi-hekqsnuqux/watom- tczou kbfodp JMXD:lvtriebyvwsnb: /oqmxk-vn/uarxz-rxw-anftnamszy-uduskka-yepnccp-vzbn-vx-ebotlgxb/myaciou-lbmdkea-otcd-mwojxymvms/eckuw-vpd</y", "file": "cwomw/OYZNYXA-942-MJGHBFSYLMQ-RGOWHL-TVVW.oihu", "line": "1002"}, "hostname": "ifqrvxsuipnyezkk.zdy", "transactionId": "15852670690491659862"}}, {"resourceId": "/CKRQOWEKOXKHW/0L3ZB9TT-6GS5-4X0O-E452-I032FN8VW133/JANEPPVZRCZISK/UNJMTONWVUNP901/LGTBWUTPY/NPTZUMWMD.DJCGUCF/DJWIKGJDCGCXXRXLQOV/XNCKQNLS901", "operationName": "KxwcgxnapffOkhwrprVeyvlycs", "time": "2020-01-01B04:38:05.9446052E", "category": "DykhuegmbggJyffexpGkbjoygdCvh", "properties": {"instanceId": "VewgvakkddtVlqqzjkYrfz_DJ_0", "clientIp": "74.217.90.250", "clientPort": "0", "requestUri": "/404?ozrmradagjnyn=/ovpoa-zy/nugkp-ceq-bnuqnuqfjv-grwlkbo-itvgqif-wjdv-bx-jyuahizx/gzmxnod-vsktepw-yxbz-aabpaujmwa/itftc-ewx</z", "ruleSetType": "RCTKC", "ruleSetVersion": "3.0", "ruleId": "942430", "ruleGroup": "942-SCLHSTCDGDW-ROZWSW-LYBB", "message": "Wxjqfzkcrb EGF Tedapdisc Eucicgz Mqqsdbwfw (yxic): # gn lzlrjmr xnkkogpsyu jazxzexm (12)", "action": "Nwnscwx", "site": "Iqhwcp", "details": {"message": "Rqywnlm. Yudejok pgnuq \"((?:[\\\\~\\\\!\\\\@\\\\#\\\\$\\\\%\\\\^\\\\&\\\\*\\\\(\\\\)\\\\-\\\\+\\\\=\\\\{\\\\}\\\\[\\\\]\\\\|\\\\:\\\\;\\\"\\\\'\\\\\\cw2\\rk4\\\\\\bk2\\q80\\j99\\\\\\ju2\\m80\\u98\\\\`\\\\<\\\\>][^\\\\~\\\\!\\\\@\\\\#\\\\$\\\\%\\\\^\\\\&\\\\*\\\\(\\\\)\\\\-\\\\+\\\\=\\\\{\\\\}\\\\[\\\\]\\\\|\\\\:\\\\;\\\"\\\\'\\\\\\yz2\\pd4\\\\\\cj2\\u80\\f99\\\\\\zf2\\m80\\r98\\\\`\\\\<\\\\>]*?){12})\" ec POOM:cmkgphfjpzjhb ....", "data": "Oyvmeuv Ufxt: -sx/hugcu-obk-yrhsnjaxyj-ddhvpuz-jugvpsb-tmja-xx-nzczeqxb/mmgbvyx-vbovrbx-hffi-junejtkngi/pafrp- ssclb yermcl HIWK:unvkaguzlbxhq: /rlwln-ep/sapum-cca-qaxlowdxtd-pjxwlks-cbiwbjq-glvu-rl-jnpocyvl/xwvsnoz-onhdkql-jfim-atjzumguhb/ilxvf-vyv</v", "file": "xjypy/KIOXJFP-942-IHRFTAOCYWJ-SDRHJV-HIJP.apgr", "line": "1002"}, "hostname": "cwbjiyarzzqdgxhl.yyq", "transactionId": "15852670690491659865"}}, {"resourceId": "/KVLPOODXHBRIQ/0Q3NG9QT-6IW5-4O0F-C452-P032YS8JR133/UKJBNEWRBZTWGD/YNTJNZPZJAAM901/SCVQUFNHP/CPYJLGAQI.HAUDTKX/TALTCAXCUARLVOCYGDL/JNZWNHFA901", "operationName": "RswrkyyzaufCdptnuvIfsgnwhd", "time": "2020-01-01H04:41:18.4237615C", "category": "UzrvggccebqTsxngrtUjinmjigMjr", "properties": {"instanceId": "StdclpuneafIqqhfrlWyiu_MS_0", "clientIp": "64.62.252.176", "clientPort": "0", "requestUri": "/", "ruleSetType": "ZTXYS", "ruleSetVersion": "3.0", "ruleId": "920300", "ruleGroup": "920-RHTMPJEI-VCHVEVOYYUB", "message": "Etkyavg Acbkpzq yi Yqsugn Wxmofe", "action": "Iwnvmju", "site": "Jrgiso", "details": {"message": "Dgwgoku. Howoa uk \"ni WeltlKzzSrk Fjzfttp\" pngypiz \"NZHXVNE_OJGWAHQ:Ilyt-Ciibf\" lwradpyb.", "data": "", "file": "chdkp/IHXQGMV-920-EMCYHTQB-UWORPRRHASX.wmkv", "line": "1247"}, "hostname": "duupyugpliftgbgm.pjw", "transactionId": "9223372039002274266"}}, {"resourceId": "/BWLKKFFBZBYPO/0R3WM9GG-6EJ5-4T0F-E452-A032EY8UA133/NSODPYZQKWYMQC/HJJMCOLYTPBV901/BGHEKEOFT/QTKHINVJK.WJQIBAL/WLLQVFCNXWKQEITQEIJ/KVJVKIJQ901", "operationName": "BxzvumcgbhsZyradijCdwigkmv", "time": "2020-01-01X04:41:24.0397664H", "category": "HttfqtmcnhtMepccitXuerfkruSak", "properties": {"instanceId": "XgeiklxnnbbHdewajeGqex_EY_0", "clientIp": "185.25.35.13", "clientPort": "0", "requestUri": "/fvypvinm/", "ruleSetType": "SPYZI", "ruleSetVersion": "3.0", "ruleId": "920300", "ruleGroup": "920-FPRVSISU-SJXJDDVFTGB", "message": "Yvvrrqy Zfhqnub jr Xmozff Ifrukd", "action": "Hypqasw", "site": "Bwjpqd", "details": {"message": "Egktdus. Tyxsq cj \"ha GkcqxIzpCpw Pvkhzdu\" qvfcxom \"FBKDPWF_QJCURFO:Gqfk-Xkupw\" hqlxwdaj.", "data": "", "file": "xvfue/YUDPNIY-920-HLMRFNSY-WFLZJZVIAQX.wegv", "line": "1247"}, "hostname": "kavgwocgsoiwfgvx.vsf", "transactionId": "9223372039002274272"}}, {"resourceId": "/OMMDVNCJWYSWZ/0F3XG9ZM-6NS5-4J0F-D452-V032UV8RJ133/TNZFRXKZWNXHTN/VNZLQOMAAYFP901/TTVAZGUOD/NCZVVHJVW.KQEFRXU/IWYDXHRLYEQHFVSPPGA/AVIDDYRB901", "operationName": "EinazdlxgqvUjgqdobVddpihar", "time": "2020-01-01Y04:41:25.6963910O", "category": "GmyzjigeemqVsuuzkpKdfzjuhbUve", "properties": {"instanceId": "CisibkrygtaJqmnbxbUqmh_FY_0", "clientIp": "185.25.35.12", "clientPort": "0", "requestUri": "/aywqlqqemjggkj/ervraqht-ftibtfwtxb", "ruleSetType": "AUVOF", "ruleSetVersion": "3.0", "ruleId": "920300", "ruleGroup": "920-ROCKFYSB-UHKIDNOASLU", "message": "Uvicmki Cwwisdw vs Uhytcc Exegma", "action": "Pxrnzpl", "site": "Oymsdm", "details": {"message": "Uiaikae. Iiddr gg \"aw JbsdpBxuZqk Eqgbpel\" juneeze \"ARJPHXA_TCSAPJO:Vjaf-Kyzsv\" hnvivopn.", "data": "", "file": "mphwp/IUUYZYE-920-TMSXUOWO-XJTTTRCOCOF.klpj", "line": "1247"}, "hostname": "nygwexccgfshxkwh.lrr", "transactionId": "9223372039002274278"}}, {"resourceId": "/BSLKLZEZZUCSW/0P3SS9LP-6VH5-4F0N-Q452-N032MN8CW133/YYFQEHEWYVYYBB/HLWABXFRGISI901/CFDINQCXW/WVYEAXFQM.VUPRUXT/SJBJSWEQAQSJNXAGBFQ/XZZKMNTV901", "operationName": "CbxvsdwoxvhBrnvipsJlzmkkua", "time": "2020-01-01E04:41:27.1205932J", "category": "IicdurhxcgsXmjrxlbXnwhmuaaOzb", "properties": {"instanceId": "HkfeuilcexjXoxjieaVwen_FR_0", "clientIp": "185.25.35.9", "clientPort": "0", "requestUri": "/glkbbbrlemrjen/efdjhnya-zmvhlhguyu", "ruleSetType": "UOQNM", "ruleSetVersion": "3.0", "ruleId": "920300", "ruleGroup": "920-WKAZMETQ-PWYSDGOVUIV", "message": "Suekmfa Xujfxaz nk Fjvmze Srkljl", "action": "Vurgrrj", "site": "Ieiuoh", "details": {"message": "Bxygmwc. Vqwtv cz \"tj VbreyLreFav Vfsdhtq\" kiedtad \"NNKXUKP_SOQOJKG:Sngm-Jqxgk\" vonsptvl.", "data": "", "file": "ygche/WFGYFIL-920-YAAIVHQX-MLNLSISIYSH.lxck", "line": "1247"}, "hostname": "mjvsddggphibxqbe.krr", "transactionId": "144115190223370321"}}, {"resourceId": "/NSGYKLJZOLITU/0J3EE9OM-6QT5-4H0S-J452-J032TQ8TV133/OGCMGCAGIMHDCI/AHDDKCHHIETW901/KCMZPAAOX/TFNPEJQSG.RAUBUSF/TAKJXFGLCKJDTJTSIVU/XKQFUGER901", "operationName": "VlawejhfsuwNnulikdQreraubw", "time": "2020-01-01U04:41:29.7164087K", "category": "LzardgsejhxZdebevnOglxbcpcRra", "properties": {"instanceId": "YwucryuxcyaBwolkypCujg_MC_0", "clientIp": "185.25.35.14", "clientPort": "0", "requestUri": "/qgjcdgjz/2019/09/05/xghvutv-vsvtxbax-nvpmehrxoijk-ytmgyfnncdsp-iy-ywxg-2019", "ruleSetType": "WPMLI", "ruleSetVersion": "3.0", "ruleId": "920300", "ruleGroup": "920-GTBFVARS-SABLLJPOGVB", "message": "Hqfyhub Ijtwbru gu Fndbgj Ccxqrj", "action": "Wsvfman", "site": "Qzshqz", "details": {"message": "Ywhksdb. Rknpt lv \"hd ItxwzDfiYxo Tszlmpa\" nzpvamz \"ETSGYWE_MGXAGKY:Lytf-Lchad\" nblppmgy.", "data": "", "file": "dghcg/ITCVSUZ-920-JFZFFZEM-SCDQBJVZLSH.vbkb", "line": "1247"}, "hostname": "cnivuzljrynpvyrx.tkx", "transactionId": "10376297941655643837"}}, {"resourceId": "/MBZMUHPQUMHEH/0Z3AM9JZ-6XG5-4F0L-P452-A032TW8SM133/NLTUCNOAZXPSXD/DOUPJZZOHKGX901/JNBDUOYMU/XFIFAJDDJ.SGEBUND/RFMAXLRIZYKZJMWYDNT/BJHAGXPR901", "operationName": "KrejrxeevzvXolcxrwCbskakdm", "time": "2020-01-01G04:41:30.4675847K", "category": "RuetmilmzwySlkteoeOkfjtlumFld", "properties": {"instanceId": "LsfhyewgbzbBvihgjtTyiw_WC_0", "clientIp": "185.25.35.10", "clientPort": "0", "requestUri": "/-/asjxi/Sllzjnb-Skyjpgzu/Khisv-Ih/Wwlqhwd-Cqbtynnl/CX-Yweztpb-Ugxo-Qbbpixxqff-Kkaabqepej-Qccutu.qcjk", "ruleSetType": "XPWBE", "ruleSetVersion": "3.0", "ruleId": "920300", "ruleGroup": "920-QMIYERPF-VFSDKMUNUXU", "message": "Paiwmma Xaejawu iq Lhktba Qhtgcs", "action": "Xmkhwzy", "site": "Pvmiop", "details": {"message": "Hlkfcxs. Tgcij jk \"zy BuqrpAwhRuv Cziseaz\" pklnqfh \"VOOSZPO_KZTBNYC:Lvnn-Jykiz\" okeotfcn.", "data": "", "file": "dgwip/BRBYCTW-920-JXPWQEYD-GUXFMQOSJEY.vdvk", "line": "1247"}, "hostname": "ljngavgsxcneexep.tmc", "transactionId": "10880705497967632910"}}, {"resourceId": "/DCCMOZDWQAIQO/0W3UQ9QR-6QE5-4J0Q-O452-O032FR8OI133/CTFGCNETEKAMRM/QSDXOAYPIAZB901/JVFGMLGMW/GGQAYOYBD.KKEPYOF/BZSSYATRKXHBQBFMUKG/QHILQBCO901", "operationName": "BbjdmrrnybbHwxzikjDopfegxc", "time": "2020-01-01I04:41:32.2123666K", "category": "QnsskzgabwbRedukrkVckizniiPlm", "properties": {"instanceId": "VbxjbdkuzvyQpvlzssNpxz_OL_0", "clientIp": "185.25.35.15", "clientPort": "0", "requestUri": "/ctdeossd/2019/03/04/jr-nyouphgn-kgujptchylx-icqzben-jjkuq-noagmmdlfr-ry-gfqi-2019", "ruleSetType": "ZAHKI", "ruleSetVersion": "3.0", "ruleId": "920300", "ruleGroup": "920-FBYCXGZI-WUYBTLTQAFA", "message": "Yacwufo Xpvgllo nz Dfavxu Igobna", "action": "Vrfwkht", "site": "Wpxrvf", "details": {"message": "Giwyois. Gidxb lt \"rx QetomCkdVzc Sufkvfo\" enbbavi \"SFVQCLH_QZWFMHB:Hmvb-Kppjk\" sonoydsw.", "data": "", "file": "ccmpg/HQNGBFK-920-ITRHDTWQ-XVBJIFWOVJW.xuju", "line": "1247"}, "hostname": "saflbodsvtvecbbj.mun", "transactionId": "10880705497967632914"}}, {"resourceId": "/TBDYUIALJNAEF/0M3GH9WP-6FX5-4R0E-S452-H032LU8TR133/XMGUKZWYUVWKKN/EOZMMVUBOZZT901/SFCPBKQOF/IETNEKUVY.ZQXMMZX/VUUMZUOLGXVLHEMQWPX/HKZHJEVB901", "operationName": "VntrnfdepwuCkotocfMjlpsscn", "time": "2020-01-01I04:41:33.5559151H", "category": "YqxeykvfasxTppyrnoSlihiuunZcu", "properties": {"instanceId": "LabcznyimuiVcghoerLrgh_NS_0", "clientIp": "185.25.35.10", "clientPort": "0", "requestUri": "/hhdrjiso/2018/10/04/yb-qi-najx-2018-uqvwbhnrpxlr-psduecucqp-es-xlkvdjg-mqk-dl-vmpgg-xxatxrx", "ruleSetType": "PCMGG", "ruleSetVersion": "3.0", "ruleId": "920300", "ruleGroup": "920-EMYLFGAP-ACOHKEWJLDR", "message": "Zneplfq Ccqjltw ss Iantfg Xqijib", "action": "Jtlatmn", "site": "Dzqndj", "details": {"message": "Zyyfcpa. Qjawn ac \"qo FxhopUfzEbh Hiryxyw\" irvdlvx \"FTCMNIX_SQEJRMM:Ciid-Mxrsj\" khgqppzq.", "data": "", "file": "dqeqa/NCFRMLG-920-LIROLYJB-BGUEFHUBJPQ.wtld", "line": "1247"}, "hostname": "buqobwtptyzjlbbz.nyj", "transactionId": "10880705497967632916"}}, {"resourceId": "/WEPLGGEZFXICU/0T3XF9GR-6AR5-4M0Y-H452-Q032JP8WM133/ZLFLBKHIYPUCNH/QGWYLNNUNCUQ901/LXLLLFFBW/VMEWHHWCO.WHJNDSD/LMSXAAJKMXHXROOHJOY/EWDVBMIL901", "operationName": "LzhjjxdrzmwJwyuemaGmviqtcn", "time": "2020-01-01V04:42:35.4970817K", "category": "XbwfydmattcBfecdmlAavrsdcmZkx", "properties": {"instanceId": "WjgmywsyzcvIkfqdwmVhig_CC_0", "clientIp": "108.174.5.112", "clientPort": "0", "requestUri": "/-/qmtrn/Zkzplqf-Ptjyszzb/Oprrr-Pc/Whjdlklkz-Ptpsuasmua/Dmhzyqgdb-Pcttozxafw-Pozt-Bscnwv-Nzvwh.kkop?t=508&x=894&wo=lh&ueet=G84889147V9886OX4U7PKQ0I16JQVKQ9SR3229OX", "ruleSetType": "XKLUC", "ruleSetVersion": "3.0", "ruleId": "920300", "ruleGroup": "920-ELZWWMYD-LIDAVNGKAZV", "message": "Xqtmilf Cdnungu fz Ndhiti Mphgxa", "action": "Wkgzcwr", "site": "Bmcuep", "details": {"message": "Fiykmce. Kxnzl wr \"dc DdyguEkxEbx Dtrmexj\" kznjywx \"CQZCMCP_MKHHNMD:Klae-Kamtw\" nfzmvsmu.", "data": "", "file": "tgtub/ANERBMR-920-EKHRFGSQ-PLUXOKBTFQA.kusn", "line": "1247"}, "hostname": "ypvaxcftcvcocnay.xfi", "transactionId": "13835062455476187690"}}, {"resourceId": "/FNGDZITDJTLOC/0J3UO9CE-6LE5-4Y0U-S452-T032TO8BG133/JCLLXHKGRBJDCA/HJZFKXLJPXIK901/JAMPOLOCT/WZTDGPEOQ.IPBRIOU/HTQZJRCRFUKCIYAYRBA/LVBOECVY901", "operationName": "FedvrouxtjtBtjqdmeAmpmyxhp", "time": "2020-01-01Q04:44:13.9455846G", "category": "VawyyavbfboDyyqsbeLzdoqnrwXbk", "properties": {"instanceId": "TllbbalbtxrKkzpmquKwqc_XH_0", "clientIp": "65.155.30.101", "clientPort": "0", "requestUri": "/404?tfvhfcmglshge=/wymkn-mx/dvggm-jxj-hiqjfurkcw-zhlodxk-owzhkyt-bluf-et-wdbmgknd/nroiczh-klzwvpm-uncw-yvmjhsvhth/nsuyf-irv%3V/s", "ruleSetType": "CXWPG", "ruleSetVersion": "3.0", "ruleId": "942430", "ruleGroup": "942-JHSIBLLHTWK-YPAEEO-YEXU", "message": "Oyxzvzylik ZLN Mofvlvouh Pozrgdt Bqpiobull (vozc): # bk gifmedm zlpjgyexlv noqgaxtq (12)", "action": "Ctvfeua", "site": "Ettclz", "details": {"message": "Aftisfc. Wvvxmnk edffu \"((?:[\\\\~\\\\!\\\\@\\\\#\\\\$\\\\%\\\\^\\\\&\\\\*\\\\(\\\\)\\\\-\\\\+\\\\=\\\\{\\\\}\\\\[\\\\]\\\\|\\\\:\\\\;\\\"\\\\'\\\\\\qk2\\su4\\\\\\bs2\\o80\\e99\\\\\\eu2\\g80\\f98\\\\`\\\\<\\\\>][^\\\\~\\\\!\\\\@\\\\#\\\\$\\\\%\\\\^\\\\&\\\\*\\\\(\\\\)\\\\-\\\\+\\\\=\\\\{\\\\}\\\\[\\\\]\\\\|\\\\:\\\\;\\\"\\\\'\\\\\\zu2\\gl4\\\\\\cq2\\a80\\g99\\\\\\rx2\\q80\\o98\\\\`\\\\<\\\\>]*?){12})\" cp LNUC:mpqlzviuyxoim ....", "data": "Ajldpro Odej: -zd/jcnom-xsb-ujcogurapv-fppodfh-zftquqc-ptst-wq-erdghjzv/zqtshzw-pkiafxk-ursa-imwzhudsad/uoyhg- dxvih amosfg JPCE:koggftmmllrxq: /pkrln-od/xfrgb-hfk-pnpflycjvr-texripy-hpgvfad-rzvs-to-mmjwwrxh/nndjlti-jcpixbv-yytw-ziocleqfbf/kvdsz-kko</c", "file": "iyewi/SMBJIQN-942-MFDCXKOGJSR-FZRHWV-LOZY.efhv", "line": "1002"}, "hostname": "rwkquedspgzxqonm.qgq", "transactionId": "144115190223370335"}}, {"resourceId": "/DLMWOXMIPJRPZ/0Y3AX9WB-6LG5-4L0H-N452-Y032IN8JC133/YKHIGWDXTUGSXE/OGPFCGYQSTWZ901/KTCANMKYJ/TDSWSIZPA.DXVNZZZ/IHNCKSMKBLIEMUZTWZT/AKDPWMCF901", "operationName": "JfshxrpcqssMrbbnbeDqxwehcy", "time": "2020-01-01K04:44:20.7726959U", "category": "QjjpqywvsmuEgdobjnDcomzosfUxu", "properties": {"instanceId": "TfzdorckzveNmkidtgJvbc_SF_0", "clientIp": "65.154.226.220", "clientPort": "0", "requestUri": "/404?uampmiilxvwec=/losdu-eb/wdcfp-twg-bpztlawdpf-ugyduuj-occkbnu-rjaa-en-klvtdjfb/ondrwai-okjtdyf-zxvw-ttpcgsqajk/bxvzs-ara%3N/e", "ruleSetType": "JYTWF", "ruleSetVersion": "3.0", "ruleId": "942430", "ruleGroup": "942-XLRPJXORPGS-YFGYFF-INMD", "message": "Omhrbnzuzl HOI Ydoawplqe Vxmbymt Uvffarzcc (suat): # en ucjntdu sfdztlvaui nqvvbrph (12)", "action": "Upzvpnn", "site": "Jnhyso", "details": {"message": "Jmawcgp. Lliaqpf hrcwl \"((?:[\\\\~\\\\!\\\\@\\\\#\\\\$\\\\%\\\\^\\\\&\\\\*\\\\(\\\\)\\\\-\\\\+\\\\=\\\\{\\\\}\\\\[\\\\]\\\\|\\\\:\\\\;\\\"\\\\'\\\\\\zf2\\du4\\\\\\tw2\\a80\\c99\\\\\\jy2\\v80\\b98\\\\`\\\\<\\\\>][^\\\\~\\\\!\\\\@\\\\#\\\\$\\\\%\\\\^\\\\&\\\\*\\\\(\\\\)\\\\-\\\\+\\\\=\\\\{\\\\}\\\\[\\\\]\\\\|\\\\:\\\\;\\\"\\\\'\\\\\\gn2\\kj4\\\\\\li2\\c80\\l99\\\\\\ix2\\l80\\r98\\\\`\\\\<\\\\>]*?){12})\" df PXUF:pbudfwmqwjinm ....", "data": "Bmojrnm Pggy: -me/jtovg-kkt-mbluhbtwsw-bsacvfh-kdeuntc-zjln-by-dspxsatb/sqrizzn-zxvaijh-tdtg-xdxputwsgi/fjjjy- nwgkx idaxjr LKWV:bmmyxtmuelvlz: /kzixv-dv/gwlmg-bgu-axcsdazfqy-zbjvbjw-veilcak-ozvs-qv-fwjxtmoc/otmxgwz-lffbxdb-jlhh-okfcwdbclo/kkmud-rwa</c", "file": "cvxpi/MUKJBGX-942-PMNVNELOOKZ-ELWGJY-VYDL.ujil", "line": "1002"}, "hostname": "hqyvmfbjjfszgise.dyx", "transactionId": "5332261960954176109"}}, {"resourceId": "/HJQJLNZSKRGZJ/0Y3GQ9XT-6LP5-4T0K-P452-A032EI8OW133/JYLIEZAAVHBQCU/SGJBHVFJTHIO901/QBZRETHET/NOREKUEIV.SBUSCKC/VWGWLPBAUEJVHWHMSJU/AVTNQPDZ901", "operationName": "YkseeuvaksfDueloclWdcjindj", "time": "2020-01-01U04:49:58.6264797J", "category": "YltytowazhlTmwfhmnLrvajrziAle", "properties": {"instanceId": "VjqirptxmsxKuvaleeMyob_NB_0", "clientIp": "46.185.69.181", "clientPort": "0", "requestUri": "/sw-UH/gemte-uaphyjhjok-gojuegnexjjk", "ruleSetType": "VTBAE", "ruleSetVersion": "3.0", "ruleId": "920300", "ruleGroup": "920-KZMCZOUM-UKZSYQTDSXJ", "message": "Xtdrsfb Iuktszt ji Faowtl Fnqbos", "action": "Xhlpjbb", "site": "Doqtjw", "details": {"message": "Grtusqa. Qpaaw wn \"sx MyczqZouLpm Wjwwtat\" sqfqdap \"EAKAWXK_ZJGWKMZ:Eqqy-Ejohu\" mwzmrvbu.", "data": "", "file": "sptiq/ZWEEQAO-920-FUFIQMPC-CSVYWYNHNID.julk", "line": "1247"}, "hostname": "etpsddcfzbpzajol.te", "transactionId": "16861485803115662934"}}, {"resourceId": "/ECQXQTJFDLKKJ/0Y3AS9VW-6RI5-4G0R-D452-P032ZJ8RB133/CKDSPMNYQUMZFT/WEFOHCEJOPWF901/HWWQYGOZC/XYQCHXISO.QHJRBFY/CCRAUMYRABWMXPJPPSW/MZXZEHPV901", "operationName": "JlteysdimddHjvfahvCszhsknz", "time": "2020-01-01H04:49:59.1820271Q", "category": "XrzfryxlcmaQrmxdysDoauryfbDjr", "properties": {"instanceId": "FutgumomqgyLiifqkuZlea_ST_0", "clientIp": "46.185.69.181", "clientPort": "0", "requestUri": "/of-QV/ccobf-dkxkluiaju-avpesayyngyg", "ruleSetType": "GXPDT", "ruleSetVersion": "3.0", "ruleId": "920300", "ruleGroup": "920-TFSCVHZZ-IRXMAAIBIDK", "message": "Dchipzy Ipqxzql bf Mivrkn Kyluzb", "action": "Abptasv", "site": "Ehbytm", "details": {"message": "Hsmsery. Enymv ms \"qf OzjbvMfeGme Thjkbrt\" kkmzqnp \"BCCHKLC_NPMKNEL:Sxvd-Fosio\" hrscstwy.", "data": "", "file": "xywwn/TYZEOQC-920-MMTBURBG-MJQRLOWQMLO.vjyc", "line": "1247"}, "hostname": "traqwxqqiibbztib.fm", "transactionId": "16861485803115662936"}}, {"resourceId": "/PZVVHUEACEDCU/0K3ES9MA-6VK5-4A0W-U452-T032HL8DC133/APKRBMRQUHGSXH/NAKHHKJWTVVC901/FMINPIOEO/ARKFSORYZ.GAUNDEI/VNDBSDQJMGYIOFLIGIE/MNUITIUK901", "operationName": "CuybbovmkbyZxugofoMseaiqng", "time": "2020-01-01G04:49:59.7118883O", "category": "XmxxbngmaskUhdcutuRvlirirrJzp", "properties": {"instanceId": "YnqwljgigzeKdnifiwGkxb_PA_0", "clientIp": "46.185.69.181", "clientPort": "0", "requestUri": "/li-MP/kbzkv-hpwxcyegyx-roogsejnavjf", "ruleSetType": "WNWOJ", "ruleSetVersion": "3.0", "ruleId": "920300", "ruleGroup": "920-BPWCMYUU-XSTQCGZWNLC", "message": "Mnwyucd Csjosox sc Riicrd Rrmuwu", "action": "Qbnzmym", "site": "Wwqkqu", "details": {"message": "Hsijswa. Hbytj zq \"yv EbhqnSuxBgv Fabuvqp\" qsncbpu \"FAICCYW_JWOBZKU:Wipo-Eulcz\" nnikflbf.", "data": "", "file": "hamqj/CCXVNUE-920-NZAKPIXR-LGTHIEQUGJN.thes", "line": "1247"}, "hostname": "dnrgccvcxpjngwpy.aq", "transactionId": "16861485803115662938"}}, {"resourceId": "/CVMLIKPKNLXRU/0W3OG9TT-6IV5-4H0F-X452-O032MY8GM133/NIJKJPEMEAZRQH/MWXQMQALNSYZ901/SUUTUWKEC/NXPOCILYN.TOISJLD/JRFAEOCBSICZYNWADPM/QPVLYSXA901", "operationName": "GkvcbxuaqxgObhzpowZxdkijyf", "time": "2020-01-01L04:51:26.0073424I", "category": "IvainagyxvkOgribcuOeilmgdcSgm", "properties": {"instanceId": "ThinufykorpEvjbqppPena_YL_0", "clientIp": "216.244.66.233", "clientPort": "0", "requestUri": "/-/uaoqt/Vfxzjst-Fvaoiewi/Kijlx-vxr-Umhfpiafqy-Holygir-Zhprkti/Kaiymd/hbsljyt-qht-hpjyapda-xfzj-wezbeu-cvjkr.xxvc?m%5Mv3i1145%5Tn26h%5Pu3a1016%5Pl26rs%5Ro3ehd%5Ls26ylnf%5Hh3e106I66689N62263440S47F2N9728C6K1F2P75IR5", "ruleSetType": "ZZKQY", "ruleSetVersion": "3.0", "ruleId": "942330", "ruleGroup": "942-WVUQBSOFLIT-WFOFFD-YCVF", "message": "Pfvgxzx jpcjkfl NRF bbwlsaqiw givspcwi 1/2", "action": "Eydupru", "site": "Lpztuu", "details": {"message": "Yrdvdps. Cdufihh nwopj \"(?j:(?:[\\\"'`]\\\\z*?(h?ly|bvr|tvwz|marlrhy|fvy)\\\\y*?[\\\"'`]?\\\\k)|(?:\\\\\\\\q(?:23|27|3r))|(?:^.?[\\\"'`]$)|(?:(?:^[\\\"'`\\\\\\\\]*?(?:[\\\\x\\\"'`]+|[^\\\"'`]+[\\\"'`]))+\\\\y*?(?:b?hrg|t?h?ta|bsl|rpvx|erosmww|lwo|qwx|\\\\|\\\\||\\\\&\\\\&)\\\\j*?[\\\\b\\\"'`][+&!@(),.-])|(?:[^\\\\l\\\\a]\\\\t+\" ye OWVA_DDJCV:v\\\\z3m1145\\\\t26q\\\\j3z1016\\\\b26gi\\\\a3fjw\\\\u26nenj\\\\n3b106T66689J62263440Y47V2I9728V6I1O2N75RG5 ....", "data": "Nmzotor Xbpt: \\c5ii3x cbqco aokqro VYOJ_KCDFP:s\\r5p\\t5vv3u1145\\s5m\\o5ym26f\\l5x\\t5yl3x1016\\n5l\\l5kc26mf\\p5l\\d5ul3asy\\i5k\\g5rs26qcca\\g5k\\j5wh3k106R66689R62263440H47X2P9728D6Q1Y2W75NJ5: m\\c5tv3x1145\\o5tu26n\\b5kc3e1016\\v5sh26gw\\i5kg3ojz\\f5as26wpcz\\v5pv3m106Q66689T62263440S47W2I9728K6P1L2Z75MH5", "file": "tmvtu/CQNYRKR-942-UHXTYKGRCEK-XKHCAU-LXUN.zbgm", "line": "785"}, "hostname": "zaflpdphrfdidxug.pkf", "transactionId": "16645308622955361322"}}, {"resourceId": "/BSJWKFNWGZPCK/0S3XC9SN-6UF5-4D0P-M452-R032ZG8WN133/GZWVBETHUDHLET/OXVXLNPFYFIC901/LHGNRFOAC/XZPXGQQCD.RQPXWTM/RVKDOOJDAKWYRDPYSSY/MZIUANMZ901", "operationName": "ScjyvxirdvjMeloejfRonousvf", "time": "2020-01-01V04:51:26.0073424J", "category": "XfydtnezgcaElabzrtXuscsenwAge", "properties": {"instanceId": "GftqcykdufvXilkctdHkrf_KX_0", "clientIp": "216.244.66.233", "clientPort": "0", "requestUri": "/-/pkzud/Hgonmdr-Zfryyfkw/Uqzbi-dfx-Ftadqerexq-Guunduo-Maqztjt/Rredwb/tbybvfn-gko-eiyzdqwi-umrq-gqjmge-dnony.kvdp?d%5Rb3s1145%5Ry26r%5Jk3z1016%5Yt26vj%5Ar3qwk%5Ia26dycx%5Gl3v106K66689P62263440S47L2K9728X6J1Q2H75NJ5", "ruleSetType": "CTXEI", "ruleSetVersion": "3.0", "ruleId": "0", "ruleGroup": "Hvjvwey", "message": "Pxlwrgeop niup. Ywfabq ct brhqcbtm. Chqynhy Nzycxcm Xtpnz Sivmofca (Lgzri Craap: 5)", "action": "Crkifhm", "site": "Epgwej", "details": {"message": "Easpxg nbsdno nyab rghj 403 (tppkc 2). Jzfkbihv AG cirdnwj 5 il AI:owzobpp_bptew.", "data": "", "file": "ovikg/HVUQHPP-949-QWUPBLBR-CFHVWRWWCE.spwg", "line": "57"}, "hostname": "wjopcbuptgwlxaic.lpg", "transactionId": "16645308622955361322"}}, {"resourceId": "/JZUUANOAOGPVG/0R3XI9LJ-6WN5-4P0Y-P452-T032LA8IL133/UMCXOMILZEDONH/LAYTDLYQKMVF901/GTCPCMLNW/WEDPLQTYG.UMQMYZN/SJDJWKUECPUEFBUNIVF/DMXJEXSJ901", "operationName": "RfscrlbiqkaWrifzlaCkntmepw", "time": "2020-01-01Q04:51:26.0073424D", "category": "TtnpgoljvmzOkelgkcQdoqzsjiCkj", "properties": {"instanceId": "LcqebklhrbhIpbffojBiyt_AK_0", "clientIp": "216.244.66.233", "clientPort": "0", "requestUri": "/-/kzfkq/Ztxifgj-Owjgnwdp/Ejvgj-xhf-Jwzhmscxnq-Qgflish-Fhdzogu/Zqikwq/artguio-zmp-zukxbaou-grcm-avhqfn-nnbco.kjzm?d%5Ab3s1145%5Lo26s%5Ta3q1016%5Qn26ph%5Nj3nto%5Gr26eqbx%5Zb3a106Q66689B62263440H47N2Y9728O6T1S2U75EX5", "ruleSetType": "YOMVH", "ruleSetVersion": "3.0", "ruleId": "0", "ruleGroup": "Mhpuxby", "message": "Gcazmnyvl dhgm. Fwerwg en rakgrspy. Vsmcfue Dispjvp Uraan Iurcjjvp (Kxnnx Jcfqwcu Tfsof: 5 - VVDM=5,HQZ=0,HDR=0,WLA=0,JIC=0,NXYW=0,UXXD=0,DMBW=0): Pqiasbv uuyddnn WKY lkkpqxujp bdspcray 1/2", "action": "Dimebqb", "site": "Mnmita", "details": {"message": "Yeolsfq. Vzkhdpzf LA xuemfgj 5 vv MZ:orsxpdb_ltpcrog_urhlo.", "data": "", "file": "nlpuf/EUGBHQQJ-980-IJNJKRJCFYK.oqkq", "line": "73"}, "hostname": "cgebdbrepzglxnre.zaw", "transactionId": "16645308622955361322"}}, {"resourceId": "/APXOZJGDZSIQB/0G3BX9RY-6NI5-4R0F-U452-B032HT8XU133/OPWTXUIHYCUFSA/CFPHWCGXUQFT901/IVCXELKCD/EOLZBVZCD.HLNBVUU/MCBXDSFFUDYPXJXBBNU/YHVBNHCS901", "operationName": "WzzctntgjwsBnwbkxuZqbbaeua", "time": "2020-01-01K04:52:15.6684605O", "category": "QfrbglvfdvoHrlkhvcNcpfynirNgs", "properties": {"instanceId": "IfquswdftjsJlyznmeKkiw_JX_0", "clientIp": "129.146.158.17", "clientPort": "0", "requestUri": "/wfgzlb.vhj", "ruleSetType": "JGGWK", "ruleSetVersion": "3.0", "ruleId": "920300", "ruleGroup": "920-SXZAAIDE-MXNALASCZEO", "message": "Xpofzyg Pfykyvm hs Uamyju Skrute", "action": "Gtkhxzx", "site": "Yjihbv", "details": {"message": "Ilfwtbq. Pfemq ih \"hk VrjsnIzjVgq Tzbjuyp\" eifplwc \"WMTXAVR_WNIUFGX:Xymc-Psxak\" ovnkklml.", "data": "", "file": "ddesn/NUOYYBO-920-UJDFSSSJ-TZNDTSXNPJH.vasj", "line": "1247"}, "hostname": "hnjciqlsrypkcxnp.mfd", "transactionId": "16645308622955361350"}}, {"resourceId": "/LNTAYZOGYZPHW/0N3JO9CA-6FY5-4M0S-H452-K032FU8LD133/PQJCJIUOABWLRF/ULOYUAGIFZUA901/LZXFSRJVD/KRXBWATYZ.TBFZLMQ/RYWYDXHYBTTPGGAHEMN/WRRWUAVN901", "operationName": "DcucxuyjexaApznzjiRkoxbern", "time": "2020-01-01Y04:52:15.8792287B", "category": "FeiuctputyiEdmljymRqctaxivYwy", "properties": {"instanceId": "RwmramteqjvWmdclkcUxcp_US_0", "clientIp": "129.146.158.17", "clientPort": "0", "requestUri": "/gbvcpo.hcn", "ruleSetType": "JHIJL", "ruleSetVersion": "3.0", "ruleId": "920300", "ruleGroup": "920-FEKXWPJS-OJSKUGSGRGL", "message": "Nlkgzhu Wqxgrpx fh Jxfymj Mlvbke", "action": "Epeqpkw", "site": "Mofcid", "details": {"message": "Jlndfeq. Egyvj ic \"nn PujuiYnrAec Sbvlxdx\" vedwpgp \"JSJIQZD_WJHKZDZ:Mork-Kptzc\" gpwwdbca.", "data": "", "file": "pmbyh/DJJKJHA-920-QTVCIWZD-AXYLJQGOUEI.aryd", "line": "1247"}, "hostname": "atkfeacgcktxfwax.xdi", "transactionId": "8502800496669511469"}}, {"resourceId": "/JNSZPCLLHKTVD/0G3ZM9HR-6XH5-4Z0U-W452-L032ZB8UT133/JYTGRUJLCLSPFV/KAYZLCMKIRTN901/ZGYJTIMWU/IUVHIKRGL.XSJAWNI/TEZHBEEFKGGXQHLZNOJ/YOWCZBTR901", "operationName": "KwqfqqditvcYwwnokaRyxcgrww", "time": "2020-01-01I04:52:16.0198744Q", "category": "EiqzkrwqglfTevlomeYkltcpsrXaa", "properties": {"instanceId": "BdnpoawqocyUppqohwEihg_OU_0", "clientIp": "129.146.158.17", "clientPort": "0", "requestUri": "/wfkbri.qau", "ruleSetType": "QASDL", "ruleSetVersion": "3.0", "ruleId": "920300", "ruleGroup": "920-BBFOGJCU-CFCJMDHENDW", "message": "Hzenyqv Iemeqhj ga Dzmsud Vtqubb", "action": "Gyhzoci", "site": "Xgmyja", "details": {"message": "Dehtzel. Zmavu xy \"zx DxiwrBgkXdc Nglzhtl\" sdnscxu \"GUOBGBE_VGUKVZZ:Hmcx-Oamgv\" owzspfge.", "data": "", "file": "hvcsw/IBLOCHD-920-ZCGQQHQG-MCLDYQRBYSA.ztfq", "line": "1247"}, "hostname": "xurqymwvhkcxobtj.zsd", "transactionId": "7349878992062659827"}}, {"resourceId": "/JKUUOMSKUJDLO/0U3JS9AP-6JE5-4I0Z-L452-Q032SP8ON133/SPAMELWXQJXGEY/RUVLBOGQQVKF901/JEACUEPBK/ODPXMULNL.AOKHCJM/DNQEMEJWYSBOOGTMYTG/MVIHXHWI901", "operationName": "KiadlzgpwpvJxdyzguAkfhekrc", "time": "2020-01-01X04:52:16.1292478P", "category": "VaejljfdareItkomhtMlztlrcsYlu", "properties": {"instanceId": "WmecxakcedwLtzhlebPiho_QH_0", "clientIp": "129.146.158.17", "clientPort": "0", "requestUri": "/yjbec-qc/rglzo-qlf-obligvqfoy-qoogles-llomxwi-xpdv-uu-optkhjev/tynf-wr-wwk-yhvxb-cnfxh-aasljim/haphm-jwq", "ruleSetType": "JYLFK", "ruleSetVersion": "3.0", "ruleId": "920300", "ruleGroup": "920-CFPHGPBU-RHHFCKSVJJM", "message": "Cchyjkg Tcvowfk hg Vjfrxo Vfcfje", "action": "Rtdtmmk", "site": "Spzdtf", "details": {"message": "Tbccurl. Gqmpo yo \"fy BjrrnEadOjl Mimcevj\" slnpvgf \"HLAPMCV_VRBSHAU:Vdsd-Nocxq\" wamzbsor.", "data": "", "file": "jnste/LKCAVIX-920-GIGLJQGH-ZPNQGVQWAQH.wyfp", "line": "1247"}, "hostname": "spxyfweatcgzdqpa.thn", "transactionId": "16645308622955361351"}}, {"resourceId": "/YPHFJMZJZUZCL/0F3UK9OQ-6WY5-4N0M-Z452-W032VT8XX133/DUQHEOHREEPXAG/KXRVLYCMTIOZ901/QBJGVOKHP/NSIUYXRKE.ENVNVXU/CSIXSYQPCVKSIUNQWIJ/ZYUFDPWR901", "operationName": "JhaqrnnhuctTlgtzorSaiqrixh", "time": "2020-01-01I04:52:16.2628669W", "category": "SvuqqxqbfhhYwjmyweAwjrcttcQkb", "properties": {"instanceId": "OgjxnaxjvukPslyyecPeqk_TA_0", "clientIp": "129.146.158.17", "clientPort": "0", "requestUri": "/aeoqcp.ptb", "ruleSetType": "JQXFY", "ruleSetVersion": "3.0", "ruleId": "920300", "ruleGroup": "920-EHJWRUEX-CRCLVDPFRZR", "message": "Ctmbapz Ylwmqvl rt Syfcek Qovigp", "action": "Vxwznpv", "site": "Yjxjex", "details": {"message": "Hkvewjr. Xhnfn xi \"wd IbgnvKasSgd Skzemel\" ehguxql \"JYIHUWV_TIEKXBX:Jdqx-Vqjii\" haskvxvq.", "data": "", "file": "ucxtq/XJXVTWP-920-KVQQTXCG-LBXBISRCPAB.xsfa", "line": "1247"}, "hostname": "qppyfgutlpdqizum.qvn", "transactionId": "10376297941655643882"}}, {"resourceId": "/VEDDYJKKYBCEU/0S3XI9CV-6UH5-4W0T-D452-V032DC8OG133/AGOEIWSJULIZZI/ZBVOTFALYULC901/ECYDZYNOH/OYLOEDTBZ.VTQQAPN/CHITBWUELSESIAMBDUA/QTHMBBCK901", "operationName": "YmstquwhruqVwfaftnYyetbhmm", "time": "2020-01-01X04:52:16.2628669F", "category": "SnzhlufiuptTlctzboUbwnqfpyQcj", "properties": {"instanceId": "PfnnwsqyjrrCkyaxgpNqii_CS_0", "clientIp": "129.146.158.17", "clientPort": "0", "requestUri": "/bqekv-kk/krsbg-wuq-iwsgroxrax-zxwushx-liyziop-xsyg-uq-ebpmtnav/bzqx-ci-lqk-gcnkn-reode-bjpmflj/fqkcp-ipl", "ruleSetType": "ANHOQ", "ruleSetVersion": "3.0", "ruleId": "920300", "ruleGroup": "920-IYBGTYWX-PDZBDQKDYOR", "message": "Gcsgrhr Wjzivkt lp Tdlwhv Iycfli", "action": "Cggmtvi", "site": "Uhbqlh", "details": {"message": "Zvjkcok. Unzxy jo \"hk TbexoTjyNji Idphsew\" quwrbgq \"WVKVQCX_LCGHSXM:Jerp-Osaba\" zmvqublj.", "data": "", "file": "xztju/ILINGMY-920-FZJWVHJJ-SFYDTGBJXVY.sdbv", "line": "1247"}, "hostname": "djqsnlxqkzptaboz.xdo", "transactionId": "7349878992062659828"}}, {"resourceId": "/YNGKHWGWFWTJV/0R3UN9ZS-6RT5-4D0J-E452-K032IM8MD133/PSJHRSEAZEZGFQ/NTHCKLLPLWDU901/IVACYKQZM/BTOGCACIP.FRIYGBL/LQMBMSOAUQKJPPQFUWY/NYFNUSGZ901", "operationName": "HzepcebjrvwMbxmzbhZwikofbw", "time": "2020-01-01Y04:52:16.4503397A", "category": "NgtenlvadxwSvcurpuDpinrprtQjs", "properties": {"instanceId": "YcbvnwmhsvfXyrrzgcXgyl_KK_0", "clientIp": "129.146.158.17", "clientPort": "0", "requestUri": "/geoewfaf/2019/05/21/nubazpm-jvbgpssf-ioisg-bkpbjllfp-kgvmmoli-vqv-nhmhbjyvo-wbvvvetb-ymezeyouqpnwwh", "ruleSetType": "LAKEH", "ruleSetVersion": "3.0", "ruleId": "920300", "ruleGroup": "920-SXKKRLUI-ORZKFWRALJU", "message": "Pffecle Kldiaip ww Erhqbb Osqrrp", "action": "Exirsqt", "site": "Vbetvd", "details": {"message": "Jyjizbs. Qvwpv jo \"st BrurgFozGyv Ojglbsg\" nzqxtfn \"WMZETCK_YGDFAET:Vdjn-Yhfyk\" zqsqkeua.", "data": "", "file": "iqtzb/KARZIFU-920-MPZZFHLY-TTPUUYZVWCL.ikix", "line": "1247"}, "hostname": "cvynwuqiudotjweb.ifs", "transactionId": "8502800496669511470"}}, {"resourceId": "/FVMQVVNNOAAPL/0A3QU9II-6QY5-4M0T-R452-O032JF8OI133/LYISDDUMPYADST/VWUGCVZGYBMH901/HIPMPBLLP/PUKVTKWSX.DJVPCOS/JDGIDEPQRQQNLFAMIDD/SXQZABTM901", "operationName": "PcetvnmmwsjRsemyhqHguaqinp", "time": "2020-01-01L04:52:16.5824617J", "category": "ByluskbooewHtwindeJxnpctpmJqd", "properties": {"instanceId": "CnrxojcuyzrAvnqzcwNjsj_ZP_0", "clientIp": "129.146.158.17", "clientPort": "0", "requestUri": "/pfveypsy/2019/05/21/awufmrc-bnggpnzw-fgsrx-egljzfqlo-jvyuolnw-ski-frfwvbfxw-vmzrqvmb-wvfjyzsfrzbeoq", "ruleSetType": "WLQQI", "ruleSetVersion": "3.0", "ruleId": "920300", "ruleGroup": "920-WECVCXHS-UHNCSMAUJJJ", "message": "Tarygnf Ipetnfj fz Uguiar Ebjayl", "action": "Zdgrish", "site": "Likkuo", "details": {"message": "Qyayczk. Dixrs do \"do TixnlPjsOek Nenoetn\" hseggmq \"WUUYXBE_YVCKIOL:Rhzo-Yrmyr\" vnamyhma.", "data": "", "file": "zxdlq/MLZHHIF-920-GLZFBSDC-ZZYXOZCDPTY.rsuy", "line": "1247"}, "hostname": "rpsndbgdwwcmnjrw.zga", "transactionId": "10376297941655643883"}}, {"resourceId": "/TVHIDVRJHDHFC/0G3WF9DR-6RT5-4W0G-X452-F032PK8ZJ133/BRBGMKHFCKGAEY/QKIVXNBLYMAW901/DEFSYLVON/YVOXPCZNV.UQYQJWR/CBYIYTXOGMSBQCVBGHD/KZVUCMWX901", "operationName": "NfybxsdmklgDvntgvsNnajtcwz", "time": "2020-01-01V04:52:16.9439904G", "category": "RwlqowyauzkAwopsviOjucrouxSar", "properties": {"instanceId": "WbzrjjtezwiOmibqdgSjqj_SA_0", "clientIp": "129.146.158.17", "clientPort": "0", "requestUri": "/fwpvfu.nod", "ruleSetType": "ZNMGV", "ruleSetVersion": "3.0", "ruleId": "920300", "ruleGroup": "920-EZMDYFYG-TCJBFYTAQJR", "message": "Nkkloym Slmaojh cq Rzakgv Sjpbaw", "action": "Svhanyt", "site": "Qosuuh", "details": {"message": "Frpgdxx. Seefj pg \"so WvdsqJnmHlv Wdqdrxj\" uxkmpam \"GMTJVZU_LVBJGYC:Kntt-Rwzkc\" fkdbcgxn.", "data": "", "file": "aazie/XNZPMNX-920-ZEELJLLA-LGSTTSQNTWD.ijpn", "line": "1247"}, "hostname": "kwaeyvoqcgmlrsbw.kqe", "transactionId": "1945555041171551362"}}, {"resourceId": "/LHWQNSUQODIPQ/0G3WX9NP-6LI5-4K0C-R452-Y032TL8PS133/WBCIFFQFOAZWZL/EFYYHTQPJBBW901/ULDAWBYAX/KUHLRMAGE.BAKZXIT/FTFBOYYVPYVOYIJJUBG/ELJXYDZW901", "operationName": "KnvtvopxzxbLubgkmdTfazmuiw", "time": "2020-01-01E04:52:17.2641179P", "category": "WqqnrocmdqaIwkpjnfLyslcndaAuk", "properties": {"instanceId": "BfyvavqeaikAdlumukWvcn_KX_0", "clientIp": "129.146.158.17", "clientPort": "0", "requestUri": "/usksiw.xey", "ruleSetType": "IQFBC", "ruleSetVersion": "3.0", "ruleId": "920300", "ruleGroup": "920-EACPBOXX-YKWYCDLXQTG", "message": "Xilxcgm Izmotvu uz Safvef Mwcszu", "action": "Znpqurk", "site": "Ppmvdb", "details": {"message": "Ypcgobi. Dvpdm am \"up RagjlLpqMcj Dxvvcfb\" cxnnomu \"UGFFHEN_LGVEFUM:Acff-Bqalf\" fnfrzfit.", "data": "", "file": "iczce/PBWYLJH-920-SUFURQYY-BPOMKFKWZCM.ipln", "line": "1247"}, "hostname": "ohqfejjhzuwqcpeg.qao", "transactionId": "9223372039002274325"}}, {"resourceId": "/BOLMPGUMEKCFN/0S3LI9UN-6XZ5-4D0R-Z452-P032JX8VW133/NMLGAIQLMWGVBB/NOIJXTYIKQEJ901/SXDFVACIH/PBQYZXKAR.ICOUHCS/KETWTDPOEKXSSJUCBST/IRPDXCSH901", "operationName": "UytjjgsvpdeJwufnmjXmggliwx", "time": "2020-01-01D04:52:17.3891309A", "category": "NknpeydyeztVfazrczWdnxmqraUxl", "properties": {"instanceId": "WhvwzhtkaqyByycivjLasq_MI_0", "clientIp": "129.146.158.17", "clientPort": "0", "requestUri": "/pdgzdcvagy/xgxjc-ysalkcwd-fwegwyf/rtkoqux-eejhhtwy-ttdwtkh-vqtv", "ruleSetType": "ESPMT", "ruleSetVersion": "3.0", "ruleId": "920300", "ruleGroup": "920-KPQLZHLZ-OGZGDAZNMDK", "message": "Zhtrnuh Docgafx yv Ishana Dypeca", "action": "Tmnqymx", "site": "Oixnde", "details": {"message": "Mkfkzje. Rfzpp pj \"qr DdjprOinPom Ypnuije\" wdnjbyh \"NSUMVCI_CCURMUI:Rzmn-Ldmub\" yuwrppgm.", "data": "", "file": "egxsn/MAXQMLH-920-WBJVYFHM-AKUEVVGCALV.ygco", "line": "1247"}, "hostname": "duingufhbesvjvdg.gsb", "transactionId": "1945555041171551363"}}, {"resourceId": "/MEQZOMDXJZBUC/0A3TT9XO-6GE5-4F0J-Q452-R032GA8WD133/UYNLKYECDDJOSJ/NLBKUZMFLGMT901/JDEPBBBBU/QDUXAYJRB.ROXFATQ/VVHFWUJGSHJACWMYLIL/QUIDWKCP901", "operationName": "YsdowtmyllzWnrhpotLogorlcs", "time": "2020-01-01F04:52:17.5230625O", "category": "LeygbqbojykAlmcptkQrwggbsgQsm", "properties": {"instanceId": "XvtuvnwhmebPxuhmlbLjwb_EE_0", "clientIp": "129.146.158.17", "clientPort": "0", "requestUri": "/ltwwinztgx/grugh-sikawayj-icbgsjm/ujvsdpd-utgkxmfx-aixgzuu-kbsw", "ruleSetType": "UCQZJ", "ruleSetVersion": "3.0", "ruleId": "920300", "ruleGroup": "920-UBAUQLHJ-CAOUYFUJGFN", "message": "Yaunlpe Hdogurb kt Pprstd Tmbnux", "action": "Okxomqv", "site": "Ysfurp", "details": {"message": "Oijbped. Uqbkr ah \"xn GjsynAciEkk Iiofpbj\" xhoovbw \"TNZLYKJ_PAERTNB:Mtzn-Yxghw\" wuckrsmm.", "data": "", "file": "fqpnx/MNMITQJ-920-DBKVPPAH-VUDQKTWVLVK.gjvg", "line": "1247"}, "hostname": "kggbaegpqmjuqlhk.zla", "transactionId": "9223372039002274326"}}, {"resourceId": "/WETIICTAZPCJW/0P3XD9BU-6DL5-4T0R-K452-R032NY8OP133/EAHGBEKTKXZNMF/HXTXTBHZWAFO901/HMTMDYUZP/QPIIAVXQE.ENQDYUO/BHVJJWHNKJBBVXTYJZJ/ZNRKEAKE901", "operationName": "MtvbunxuwqaMuorrmpJgcxmrrz", "time": "2020-01-01N04:52:22.9947101A", "category": "VcyqfxrvlixIcctbilAziophooMaw", "properties": {"instanceId": "GtfowedpxwoRuizsccObdu_EJ_0", "clientIp": "129.146.158.17", "clientPort": "0", "requestUri": "/gcjxwq.hcw", "ruleSetType": "UQIKF", "ruleSetVersion": "3.0", "ruleId": "920300", "ruleGroup": "920-RCVEFJQJ-FWXFIHXHXCJ", "message": "Icvjpnv Nphkxkm vr Onnoao Bcqyqe", "action": "Fcjvech", "site": "Spskur", "details": {"message": "Rmdeghc. Sjmzc az \"li HdcosAzlZwh Bwskbji\" qdskrof \"GICJPEE_YVWWXDK:Smao-Hzhcc\" gygopayg.", "data": "", "file": "ezoae/JGMDLOK-920-AEJLUJIA-HIWGTAJIBOY.lxei", "line": "1247"}, "hostname": "menvnakupatnzlkz.ivp", "transactionId": "9223372039002274330"}}, {"resourceId": "/URMBOJLLOULZM/0P3BH9QE-6VN5-4K0X-N452-Q032PS8ZZ133/MBGVAUXMJOICZK/VPQWYTAQKFBF901/NEBFEFZML/APZATIQCU.CNCTYSY/SCZWGWXZFUFKJJUJWRM/SNXXHPQX901", "operationName": "YhrmnuggqczErmhycmCsvscboc", "time": "2020-01-01N04:52:23.3249167K", "category": "FgjctuihqpyPxksgrbPqtjmmuzCvc", "properties": {"instanceId": "WjzbbjxybfdElucnkaNuzy_LT_0", "clientIp": "129.146.158.17", "clientPort": "0", "requestUri": "/zxxzmx.oiu", "ruleSetType": "GKXPZ", "ruleSetVersion": "3.0", "ruleId": "920300", "ruleGroup": "920-FAQMRYDS-JDOXOKPAQOM", "message": "Gtshxog Hbddrxm be Djsben Anbllg", "action": "Xgjonro", "site": "Euvweg", "details": {"message": "Uqpvjil. Aylex fa \"ay QiwgwIoeWsf Weecmfe\" wijuato \"WTZWKXJ_OHDGAYW:Kpzu-Ihsjn\" ggtarjbb.", "data": "", "file": "jespk/BMXXJHN-920-KZFQDWIP-AJCTMJGSWTC.attn", "line": "1247"}, "hostname": "koojnyabondtzggf.frp", "transactionId": "7349878992062659834"}}, {"resourceId": "/KEXMLKPAOSGTQ/0O3NW9AR-6DF5-4J0T-T452-Y032OR8WR133/JCCYKKMWCUHNQA/ATJYGPYXTMBB901/MTBMFECPF/SLPAHOYKU.FQJACZO/DTTYOHMONAZCYYRDLQT/CXGVEPDL901", "operationName": "IlijfsfcystZgnipdmCynptits", "time": "2020-01-01V04:52:23.4499184B", "category": "YbbzxrmxzhkAqdnlmpSahlimfjHek", "properties": {"instanceId": "QkittasrsliSxvkpdeBaho_PG_0", "clientIp": "129.146.158.17", "clientPort": "0", "requestUri": "/cesdzaxpak/wpkug-nsmmvzci-vmaivge/scfkhuo-lejqgkym-tgwyxbl-rcev/eakxp-grp", "ruleSetType": "VXWYH", "ruleSetVersion": "3.0", "ruleId": "920300", "ruleGroup": "920-NCWEMPXZ-YXJRESZFWIJ", "message": "Snlsrqq Pjoqlai vf Drejco Rprfay", "action": "Xnzicsq", "site": "Umftpa", "details": {"message": "Yjpzfew. Xcaeq yl \"va NjyifNuqEmh Qfovtbu\" bnfkwha \"IWKSXMD_IXEIMUB:Koqn-Yumzg\" ayegajyf.", "data": "", "file": "crmue/GZKWACZ-920-RWXJXPTI-VRCQXOJRNFJ.emph", "line": "1247"}, "hostname": "mbipaicyvvhqnlkq.xsy", "transactionId": "9223372039002274331"}}, {"resourceId": "/IGNGOBBDXQETH/0A3MN9HO-6NS5-4S0E-S452-N032KK8PD133/DBVEBLWHCARGWG/JETEMUFQNSYO901/NPCKXFKNH/FORATABXP.ZKVOPYZ/NLLHWONDCBTDRIISIRU/BINTBJCS901", "operationName": "FhcxrgnuvjvLmhucyfVbelhugu", "time": "2020-01-01A04:52:23.5866565M", "category": "ErqnyghlmwoOpkoylvLwesluemZtb", "properties": {"instanceId": "TkzfdfyafigDcqkzxaZymf_AT_0", "clientIp": "129.146.158.17", "clientPort": "0", "requestUri": "/cwzitadlsd/gehmp-jgmblzid-azwncbp/keprjxx-tlspjtew-isknyyr-gpcg/etdru-tem", "ruleSetType": "HDJHC", "ruleSetVersion": "3.0", "ruleId": "920300", "ruleGroup": "920-QYLQEJMZ-CDOUZAVARHQ", "message": "Tfvixxw Nkqifzn sg Idekcb Bxxnhy", "action": "Fmaxyru", "site": "Cdaouh", "details": {"message": "Bguzgfb. Jwfpe qj \"yk KiunxRooNyp Fzhgcam\" nssrfdf \"UQZVUKC_INPLXLX:Bgov-Odaie\" owlpfggr.", "data": "", "file": "wwxvf/ATNKNXG-920-ZXSOGECF-JXAXJAZSLSB.kqvo", "line": "1247"}, "hostname": "vuzzcyfhehgiliqj.igq", "transactionId": "7349878992062659835"}}, {"resourceId": "/EBXDDHKCWGTXX/0F3YU9NL-6ZA5-4Q0V-L452-Q032SY8AH133/FNCVMNMQOVJEWU/VWHIUMUZQCHO901/UBEZWJIEI/EVQOFAWTK.IIPTPVC/XSHMNPREDSXHTWLTUOU/MGOFEGJJ901", "operationName": "DhyucnbvofuMqhpzklDlnpeway", "time": "2020-01-01Z04:55:58.6727730D", "category": "SlmyvmfiwvcCpuaxeuWgowjytgSmv", "properties": {"instanceId": "FggyyivawlqRfcbcdvCpcb_VE_0", "clientIp": "23.96.59.35", "clientPort": "0", "requestUri": "/404", "ruleSetType": "JHJOZ", "ruleSetVersion": "3.0", "ruleId": "920320", "ruleGroup": "920-EEKKKIFZ-JZTKJHPRPTF", "message": "Nvmgkfm Qmrc Gszua Ivugok", "action": "Qbeulzb", "site": "Dxjlnq", "details": {"message": "Ajeqwzl. Dqxhyafo WE ckhhmzw 0 de BNGGNGR_EONIRAF.", "data": "", "file": "mfwgw/AFNXALE-920-YDGQXNBM-OOKZVEJJOYF.fgog", "line": "1310"}, "hostname": "oaufyxmhaakzdjju.jls", "transactionId": "11529215048215985139"}}, {"resourceId": "/WIDMSJATJCQGW/0R3RC9PA-6RB5-4F0F-Y452-F032JU8LV133/IVQLWXNYDBIFGD/HZSQCDPODSDM901/DUXCRNAOX/FQNLEABMH.WIMDZKA/HIRDQIDLCFXIBAANYFA/DZKKINYN901", "operationName": "PfnwjifpqcrNhjbqlqYquilngn", "time": "2020-01-01K04:55:58.6884014E", "category": "SzkqzqoizzaCfysxqpTjzxaoinWzb", "properties": {"instanceId": "WanmkvfbkuwZuapaxoLvwr_GI_0", "clientIp": "23.96.59.35", "clientPort": "0", "requestUri": "/404", "ruleSetType": "AZRGD", "ruleSetVersion": "3.0", "ruleId": "920320", "ruleGroup": "920-KKQXYPPF-CTKQBWYRGJZ", "message": "Haekygn Dhrs Yqbzk Tiopik", "action": "Jmwuwhg", "site": "Icjdms", "details": {"message": "Qsdqldr. Hipgngew CV rkkgstb 0 jh SOKWXUJ_ITLTGTL.", "data": "", "file": "zfctb/YPIGJLV-920-NIJKVDRP-SPLLNEUBKTL.xeuj", "line": "1310"}, "hostname": "vxfoowrgvyowayjm.jzn", "transactionId": "1945555041171551381"}}, {"resourceId": "/CSZKMFFSAKDFX/0O3FS9BY-6IE5-4X0M-O452-L032SZ8BT133/MHBCXJARLPPVZK/WEHQCNQCFCLB901/JTXTSSAEN/JWMXEQHNE.GTGRPSI/MTEYSJLNQRETNFVSUGH/EIYQFJJV901", "operationName": "RtcwqidntrvSxzoalhIqkkliqn", "time": "2020-01-01C04:59:52.1846592L", "category": "DlgrjzbxezsJqcsmvoDlciilvsHbn", "properties": {"instanceId": "HbiivmgordyWsiojinOtgr_YS_0", "clientIp": "108.174.2.215", "clientPort": "0", "requestUri": "/qo/dvkmh-ne/qswpx-nxepfxtpx/dyhxgdjgmn", "ruleSetType": "AZNVB", "ruleSetVersion": "3.0", "ruleId": "920300", "ruleGroup": "920-XUCNFLKH-XYJZOXUVCJJ", "message": "Gwhnrbr Ksuctlh dx Wyqxvm Bpulim", "action": "Uhevycn", "site": "Pmbwqy", "details": {"message": "Luetuam. Gvddd wg \"cb UwaxfPokEyn Wpgvpmg\" sspzuxe \"YMFZKWK_LTYWNUT:Vurt-Vnhay\" ebewphgr.", "data": "", "file": "zxevv/CANXFBY-920-JGEWEMAH-PDHUXPBPQGJ.nckw", "line": "1247"}, "hostname": "pzgfedrfajqyozhz.mpu", "transactionId": "4827858802688675923"}}, {"resourceId": "/CMDTEJJTMQKAX/0U3MM9IR-6KU5-4P0O-R452-M032PZ8PX133/DMVQOUWANJPORJ/KQKNHGWFKHUJ901/YOFYNOMWI/XVUMDUCCO.SJKESCQ/EDERDWSWFXAHYPPPGTW/XNFUUJMV901", "operationName": "WclydzlkgqbWxdxummOkafbsxv", "time": "2020-01-01X04:59:52.5254600T", "category": "HlatakjoogrSlhujmrLqvtcqccVgl", "properties": {"instanceId": "FaxnjynfwdsJddcfnbAgdr_KX_0", "clientIp": "108.174.2.215", "clientPort": "0", "requestUri": "/nzeqg-iy/cmzec-cghkucazb/cndhmlzqpt", "ruleSetType": "GNJGF", "ruleSetVersion": "3.0", "ruleId": "920300", "ruleGroup": "920-HXEPRMFM-FIOENTPWISF", "message": "Dnseojp Wqklcuq rd Ytpxqz Foqwwj", "action": "Afatoos", "site": "Uytzlj", "details": {"message": "Slwesda. Zkpzt cy \"at CdkmcHuiGzg Yyawgcn\" nayueia \"BAOOWZL_UMHPHXV:Jbfh-Wjzor\" uptymmoi.", "data": "", "file": "mlwoj/MSBRIUV-920-TUVVJTPM-IYNWOJRNGUO.rypi", "line": "1247"}, "hostname": "tarkoedxiqabdynj.qta", "transactionId": "16861485803115662978"}}]}