{"logs": [{"resourceId": "/WAZEWVYRHYMHM/0M3QF9NW-6GJ5-4L0V-G452-A032VB8ZK133/DWHFDHXUKNBEEG/LSBLQUBVGIFI901/TFHBCWUUW/GBKPKGJUA.AVYOHEX/EYWTKKLOWEZSPXSAXGA/DOOVYEIW901", "operationName": "QehzbypcdzbIwxjsunLbyusevd", "time": "2020-01-01X13:00:37.2507745R", "category": "FdnicssxfmjUxzsjisZnjvsbzuIdi", "properties": {"instanceId": "UiactppgczdEugzxxzDvbb_NX_0", "clientIp": "3.133.144.172", "clientPort": "0", "requestUri": "/ljkcjgxo/2019/12/26/bz-vtmc-hsxspfc-rg-ok-irkmdt-qslufgvw-mddxgm-pptw-rpqkxq-vbeouyisia-etcyna", "ruleSetType": "ZQNVM", "ruleSetVersion": "3.0", "ruleId": "920300", "ruleGroup": "920-IVKVVAHG-IRBPBWXRWYW", "message": "Klczwua Pbwosvs ta Gkakhh Mzgoag", "action": "Zxiktkl", "site": "Htsudn", "details": {"message": "Pyuxfhv. Pyjev qn \"gn TmhvtLchGzr Wqxmvgn\" cuuvtdr \"CXOLPMI_FPVHNFT:Aovw-Uczau\" wnfovjxk.", "data": "", "file": "vmavn/VPLPKCQ-920-UFTPAVYD-KDGQKYVVITF.ivzu", "line": "1247"}, "hostname": "pjxuodguyhkgykcc.eaw", "transactionId": "9223372039002275011"}}, {"resourceId": "/MDMMUBMQITPAL/0W3PK9LF-6IB5-4Q0I-M452-V032HI8GM133/OPEXWCFTXLEKEC/ZMWPJBHXTKKT901/LZJIRGIUP/EWSWVIWUQ.UXQLRTG/ESYOODDVZVPHPHGLYVP/NOUVEHFA901", "operationName": "EazcofqvluaOyibbbtXnywyiqm", "time": "2020-01-01L13:01:44.2203536G", "category": "VunofwxgqtvTpmctwwByjiskosGdk", "properties": {"instanceId": "TuizywfzaajMcazrkgCwey_FD_0", "clientIp": "18.188.151.184", "clientPort": "0", "requestUri": "/ymcryjeojjvmvmp", "ruleSetType": "FHFHF", "ruleSetVersion": "3.0", "ruleId": "920300", "ruleGroup": "920-QHPKAFPN-ZDVXLNUPYSM", "message": "Ifbnmkm Udvgdcq tx Gnmwdr Bluslb", "action": "Fczzxrp", "site": "Lwghbg", "details": {"message": "Jkcoxca. Arfun ez \"mf EhexjKhlNoj Tlgkben\" ruvmygl \"XFJXQEV_YTLEXIY:Oite-Ekhpx\" kiaxvmhw.", "data": "", "file": "tjvma/GNHNLCP-920-HYXCBNRE-LXQILNUDBUD.kfkc", "line": "1247"}, "hostname": "omaddcbloghjhjvb.yzk", "transactionId": "8142508128433351274"}}, {"resourceId": "/LJMCMMOYVWDSK/0O3ID9WN-6QA5-4W0X-P452-Y032KW8VO133/BPKBXWSCDWZKXQ/CZKBEPZVPRNZ901/VOVIRICFH/CNYCCISRW.SPKQSTO/QZTNLWWNZYGVYJZDXFW/WWEJDGIM901", "operationName": "GqyqkiwisziVvjvcssQxtzsyeb", "time": "2020-01-01E13:01:44.2985729P", "category": "EznvuepcqtvVyrtirnTqgjtuxdVex", "properties": {"instanceId": "CglygrnqbstWkpzrbpLzok_CO_0", "clientIp": "18.188.151.184", "clientPort": "0", "requestUri": "/fsmpxtiicz-jwqbzvvi/qhcyvor-pqplzcmo", "ruleSetType": "TDGKW", "ruleSetVersion": "3.0", "ruleId": "920300", "ruleGroup": "920-ALGPPHQB-QFRJMXTBUHB", "message": "Cszfhxl Qejvksr eh Pgtyti Nhqpqy", "action": "Xmfafuk", "site": "Yaxovj", "details": {"message": "Qylknfz. Ybcux sz \"ej HgsukYmnTtx Xzjkera\" xdepggb \"YQRLFTE_PPIZOEY:Kohf-Ioacf\" dlgisfmn.", "data": "", "file": "viyjt/JBOQHDC-920-DOQLGXLH-QKSWWJGJWXP.eqpd", "line": "1247"}, "hostname": "qnkmyealkpinpbwt.nak", "transactionId": "8142508128433351276"}}, {"resourceId": "/WQJUXYYSVZIID/0M3EN9ZJ-6YO5-4F0G-U452-W032JJ8PC133/SMAVICSBQPLZXI/INEENMZHRMES901/MSLBDXOYH/USSSAWWMP.ZUQYRDP/PWSTUSUUMTUVIHPFPJV/KMWFKGCP901", "operationName": "VlsfyyhlzzwTllfclsCmyvemhv", "time": "2020-01-01P13:01:44.3609378B", "category": "XgqbuzjjcxsHigmpgqVbgiycdqTqa", "properties": {"instanceId": "PwymcopngwaEjyhytoFdqj_MF_0", "clientIp": "18.188.151.184", "clientPort": "0", "requestUri": "/fljqkykkoc-xcucuejj/drqzjkz-bqcuqmpa", "ruleSetType": "BDXQU", "ruleSetVersion": "3.0", "ruleId": "920300", "ruleGroup": "920-XDTBINVY-OGMAJSCFAPM", "message": "Nafhcnr Rvcdazc sd Lzyfgg Qhyhzy", "action": "Pvrwzat", "site": "Twijvg", "details": {"message": "Ptvbdbv. Nuivd aq \"uh JdzvcJfkLpx Cclduwo\" prpaoeu \"UCUKJTC_BVMNIKU:Rtfk-Grfwj\" jttvuykq.", "data": "", "file": "eifnc/IKVHJGZ-920-GSEBCPIY-CCAHVWGTSFD.lssp", "line": "1247"}, "hostname": "utduqilezprkenkw.rcj", "transactionId": "17798230127562201137"}}, {"resourceId": "/FSUCNIXYEREHZ/0Q3WR9XZ-6KX5-4N0Y-L452-U032YU8NM133/JVZJZFAYOFADQB/CWHDWKFLUBZO901/XSYMLGOAH/BDXMTEMGW.HQGSBJD/NHKJXOWHBFZMYRCKUOE/NGDLMYSZ901", "operationName": "DqkndlyvrxfYkmtzqpCsjsimfu", "time": "2020-01-01C13:02:56.6045251G", "category": "RiradqjldifNeastqvQzlrynyoYid", "properties": {"instanceId": "LvnjsyhbzdoNuiyestXhsi_OP_0", "clientIp": "74.117.179.72", "clientPort": "0", "requestUri": "/ufggz-ix/ncjnjknzrtuxp/socabuvtd/tppmhdtlm", "ruleSetType": "POQTW", "ruleSetVersion": "3.0", "ruleId": "920300", "ruleGroup": "920-QFHHBYHE-PQXQIAIHFWL", "message": "Cbdcxhb Tcugzat hp Ndhulh Emrxno", "action": "Nxivbab", "site": "Aakhpm", "details": {"message": "Mgvlasw. Cfxea ya \"yi MfntmHbiGbd Ukmsaky\" ltsocqm \"YAWVUYR_CFPVCAP:Koqy-Ebwch\" gggdncla.", "data": "", "file": "immra/CCYGITM-920-ZGAIDTLH-LHVHGZKXOYQ.amcv", "line": "1247"}, "hostname": "trwkqklqauftzuyo.zkc", "transactionId": "17798230127562201150"}}, {"resourceId": "/XWSXNAEDOOGCA/0H3XI9GU-6NG5-4I0K-S452-G032RC8AV133/SZWMJOQHWYGIUO/NUWXUMANZUWT901/QHBALOGUG/HENPMGGYO.XFOBDBR/TVTYERPPJBODJPXNPEJ/TBFMYIML901", "operationName": "UffdkofzuahSoefjiiHfchulht", "time": "2020-01-01Y13:02:58.3090121T", "category": "JrnoawxpostXeyolcuOscppupyHsb", "properties": {"instanceId": "PlsftymffxiYcnlonuDsvr_OO_0", "clientIp": "74.117.179.72", "clientPort": "0", "requestUri": "/unxee-yx/zexbmiujesovq/wgfkfypli/yaioxpuds", "ruleSetType": "WDLZB", "ruleSetVersion": "3.0", "ruleId": "920300", "ruleGroup": "920-NLDRZRRI-PGIJENIFGHJ", "message": "Bbcdciw Uudnrlz nk Oyzkzl Ecgmji", "action": "Ttdkztq", "site": "Desqgh", "details": {"message": "Bmsllyt. Sfvnu tc \"eu NklfjDhcOmy Nrilydm\" esxnpvu \"KLBGRWD_ICQKLJH:Mukm-Hvpdq\" vsdzztbw.", "data": "", "file": "dgqhk/IFLSFWI-920-DTRJQHXN-ZXREJLZUVIU.ielm", "line": "1247"}, "hostname": "hhgyfhygqzitfnny.zhr", "transactionId": "14339465613741669052"}}, {"resourceId": "/HIOLSEJMOOGCB/0H3UG9CH-6DH5-4T0V-P452-I032LK8DV133/WTULCKYHMKRPBX/NKSXNBNSUBVI901/FNMOGFPYG/GBTYXLTKI.SBLCJDR/FMKWPTBKWZKQPEWSPZQ/UHSUNMEN901", "operationName": "BmszjfwuxsbNertyyoHedzngye", "time": "2020-01-01U13:04:45.4694604P", "category": "BsfxqgolpzbCsrabsiDcnilhejGuw", "properties": {"instanceId": "OurmkyhnlrxDuqjjmoYiow_ED_0", "clientIp": "129.146.158.17", "clientPort": "0", "requestUri": "/orsypm.jdw", "ruleSetType": "EJWQR", "ruleSetVersion": "3.0", "ruleId": "920300", "ruleGroup": "920-FGCJUHAC-FRNCAKNZKGD", "message": "Dhiisuq Rlvhcgy cz Lotnlz Jyupxb", "action": "Hrxqqqm", "site": "Rfrnwb", "details": {"message": "Njntkfx. Glfey sa \"rt XrcwmRkrNdh Xsogymr\" fheduup \"JTWGKTQ_IVCUNUN:Vdjf-Pzxlo\" gsidjkje.", "data": "", "file": "eqzcu/FLYOPXB-920-MOSOAZSV-JCNKLOSCMSX.wevs", "line": "1247"}, "hostname": "lbaxjcpuedaqnjwl.jcs", "transactionId": "9223372039002275035"}}, {"resourceId": "/QCPNFCYRNNBYI/0N3MU9ZW-6EW5-4S0Q-D452-J032IH8YL133/IMBKINLYEOBCBI/VZOEFOQYOGCU901/USVQBNNLH/FLVWGJPJI.HGDKGYH/KVZDMQKEBKDDOHFCNDN/XRCXYKHY901", "operationName": "WwcrrpyugagAhxmlvzObmvbiiq", "time": "2020-01-01I13:04:45.7936774U", "category": "MtbhnlbigviQmwoelnKukpywurWez", "properties": {"instanceId": "SdgrfmnkekaMowjdjsOfrw_LB_0", "clientIp": "129.146.158.17", "clientPort": "0", "requestUri": "/txtpfm.eqz", "ruleSetType": "TJMDE", "ruleSetVersion": "3.0", "ruleId": "920300", "ruleGroup": "920-AABOHGUF-YZLYSOBBHOM", "message": "Jarccfp Veddtql dr Lysqzw Uiwpcz", "action": "Wsiqyto", "site": "Tzficv", "details": {"message": "Smuonvj. Ujeai ec \"ju LugetHtzMfm Jfjwtbv\" sqptdbe \"FQLKFGP_IONYKVG:Bymz-Pifuo\" ajrbxeya.", "data": "", "file": "gogfv/HKSYCDU-920-JNEZWRJC-OSJVJOXKQYU.ikrh", "line": "1247"}, "hostname": "uugwvgycqaenvuru.zqp", "transactionId": "14267412417750264494"}}, {"resourceId": "/BAPUPYXCFVVGI/0K3XX9NA-6JJ5-4N0R-J452-V032PA8QY133/DPBMBLYGWHRYSY/HSCGWKOQMIEX901/JUJEVEVGU/HAHXSTEXI.UQIHAYW/LHNAAWTHVFQOJYFQJFN/XHNIUHSE901", "operationName": "XkamcsfikpoLvekienNwhsrrjg", "time": "2020-01-01N13:04:45.9400452E", "category": "FirvvpehaveEkrlkpiPgturlnpSkq", "properties": {"instanceId": "IylptmvwnjyMqzzolgOloz_YJ_0", "clientIp": "129.146.158.17", "clientPort": "0", "requestUri": "/twhwwmnu/2017/08/30/bsyi-ljx2p-lwxr-ovpj-ruerdjipbe-yauuk", "ruleSetType": "UTFWT", "ruleSetVersion": "3.0", "ruleId": "920300", "ruleGroup": "920-QYWFYNKH-XIJYSNXOYFX", "message": "Pqdwvda Pzgiwqo hp Ujhfqz Zrsjag", "action": "Xgoueye", "site": "Jjhppb", "details": {"message": "Hjapqgz. Cvzsy lb \"vb FcdppYhcOdp Yljerfn\" mteuhgk \"IJYDVIL_WOCZMGJ:Kiao-Lpsxg\" ojeynwll.", "data": "", "file": "ppblw/MUECVLA-920-GNWKXEYP-QBLXEMVSBAP.mwdu", "line": "1247"}, "hostname": "auczuamgahcpgfad.xyk", "transactionId": "9223372039002275036"}}, {"resourceId": "/QWRJSZQRNDUJT/0J3QO9SG-6XX5-4K0U-Q452-S032JZ8HI133/VFTPLAJTQNYYVK/HSCFWUAVPVEF901/SNQJDROXG/JDFBXXIWU.ZKZAUXE/YENCCPUPSWOXRURYSGD/RTIZBJUY901", "operationName": "HesmapmknsvQnpsjqsIovqhhyj", "time": "2020-01-01R13:04:46.0768551N", "category": "WeyckifdaklJcqcuubWvmtscwoTtk", "properties": {"instanceId": "OjbcqvlgbgpDmvrudjPbjz_LU_0", "clientIp": "129.146.158.17", "clientPort": "0", "requestUri": "/ltekmnxc/2017/08/30/xfdh-qdn2m-jfts-uwdj-iidxytqgax-ksiyv", "ruleSetType": "EDFGV", "ruleSetVersion": "3.0", "ruleId": "920300", "ruleGroup": "920-WCLKRGZO-KCPKIFUOTJE", "message": "Pkgjhle Hxjqxao fb Ojtxtl Slnmym", "action": "Sonwdvr", "site": "Abgjta", "details": {"message": "Leslbgv. Oqjzo tv \"fz UhmbrNnvNpd Nqivudm\" fsylpia \"NKRPYTH_LJXJQPP:Fcso-Hccob\" bmwgdaae.", "data": "", "file": "omxuk/KSNPKUM-920-JYFRHJJM-ZKQKTVVXRFC.qvbp", "line": "1247"}, "hostname": "wkwazbztvudzxzhh.sqi", "transactionId": "14267412417750264495"}}, {"resourceId": "/OZGWENAGBWXRG/0F3BG9RP-6NZ5-4I0Y-T452-I032LU8BN133/TQVKIWOPZDJZEX/CPNXHXJTMAPZ901/KFAAAONUK/TKRDDEBKQ.THCUEXS/HFMHLPXHOIWIJZRFXAA/PAUZGXWP901", "operationName": "XcdwzmnbmwpOkkspmvTukodoxm", "time": "2020-01-01U13:05:23.6320839L", "category": "IqfvjrbnbtxYywnqsfNpzpnqxoIrl", "properties": {"instanceId": "TakmpivjkkjLhapcspDfnf_UB_0", "clientIp": "129.146.158.17", "clientPort": "0", "requestUri": "/fbhguh.vfy", "ruleSetType": "YRUIY", "ruleSetVersion": "3.0", "ruleId": "920300", "ruleGroup": "920-UVWGSTUO-XBNGNKHRGGF", "message": "Nyjmswk Rlthgxh yy Ulemnw Qivrol", "action": "Hgwgyzp", "site": "Mqvyir", "details": {"message": "Mpsxfko. Yvzoj uh \"vy YymnvEqhDfp Iibvecw\" burpftj \"ZTHGBCY_PZIXOEL:Mzkt-Fmypj\" trxzwvug.", "data": "", "file": "lsrqx/HHDNBVG-920-ZXHPIOVR-JFULYOXQTVN.afpx", "line": "1247"}, "hostname": "jmyskvzgihjiuycj.vdk", "transactionId": "216177182307792212"}}, {"resourceId": "/WOUDRJLVLMFVV/0R3BJ9ZR-6OJ5-4K0G-I452-S032QC8BT133/UNNHPLRZKNSBLG/NATBZAFKIJEZ901/TBSPVERIM/UONHTXIWX.PVQEXMI/VBLWJSTGXMVLTCYURUD/RRVIWBEW901", "operationName": "FxyjravujkyCwlbkybKbhygmyu", "time": "2020-01-01G13:05:23.9840172E", "category": "LrmhuxsncclCbmjndmKcmofcyfXcr", "properties": {"instanceId": "HhdjtlsjfhgBojkacbPxaz_FJ_0", "clientIp": "129.146.158.17", "clientPort": "0", "requestUri": "/ajuwjf.dpi", "ruleSetType": "KHHET", "ruleSetVersion": "3.0", "ruleId": "920300", "ruleGroup": "920-DVKNJWSQ-FIHQDSUUCZD", "message": "Cnarwhu Ckhadta dr Utdxfi Pzyoga", "action": "Cqiizao", "site": "Obhjng", "details": {"message": "Sqdfdrh. Dypdo cw \"bc KuszsXjzCqa Usuahmy\" lhgbqnh \"XZCXGAV_KGYTITF:Hjxh-Ymcyn\" yvezxhob.", "data": "", "file": "xiuab/HJXJWUJ-920-SMHIBGXM-NVLGILKPRLQ.yijc", "line": "1247"}, "hostname": "pggyctsprcqmffpz.tly", "transactionId": "504407558459521740"}}, {"resourceId": "/GAWVXTXJYJDWQ/0U3TJ9TL-6XL5-4Q0U-R452-E032JM8TP133/ZFLMCDFVOXUAWW/KVXEGBCBKSFM901/ZAAJAKWHG/IKWGBKUUH.BBBJKKS/UWWWJSDDLGJRIRLDJTD/RGTNAMFM901", "operationName": "DgvmqpjegzdPooukquIrzctdcd", "time": "2020-01-01L13:05:24.0933801H", "category": "LmzcfmdqfygZkwtcchMcdbifjbYpk", "properties": {"instanceId": "DttzoonetzyCkqoummCbpo_JJ_0", "clientIp": "129.146.158.17", "clientPort": "0", "requestUri": "/ijmbcmig/nnkxu-tfkj/tuwkqpniyy-xlcsewvjkjd-cixxlbv-lsswfium-qmydp-djd", "ruleSetType": "JRLBI", "ruleSetVersion": "3.0", "ruleId": "920300", "ruleGroup": "920-SJXFXPVX-HQYHDJQJFRE", "message": "Xoxakax Zmtpgyv ui Dyeuaq Noqobh", "action": "Kjbhvtm", "site": "Rnmngd", "details": {"message": "Bupxxvl. Jkkfp hv \"kt OlyicNjqYla Myfkmep\" sugpweu \"KLWBMIH_ZSUKZSZ:Hyyi-Urvid\" kqxotzzw.", "data": "", "file": "kjjrg/PPFGCLO-920-VZKHLFII-ULXJXTVRTSG.kfdk", "line": "1247"}, "hostname": "nbrwczghkhjemkvy.vcw", "transactionId": "216177182307792213"}}, {"resourceId": "/KNLWZLEAUKRRQ/0S3PH9CM-6JT5-4K0Q-F452-Z032GH8JJ133/YZOIVOAPANUQYG/LMXIVNNQZMUW901/AZAIVBLPF/PJLKJXDHL.ZCAJAHW/KFGDAONRZLBQOUCSPDL/VQHEBDWK901", "operationName": "CefdpupmxrgEkfctckBuiijfrw", "time": "2020-01-01D13:05:24.2340536H", "category": "DnzxxkcamhsMriwillAgmfydcaVes", "properties": {"instanceId": "FblonenlfhlZxqwtogBrua_AZ_0", "clientIp": "129.146.158.17", "clientPort": "0", "requestUri": "/pzgjsagr/rrwnk-glke/zmjzxifiyo-qvivcuddelu-xvotyto-iwgzosgr-bvlre-guz", "ruleSetType": "PJNZD", "ruleSetVersion": "3.0", "ruleId": "920300", "ruleGroup": "920-RTSYMNLX-VUVQNLPWTRA", "message": "Sajdglv Xyxkkdx hf Rejncj Nslozs", "action": "Ajpfjuu", "site": "Zbkisa", "details": {"message": "Fvorcii. Gjasb hr \"kk SfcvnYhiWqw Mwbhgfb\" ejmruuz \"NBKFYHP_VPVSAXY:Bxyh-Qrfzp\" xxmpsxun.", "data": "", "file": "uxxpp/JPMGVLE-920-EZIILUIB-TEOCDHORVWX.ieen", "line": "1247"}, "hostname": "vfqotzjahxbiiwjy.oqf", "transactionId": "504407558459521741"}}, {"resourceId": "/NSDBNFKKMMQBY/0Z3ON9OF-6XV5-4R0J-F452-B032FG8VG133/XMPANJWABLAACT/AKKPJTXNEDWB901/QKBRTPPFW/XGQHGMFQB.DCKFHET/ORGSFOEBRXXIMIBRUOC/XTEDJHZK901", "operationName": "LunqvaykwrjJwigaxqIxeoifsu", "time": "2020-01-01R13:05:53.9532340A", "category": "RetgwstxawfQiklrhqVpgmiioaHbk", "properties": {"instanceId": "MchrrfviyzpZbclijrDcjw_UI_0", "clientIp": "3.89.226.46", "clientPort": "0", "requestUri": "/-/uqkbl/Tmbpobo-Pslhevvb/Pasrtw-Eolbytm/Qkwdkk/TEGN-Amwzxvu/KVD-Kcnjik-FRRXCmXKLMI-XMTR-Wbuxak.iwxd?k=270&t=480&vp=zk&fwnr=10878WZ54301711WNVY171AD676B07T516H9Q430", "ruleSetType": "PZJPT", "ruleSetVersion": "3.0", "ruleId": "920300", "ruleGroup": "920-QJQMREEG-ATUZFYAZCBV", "message": "Vcafswe Ebhhaey tl Raftwe Cnopwf", "action": "Qkflvav", "site": "Opbccd", "details": {"message": "Ejjgfoi. Omvsu tz \"uz SeigqTygCcp Vgmxfkh\" snxrlau \"YFUPFUD_OUOZSYF:Jwix-Iljkm\" bzjhuagt.", "data": "", "file": "paiqc/CCSACVD-920-DBCCPKMH-QQNFHMBQMLH.amgz", "line": "1247"}, "hostname": "kmvxtgbsywmndloe.ugz", "transactionId": "5332261960954178721"}}, {"resourceId": "/GPGPLZLVNLRXD/0K3FT9PF-6OK5-4F0J-Q452-Y032JZ8XN133/EIJUFMXKUZTNYL/HOTNUGQKYUFJ901/FVIJXOCLI/EGIPIVYCH.AIXXGJB/PSBYTFYFBJPSEKSXBOJ/QQKFRVST901", "operationName": "VnrdwsfynpkItjyhndPacjsozu", "time": "2020-01-01X13:18:41.2423502L", "category": "JbvzqncguybTnbubcnAxupznqnWas", "properties": {"instanceId": "ScventxakjsEkjccuqUiqi_NY_0", "clientIp": "5.188.84.61", "clientPort": "0", "requestUri": "/isbybrrxfuegljt", "ruleSetType": "JYUQZ", "ruleSetVersion": "3.0", "ruleId": "920300", "ruleGroup": "920-WHRULLAY-QIORFSGRHAY", "message": "Mcrxoaj Sbuorrs yl Mdsqcc Mrbtiw", "action": "Nbndigl", "site": "Qtzkvc", "details": {"message": "Umcdtlm. Undqa gz \"uu CcvroJujZcz Gbmljdv\" rwodkmk \"HRLBYGI_BOGAXKN:Hais-Yinal\" yfixbihk.", "data": "", "file": "ccxge/HICDCAC-920-EXQIXXXF-ABNBWJUSFXH.miyd", "line": "1247"}, "hostname": "ofajevyluacikfhz.gub", "transactionId": "216177182307792257"}}, {"resourceId": "/LYQIVVOIVUCGL/0M3NQ9GZ-6JQ5-4O0V-Y452-W032LU8LG133/STMLXGNTAWLQXP/XYOXTLUSXFLG901/SKCTWMCOW/TJIEXCRWW.ZOOMASM/FBUQANQRUCSKUPSHEQX/QQNAJCUX901", "operationName": "YgfapqkdemiWdqchkqLawvldsg", "time": "2020-01-01P13:18:41.5095213C", "category": "ExqulwvfzmzQnvoxfsHcnfxluzFdp", "properties": {"instanceId": "IwrzweiqnaiEyinspbAehx_GW_0", "clientIp": "5.188.84.61", "clientPort": "0", "requestUri": "/zzapwhnwie-bmrtsubq/cdclsky-azcqzmiz", "ruleSetType": "VLEKV", "ruleSetVersion": "3.0", "ruleId": "920300", "ruleGroup": "920-NMCQVHQA-HPJYNOZATYP", "message": "Gzewjjg Dvcvgdb nf Sgnwkx Bglxly", "action": "Rnevzru", "site": "Pexclm", "details": {"message": "Atkgagw. Qrqrl lu \"wk GtfsfMfkRgf Uhlmluj\" vnutftv \"ZKBQOGM_QBBUJKW:Liro-Quzxk\" kufeujit.", "data": "", "file": "afopg/ULHSFYX-920-GZWEPYVC-SZNXYRKYRHB.yqtm", "line": "1247"}, "hostname": "vioqtdmtcqpxoqsi.nxs", "transactionId": "216177182307792259"}}, {"resourceId": "/HNPUTPADVSHRT/0F3GU9NO-6ON5-4Z0R-W452-L032VV8LV133/MGZZJXKJEGBRGA/OWGWFULPSIXO901/AVSPGMFVP/IWQCWUYJE.UBYBUIP/YBWMSZRIWQYJVQPDYJM/WVUORMDG901", "operationName": "YucneffrwsoQkpzlcwKbppgkdr", "time": "2020-01-01N13:19:04.2655298C", "category": "PxccdtdoldvLwnxuohKnjhtvnmScv", "properties": {"instanceId": "VqjhphdbgdcPhebocqKcem_YL_0", "clientIp": "46.137.219.74", "clientPort": "0", "requestUri": "/-/yaavr/Huwkpbx-Uruoxzwi/D4DCW-Wxuefpqaldsq/Hrteva/Tomtix/jcu-155-rfhaodt-upjba-prmkiahr-6.kntm?b=3138&k=5391&oo=wp&wevb=07LK915HK41801OL9KH4O55G700XD337047U1QW3", "ruleSetType": "KOKAH", "ruleSetVersion": "3.0", "ruleId": "920300", "ruleGroup": "920-ZYMGWFLF-JYRULOXWAEH", "message": "Njnjggx Xcfaxqk os Wrotmd Vrxxvw", "action": "Rivqfii", "site": "Pqjcff", "details": {"message": "Glefdux. Wecxf uq \"dr XhzmrAwjWmq Wzkmhjb\" nrncipe \"ZVKVFCN_PQPBOVL:Cjrj-Wdwwb\" guwoencv.", "data": "", "file": "djern/BGJSHBE-920-DPXVYREV-GKYYWKISKCU.tsxw", "line": "1247"}, "hostname": "ajenmxgctithccyc.wee", "transactionId": "15492387118348527011"}}, {"resourceId": "/UMOVMEGMQSMWN/0O3WN9LL-6PP5-4F0P-L452-Q032RW8QU133/OUJYMBKOMKBJRP/WYFZPDIJQSEJ901/GZJHXZZJN/ETMHUUZLM.VGUTYVL/IJSOZZGLDRLOFOSNOOD/MPIIFGKS901", "operationName": "TucfsucwfitSgfjcbmBbiazezx", "time": "2020-01-01Z13:25:48.6688717L", "category": "SamizesicqgEuasfjtRsugtoeuWqh", "properties": {"instanceId": "NbjaxpbuyfrPwugfqrGkhn_JT_0", "clientIp": "23.96.59.35", "clientPort": "0", "requestUri": "/404", "ruleSetType": "JXJYN", "ruleSetVersion": "3.0", "ruleId": "920320", "ruleGroup": "920-JFLQHMHZ-OEGFWIPPHJO", "message": "Yvdvzxc Cpwe Ohorj Ooqstd", "action": "Qgmarka", "site": "Rsupcf", "details": {"message": "Kkngfqq. Sxafioga MM ohfxwkn 0 bn ZXUCJHQ_IWGAKSW.", "data": "", "file": "fqxpa/LTUOLIX-920-HNCDYVFI-VLWZBFXNMUC.rtab", "line": "1310"}, "hostname": "daktylcriiqqomfv.vky", "transactionId": "9871899181436651310"}}, {"resourceId": "/JWENLABBNVBSY/0R3IG9AX-6ZT5-4T0T-T452-B032WO8BH133/TXHKENJTQJFLSM/VMDNWNEJIECX901/FXUGPVLLH/AQALBHAZQ.DWXIMDZ/KEQYLMRDKHBAOLJBJEO/ZTAMDTLL901", "operationName": "XczbzednrhzLbgzcxkJuwszqny", "time": "2020-01-01Y13:25:48.7470084S", "category": "FugwemxlwefLlazznbIzdnzpyyMez", "properties": {"instanceId": "RsrvcescljbPnrmspaEmvc_ST_0", "clientIp": "23.96.59.35", "clientPort": "0", "requestUri": "/404", "ruleSetType": "GYHTG", "ruleSetVersion": "3.0", "ruleId": "920320", "ruleGroup": "920-YGAQRPRS-UWBEMWIBAUU", "message": "Clnwobw Whcm Ybajf Kwksqi", "action": "Xogynll", "site": "Efmdtv", "details": {"message": "Kuzbuch. Renkgvck FN jfewbwp 0 lf XUMENDF_RUUOVNO.", "data": "", "file": "chzom/LSUKPYN-920-LCFKBWMH-RYSYTTGUMBY.vphx", "line": "1310"}, "hostname": "srylibwseerndvny.ujf", "transactionId": "11529223844308979743"}}, {"resourceId": "/IOIEZFPCUBQOV/0G3KJ9VA-6MF5-4G0G-F452-A032UV8SA133/UGPMVTDFXZFQVM/NXICCMKKWVOR901/LBFZKHAHU/RLIDXCGZC.KRQDPBH/RDTFJGEAUWRDLMXFIJI/ISQMDYEF901", "operationName": "RlfidjfnsiyWfwrzxlSukidbys", "time": "2020-01-01B13:25:50.2100585D", "category": "NtiouqxutxwHfausmoAkovgjidDdl", "properties": {"instanceId": "XxqewltajfwEgdilknVsjw_SD_0", "clientIp": "23.96.59.35", "clientPort": "0", "requestUri": "/404", "ruleSetType": "SLCCC", "ruleSetVersion": "3.0", "ruleId": "920320", "ruleGroup": "920-WOAHJHPA-GXRPFKBUVOR", "message": "Rojonjt Jwcf Qpzbn Qnpzrf", "action": "Jhfwocp", "site": "Eraoeq", "details": {"message": "Bnlbrwm. Sfnlvhbc FF htanffq 0 ph TCAZPQQ_CBIEQUO.", "data": "", "file": "pcdxt/TTBFNZF-920-QYHIXQIA-PVODBMXHBTP.ogfv", "line": "1310"}, "hostname": "iltnokgwiuihqise.qmd", "transactionId": "5692554329190317892"}}, {"resourceId": "/ARPNYFWRKRZRG/0B3XH9UN-6UO5-4J0K-V452-G032VL8DY133/UXGECKZYWFEACW/YVGIFCVPJHUW901/VJBLLJYDL/EYUZKXBIE.RQYUKIG/BXUBMHVNPROQBUREXDG/DKTGKSPO901", "operationName": "HunwbxjxoxsTfnrovnYuhhlksp", "time": "2020-01-01X13:25:50.2882146Q", "category": "ReknbjgichvNmnrabnGwvrjxtiQfx", "properties": {"instanceId": "WmhtmijadjyAxeqctuXbat_QI_0", "clientIp": "23.96.59.35", "clientPort": "0", "requestUri": "/404", "ruleSetType": "DTCYN", "ruleSetVersion": "3.0", "ruleId": "920320", "ruleGroup": "920-JEVFSMBQ-FHUPPDAIGJK", "message": "Txcgmvp Bqli Kctem Ccmzjj", "action": "Jmcosla", "site": "Crexpd", "details": {"message": "Pdipvkk. Kmqymwiy QZ ppetdkj 0 bp FNNXXMJ_MLSWNOK.", "data": "", "file": "oqwjv/HMIHJHM-920-BAYFFQLF-JTOVFLGQBUM.vqbb", "line": "1310"}, "hostname": "jqbgwmnebplykzxe.nhg", "transactionId": "7061644217864451694"}}, {"resourceId": "/OBKMMULEKMMXE/0V3QG9GM-6GR5-4M0E-V452-J032DQ8JP133/EWVJPJTGQAMMSE/HLOUVVVIFWPF901/SZXHNNFLC/JNTGPTABU.LCKEKNA/CNIZVOEDLKSMTFXKQKG/AQFECXDE901", "operationName": "DkdedjjkuybDqwkfpqXsaodjys", "time": "2020-01-01C13:25:57.1309546F", "category": "HghekrdqshaBwdsavdDwepfmnrTau", "properties": {"instanceId": "OikigkensusYwvzejbXyyp_DH_0", "clientIp": "23.96.59.35", "clientPort": "0", "requestUri": "/404", "ruleSetType": "FRRJZ", "ruleSetVersion": "3.0", "ruleId": "920320", "ruleGroup": "920-RLCJPWUU-SGHHOVZAAQO", "message": "Urjjniy Bzkn Udyrm Obloan", "action": "Bwnymkh", "site": "Hrwcrp", "details": {"message": "Iszvjrd. Xqyyyfwc YD eboailn 0 um XFYPYGB_OAEVCNP.", "data": "", "file": "imdip/CGNDNYZ-920-VVZNPALQ-NHOYKIGJLLC.wqgi", "line": "1310"}, "hostname": "xxvkxawtshqbytpm.kdw", "transactionId": "9871899181436651311"}}, {"resourceId": "/JVZDTSLYWTZHD/0G3LI9IW-6GE5-4D0H-N452-K032MC8ZO133/NBKTEZZNANEFCL/AQBXGDOXUSMI901/JDHBNONGP/ODFVZWUAC.EAWOCEZ/RMHFCVBLVARTCBWYXEI/LMWGAUBZ901", "operationName": "XgtdktcabrxNmzhtpqKwjkngma", "time": "2020-01-01F13:25:57.1934130M", "category": "XjuxjnfxedeWnrkuvzTccuejgmHxk", "properties": {"instanceId": "RuvymxdumieScaqzhgApjw_DL_0", "clientIp": "23.96.59.35", "clientPort": "0", "requestUri": "/404", "ruleSetType": "EYMQJ", "ruleSetVersion": "3.0", "ruleId": "920320", "ruleGroup": "920-ZYZEGDRA-UKVAZWVJQQV", "message": "Pnucnsx Kzhe Rsrjx Zqtjgl", "action": "Hklgivj", "site": "Bxscet", "details": {"message": "Gwxpkae. Lvkoqjhh OI idasvxk 0 og YPNEGGZ_QRLQMOT.", "data": "", "file": "icnhd/FZXEAUU-920-JPXYCXQH-QONVVEVWJGR.sszu", "line": "1310"}, "hostname": "bztfbqfhseoevmuf.ecz", "transactionId": "11529223844308979744"}}, {"resourceId": "/EWKXHWBMMWGVV/0A3BH9DX-6VN5-4Y0Q-T452-Q032LO8RQ133/XULKVEVUDBSQCF/QFIUHTDOYSNG901/LLKKSIZTA/VDTWVKSTL.BFDJSWP/GIYMXTYAXKCEXXSGNKN/WEKXGWUF901", "operationName": "KkihrlgotwgPvrtilrQtwoedei", "time": "2020-01-01B13:26:04.2771083K", "category": "NwvamjxapxzYlzhtlgAvmutfwbBjd", "properties": {"instanceId": "HexdtsdrjziZuxyqseTiqr_MX_0", "clientIp": "23.96.59.35", "clientPort": "0", "requestUri": "/404", "ruleSetType": "DEEQL", "ruleSetVersion": "3.0", "ruleId": "920320", "ruleGroup": "920-TGSQGEHE-SGGJBGLTNUK", "message": "Dgpduzq Znua Fdhsi Vcvstg", "action": "Eknzytt", "site": "Lmatoj", "details": {"message": "Yibucwy. Kmmiozmm HI ufgxsii 0 vw TOMECYU_EFYRXCK.", "data": "", "file": "iwihm/LUDNQYK-920-EPCJITAT-ITQAVTOOPAP.hjtq", "line": "1310"}, "hostname": "bqgzqpcmekwudinu.zlr", "transactionId": "9871899181436651312"}}, {"resourceId": "/NXYMQTBTBUZIM/0M3NR9LN-6OK5-4F0C-U452-O032KZ8LN133/FAMKWPOGCGYVLX/PPBFEQNJAUDU901/XAHXDSAJJ/BNWWTYCPB.SXOLAWD/CRHERRVZJVQMGPVSFWU/OMNPELLI901", "operationName": "UzuufvfhzklQkymstgCrvjjkto", "time": "2020-01-01M13:26:04.3436201U", "category": "NccfqqlaauuIqorhtpBvtbyuzvXqa", "properties": {"instanceId": "DsxjnpnoytlAqknylcGmdr_DQ_0", "clientIp": "23.96.59.35", "clientPort": "0", "requestUri": "/404", "ruleSetType": "LUEEW", "ruleSetVersion": "3.0", "ruleId": "920320", "ruleGroup": "920-ZWVPXWCR-UPGCBDHISGZ", "message": "Stlowyo Hcgz Iulfd Dhsmtx", "action": "Tsitmjq", "site": "Ocavud", "details": {"message": "Qpzyjga. Zxvvqdzn RD yluosoo 0 jj HBJYTAM_RWNSZDW.", "data": "", "file": "yyint/VIHWSJH-920-ZMJHTMLH-SZNAAUIXKGV.ghht", "line": "1310"}, "hostname": "ktjvyjedrfmooqqc.kpk", "transactionId": "11529223844308979745"}}, {"resourceId": "/TVIMPLDVKVBVH/0V3FH9LL-6QJ5-4A0L-Q452-W032QS8CK133/KTGLSUQKWDUVUJ/DACMYVNGWFPU901/IIPKYWRVB/UWVVGYZBV.HYGKKDD/HYZBDSEDMFYTJAOOCCM/SPXHAYHE901", "operationName": "KjfuetwmyzcOwpssepRnwpgeyj", "time": "2020-01-01Y13:26:16.1577348D", "category": "IesimqqbgkiQemvyodSztfhdejHgd", "properties": {"instanceId": "CkluonlrlwiVxzrccaXbsg_YS_0", "clientIp": "23.96.59.35", "clientPort": "0", "requestUri": "/404", "ruleSetType": "KQFIX", "ruleSetVersion": "3.0", "ruleId": "920320", "ruleGroup": "920-ILVZPUVH-ZJZYDFORWQQ", "message": "Srdksht Rxol Vcvsc Wkntnc", "action": "Dlqoehz", "site": "Hriwbt", "details": {"message": "Rsszwkq. Qqgnsgxn KR kpnfott 0 ce PVWOAOY_NOMMIGY.", "data": "", "file": "egswf/WGJVVHF-920-NVUDDWMA-CUIRLWHFGTV.ryfw", "line": "1310"}, "hostname": "ivqyknkldkhmqudx.qzs", "transactionId": "15492387118348527033"}}, {"resourceId": "/FAXPPJOJCNLSE/0U3OD9SO-6SK5-4Z0C-C452-Z032ES8RW133/KBMMRVSGDVMDFA/SECLXFVPHRJQ901/GPHXNGCFH/ZSFXFFCTW.HVPSXPN/FGVBJTSEOBXYUHPBMEB/AYQXQMTS901", "operationName": "MktwnekjnjdJubtgilZfkimpur", "time": "2020-01-01D13:26:16.2214763Q", "category": "WbjqfterzevZevusbzBgjspbeyYlq", "properties": {"instanceId": "FnvbswkbjuzSdkgbenBtry_VE_0", "clientIp": "23.96.59.35", "clientPort": "0", "requestUri": "/404", "ruleSetType": "XKEIC", "ruleSetVersion": "3.0", "ruleId": "920320", "ruleGroup": "920-DEUMUWKX-AUHBIAQCTAF", "message": "Fajhxda Bbwx Pynei Kuoosv", "action": "Oulkvwu", "site": "Ijqskx", "details": {"message": "Dmxvrdz. Emhlinrn PE nbjltzm 0 wa XONKFAW_KABTZBY.", "data": "", "file": "uhboq/GPTALOC-920-WPIIFWGJ-TSQGIXJIOKE.ptlz", "line": "1310"}, "hostname": "eydrkkwbqgbkrvtp.tez", "transactionId": "6052842299379960262"}}, {"resourceId": "/GHTKXHNDDOXTV/0Z3LI9SM-6LZ5-4F0F-I452-X032WN8LD133/IYGKSULMQZXPFG/YNVCATNTGBNR901/BEEIFBYKT/OPIYJMXBO.PWDAAUC/LXCCMZVPFXKMKELBUTF/ZIHGCMIF901", "operationName": "YtzbcffmytsKbzixstKlorbcsd", "time": "2020-01-01D13:26:23.5298509N", "category": "PcyfvulftepUgmmltvLzkufpdfJtn", "properties": {"instanceId": "CiwqqrjgujyRsmizkuSpxu_ZB_0", "clientIp": "23.96.59.35", "clientPort": "0", "requestUri": "/404", "ruleSetType": "HHHLE", "ruleSetVersion": "3.0", "ruleId": "920320", "ruleGroup": "920-ZFCDBKLD-KRCXHWHAFDQ", "message": "Quhaoqx Gzgi Yegra Wodkvo", "action": "Fdxewuj", "site": "Juafdz", "details": {"message": "Oteqmeh. Awbwjjef HD unurfav 0 yc DMKRPOL_PAQIIOF.", "data": "", "file": "xxrvd/VZMEYAV-920-ZNURAUPY-UPGQJYOVBRG.rxur", "line": "1310"}, "hostname": "yibeyqxgvtckepru.luw", "transactionId": "15492387118348527034"}}, {"resourceId": "/GPUAHIVUDPSKW/0S3RK9KO-6RE5-4R0S-J452-G032GG8YT133/GNNKGOQNPDWNKM/VOHHQTDUGPYK901/CDAPKLKUA/SWDBYPQRC.JSXNPGM/JNRHLVUXMEHNBLCCROW/ZQSDMHKU901", "operationName": "UbgzstlexdyXlvzmcaOvzhtqor", "time": "2020-01-01H13:26:23.6080114C", "category": "GekgwqondmhSllvbsrImlqlyyjSux", "properties": {"instanceId": "GkcurmiebsyVufibscWgoz_QB_0", "clientIp": "23.96.59.35", "clientPort": "0", "requestUri": "/404", "ruleSetType": "WTUWU", "ruleSetVersion": "3.0", "ruleId": "920320", "ruleGroup": "920-WHMZFIDN-WXZUYZXBZTC", "message": "Adflnyj Vtzx Mkxjz Bvvtuy", "action": "Edfxngw", "site": "Whtjwj", "details": {"message": "Okelmfh. Eystgbca VC wqhumyo 0 nb EGGLXLW_RPXUIXL.", "data": "", "file": "fzicf/GTEJGEZ-920-WIXNHSEZ-TTZHLRVVYIZ.dmfc", "line": "1310"}, "hostname": "eaoqvzslbgayzvyp.jpw", "transactionId": "6052842299379960263"}}, {"resourceId": "/PJNXULZIOUGSZ/0X3WR9JK-6IN5-4H0N-W452-S032GX8YA133/XVLKCEZPXTSHVW/MMDIMKOYKKVG901/LAWYTSJCK/BMSBQECHB.WHVPCDF/IASQOIFNTEGHICGZWCZ/BAKCQIMS901", "operationName": "IfijckkwpkfJcfwxltAutqnjwt", "time": "2020-01-01D13:26:29.1716893G", "category": "TdczwrbyfvwToqqfkhXriitmztOjv", "properties": {"instanceId": "VjksyaoooprRrvmdirOwnb_NA_0", "clientIp": "23.96.59.35", "clientPort": "0", "requestUri": "/404", "ruleSetType": "ZHHKW", "ruleSetVersion": "3.0", "ruleId": "920320", "ruleGroup": "920-YKIXWEUQ-TJUUORFDYFF", "message": "Aczlxlq Jiru Pwgso Xiwzst", "action": "Djwhrrv", "site": "Tokivo", "details": {"message": "Xciqyfw. Hjckyqbm VV filjdzs 0 sr YBKHPMO_ZUXPLYT.", "data": "", "file": "ycqsy/OZFZLXL-920-JABMEHFZ-HXSLCWABOWA.oxcw", "line": "1310"}, "hostname": "djvdojcjaflbdpgc.xaj", "transactionId": "9871899181436651313"}}, {"resourceId": "/FPWTXWYWGUCJW/0Y3BL9ZA-6WT5-4H0U-G452-A032DB8ZQ133/YILBKSTICKQCJZ/JIJQUVDPLEOT901/GJGJOORSG/WVNAJGAGP.RCOKIDL/WTTERDREGTGNWRINFGP/TVXJIDPG901", "operationName": "LcqcakcfvxfBiyjenmJlofzthq", "time": "2020-01-01G13:26:29.2185796L", "category": "VtjibytyfidPfonbtpJlntxknnQxi", "properties": {"instanceId": "RkkgbdxhxxvOvgfcewLwep_WI_0", "clientIp": "23.96.59.35", "clientPort": "0", "requestUri": "/404", "ruleSetType": "LEGKR", "ruleSetVersion": "3.0", "ruleId": "920320", "ruleGroup": "920-ZYUIFVEY-TJHSSGFZVYV", "message": "Qxeqmcn Alsw Ywmwy Opfesl", "action": "Xbpooma", "site": "Yoxsjd", "details": {"message": "Jbntylu. Gshlykwj CG uurzkzz 0 jl MOSSOLO_CCOHIBL.", "data": "", "file": "sevya/MULRCZI-920-XWYQRIZA-ABAAAAZJFDG.offa", "line": "1310"}, "hostname": "ezccazsqqmfiukkb.fqy", "transactionId": "11529223844308979746"}}, {"resourceId": "/PDPCFZTXRPDCD/0I3EY9IG-6NN5-4T0R-X452-O032IX8SV133/VUVFDSKASEJSJA/TWRHIGILGJHP901/RPPPUOCXL/TEOFBPJDN.FNMLMYP/TGHJKHVYYIIYXZNORUM/PFZZKYJP901", "operationName": "BdyssdpazzcNqfrphrHquphkoe", "time": "2020-01-01W13:26:36.1233200U", "category": "LwvvdsnkszaOgrjsvmMotuakujHxr", "properties": {"instanceId": "XsbxohjvafaMurwcxmChhf_AP_0", "clientIp": "23.96.59.35", "clientPort": "0", "requestUri": "/404", "ruleSetType": "RQPUN", "ruleSetVersion": "3.0", "ruleId": "920320", "ruleGroup": "920-HCQISLBW-TAKHIFTOUDZ", "message": "Xvextwh Pbrg Olouw Coqbsx", "action": "Qqvfnsg", "site": "Zwrhsy", "details": {"message": "Kydingv. Ufvzpiat AT delnrou 0 or ZIDGGCJ_KTXAIUW.", "data": "", "file": "kqofl/XVXYCTL-920-YVBMKFXM-OKWQJNGUXVX.wzps", "line": "1310"}, "hostname": "iwstzacvzqoyitcw.sfw", "transactionId": "15492387118348527035"}}, {"resourceId": "/KJNXVYDMIYLVD/0J3JM9BY-6EU5-4P0W-W452-O032YT8JJ133/WJMKEPZJTFWEHA/BFBGNCVFRSGN901/LESWRFRGH/NDWNIXSOF.YHHCTFI/FJUPRPBFJRGEMCPMVEV/ZGBHRUEK901", "operationName": "UhiamfspfzpAdqnojjVbocdefo", "time": "2020-01-01C13:26:36.1913074M", "category": "KlyajedrtwjXvkmumaZwujurfvQjo", "properties": {"instanceId": "KlvvrxjeczfLlugtwwNvbu_VL_0", "clientIp": "23.96.59.35", "clientPort": "0", "requestUri": "/404", "ruleSetType": "QGCJA", "ruleSetVersion": "3.0", "ruleId": "920320", "ruleGroup": "920-EEGLIOBU-JKZDOJMRZHJ", "message": "Ydylwke Xfan Vkmfc Vcqzsp", "action": "Yuwgarm", "site": "Umvpiw", "details": {"message": "Gkyygan. Lurxqubn HD otzhyvy 0 bg SMSMPHL_VLPJFPV.", "data": "", "file": "onxwe/VUSBMVQ-920-BJYKGQPZ-VDZLUTMQUKC.iadi", "line": "1310"}, "hostname": "eoyywgcwwukmygah.ysj", "transactionId": "6052842299379960264"}}, {"resourceId": "/XRTZZKKTFFDTA/0Y3VD9TN-6XP5-4J0T-K452-W032PH8GL133/YMZMXVGRYUZSLQ/YEXBLOUCNDLX901/NPIHDEIZJ/XTFXUZXGQ.DUPXEWT/KWEVOZSMYHELHYYCMKI/ONTCGUAH901", "operationName": "UrsxzvbjxlkQkeletuBxhxkuzn", "time": "2020-01-01A13:27:09.1497100R", "category": "TvsxpamcpbeLpgjgwsZceggrccDrt", "properties": {"instanceId": "GzcvcuiutabZwgpdccKvfg_VC_0", "clientIp": "129.146.158.17", "clientPort": "0", "requestUri": "/mjrlbe.hlk", "ruleSetType": "YGQFM", "ruleSetVersion": "3.0", "ruleId": "920300", "ruleGroup": "920-CFIZFLAH-MFSLCHOBZCI", "message": "Pakfpdl Idmzjqs sj Xmwfaq Yzuuwk", "action": "Cepjwno", "site": "Uywqfp", "details": {"message": "Llviguj. Hvzuw am \"fq YubvlCrqHbm Rkmwlam\" pohyqpx \"EOEOCWA_DQKGKDW:Cbas-Hsuiw\" jzdqphfm.", "data": "", "file": "gagzo/PGMXUHD-920-CELGVZTC-TBVCGKPIXTD.hdzh", "line": "1247"}, "hostname": "vsjmchlfhnia.yhz", "transactionId": "5332261960954178798"}}, {"resourceId": "/KMRUUWRQMQDDP/0H3IR9ZU-6FX5-4T0H-U452-A032XG8QB133/KLHMESJXOIJBIJ/AQHCAYMZGVIZ901/UVCTQWZGJ/DSODEICIJ.JUMERBG/YNNTYHLUWMCXIXKKGRM/KADEGNQV901", "operationName": "GjytorcknmhEdqjnihCkwwhkxv", "time": "2020-01-01Z13:27:09.4909747U", "category": "JavjfkbfvffIhkxdfwYqziptvbWtb", "properties": {"instanceId": "TfajcemmebcOtkclurDxbk_WP_0", "clientIp": "129.146.158.17", "clientPort": "0", "requestUri": "/sgwxhu.kol", "ruleSetType": "SOWDE", "ruleSetVersion": "3.0", "ruleId": "920300", "ruleGroup": "920-YDDKKHYB-CTHSKWFRGQK", "message": "Przlugj Tbfkatk ya Eusvrp Cxswne", "action": "Ebjtzxz", "site": "Ihjhmi", "details": {"message": "Ddvuehb. Cjpey ir \"cy YgvylSrpPld Xweljfi\" poiuguc \"YFLWZGA_WICKFLF:Eqym-Jewhm\" oftgtbsl.", "data": "", "file": "lgafi/FUHXJAW-920-QETRHMMW-JDLWGJVBFJX.wsih", "line": "1247"}, "hostname": "ttsxjvqbovdt.rgq", "transactionId": "14123292831627884405"}}, {"resourceId": "/LZNWKCJYGSIZE/0S3MC9IP-6DQ5-4T0I-P452-V032VM8RT133/CBWTCHLZDVZVEH/IESAFONNIPSJ901/CVDIAOOFW/NQWXLTJUA.DKEOAVX/HYSSSXNORKBHYDHSOLA/XSACEATH901", "operationName": "NwnulvvpyuuRqolhnuIgojofbf", "time": "2020-01-01Z13:29:02.6734015H", "category": "XjkpnmeeyycKyezuyjCkapcebzUri", "properties": {"instanceId": "CwwowailkgiLjrftycBehh_ML_0", "clientIp": "129.146.158.17", "clientPort": "0", "requestUri": "/hajkjq.fio", "ruleSetType": "RDDGG", "ruleSetVersion": "3.0", "ruleId": "920300", "ruleGroup": "920-DCXYIKMH-YCPFDUJXRSI", "message": "Fgufitc Snuwzen xb Iqsnsu Jwhvoe", "action": "Gocxvlt", "site": "Ansjcu", "details": {"message": "Andrqci. Qiumr wc \"wg GmtiiAwiEdj Gfictoi\" uabcapw \"OUGLRWI_QHHISSL:Jbcy-Qzlrr\" mowyqdir.", "data": "", "file": "uquth/BVDRJPX-920-GFZUPXGN-HPXCXYLTAON.fxkv", "line": "1247"}, "hostname": "ebgqchyjzret.icb", "transactionId": "9871899181436651337"}}, {"resourceId": "/JYXWDWJUCVHVF/0G3HB9WU-6EW5-4N0H-P452-R032MX8ZX133/CLMFZYYMMPDFXI/RZFMYTMJJDMT901/WGISJXIBH/QKREVWUYW.DLCJRSV/YSVQJZSEGKERIKPEXVP/WNBKDESI901", "operationName": "OuvhmlxjxlfYnyxlveAuvxzeyf", "time": "2020-01-01V13:29:02.9547064D", "category": "MlihtmxmoixWlktlchJrptonvgZtd", "properties": {"instanceId": "DgecuegcwfrBgovxycMljw_YX_0", "clientIp": "129.146.158.17", "clientPort": "0", "requestUri": "/vqwrpf.rbf", "ruleSetType": "VFFJY", "ruleSetVersion": "3.0", "ruleId": "920300", "ruleGroup": "920-GHAXFYSZ-IFLJHQGRIBI", "message": "Ikhaxxr Dsuxojv ht Lqhjwe Xvwprz", "action": "Qoxydzf", "site": "Ocmvnb", "details": {"message": "Hjxfvub. Urrwt xc \"fi FteunOwuYjn Ejombya\" foybicl \"IBCQJQD_ETSATYK:Ovvk-Yumtv\" mwlqbkus.", "data": "", "file": "zxski/MNNGSUA-920-HPFLRAFT-SFUMSPFIRLC.huku", "line": "1247"}, "hostname": "rrdaqzywkwnt.fva", "transactionId": "10880705497967633606"}}, {"resourceId": "/EXXYDMWCBDXVA/0P3IQ9VZ-6IP5-4O0U-T452-J032IZ8YR133/NWTMXSOKBEIQCU/ZGVNGGMFUDHJ901/KSCAWMAKY/WLPCIXKTE.OUHQRCP/JAASUOEFQCWJKBKMSUX/HPCKGWIW901", "operationName": "XjhojocrofsXgitlxhZttrhsqa", "time": "2020-01-01Y13:29:05.8774824M", "category": "XrbypeliwdeRgepejgDqisgudoVfq", "properties": {"instanceId": "JgyrrlndejbKhybxedEbrw_NS_0", "clientIp": "129.146.158.17", "clientPort": "0", "requestUri": "/jygpou.ohy", "ruleSetType": "CKLPX", "ruleSetVersion": "3.0", "ruleId": "920300", "ruleGroup": "920-UZXKVRAP-BWDKYMQKLGL", "message": "Yyrlttg Svdysvy dp Lrhqnb Pxcozt", "action": "Rhfwduk", "site": "Stixdj", "details": {"message": "Aohhtwd. Iidxw mg \"cr WavmzRgpWor Mlwacpn\" jywxzhf \"MMWCRAX_BHELUED:Rfat-Pwupl\" fiipbzra.", "data": "", "file": "psypc/BYBNBXJ-920-UYGZXFEA-TSTYPPKAHCL.xrtq", "line": "1247"}, "hostname": "rqslymgctohz.kjf", "transactionId": "17726176931570802875"}}, {"resourceId": "/URSUFEDDHMCCX/0J3AJ9KG-6KE5-4H0K-Q452-L032XK8RS133/BHXHOSOVUDEPDE/IKBLAEAWJPDS901/IDVQOYNYD/UMUMQVTCG.RHLKUXI/JAVMVPHDQGVWSXFDWRZ/XENCDYTZ901", "operationName": "UakburphgluHbcrryjOfjuksro", "time": "2020-01-01A13:29:06.1495322D", "category": "KbitoedwjejJiencceRfbcbkteZwd", "properties": {"instanceId": "UceqqthntcbTjwyzvmFzzq_MY_0", "clientIp": "129.146.158.17", "clientPort": "0", "requestUri": "/xdcliz.iic", "ruleSetType": "MGDAH", "ruleSetVersion": "3.0", "ruleId": "920300", "ruleGroup": "920-SABERELW-SAWZYQIOZPG", "message": "Elizvdq Dskhoxc ng Fumgkb Vflboe", "action": "Iwejjiu", "site": "Rxulqr", "details": {"message": "Ffcpkln. Dgkxo hi \"kg QxcwzYfoFbx Tlruqpz\" kujtpzc \"JCCDLUF_JZIMRTP:Xfkz-Pqofu\" lfuljpmw.", "data": "", "file": "iihat/IMXHRVC-920-TXTLUPYD-QYPXJWQTIEO.kycp", "line": "1247"}, "hostname": "uthdwbezagrz.vck", "transactionId": "11529223844308979762"}}, {"resourceId": "/WILAEFZKJAQUY/0Q3LR9MJ-6QZ5-4Z0Q-M452-U032WV8OU133/ILWDCELQJWJEWC/ZNTLYXKBAAOI901/LCLNOEXET/SOWERDCIZ.PUCQEOR/QDQSZDDUPZCXVBIDWWT/QFXJWTUE901", "operationName": "KnjbalcqgaqUukoltnOjuophjc", "time": "2020-01-01A13:29:12.4299239O", "category": "XqlirxqbellKqpozihYjbthcqhOie", "properties": {"instanceId": "TgjojwcyjjhQvrocffMegu_UD_0", "clientIp": "129.146.158.17", "clientPort": "0", "requestUri": "/ttuail.zkk", "ruleSetType": "VNODI", "ruleSetVersion": "3.0", "ruleId": "920300", "ruleGroup": "920-XHBIHVZU-JBYBEOTCBCK", "message": "Ipdkoae Njphltz qb Jogkse Ykpfhx", "action": "Xrcvvgv", "site": "Qtkops", "details": {"message": "Xfxyauc. Wqotx iw \"gg FdnonNszBmx Jltzers\" gcxrpcv \"OFLKITR_ZTDQODI:Atoh-Hbgwd\" gczrkulm.", "data": "", "file": "odufq/BNKLTBU-920-IWLNMRAX-AALMTGXICFP.yjea", "line": "1247"}, "hostname": "qkckfmkbepnzojzh.sms", "transactionId": "11529223844308979764"}}, {"resourceId": "/AJCXEDBJQQHGO/0U3PJ9XO-6OV5-4T0Q-O452-I032TJ8ZD133/MCQKVFNBYSCNGM/HIANAVVVACLZ901/SBLBVOKCA/DKKCIOQYM.FRUPXKU/ICUTGQRNPIYVUAAGRKL/CSNTWKGE901", "operationName": "PgczqrxdgfvYyzvkjvGvuncivm", "time": "2020-01-01K13:29:12.7033793X", "category": "FtimlhevkiwCrpwuxcXoxnmkdmDeq", "properties": {"instanceId": "LgwmvmwdjffJxwujwnTxzs_SC_0", "clientIp": "129.146.158.17", "clientPort": "0", "requestUri": "/iigknh.ppn", "ruleSetType": "YXKUI", "ruleSetVersion": "3.0", "ruleId": "920300", "ruleGroup": "920-RJFXIREU-GYDZWTLVYTW", "message": "Ysfnavo Asnqdwn vp Wglgbr Ulbugi", "action": "Pdipyfv", "site": "Uoetjf", "details": {"message": "Eydpzrj. Rbyxp wz \"vz CaxqjRwpZpd Osgihsr\" fovktdj \"EUBRYCD_RTFKTPE:Fjfi-Lcmaj\" xtrrtbpl.", "data": "", "file": "ngjhe/ATUFSVR-920-BWPYUOYO-MYGTMDHWGTK.lxqs", "line": "1247"}, "hostname": "yeqstuogahayclke.lxx", "transactionId": "17726176931570802877"}}, {"resourceId": "/BGYYGMJQEYVVM/0F3UQ9VX-6NU5-4H0D-D452-I032RK8SU133/ZQAPDLORIPMQAO/QQEYCNHRKZMP901/FASITLRNW/YYRZMLIUZ.ETNAPZF/UVFUQWYXVWJCLLQPDUA/JZIFDKDH901", "operationName": "MhbhxjpquusNyvycusZulgjujv", "time": "2020-01-01E13:29:12.7971729A", "category": "OwcxwhkfqccJprxtkdOgkbdkfnUbc", "properties": {"instanceId": "OhgoxywdjvxDhfgdizBbww_VQ_0", "clientIp": "129.146.158.17", "clientPort": "0", "requestUri": "/cjjfjihx/2016/12/06/cypa-lwbrvpa-12-6-2016-pavnnvo-gtzkk-uaxpsp-ncsjm-ydx-fqrjqhodn-nevm-hjmgoj-dbscl-mdqgo-dfzxsoq-fete", "ruleSetType": "AYPHY", "ruleSetVersion": "3.0", "ruleId": "920300", "ruleGroup": "920-LTRLZUKZ-QSCPVRSHJKP", "message": "Vaalqxf Ubtvwii hf Ohhoga Vgdubs", "action": "Aniqfnv", "site": "Byrzlm", "details": {"message": "Zspyfbo. Vjfyq hp \"ga VxczlGjuDoz Mfytsgg\" xqgbglk \"GMFDJFL_CJUHVCL:Nmwv-Tsapb\" dwgbphuk.", "data": "", "file": "dehxx/GWUGVBR-920-LTALPOMP-KZXHHMYPZRA.otqy", "line": "1247"}, "hostname": "ybachjvxplzdjosl.ebg", "transactionId": "11529223844308979765"}}, {"resourceId": "/AFPFZEFDXJPTV/0Y3MD9YA-6GI5-4R0G-S452-Z032RT8GM133/MBPMOWTNHJGGCJ/IMNLZZUBUXVW901/MCUSWOTMQ/ESITWJLMH.IKCFZHO/SCHRBTTFBIEAYJOAHFF/HRYGGZVU901", "operationName": "VykpngwnydlTigneesQtcrrrju", "time": "2020-01-01K13:29:13.0628038P", "category": "QyivkfjxpwqRbusabuGvnubkobGkr", "properties": {"instanceId": "SdwrnvkdsqkMyysyjlLrib_FG_0", "clientIp": "129.146.158.17", "clientPort": "0", "requestUri": "/tscrqcoy/2016/12/06/ktiy-ggjvtfj-12-6-2016-vuigmmn-wojrs-jwxrmr-qzfry-gck-nygmhmpgi-ojxn-sqzthp-ooxus-xslqg-awfpfif-wvit", "ruleSetType": "DBFDH", "ruleSetVersion": "3.0", "ruleId": "920300", "ruleGroup": "920-TDCDELTF-NVNDVHYGBRH", "message": "Mrrvgzz Hcpxctt xk Rhrzam Fmjzms", "action": "Ncehuwr", "site": "Seymdd", "details": {"message": "Jszufpw. Hmrqk so \"yt TsymsZifLur Piyvgqm\" stscdoo \"MCZKAYB_UPBFHEB:Hiha-Fvxig\" yizktnhe.", "data": "", "file": "npjak/BCVRKXY-920-CBKHTMRC-TGSXIFVBRCQ.iwxt", "line": "1247"}, "hostname": "exypwwowbfkviahh.twi", "transactionId": "17726176931570802878"}}, {"resourceId": "/OLPFJWQGRRKDJ/0Y3KG9GQ-6EZ5-4O0Q-R452-V032GQ8QL133/SNHMGXSMUVTRZP/ILEIJAEMVYST901/WSKRCHRLC/ONFAIQJDJ.TZHOMHY/BHNUOMNORHOVREOADQZ/PAWZYTIU901", "operationName": "WqrejmryeweYkevhvcQcaljpgi", "time": "2020-01-01X13:30:09.7269565S", "category": "DxfgfvbfvmwMmorlcmLgnqfrfbTet", "properties": {"instanceId": "MmubyemostoUkurdieObdf_TZ_0", "clientIp": "23.96.59.35", "clientPort": "0", "requestUri": "/404", "ruleSetType": "BHHJJ", "ruleSetVersion": "3.0", "ruleId": "920320", "ruleGroup": "920-YSTDJMMF-UQNYOGZBZYL", "message": "Jpiymyp Kmck Ynvle Unjhak", "action": "Ykgdclt", "site": "Ealjum", "details": {"message": "Npcgsfx. Zsphxaud WB eyoysya 0 pl WNWHPVL_SSHWFGM.", "data": "", "file": "fwruu/VXFVCUH-920-MGIRBYFZ-QWOLEGYDORM.nhyq", "line": "1310"}, "hostname": "kexlgbtvvpbzdxrz.tkk", "transactionId": "4827863200735191077"}}, {"resourceId": "/KYMOFBXSAFQAQ/0Q3YO9TH-6EN5-4V0D-Q452-Z032AG8XU133/AWOMKHHSUBJOZD/BECFKTYMWCJQ901/JPBPOSUEF/CEDZILHMO.RXHQBUQ/DCVOKFQWJWCNUBVEUUK/EHNPLFCJ901", "operationName": "OdudedbkxmwStifenaDenfqmgv", "time": "2020-01-01M13:30:09.7472082B", "category": "PyysudcdckeWhnqgyiTppgeocnGxm", "properties": {"instanceId": "HudupqkvqdxTmfayhiXgpv_XB_0", "clientIp": "23.96.59.35", "clientPort": "0", "requestUri": "/404", "ruleSetType": "MXIIU", "ruleSetVersion": "3.0", "ruleId": "920320", "ruleGroup": "920-NPDPLLWR-MHWRMMOYAHK", "message": "Sadoxoa Lace Jpztb Zvsytz", "action": "Kxbnxnh", "site": "Vxepmf", "details": {"message": "Sivedya. Ztcmkopf CL yngfour 0 vh PZIYVPK_AJEZJND.", "data": "", "file": "cebww/NVDOQUI-920-EDSGEOPX-SJUFWVGONJP.qipg", "line": "1310"}, "hostname": "myowkhpkticwelyn.hgf", "transactionId": "4035229666317990634"}}, {"resourceId": "/MPYBZBMVLUMYM/0J3OX9CJ-6IK5-4V0Z-Q452-E032NF8VQ133/FKJIJJTLACGGWX/YWITUCMVMJVS901/LOJFXNMPF/HTRDBNQWG.SHPZUTR/RUHJMTHUXPFCLFGKHAE/BGACUGCM901", "operationName": "HbabbmkhlajMqyikpvGchyliur", "time": "2020-01-01X13:31:00.9512679H", "category": "YdqwaixwqpfEwpuyjkCzpmgouoEtb", "properties": {"instanceId": "WxhmaiteaavWnlriqjEtbu_NJ_0", "clientIp": "23.96.59.35", "clientPort": "0", "requestUri": "/404", "ruleSetType": "ZRLYW", "ruleSetVersion": "3.0", "ruleId": "920320", "ruleGroup": "920-XFEURPLF-BBBMZXMELHW", "message": "Hzxumkt Zhjo Ccyap Nygnhn", "action": "Nkffiib", "site": "Ripkxi", "details": {"message": "Ttltgpx. Puaixxsv YV sdxxiyx 0 kb JHUEIPQ_OGCYTHI.", "data": "", "file": "kbybm/BKSCJNQ-920-DGKEHRXJ-LSKRCSSUTDN.kulu", "line": "1310"}, "hostname": "dawokiqirheluxut.xvh", "transactionId": "16357082644850152024"}}, {"resourceId": "/OSDBVWSXKKTYC/0H3RW9CH-6OX5-4A0Z-D452-F032WZ8LT133/KVXMAJIFVUWGMO/BAOBAYHSZPDU901/IWBGPNZTH/FGUPGMQCR.DRMFSSW/NYXYFAMJDCPYGNPYNGT/TOWYXMYP901", "operationName": "PlgzgolmctuOewaodvNnnpfbuj", "time": "2020-01-01R13:31:00.9825195S", "category": "XuhdrftcwgjSjaczefVfuwewfzDpy", "properties": {"instanceId": "LtmvbovkgsdShlltgvPrem_BH_0", "clientIp": "23.96.59.35", "clientPort": "0", "requestUri": "/404", "ruleSetType": "ROQZK", "ruleSetVersion": "3.0", "ruleId": "920320", "ruleGroup": "920-QHPXWARZ-XRRRFNXERQI", "message": "Jwoegee Pile Mlryy Modfig", "action": "Yupyymf", "site": "Eikdnf", "details": {"message": "Tcalkcw. Qybuybdz QA dczzjmi 0 wk DRLDJCA_YGGYTBG.", "data": "", "file": "hobav/YYZBGDJ-920-VVVIHJVE-OUZMFTSHICL.aahw", "line": "1310"}, "hostname": "dwgaetovifkadaei.adf", "transactionId": "12465963770709024402"}}, {"resourceId": "/HQLFIMAJRYXAF/0U3JB9HX-6WQ5-4A0F-M452-F032JT8XI133/CVTRFVTQWOGYJF/LQGDTDVOFUMM901/HNMOXLSTJ/WSEMJYJZZ.YCEIAAV/CQFRVTQBRVBWSIYXBZJ/BFPNRKBB901", "operationName": "EvlwcaceaikYcbzbmdOoiaoxtt", "time": "2020-01-01Y13:31:02.0467548G", "category": "LxigyfmxdwpBwfqiuuJuachhnbWel", "properties": {"instanceId": "YfswnqqwbepPngloyvVwer_SH_0", "clientIp": "171.113.242.174", "clientPort": "0", "requestUri": "/-/buykt/Ppannhz-Rgulrqxi/Dmhhjv/EPH/Ykawgcin/EDJI-Usgsqgdw/Lmtkpanqw-Mshobzwjsxfkr/Yqjbwkjn-Jjzh/8000-015.lgtq?vo=mj&zqis=S1888VW3YLF95U5HX9HC9J0H200S4CF49RU4V4FH", "ruleSetType": "SFBLK", "ruleSetVersion": "3.0", "ruleId": "920210", "ruleGroup": "920-EEPFMLLP-KLPRHQXWPPQ", "message": "Aqannfox/Ldpkmwohval Ydwdcuvozy Olftsz Qhav Lkkjb.", "action": "Odzzchf", "site": "Izcyfr", "details": {"message": "Ejjbnuy. Tkdmuzy bofrc \"\\\\u(aywr-bwgbv|uqjek),\\\\j?(dtpa-pwqdb|ytfhf)\\\\o\" np GFECLLV_BFOZQUF:Gpixsjwylw ....", "data": "mqgnx, jqapq", "file": "iiuae/CIWWPEG-920-HHRFGHIR-PQQTCGNHFPE.zdap", "line": "378"}, "hostname": "xozaxvzszbicgfcj.shk", "transactionId": "720580340573303290"}}, {"resourceId": "/NMFFLDZXVLSZH/0O3TK9DG-6QY5-4T0W-D452-E032XM8NK133/EBQFDALZMEVPWW/YFXOOPFAATAQ901/UYAFFNVHQ/YVHJGFPUQ.IIPPXXF/LATDADEQLAIQWPFRRPY/UZQDMFGT901", "operationName": "TtzjoshkpkcOtvqsqrDkguuqdw", "time": "2020-01-01Z13:31:02.0467548R", "category": "VsjrguiowvlHxhanbmJbgwzeyeRrc", "properties": {"instanceId": "FgemooudlzaMhabicbFcnx_ZF_0", "clientIp": "171.113.242.174", "clientPort": "0", "requestUri": "/-/oftzh/Hpthytj-Oeahzneo/Vwwpxs/UGJ/Dkixyawe/JIWK-Fxhtyjxz/Wbzprzomi-Kujeymtxgzuxk/Ctrypvkm-Xxpf/8000-015.xjyc?oc=uw&swzz=I1888LR3KVM95R5FA9AL9M0X200T4JE49TL4F4YR", "ruleSetType": "RSSKL", "ruleSetVersion": "3.0", "ruleId": "920300", "ruleGroup": "920-CXRLMKTX-UFAQDQIFKQE", "message": "Zhwnuix Gamgmuh cx Qjhhkp Mzyvkx", "action": "Wmxxkon", "site": "Czxfup", "details": {"message": "Kijpmfx. Juhnf vh \"zn XflqbRfjXee Gjxohpr\" tjclgbc \"EQNJZOB_URSPLMF:Ajlg-Bvrfq\" jgsscpqp.", "data": "", "file": "titjt/BXXPIWM-920-DGEYTSXQ-AROIIKQKNTD.vrva", "line": "1247"}, "hostname": "csupujgtroftfzoj.uiv", "transactionId": "720580340573303290"}}, {"resourceId": "/KXNTWXKRCXZRF/0O3BL9IM-6DB5-4O0D-Q452-J032XS8WQ133/LFJWIVABIDBCHQ/HHFQAZZVQGWK901/ZZKLJNJLQ/HWOOQOCDZ.YUEDIUR/WENZYUYEUGZMORZREWW/DKFAFVUG901", "operationName": "VhchwlvrleqQxmpzmqIturpkxx", "time": "2020-01-01M13:31:02.0467548J", "category": "KfebyjuwzskStymmewUvoqllmdBfd", "properties": {"instanceId": "XjiggfywouhNgvlaykYcvw_OY_0", "clientIp": "171.113.242.174", "clientPort": "0", "requestUri": "/-/eklzr/Wtklzjn-Qtcsbdhf/Tjdnfw/BZI/Wgrxvlfm/WBFM-Rwurvqov/Ppenfuplo-Eqoyqfsjoeeep/Gakyerwm-Wpgj/8000-015.hued?ri=uf&bptw=J1888IF3MKS95E5NT9GQ9W0I200M4CI49HQ4E4TG", "ruleSetType": "LUTUR", "ruleSetVersion": "3.0", "ruleId": "0", "ruleGroup": "Nyurkxl", "message": "Bxolfvzgf ycss. Zvwdlo qt tzmwwdkz. Akegxet Exvuiuw Tgfma Sjuphqhq (Ejcor Isvzz: 5)", "action": "Zcukrzq", "site": "Loqsqc", "details": {"message": "Blkqzh tyxjpr psbj zket 403 (yuuhc 2). Lealiqun TX dvinfpq 5 nv WL:ezwqogq_lphwt.", "data": "", "file": "mztgt/YZOFLWA-949-LRKTGXAW-AKBFGUULJW.szbm", "line": "57"}, "hostname": "auqbnoexkcljdikx.iup", "transactionId": "720580340573303290"}}, {"resourceId": "/ZCNAHGSAORDWD/0E3PY9OE-6KK5-4I0M-V452-Y032GR8PY133/LACEWFIYTXLEMW/WZKZUPPMMHZU901/UPGAQIWCN/QCJTBHEDG.VXDYWPY/JAJVCAJBEXOTEDAJTUH/PZHEHJGV901", "operationName": "XfvtqdjznvaXnowqxzYmluhcus", "time": "2020-01-01I13:31:02.0467548H", "category": "OmgdbxvgesxUrvkzeiPrwqgbqhEmu", "properties": {"instanceId": "JurmutnqckwLduhylhNlsj_PT_0", "clientIp": "171.113.242.174", "clientPort": "0", "requestUri": "/-/kgywd/Xygxwht-Sipovqgi/Dvkhme/CHS/Ckdkxpsj/WEPF-Viuvmwhp/Grnetmepe-Upgressfdkjpu/Gxsxirvp-Angx/8000-015.nwvb?os=ps&bcgu=L1888JI3WHN95L5VF9KY9P0D200J4QI49QB4U4VV", "ruleSetType": "HTNXF", "ruleSetVersion": "3.0", "ruleId": "0", "ruleGroup": "Hoouxix", "message": "Hhhzodzyh zoey. Uqeqpp ep vpjonrvg. Tbjhngt Jizhlze Zkpoq Ifagrpoy (Iadrw Vixwnvp Jxroa: 5 - DBCB=0,RDX=0,AMU=0,UJX=0,VDN=0,KZXM=0,YQHV=0,KWEN=0): Kswxfvk Cbvjgjn sd Bplcxf Uwnujg", "action": "Iiqaflf", "site": "Aneqvt", "details": {"message": "Tejzody. Rwmasuma LI itbkyhf 5 eh NL:mpviagh_ehdwfhw_khyzn.", "data": "", "file": "lasfa/FGZSBZLG-980-MIYULEKWKJQ.lmsz", "line": "73"}, "hostname": "szngeuxzwknhrcfz.dpw", "transactionId": "720580340573303290"}}, {"resourceId": "/HYWBVTRRDLFDZ/0U3LS9SX-6TO5-4P0F-L452-R032VX8ZC133/UQEZEJEAEUGBAZ/CVSIUMEHTJES901/EXXDQIUFP/BWSJGYYNQ.OXXQBFE/UXAIBTPALKIXQFQEHKN/TFOZSHTX901", "operationName": "KitndskhuqrKdfghqqJgtmgoqh", "time": "2020-01-01Q13:31:03.7986594V", "category": "QdufrnxbqsbWhxncroPzaqdyiyDps", "properties": {"instanceId": "HyafkimnuliZncxdmpFfig_YB_0", "clientIp": "23.96.59.35", "clientPort": "0", "requestUri": "/404", "ruleSetType": "GULEH", "ruleSetVersion": "3.0", "ruleId": "920320", "ruleGroup": "920-YVWNBWFM-ZSIRSIUOFCV", "message": "Vmxtggz Gnui Buvwu Wikvbd", "action": "Gsxliqb", "site": "Ojgjuv", "details": {"message": "Bvuddle. Fkwiwhah WT drvvimu 0 uh ABDYATZ_PRTRXSL.", "data": "", "file": "ocirm/ESKVQTU-920-WUWFHNWS-CGUAUIPGPAH.jpoq", "line": "1310"}, "hostname": "qgzdqdlsdkzfrxcm.xmn", "transactionId": "16357082644850152025"}}, {"resourceId": "/VYIJUHBHINAJF/0N3VC9UL-6OT5-4S0J-Y452-G032OV8QT133/PZWIJBDTONGCEZ/SKUWBAINZTNT901/RFIOOXYHE/IYPWAZFTB.XLDHXBA/BRXZQLOQUCRPSBLANVC/KVHAXYXP901", "operationName": "UuwyaudhbqoWhvxuwmLralppjn", "time": "2020-01-01B13:31:03.8142844U", "category": "OfrrsaucuczUrvnhpzVbnamqyrFfx", "properties": {"instanceId": "MskvlablxyxZezwctgPppj_PW_0", "clientIp": "23.96.59.35", "clientPort": "0", "requestUri": "/404", "ruleSetType": "GPVQG", "ruleSetVersion": "3.0", "ruleId": "920320", "ruleGroup": "920-XIRYIYQB-VOKICEUWPCV", "message": "Smtejvy Ieqv Hiuwq Ocbgop", "action": "Fchvotx", "site": "Jgycfq", "details": {"message": "Zcjfezq. Trraepiu JZ xurvjui 0 ig AIOIPVF_MVUPATT.", "data": "", "file": "uvwkf/NOXLJCE-920-TNTDWUQO-KAZCDLBNWZJ.tmyu", "line": "1310"}, "hostname": "dsxlfbzgrmaavfqm.eep", "transactionId": "12465963770709024403"}}, {"resourceId": "/GALOLGCXDJXDA/0E3UR9XI-6EP5-4T0V-P452-M032GH8OA133/AHMSIISXHGXPCK/EZAVHGFVWMOR901/LPTGZKVVF/FQOYPGMXI.HUNDLHI/LMLNFPHBVDKOVQKKXZA/YGALIUJQ901", "operationName": "YuwikmcdnwgOkrsersKkhvyysi", "time": "2020-01-01D13:31:10.7139257T", "category": "LwcuvrkfteqUrkoahbHjuwyinvDda", "properties": {"instanceId": "QmzszmmxubaEpurmlhMgrk_RI_0", "clientIp": "129.146.158.17", "clientPort": "0", "requestUri": "/jsmjan.ium", "ruleSetType": "XQFWI", "ruleSetVersion": "3.0", "ruleId": "920300", "ruleGroup": "920-DNKEHQYQ-VEWKGZXCSGU", "message": "Thkvnfc Quddmse qx Oxryca Tyqnmc", "action": "Ovbnauw", "site": "Qdglhv", "details": {"message": "Tnsvvjz. Bywlo vm \"cq SmhzwFlrYzn Taqurtt\" prgurux \"LGFWPVK_PYTJQZZ:Kejk-Dwkad\" punrvjav.", "data": "", "file": "xnvcn/LBRDQZB-920-KHXYZIRU-BSQZEEKKBJZ.tpiz", "line": "1247"}, "hostname": "aaaqtlcaasvv.hgi", "transactionId": "1801439853095702378"}}, {"resourceId": "/YOYNEUJUYYKUJ/0O3ZW9NA-6VE5-4Y0D-I452-F032WM8NB133/XPULSKVLDBRBUK/XMSVKPZTYXMI901/WBQJGJFLV/FUMDUEGKX.YTHSJZI/NYKETMUKVVIYYWKMUIK/LEWPKCLE901", "operationName": "JfkievwruwvKmcmsrlNwkngerf", "time": "2020-01-01H13:31:11.0475591X", "category": "OskjbkrdyubBqajdbhMtyzgidcVxr", "properties": {"instanceId": "TxxovufkfsbQpefkkfImaa_QF_0", "clientIp": "129.146.158.17", "clientPort": "0", "requestUri": "/llohmn.mqj", "ruleSetType": "FMHGB", "ruleSetVersion": "3.0", "ruleId": "920300", "ruleGroup": "920-WPCXQYTG-SLTYKHTIJEE", "message": "Cramvgo Bmaypdi ob Xrkunc Ebeogj", "action": "Qwrdyog", "site": "Kcfpnn", "details": {"message": "Jbbcqih. Dkoei ql \"uj ReidpPseUzn Pbhwffs\" ohqxpvu \"GNGAWGG_TNDYKEE:Hplc-Kpsdo\" lrknstrl.", "data": "", "file": "fqpjf/OFOLGIV-920-RPROMOXX-LIOPBZFGUFV.iyfp", "line": "1247"}, "hostname": "sobgvmbplyrd.wzt", "transactionId": "16933538999107074985"}}, {"resourceId": "/XRQGOESHYAUOP/0U3RW9OI-6IY5-4M0X-K452-J032WB8DN133/UTOEQFXYWNAJGY/YOAQENEPWFDV901/YKHPCJVGI/QNEZPKMBN.ABHHFLL/SNYPNVQQTMQQGXKIGMC/XYYUCZUU901", "operationName": "UqsstxpdkhkEeljybuYeiiftct", "time": "2020-01-01A13:31:35.3461835T", "category": "YrfbzpmgtglLripkmlJzsuopsiEpx", "properties": {"instanceId": "XssablnrvhdSsajbxmKyaw_MU_0", "clientIp": "46.229.161.131", "clientPort": "0", "requestUri": "/", "ruleSetType": "BNWXY", "ruleSetVersion": "3.0", "ruleId": "920300", "ruleGroup": "920-CAWQVQAP-OVPUDYCWYZM", "message": "Bgsjvou Aqjekyc wl Iqqjkf Ztwfzg", "action": "Jmijffz", "site": "Btvqrd", "details": {"message": "Dqbafjc. Avdqq fu \"eq XgtruAqwWza Wumawfe\" qjkeyif \"XJYPRHQ_RYYLZMJ:Suqp-Iwcik\" huocfkgp.", "data": "", "file": "vlitp/TKKJSKQ-920-WBMKPKEP-BIIGVAFJJKA.zppm", "line": "1247"}, "hostname": "vggpftprofqbebag.zrq", "transactionId": "11961565010490055857"}}, {"resourceId": "/EGCLTGCTLRDRX/0I3LG9CQ-6WA5-4K0F-H452-K032FI8QV133/UWZPMYOSVEFJBC/AFGAEWQNKKJV901/UXXSQGTUC/QEWTBZUCV.ZQDTUCT/QFYMZLOKWRIQGGTNYIO/KTFZCUGZ901", "operationName": "FlnrtmcbwuvHszhqxoXdoiqtrz", "time": "2020-01-01L13:32:14.9165480K", "category": "MfannhxumaqHvbwbslWkfftegsTes", "properties": {"instanceId": "QzgxcgvrcuaWcpofcqIcry_TH_0", "clientIp": "129.146.158.17", "clientPort": "0", "requestUri": "/dtktdk.zlu", "ruleSetType": "HUEPF", "ruleSetVersion": "3.0", "ruleId": "920300", "ruleGroup": "920-FJRPBZVJ-VTJELJMFISO", "message": "Ucdylca Bkcoakh xw Tkubjl Wutwat", "action": "Obvjkhx", "site": "Lafqlf", "details": {"message": "Qhptuzb. Nxryx ej \"af KndemKpuVzx Iigjgvr\" eblcuyu \"JIUVGMA_MOQMXCF:Rmst-Mrrgn\" ivvsygyu.", "data": "", "file": "slhww/MPYXRAM-920-NZZIZXSM-WLLSYJNCSOD.zshn", "line": "1247"}, "hostname": "zqewijausmqpjpfw.wrc", "transactionId": "4827863200735191081"}}, {"resourceId": "/DYRFRMVLQSHPY/0Y3QI9WU-6OW5-4X0Z-T452-I032YJ8XU133/IYAXQYFYUCWOQZ/EUXLAMMAIRBM901/YGUXNAFMN/CKSIQEFQB.UMLLJUU/ORHFLVWCSQAMVPIKHOA/UHUEEZWJ901", "operationName": "RhggcmnomhwIsvldplRzdfnsnr", "time": "2020-01-01I13:32:15.2712588H", "category": "PtccwlgjuvrYivpxewZfatfmpmHcy", "properties": {"instanceId": "KuaelrjhkrfErfgyfpJkut_AT_0", "clientIp": "129.146.158.17", "clientPort": "0", "requestUri": "/bwowzc.izm", "ruleSetType": "AOVIX", "ruleSetVersion": "3.0", "ruleId": "920300", "ruleGroup": "920-ZJPMYFFT-IODEVTYXLLJ", "message": "Jicwcku Qufgaqt ny Ylgrdv Cusfgs", "action": "Pyfdyjn", "site": "Rwuqlg", "details": {"message": "Gcasfgz. Khqyr jg \"li BmexzMxeHpz Jyjibpa\" uyiqftr \"SYYKXKX_WBYHSXB:Yxnz-Fkxxv\" ahzbzhto.", "data": "", "file": "uoivk/KNTLLUD-920-DBTEFQLX-TTPCZJQSWQW.vmsv", "line": "1247"}, "hostname": "xldwpyclllzbxavn.kwb", "transactionId": "216177182307792312"}}, {"resourceId": "/EMJGEXMGWAMEI/0F3RF9IA-6QM5-4J0I-V452-S032LM8YX133/SPIWLKVFKZRRCW/DYCHKGRSJECV901/HJLNAVYDP/DKIHGWPOW.SQOASLN/LFZXBRBOGRVNLEXLNGZ/SJOOVJQA901", "operationName": "WjfxmqyvjdjLxhkifsXgbopyci", "time": "2020-01-01D13:32:15.4118957V", "category": "WkacbmdmjcxDwyfowwGmlkemvjCgs", "properties": {"instanceId": "RinfafoccsgIuauqkqJrys_EY_0", "clientIp": "129.146.158.17", "clientPort": "0", "requestUri": "/qvrsf-bg/pscfumhoag-pkxp/dzlwk-yltkk", "ruleSetType": "RGEIB", "ruleSetVersion": "3.0", "ruleId": "920300", "ruleGroup": "920-MHBZKZTS-RLLFCRJVPON", "message": "Tzyilah Pwbtgxi nu Fdwgtn Zmmack", "action": "Tedypyz", "site": "Tiqsnr", "details": {"message": "Plfseho. Hbwsw qj \"qn ClbqoFnnLwi Kvlbkyz\" podvzfm \"JHEMBZV_ZWMKBZG:Rhbb-Wighr\" giocavut.", "data": "", "file": "odtax/YWGOKHE-920-ZXEPILLD-UUPUYOBRSSF.lthq", "line": "1247"}, "hostname": "alagnvzphucegkpt.isd", "transactionId": "4827863200735191082"}}, {"resourceId": "/PRFGSGBGVVYTI/0U3VS9GF-6EU5-4H0I-S452-K032IA8QQ133/OCJQFNEVACJVTN/ITUOZZLGMYVH901/NSWAKXBUW/FFPIBWMRE.FTHUTLE/NKTGMLSKOYTUFVJSCBF/PZTTEUHH901", "operationName": "YsmjazuogxcDcynnebMmgtfdeg", "time": "2020-01-01H13:32:15.5555739G", "category": "IkzppgomxixNwpvnbqSfcqjjzuDba", "properties": {"instanceId": "QvgzzmbadwxHtpnnrhIvxw_NV_0", "clientIp": "129.146.158.17", "clientPort": "0", "requestUri": "/qkcnz-ny/ophjnshqbj-gjcx/nituw-iakrj", "ruleSetType": "QIRAS", "ruleSetVersion": "3.0", "ruleId": "920300", "ruleGroup": "920-EOFFRLGT-CTACCVTCNUU", "message": "Zyxmhwf Dalkksy ph Igiqyy Nbugsi", "action": "Xvaklnu", "site": "Lnyrhp", "details": {"message": "Npxfgxz. Cllrc pu \"rc TshaoHqwIxr Eqihwuj\" plowumn \"VACNQWQ_MHNWPUW:Xbfv-Bmfol\" lawnfftf.", "data": "", "file": "pmjkc/ZMUPQIY-920-SZRHJDFM-RTHAXMNIMCJ.hrbq", "line": "1247"}, "hostname": "tiuadqowbhbjabfx.jsj", "transactionId": "216177182307792313"}}, {"resourceId": "/AAJHUDELUPUKX/0M3QG9XA-6FE5-4R0C-R452-L032ZZ8ZZ133/KQFGMHUZYDFQLQ/AQNUWVKWFMHU901/RCYIWSXMQ/ZJEMVZJGI.DNBPZLB/BNQEERYHBEXBPEJMFEW/BXPKCJML901", "operationName": "CxfybvtcnxaBkekhfqJukirbse", "time": "2020-01-01I13:32:23.3309702P", "category": "RqtbdtsrqqzEmrhxnwJlppcfzhYkx", "properties": {"instanceId": "KuarvdqntuuTiybdthLwgg_WR_0", "clientIp": "129.146.158.17", "clientPort": "0", "requestUri": "/ibttmx.ksz", "ruleSetType": "ZJRYZ", "ruleSetVersion": "3.0", "ruleId": "920300", "ruleGroup": "920-UXUVUTMP-JIBHLJIEWPP", "message": "Yscejfu Onnigdb ta Ihopbz Cwmwfz", "action": "Nbvziyj", "site": "Auxdwj", "details": {"message": "Orzxqfa. Fydpb gc \"be IcmcmEwqXeg Mfivuow\" kknytvw \"JPYOFXQ_SLGLZTB:Vvns-Ftrhd\" fpirkfzk.", "data": "", "file": "dlatv/COWPVZM-920-HMVGJVQM-ZHSLHAYGFQE.myyw", "line": "1247"}, "hostname": "bwsvdyhwnubw.fuu", "transactionId": "9871899181436651343"}}, {"resourceId": "/MXQWFWPBHREZF/0Q3XG9BS-6VO5-4X0Y-P452-B032XV8BM133/ITYCMSUTWOGERW/EEYQEPZMAFAI901/LSWSMVBNH/UAWDPLKTK.XSRPBJU/HEIPMLMBTCWVTGCBEKH/TONAFJQJ901", "operationName": "VmnolkfyaduJhixtjpBzkqlgup", "time": "2020-01-01Z13:32:23.6335301O", "category": "ViageieyavdKvmkyitOdbnbrmfDaj", "properties": {"instanceId": "GycqexgdtqjJjavbxhEghf_FT_0", "clientIp": "129.146.158.17", "clientPort": "0", "requestUri": "/wyqylk.dsi", "ruleSetType": "KEEKA", "ruleSetVersion": "3.0", "ruleId": "920300", "ruleGroup": "920-FBRBMEZN-MSYUFZPGALR", "message": "Ewrlipm Kvhkrhj vs Nfnjwq Qbuwwk", "action": "Iiugkkm", "site": "Nwcgfb", "details": {"message": "Fgcjxei. Rbwzj yh \"mf HfvtvDyfPcj Goesuga\" njldvac \"KCRAKTB_UVSZWKX:Pkzw-Fbpqn\" etoaaduf.", "data": "", "file": "vgdif/SHFEUYZ-920-RWBYEAJR-CYRINWHJFGU.thrs", "line": "1247"}, "hostname": "qejvqklvxgwl.lpt", "transactionId": "17726176931570802889"}}, {"resourceId": "/CWCOQLXFFEJYI/0Q3MU9NE-6PW5-4W0I-I452-P032HR8GS133/TUQKRGIMXHXRMN/DNGXJVIQIUGT901/UGHWRKKNG/ENGDXCXIJ.YQQZDVF/UEBFSOUGEELQQEKKLVH/BSEBJDWM901", "operationName": "OrbfovvbpltLsffrnnJqatjoqd", "time": "2020-01-01Y13:32:26.9683323W", "category": "LbmikpqplhhKokifngJxduiwvaTdy", "properties": {"instanceId": "PmjegoshalgEtxjrdkSwmz_BF_0", "clientIp": "23.96.59.35", "clientPort": "0", "requestUri": "/404", "ruleSetType": "QZXXU", "ruleSetVersion": "3.0", "ruleId": "920320", "ruleGroup": "920-ROUWHQKI-JYGCFSVNILM", "message": "Hnzfbll Hpna Ljldj Rtoijg", "action": "Gyqrbhm", "site": "Adudkf", "details": {"message": "Nrhpxcs. Aqwhcapg LG unwyyjf 0 rp BCALZCM_IIQFBMX.", "data": "", "file": "yqqqt/AZXLVPE-920-AATASWJP-IPPEHPFYGZA.lpig", "line": "1310"}, "hostname": "rpkfgydsynlpdtnf.mcq", "transactionId": "9871899181436651345"}}, {"resourceId": "/ZRYOZLAHMRRVG/0S3MO9ON-6KZ5-4U0L-C452-X032PW8SQ133/ZHZCCHIAZNGKAJ/HASMWFYKJWII901/EOPJJQJDY/GOEUJNCTI.CTUQFYM/VNMNDAIJKSACEOPXNVT/KMFXNVET901", "operationName": "OskrxqucovzNgcjsgbNuvcxeri", "time": "2020-01-01V13:32:27.0308363O", "category": "DtsdazsxasiAjuxhihCwnbdszmUay", "properties": {"instanceId": "PinqsxbhxzpUiojeyiUztv_SK_0", "clientIp": "23.96.59.35", "clientPort": "0", "requestUri": "/404", "ruleSetType": "PPMIV", "ruleSetVersion": "3.0", "ruleId": "920320", "ruleGroup": "920-GSAKEWYU-IKAWOKPVBCK", "message": "Qntyskp Ganj Fmtln Vlvvmx", "action": "Zworvti", "site": "Ujhyiw", "details": {"message": "Jqltlrv. Hxkgoxfn VS dlfmsqo 0 cc GXKGRCX_NCNLJNJ.", "data": "", "file": "syjyy/SWNFOOO-920-VJAIRUEB-WCSFEGXPVOQ.wgoo", "line": "1310"}, "hostname": "digrealsiebuqxtw.shc", "transactionId": "8430738504585058698"}}, {"resourceId": "/POEIJWUUMASXK/0O3AE9LU-6QF5-4F0G-P452-X032IT8PW133/HCYDSFXFDPFMTU/HHQELFJGSBFL901/RYRWFJCFN/NBYBAOJLK.BUVPJMM/REHYKNUMEKOMQCSSXZI/ZMPZJEQM901", "operationName": "CilzcqxeauoNlgysovGalxpjpf", "time": "2020-01-01F13:32:30.0053522N", "category": "LsejlmykrcgOnbfpttIwerohnsAjt", "properties": {"instanceId": "KfnpboxzudeSreshvoSsoj_XL_0", "clientIp": "23.96.59.35", "clientPort": "0", "requestUri": "/404", "ruleSetType": "BRRCX", "ruleSetVersion": "3.0", "ruleId": "920320", "ruleGroup": "920-UXAHWQIX-CHVKPVPKXIF", "message": "Boheqya Fore Kybek Trplro", "action": "Nfpenhl", "site": "Edbtsb", "details": {"message": "Llxqssu. Ksnsvxqn KV cbjftjq 0 cx FGWRPGX_PCYZSPT.", "data": "", "file": "hqotj/CAVGWGH-920-ITIRLDPN-KXGILVZNKKV.gyjh", "line": "1310"}, "hostname": "vnvaniftgjaamxtt.dth", "transactionId": "9871899181436651346"}}, {"resourceId": "/EBCQFTYHENPAC/0K3XO9TQ-6DX5-4J0T-R452-Z032YB8NV133/SKIRJVFMMTZOLH/HNDAUSRAYDWX901/TMTYEOPSC/IYIVMLTXO.DNJNGAR/NXNWMXDCWXDLJIGRTPM/IUOGBIFM901", "operationName": "UdynjojigjrYunwovtJzsyqlts", "time": "2020-01-01V13:32:30.0834411H", "category": "WxidqhfdqmlJvhakovMawtajjtHsj", "properties": {"instanceId": "EefskylrelgWeufaskJffs_KX_0", "clientIp": "23.96.59.35", "clientPort": "0", "requestUri": "/404", "ruleSetType": "WLMXG", "ruleSetVersion": "3.0", "ruleId": "920320", "ruleGroup": "920-LHWBXKXT-AZWWSWIGQKZ", "message": "Tbuhcjy Qwke Flmgc Fkmuij", "action": "Rlhhqsm", "site": "Ahghbt", "details": {"message": "Oedjceq. Xkoedlct AT qrdfmbe 0 ja UPWONMV_XFQGFHN.", "data": "", "file": "bjjxp/MMHITXR-920-GJWMBVEY-NRCEFSXTRBE.lhyb", "line": "1310"}, "hostname": "tjgeybsmjweofkrt.vlu", "transactionId": "8430738504585058699"}}, {"resourceId": "/HMLHWJNRRASLA/0O3PO9TJ-6YN5-4I0G-L452-P032AL8OO133/PYZKJYKYWJPQAA/VWJTFQXIUUCS901/TAAQFOWCL/JYVZWLZDJ.KHHEXKQ/WALCGETOBKQSBZVOBEK/STOJGTIF901", "operationName": "BewuenrbuceDqhaxkhOvtqnotu", "time": "2020-01-01D13:32:32.4166129P", "category": "BymvokpwehxTqajqheIklcoifjGtv", "properties": {"instanceId": "JzmwdpmjjwkDjckrctJrda_UF_0", "clientIp": "23.96.59.35", "clientPort": "0", "requestUri": "/404", "ruleSetType": "CEKHV", "ruleSetVersion": "3.0", "ruleId": "920320", "ruleGroup": "920-AXRNLUGS-BPTLODCNGXE", "message": "Sdjlaoh Btop Vispw Babjgf", "action": "Rfctdmh", "site": "Abtfbi", "details": {"message": "Dweankl. Uzyughzb IO ymudsja 0 kp KNYAXWI_QUHMRYK.", "data": "", "file": "ajumh/LFTNQUA-920-NEZEVPTS-WBVUBTHVTQO.pwta", "line": "1310"}, "hostname": "rlxqwbzjxepwhiem.isc", "transactionId": "16357082644850152026"}}, {"resourceId": "/CLTURIEXGOQYP/0Z3BO9SQ-6SQ5-4X0H-D452-F032SF8RQ133/GPIEFPDRATHMRH/WXKFNXCMRQSQ901/STRSLBWMC/TFWLEUKXO.LANGFTW/QJCSZZTZMDFODGSKFDL/JETGMJZE901", "operationName": "OemdfopglraKyfctgdIwayqbpd", "time": "2020-01-01E13:32:32.4795318V", "category": "QqguyiumbmvTycjlwvOooainzdYpk", "properties": {"instanceId": "VmlmunenakxXpicfetLlyz_ZY_0", "clientIp": "23.96.59.35", "clientPort": "0", "requestUri": "/404", "ruleSetType": "EFPKX", "ruleSetVersion": "3.0", "ruleId": "920320", "ruleGroup": "920-YNMXZKVV-ZLBELQIEHLH", "message": "Dtfydik Oemx Wjolb Fqthmo", "action": "Oiaxerw", "site": "Ngdlby", "details": {"message": "Higgoal. Aqowslzf BK ffcaxku 0 xm ZROLVVB_YSMIHPJ.", "data": "", "file": "ogpok/CQMPCNK-920-MHDNLNPN-KTRUHMCHARA.ilig", "line": "1310"}, "hostname": "aanajeemcyrjfpop.kbb", "transactionId": "12465963770709024404"}}, {"resourceId": "/LPEYTXLAKFFIQ/0B3WO9YH-6HL5-4L0O-U452-R032IT8QN133/VOKPQXNLRAZITP/CQYDTXGSQGFC901/QKYMZXLNF/ADEKQPSCC.FRMIZAC/XZDUPIUPFWSZNGIUFHJ/AOJQMNDH901", "operationName": "XtymouwfrgfVcbusomYzltbvrp", "time": "2020-01-01V13:32:45.6927478N", "category": "InbiarcgxfbItfclxuLopxriycYiy", "properties": {"instanceId": "BlizydpmcqjBedsjpgXxng_GA_0", "clientIp": "108.174.2.215", "clientPort": "0", "requestUri": "/-/tsbzw/Spbxwhh-Mdadhkvz/Epvpbiq/Ettayprodk-Cghzxb/RbEGYMaiphAvtHyvpwc-01.sxfy", "ruleSetType": "KXGOQ", "ruleSetVersion": "3.0", "ruleId": "920300", "ruleGroup": "920-FFVHAAJH-PBWBHXICVLR", "message": "Uvgvujp Ocnxfso gi Evtptv Jrwosx", "action": "Kydedor", "site": "Zaqpea", "details": {"message": "Yknzwjd. Bnqdy gm \"qy JhtwtJqrOco Tevpsmq\" uubaykf \"KFDYZLR_PFEYAVX:Qmjf-Khubj\" dqwjkzlm.", "data": "", "file": "modrq/ANDCRDC-920-WOEGSXYW-NPRJXZCSGRH.ymli", "line": "1247"}, "hostname": "wosbhwqpiddkgczu.ddk", "transactionId": "15780617494500230921"}}, {"resourceId": "/ISKNSEGNIWBBJ/0P3TY9YX-6QR5-4D0Z-R452-N032IS8KV133/OXKWVCQKTSHLXO/KVXCOTCFEHWY901/RVDTTULXK/RPSAKODII.WYDLITZ/DTDMLSSMTMRURNKMEEC/XJJWRZEP901", "operationName": "VxgbpwkozcvPulvkgiLssijoia", "time": "2020-01-01D13:32:45.7708682O", "category": "XwvapuodqflZmjhjftIcjimxygDlo", "properties": {"instanceId": "VicmainnjatXgijpraDtnn_MW_0", "clientIp": "108.174.2.215", "clientPort": "0", "requestUri": "/-/fhixq/Tqlpjfx-Wkxmjopi/Iwbhypo/Brpxrkqzju-Rhakpj/ZkMGGCtljtOcsMexyvj-01.lwpb", "ruleSetType": "BAQWX", "ruleSetVersion": "3.0", "ruleId": "920300", "ruleGroup": "920-JHPYGEXZ-ZIXEAZMGXON", "message": "Jshztvx Egatbtb gc Xfghlg Dhtenu", "action": "Utuzmzo", "site": "Wfvetf", "details": {"message": "Eedytxz. Ethzk pr \"hk QhdfyAwmOqe Ngnpmmw\" cauysox \"CZTGIFR_AMYVBPJ:Aaxl-Xkccj\" vfnokafz.", "data": "", "file": "yjxao/XXBPHUY-920-LECXTOVT-QTCEUPSRJLD.whfh", "line": "1247"}, "hostname": "dgxnhplypppmdsil.jyb", "transactionId": "10952758693959064388"}}, {"resourceId": "/CEWKADLZLJFKK/0V3AB9ZA-6FG5-4L0P-Y452-X032NM8MC133/LMUEDSEHNXYLGQ/NOKCUZDCEETF901/GKRANWXTV/OGFCQXJXH.HNZMFWR/QLTQZVOYLDIVWDGJFOM/WVPHCNEV901", "operationName": "MxvhgernbrlJirwxbtZmxaarwa", "time": "2020-01-01V13:34:33.3937013L", "category": "YwwctwueggzAhloaiuIsibakmhIqr", "properties": {"instanceId": "VquaovjmeapMsffbedEeux_RU_0", "clientIp": "23.96.59.35", "clientPort": "0", "requestUri": "/404", "ruleSetType": "JOXKM", "ruleSetVersion": "3.0", "ruleId": "920320", "ruleGroup": "920-LBROAPTU-KTGGIKPNHSM", "message": "Slzqyus Cbsn Xjuua Pycxse", "action": "Ulpjjbq", "site": "Whdend", "details": {"message": "Spgffxp. Qblkozxz GT wdeoeuy 0 gu NHMRMIE_XBPSAVW.", "data": "", "file": "ijitl/JNUMWQN-920-RSRZAOMH-NEWPHWLYSYN.myxs", "line": "1310"}, "hostname": "nvqbqutitlpyclez.qxg", "transactionId": "12465963770709024410"}}, {"resourceId": "/QARANYMLMVZOU/0A3ZH9DQ-6JN5-4A0Z-U452-N032WC8PD133/YVEBXDAJQOPBIL/HXRXOKQCHPHM901/VXCDMHPMK/BTGCPTICX.JJRZZOE/NMLGJFXOXVGZJCRHYKH/ZWBGMALP901", "operationName": "LhlmoonvvmdSdbgsqgWrfwzsjv", "time": "2020-01-01L13:34:33.4906734W", "category": "BdjnozoovuiYcknynwGfvugrqnEkn", "properties": {"instanceId": "TziekhsnajxLqysesfMjwu_GH_0", "clientIp": "23.96.59.35", "clientPort": "0", "requestUri": "/404", "ruleSetType": "POIWL", "ruleSetVersion": "3.0", "ruleId": "920320", "ruleGroup": "920-GMSAJUCI-PHYHITUNFVF", "message": "Bahzszv Xwge Btkkc Lfhvgp", "action": "Gciwlmw", "site": "Rxxptj", "details": {"message": "Mktjted. Yfhefmqn UD ejdzoci 0 xa OOXSVOI_NYCHRAU.", "data": "", "file": "lijyp/XHLYKYN-920-XVUCGUPY-KXRKSTOUGDD.khei", "line": "1310"}, "hostname": "zvdkifftxovfcrbc.vlj", "transactionId": "504407558459521822"}}, {"resourceId": "/FZFMHPKDIOBIU/0F3LB9CU-6FG5-4T0J-M452-U032JJ8II133/TPIRGOWXNIHEHK/EOCPTZKFNZCO901/FZIEQRJJN/NPFNXECNI.SRNFSOB/HQJFLQCWRBRDHUISHCX/DVJLXJWH901", "operationName": "UsaipoccvdfIfkmxukPoxwxwga", "time": "2020-01-01B13:42:15.9816765L", "category": "SubtdxhastoZproeogOjupllbrWyd", "properties": {"instanceId": "JwfygsioeypIcbiaptLyzn_UK_0", "clientIp": "108.174.8.22", "clientPort": "0", "requestUri": "/-/ifgth/Xvsgjou-Tzelgcpp/Snrml-Om/Rzyjokouv-Phtxorhmeo/Aggimsoqt-Kyfmdqdsbm-Cwof-Nwnhhi-Whbyy.mluj?o=508&j=894&bg=ij&dvjd=F84889147L9886KN4C7NPZ0C16LFNAF9VU3229QV", "ruleSetType": "JFMLR", "ruleSetVersion": "3.0", "ruleId": "920300", "ruleGroup": "920-KPHYKGSZ-NPUDSAYPSWV", "message": "Soaenxb Crgfmhm gf Dzibuj Eqqwqu", "action": "Dmiwrxx", "site": "Aufgvf", "details": {"message": "Ehslcfm. Djpep yb \"lo NqtbxLkyMtg Ugxhxna\" cjfbhje \"KSUZPBD_EBWRZSL:Pupg-Ilhpf\" exavypcr.", "data": "", "file": "hjysk/JTIMHGR-920-GZAYKHWB-NRAIFOTAMQB.jjdy", "line": "1247"}, "hostname": "wzrswygyapdtvled.pxd", "transactionId": "6052842299379960313"}}, {"resourceId": "/ZXHCWYCGPDFUV/0L3LO9JE-6IK5-4N0O-H452-O032NX8KH133/DMPWCCPZESSQFD/IENUXABQQIGJ901/SOPZTZQXK/VCXKQXPMY.LWVYJZB/BZHHYDCCCAOLINSPILE/HPSHYSBU901", "operationName": "LdbscvfresfMnxygifAyimphjd", "time": "2020-01-01U13:48:23.1804653G", "category": "RfcpqhlcoaiCgcuqqwNmbbdxgmMja", "properties": {"instanceId": "WhzjjtwjtlrBhaispjUttn_LV_0", "clientIp": "54.36.148.132", "clientPort": "0", "requestUri": "/fjjsql.diu", "ruleSetType": "YMGJF", "ruleSetVersion": "3.0", "ruleId": "913102", "ruleGroup": "913-LDWSXIB-TFZBUXLGG", "message": "Zhpkp Wdih-Gbtzc pkmcjqoonp ooyx okn kxxfvco/rwu", "action": "Nbwpccp", "site": "Woujsg", "details": {"message": "Uyttogi. Dggpmfe ctcogj \"HcvlpoIyd ...\" ld YLOWGOE_TVXPWDM:Knxn-Thzje.", "data": "Dyvlcwr Bbdn: FuyrpiWge kvowk urybvi SPLKVAC_FZTUWYO:Ocmy-Rkjzb: Otgzezf/5.0 (xickwbejst; OcnlidKda/6.1; +kumr://jxnmru.kvg/kgyuc/)", "file": "chxjb/WPBLVCW-913-JGUQGRV-UWFYVMDBK.vwkz", "line": "196"}, "hostname": "emczdirwateopael.ew", "transactionId": "8430738504585058723"}}, {"resourceId": "/EGEGXUXWNMTBE/0L3VU9ZM-6IZ5-4M0I-Q452-Y032FL8LP133/TGLHZOGREZQQSF/HAHFTFYMVUUW901/FGQLQNCAZ/ACLIXPXWZ.GSMZBVR/HIMXLOGKCDHBMACGPMQ/VTVWAUGE901", "operationName": "CzqvdgbnchaWboijlfMpjglgxd", "time": "2020-01-01M13:48:23.1804653R", "category": "FntrldpazviHqrmonwNyekslbvHsi", "properties": {"instanceId": "YvigkpbabgjQpitmveGcgl_QY_0", "clientIp": "54.36.148.132", "clientPort": "0", "requestUri": "/teclpg.kkp", "ruleSetType": "DAXJT", "ruleSetVersion": "3.0", "ruleId": "0", "ruleGroup": "Okymbre", "message": "Qbaqfcktu fqir. Uvpowb tw pszbcdmi. Bqtiqby Pwkonop Twmdb Kbaivslu (Npohs Yftjg: 5)", "action": "Xqjaggm", "site": "Ptxjoe", "details": {"message": "Drlhlt ioyfjw ukei xkeb 403 (jxmxw 2). Hfizlgku NH cuwnepf 5 cg KE:macadrk_lxefx.", "data": "", "file": "zajba/TLZDSZP-949-JZJWWVGB-RDQOKDXCBP.oyzm", "line": "57"}, "hostname": "rvnrozrrvepzeugp.df", "transactionId": "8430738504585058723"}}, {"resourceId": "/UORGHYZZMTEWH/0G3HC9XR-6RK5-4Y0G-Z452-R032ZB8TY133/UAJVPGSJBNEPID/PUGNKCIOEZLB901/MTBCMXXBA/NVQSLDDJL.OBQQGFA/GAUNTLUZJVOBTCFMUVI/ZANEVTPX901", "operationName": "TehurhlleblIrjsoblGbepbkuc", "time": "2020-01-01A13:48:23.1804653V", "category": "UarxmfyugayVfmjddjLajxcruiYrp", "properties": {"instanceId": "BzkdxzfcqpdVyzgonkMpsv_UB_0", "clientIp": "54.36.148.132", "clientPort": "0", "requestUri": "/tvjypp.wgn", "ruleSetType": "YNLKM", "ruleSetVersion": "3.0", "ruleId": "0", "ruleGroup": "Yoiwxsc", "message": "Untutgzkk czaq. Ghsjve tg isavujtr. Eblbadj Ntcnuik Xyjff Inrftauv (Ykegb Ritspii Mitom: 5 - YBSF=0,EIC=0,IUD=0,UDQ=0,YPC=0,YBEZ=0,PYAJ=0,WIHJ=0): Nlxwy Wbct-Fmapr vynczoikjj ijrd flf ectsgpm/npd", "action": "Dtjtnri", "site": "Tdknft", "details": {"message": "Jnfecaj. Whobxesi PI pfqhkgp 5 si FR:kqtgedg_iltvcjw_mizfn.", "data": "", "file": "msxnh/DBPGLVCT-980-HPFWPVVKODV.exbp", "line": "73"}, "hostname": "mgdxgknxlxsoymyd.lm", "transactionId": "8430738504585058723"}}, {"resourceId": "/OEKOFKNNFXWYO/0G3FQ9WO-6AE5-4V0E-Y452-J032HT8BQ133/YNDPQTWSKCUSRV/LHRKJAIISAPL901/FMBHOLSCQ/XNVFILWGI.ITREUFC/LFWHUWCVYDOYDYJXXVO/LXTXJGJH901", "operationName": "SzhfnsyhvgkYvdsaqoCslzrpze", "time": "2020-01-01O13:50:51.5602479A", "category": "TftheaqfuaoDjkfjmzPkdbbovyWjl", "properties": {"instanceId": "TfhmkqxwkpwKtiadhjMssk_PP_0", "clientIp": "31.223.101.57", "clientPort": "0", "requestUri": "//.lzw", "ruleSetType": "WMMDW", "ruleSetVersion": "3.0", "ruleId": "913101", "ruleGroup": "913-ZRMQJPM-LMECVZUIF", "message": "Neehm Xmlg-Uihwy nvzlwuyxvb lenc ozjcwexrj/lhhfyrg VOAL uqdwib", "action": "Qxrzpsr", "site": "Wqttgp", "details": {"message": "Bqarooj. Xycfpye kohvpi \"qncaup-aichrijw ...\" bd FGKMQZB_PVPZOUL:Fcab-Srlxk.", "data": "Vtpumbf Gycm: mqfqzb-ojnikgkg kwpbz tjmppe JAVSPOY_YTIAJDN:Iqun-Oeojw: gcbxsz-nfjivcla/2.18.4", "file": "gybcf/XBJPIKV-913-VNQUDAC-PKJQHXADJ.evaa", "line": "156"}, "hostname": "tjrkwgbzzkbcrwyn.grj", "transactionId": "8142508128433351472"}}, {"resourceId": "/VDFXOYATBWMUF/0Y3SV9VK-6WH5-4J0C-D452-J032YI8TB133/CJZVZUNVCXAWZF/OIHKWLRNNDUP901/XAEGCYVZG/BKHEYAAZZ.OMLJLSQ/GXWGSODXWWPNDESJLFU/JVBXVSBS901", "operationName": "NeysfeiuvsjSfqtugoPunqgogj", "time": "2020-01-01H13:50:51.5602479B", "category": "MtmnawchgljHplkicmOkjoxxtmRpn", "properties": {"instanceId": "EmkcqniwwawZuywmhbIqcg_XG_0", "clientIp": "31.223.101.57", "clientPort": "0", "requestUri": "//.fyz", "ruleSetType": "PGNLG", "ruleSetVersion": "3.0", "ruleId": "930130", "ruleGroup": "930-MRNZYHCQRQV-OGFHEF-MZX", "message": "Zrorkrxmvk Ulnu Yiuxlc Lxbfchm", "action": "Fkddllw", "site": "Lurwqd", "details": {"message": "Xfidulk. Oiarswo ntbhwh \"/.coc ...\" vj DYDQTCI_MPRXEOYB.", "data": "Glxeoir Qbld: /.wtx vriwl pgkill BLAXMKP_WYMGXIPG: /.zvz", "file": "jmtpa/BUONVOI-930-WBGJCWWFGPP-GRWDAM-NVO.vkem", "line": "138"}, "hostname": "moobdvucvxquxnqq.hhw", "transactionId": "8142508128433351472"}}, {"resourceId": "/UCWBAEFXVZGZD/0Y3YP9JA-6QT5-4Y0L-U452-H032AJ8QT133/ONAYRJFMSGXJJY/QBUNODRXGZBV901/VTFKRQIVC/AVDUVNSBA.EAWJRVL/YDRDRJJFOZVMKBLRSKP/XIZDVGFW901", "operationName": "FhlhsnooqsrHlcstukVqviasss", "time": "2020-01-01Q13:50:51.5602479N", "category": "BmzxpynykweCpdxsddCgttyhocFcp", "properties": {"instanceId": "FketyqljbshVgzuaodPshp_JA_0", "clientIp": "31.223.101.57", "clientPort": "0", "requestUri": "//.vya", "ruleSetType": "WNWKT", "ruleSetVersion": "3.0", "ruleId": "0", "ruleGroup": "Yhcoazf", "message": "Nrqpdieen kxfi. Qfapyc ea iraptyro. Zepdofp Mlmweio Pgqji Vvxqjblq (Jbpin Fytuc: 10)", "action": "Uhptzfr", "site": "Avzcmc", "details": {"message": "Hwzqbx mipaoe ucyy gcqk 403 (kncxp 2). Zruvvbbz IA rlljwum 5 qo UB:rucvlah_jjssk.", "data": "", "file": "dxnmj/VTDXNNR-949-GBAGQWVP-WCQPIGLGPV.yhwc", "line": "57"}, "hostname": "yyoyjjmkivjggbpa.ncv", "transactionId": "8142508128433351472"}}, {"resourceId": "/NBYHLTVVFPPRG/0T3JB9GX-6PT5-4Q0I-C452-P032VT8LV133/WNTLZJKPWBJNJX/CWDLYNKZWGSL901/GCVPSRPMI/CPKBUEXCM.JAYZTWI/MGBGXXRKKIQNXUXZPRN/RPIHYOLO901", "operationName": "KetozofdcggCermanuOvbhoqss", "time": "2020-01-01H13:50:51.5758212N", "category": "JjjugshqbqaVbrcdpsXruokonsYso", "properties": {"instanceId": "SyaoumcabboVimipoaEdvj_ET_0", "clientIp": "31.223.101.57", "clientPort": "0", "requestUri": "//.gyx", "ruleSetType": "KKYBJ", "ruleSetVersion": "3.0", "ruleId": "0", "ruleGroup": "Hhlgnjv", "message": "Uwzniylll ncjt. Qcyizd zm ouicwgui. Aucrkix Qlyhhga Uszjc Ofgmfqlf (Jkqbc Uyxbwre Ojdnk: 10 - DRCW=0,PAD=0,OKC=0,MLG=5,KNV=0,ZORV=0,CJEV=0,UOQG=0): Bgelvmrruz Zvzn Bktfzu Xxjpndl", "action": "Xxdennl", "site": "Vpxsir", "details": {"message": "Lluasxm. Ihjebivt TN epexusy 5 lu HP:lsfdedr_wwsrdfs_blrhx.", "data": "", "file": "xebgj/WPUBFCZL-980-XRIAYZSYTKS.hsqm", "line": "73"}, "hostname": "asczyjywcosimosz.zyn", "transactionId": "8142508128433351472"}}, {"resourceId": "/TIUJGLABIQSLI/0E3JL9PT-6KF5-4G0D-Z452-T032GL8DA133/HIGGNKUTQLDHGL/IHBLDCPODJOH901/HIYZAXQUC/NQMOWLZPL.BWPAFTT/KFYWNWFPSXVDDFVTTJY/ZQTLCFMJ901", "operationName": "IskiatlqklfYyeilwfCscmimfc", "time": "2020-01-01H13:53:02.5324016G", "category": "QehxrlpatfrYraobsaZkulqbtsUpd", "properties": {"instanceId": "JnlnzjglequKdyptxgKgak_XU_0", "clientIp": "46.185.69.181", "clientPort": "0", "requestUri": "/qx-FV/ntyrt-qaasuhnxzz-vagwusgvlewd", "ruleSetType": "FLQIG", "ruleSetVersion": "3.0", "ruleId": "920300", "ruleGroup": "920-QTZQTPHT-YFJJFJZOSHD", "message": "Zwacvvb Rxahmsv mq Gwytfn Zppifu", "action": "Ebdxabs", "site": "Reueda", "details": {"message": "Muxhucy. Pfmtw gu \"rx MiqywMreToo Yhfgqbl\" udfbeyw \"TJSZBLX_NCGVMJH:Gmvf-Cngar\" bxslptps.", "data": "", "file": "tgraf/XGEDIXL-920-AZXKBUIQ-TXSHMGFFYLN.dqol", "line": "1247"}, "hostname": "bmsxfxngubmvmwjk.ge", "transactionId": "10952758693959064467"}}, {"resourceId": "/UONFTEQBZWLSL/0V3VG9CQ-6ZI5-4J0K-P452-P032WG8YR133/ENKXNDPSJZVXNQ/CQDLBAUGDEYF901/AKDXLZNAU/TRAMCVQRQ.GSNFISD/JKDGDHUXCCUYFLGJLWP/BOAJMIWZ901", "operationName": "HfyhkgcnlshLjgnzdvQdjmpsaz", "time": "2020-01-01O13:53:03.1080940C", "category": "BuqerrourvcDhctjrsVgakthzpHwx", "properties": {"instanceId": "RgmcremveysRmwbjedIjuc_QU_0", "clientIp": "46.185.69.181", "clientPort": "0", "requestUri": "/ky-HM/rxupa-dpuwcpobqe-ptddlfycxzdz", "ruleSetType": "KRJWA", "ruleSetVersion": "3.0", "ruleId": "920300", "ruleGroup": "920-XFZYPWJO-OWHLBINUJDH", "message": "Ahhhyez Hytpyjw xr Ivumch Ilsach", "action": "Qxrsorb", "site": "Zsutta", "details": {"message": "Muyrwot. Dgxaa hd \"kt JrbfnPtpZbz Ftscauw\" nplphjq \"ULONXOE_OTFKFPL:Yfwx-Tbbap\" ounasmue.", "data": "", "file": "eiaiy/VYCVRFK-920-EWGHIAXR-MUCPHIBPAEN.iqeq", "line": "1247"}, "hostname": "clxfvljxyldyegpc.kl", "transactionId": "10952758693959064469"}}, {"resourceId": "/NJKCGZFYETHDD/0F3RV9IB-6JZ5-4Z0C-U452-O032OT8PZ133/PNXXEFMNCYEHJJ/VLUNIRHTJJPN901/JEMTRJXGH/XEUAJJFYV.YWDLEDF/XESHKFYFMBPKOHQURGT/MZTOUSYP901", "operationName": "LekuekxoggoAkozjjhNrbzontn", "time": "2020-01-01N13:53:03.6641700W", "category": "JcxgyicybytEmycqvgKxihbybhPlr", "properties": {"instanceId": "MfiaaysimvbEokythgJjgu_RO_0", "clientIp": "46.185.69.181", "clientPort": "0", "requestUri": "/ia-KU/edlrk-ihhjaacbvs-jjkfipzxgnhp", "ruleSetType": "IHNUN", "ruleSetVersion": "3.0", "ruleId": "920300", "ruleGroup": "920-TIUFRPPE-GYZDURTUTDJ", "message": "Lbnhqlg Sktfutv rc Nhfjmi Jffwau", "action": "Jtwhjlx", "site": "Vhqote", "details": {"message": "Gttkkcc. Xtqse hv \"ff LkkdmGwpOun Oilftwg\" syeqejk \"WPRKOHJ_NLJEUAH:Zpvs-Npmsy\" cvbejatb.", "data": "", "file": "adhun/PVVSZHD-920-ZNPCGQWY-CZRQWVPKQFV.wpxm", "line": "1247"}, "hostname": "rhkyigqjhtpkirik.im", "transactionId": "10952758693959064471"}}, {"resourceId": "/VETCHOZNVZPRE/0K3QR9ZA-6OV5-4N0M-Y452-W032YN8SU133/ZTNKZSNUXGKHUV/KQUPMLYIVQAI901/FNFNBMMJU/XJAGAOLUY.ICELPKG/YMYNTHBPZPRIIMZOQIG/OYKGUMMP901", "operationName": "UieinelczzzYcbwzifDdnagcxn", "time": "2020-01-01X13:53:37.5133088F", "category": "SwvyuywoxiyOndxyxjVxjwmnecCzh", "properties": {"instanceId": "CxbgmfpvlpoCvgxqreYwzl_FD_0", "clientIp": "23.96.59.35", "clientPort": "0", "requestUri": "/404", "ruleSetType": "UXEUW", "ruleSetVersion": "3.0", "ruleId": "920320", "ruleGroup": "920-CBIEBHUC-NUMFPYTYUXO", "message": "Xxuuykv Ohae Imboc Uodnuh", "action": "Jonqdvk", "site": "Sufgtb", "details": {"message": "Ttlgagc. Bxnfbiul RH uirpuos 0 bj NYSGZFN_SMMIYTG.", "data": "", "file": "gncac/LNDVQQB-920-TKDUKGLD-ACTAFSSFJZE.lzuc", "line": "1310"}, "hostname": "cnqmjmvhwvfcxfki.lbq", "transactionId": "6052842299379960374"}}, {"resourceId": "/BNCVACPGZTKWF/0I3BE9QO-6ZY5-4W0F-G452-V032IL8XR133/FMNFYDRMCDDCXA/LASKPWOLWZFZ901/CVKKAZJCK/ATLPPDLCC.GZZAQVI/RVJEFWNMTMZMSPQCRUC/JIFJVCYK901", "operationName": "EjqiewsucjbZdiwtnsAwfqatme", "time": "2020-01-01I13:53:37.5914148N", "category": "KgrxghefvecXfrhhvhXbuyoqjpGjc", "properties": {"instanceId": "XnamcoxrnysDeearluBbhc_CG_0", "clientIp": "23.96.59.35", "clientPort": "0", "requestUri": "/404", "ruleSetType": "RAKOS", "ruleSetVersion": "3.0", "ruleId": "920320", "ruleGroup": "920-CJEOBVKR-XVAEBLWBKGJ", "message": "Rswtmwk Yuno Xvksz Lohejx", "action": "Rfkgtso", "site": "Yujwwj", "details": {"message": "Thdvysi. Cbzgibru QG gcixyuj 0 je PAEYZUR_FRMSINQ.", "data": "", "file": "nriqq/BNLAQUE-920-UCFDPSWC-JTYWBFNUBTK.pbwu", "line": "1310"}, "hostname": "qzjqfpuvctaezhyn.yge", "transactionId": "2305847409407697982"}}, {"resourceId": "/OAFHDJWHGGGVX/0H3FY9LS-6LR5-4S0V-J452-W032OQ8XQ133/AGVMOFOHYMAPZN/NLFKPMXHPUYO901/GXSSYQWNJ/TLDAPNPXJ.FHFAKXX/SNCHCWDLWHBNODMPFHZ/HHRAGEFF901", "operationName": "EkifkheooqhDwzpnctMnhlubcz", "time": "2020-01-01R13:56:56.8300569Q", "category": "TgrrrdeqncwBvfydgaPgjxbfpdSam", "properties": {"instanceId": "EzjfmrgkuzpByannntNgii_MJ_0", "clientIp": "31.223.101.57", "clientPort": "0", "requestUri": "//.vwk", "ruleSetType": "SHHTU", "ruleSetVersion": "3.0", "ruleId": "913101", "ruleGroup": "913-NQIBQRN-WSESKMSIQ", "message": "Kzdig Wegl-Vpskl unphndklvk zkrz hjywiemio/mruqtaj PGFD yeltvh", "action": "Rqruwlq", "site": "Ndgtps", "details": {"message": "Xrtruwc. Nvfzehr xixunm \"szmsty-duxvbczo ...\" sr ESHHYLB_RZMLJAH:Mipj-Vqhed.", "data": "Wvjvmra Sgdf: gowtqq-dpavyfcm zsyxz ukhnry OLBQQVN_FHLNCWM:Gwlz-Bzjke: dgrsfd-zltjzlhv/2.18.4", "file": "cyglq/AVYGQKM-913-VSCCSGZ-GWWVYMNUA.idcg", "line": "156"}, "hostname": "jeymviqeefgufihy.sh", "transactionId": "12465963770709024488"}}, {"resourceId": "/ZLGUUFPZUBQOA/0J3SH9BM-6PB5-4M0Q-S452-K032ZR8PG133/VCEPHAGRJLLFBN/NJSEBYHZZYAL901/FIVMCQCWE/IUEIZVKGN.EOIHVAX/VWWOLMTRLVZKDLBHWKW/DFOJNDIY901", "operationName": "WaketuiynjyTcjjhfrRruloopd", "time": "2020-01-01K13:56:56.8300569G", "category": "JavdetoueceYxzphnrYchsdbpiBuh", "properties": {"instanceId": "XtgwptccvcbQemgixzXkax_ZQ_0", "clientIp": "31.223.101.57", "clientPort": "0", "requestUri": "//.gvw", "ruleSetType": "CGPYD", "ruleSetVersion": "3.0", "ruleId": "930130", "ruleGroup": "930-EUXMYJOVAXZ-WLHOTC-HAC", "message": "Hpvqljuyoy Qlqu Siftvv Pmdprdg", "action": "Ffjtewn", "site": "Dukfvx", "details": {"message": "Yljgwie. Exellus zfvpwz \"/.tky ...\" hr WXUPVMF_RRJIVDDU.", "data": "Ylzjfhu Ynue: /.twy vyxvj acnkvk ZVCJZGU_CBALUSDQ: /.zco", "file": "owpmv/SVKAUNN-930-GXTDOYUHEPQ-IQCMVD-MHR.wecj", "line": "138"}, "hostname": "juzghcqboytwnvxg.gh", "transactionId": "12465963770709024488"}}, {"resourceId": "/NZTDAVAUPBYCU/0Z3GH9QT-6PR5-4G0U-S452-N032TR8IP133/XJJHCKWULZELTN/MVHBJRFBTTFI901/NXKAAJBML/ROHDQYAYB.KSWQJUR/YGYZDMBEEZYPNAKKGRX/AFJWZEIZ901", "operationName": "RfrmmunuruwAdbyisgDlkutovj", "time": "2020-01-01B13:56:56.8300569L", "category": "GiqmkabkdyoXlykfptTqhgonjyXky", "properties": {"instanceId": "SkswzpvyqgySjargswNxec_TI_0", "clientIp": "31.223.101.57", "clientPort": "0", "requestUri": "//.qoi", "ruleSetType": "KIETN", "ruleSetVersion": "3.0", "ruleId": "0", "ruleGroup": "Oidiyeq", "message": "Begqxzujs bfsp. Ajhydg jc sufowjiy. Ufhmbkt Vhcpqem Ipdmb Onamyrsm (Gepyu Ywjbj: 10)", "action": "Kwyzpvk", "site": "Dxxviz", "details": {"message": "Yytayk xtjxjx xgoi ofru 403 (jsbvh 2). Iwbhomxo AK ciplwlm 5 ii VZ:qgmvhza_jlqzv.", "data": "", "file": "yyvyo/HZGMTUC-949-NCKSTUCN-CJJHBWOJJB.kepb", "line": "57"}, "hostname": "vgnnbvuagvjpqpei.fv", "transactionId": "12465963770709024488"}}, {"resourceId": "/ASWCDPJZOZPFJ/0L3MQ9PS-6SI5-4E0D-E452-B032IF8ZS133/IXLIKCNTKAPXDG/XNGYMLETPSDF901/XBRZEQRCE/FCZVWPPCP.YSPPPDA/FIVDZGHOABBCQKISREL/JXIUSFQB901", "operationName": "VgsidokzlrcUclgjrgLptfzdmq", "time": "2020-01-01M13:56:56.8300569D", "category": "PgrvlhkedfqAldabgmTkgsbcfrBvl", "properties": {"instanceId": "HcydjdrfflzUyvyymkPfun_YX_0", "clientIp": "31.223.101.57", "clientPort": "0", "requestUri": "//.cle", "ruleSetType": "VYCBZ", "ruleSetVersion": "3.0", "ruleId": "0", "ruleGroup": "Xpllbmh", "message": "Sjcxbelyp gepm. Agctrh qv ptzvffbj. Moldmkh Gisksmh Pptbq Nhyczzmh (Rfvcq Yrhyftj Opdlz: 10 - JXQS=0,FGG=0,FXQ=0,CCJ=5,GWL=0,VFHB=0,DXFG=0,QNYG=0): Glqngskebl Zfeu Hgnyfz Nlxyfyy", "action": "Zwjhqlg", "site": "Qpuidy", "details": {"message": "Jbgvnqz. Bdysvbao WT yewjxwt 5 lg OC:rcvvwhj_wtlvusb_zrtzm.", "data": "", "file": "tohqf/FBQAGALB-980-UVSPBOMXWRK.fisv", "line": "73"}, "hostname": "aohbjasvxbsfzpnm.jw", "transactionId": "12465963770709024488"}}]}